"","key","year","week","temperature"
"1","Aichi",2013,1,1.81850484476831
"2","Aichi",2013,2,3.12732735263687
"3","Aichi",2013,3,3.05759360003804
"4","Aichi",2013,4,3.31263616035107
"5","Aichi",2013,5,4.6537175007775
"6","Aichi",2013,6,3.95058433738222
"7","Aichi",2013,7,2.85601350253648
"8","Aichi",2013,8,2.34502738134608
"9","Aichi",2013,9,4.52446709890683
"10","Aichi",2013,10,8.35258939886582
"11","Aichi",2013,11,8.0615049337611
"12","Aichi",2013,12,11.3104627737255
"13","Aichi",2013,13,10.9058198256589
"14","Aichi",2013,14,13.0091963516732
"15","Aichi",2013,15,9.01388111079919
"16","Aichi",2013,16,14.5870217254814
"17","Aichi",2013,17,11.9447170606295
"18","Aichi",2013,18,13.2191187940284
"19","Aichi",2013,19,16.2644958469902
"20","Aichi",2013,20,19.0895417839936
"21","Aichi",2013,21,20.5343934092554
"22","Aichi",2013,22,20.0810434572606
"23","Aichi",2013,23,20.8395200950486
"24","Aichi",2013,24,23.3630054844303
"25","Aichi",2013,25,22.4223793470374
"26","Aichi",2013,26,21.8614733981047
"27","Aichi",2013,27,24.0289947616423
"28","Aichi",2013,28,28.6137253694322
"29","Aichi",2013,29,25.8989804576579
"30","Aichi",2013,30,26.9244387017501
"31","Aichi",2013,31,26.8934346965806
"32","Aichi",2013,32,28.9650345920339
"33","Aichi",2013,33,29.2444622185791
"34","Aichi",2013,34,28.7248846963612
"35","Aichi",2013,35,25.7288865922724
"36","Aichi",2013,36,24.4158591243719
"37","Aichi",2013,37,25.0557075904837
"38","Aichi",2013,38,22.7462030057573
"39","Aichi",2013,39,22.3053442456005
"40","Aichi",2013,40,22.4699195658767
"41","Aichi",2013,41,23.2844217715014
"42","Aichi",2013,42,16.9071023191428
"43","Aichi",2013,43,17.5460441488692
"44","Aichi",2013,44,14.4212256582441
"45","Aichi",2013,45,14.0896504696418
"46","Aichi",2013,46,9.17943331880699
"47","Aichi",2013,47,8.23686573167425
"48","Aichi",2013,48,7.82927068056757
"49","Aichi",2013,49,7.32699483597771
"50","Aichi",2013,50,5.21038320144497
"51","Aichi",2013,51,5.07979429604266
"52","Aichi",2013,52,3.79101719832439
"53","Aichi",2014,1,3.91976895927085
"54","Aichi",2014,2,2.81485796787649
"55","Aichi",2014,3,2.61946480285854
"56","Aichi",2014,4,3.30908449458203
"57","Aichi",2014,5,5.21066666368331
"58","Aichi",2014,6,3.8807069511441
"59","Aichi",2014,7,3.33143666346903
"60","Aichi",2014,8,2.89574845097354
"61","Aichi",2014,9,7.84832755330732
"62","Aichi",2014,10,4.66198666321001
"63","Aichi",2014,11,5.58739419304175
"64","Aichi",2014,12,8.37932274575722
"65","Aichi",2014,13,12.3979965337628
"66","Aichi",2014,14,11.3919251319461
"67","Aichi",2014,15,10.7864107839512
"68","Aichi",2014,16,14.4585960408925
"69","Aichi",2014,17,13.8405849092696
"70","Aichi",2014,18,16.0424285358526
"71","Aichi",2014,19,15.2890407956681
"72","Aichi",2014,20,17.4419476726091
"73","Aichi",2014,21,17.9272784904388
"74","Aichi",2014,22,21.2032423685895
"75","Aichi",2014,23,21.734833726615
"76","Aichi",2014,24,21.7675667080982
"77","Aichi",2014,25,22.7711297790749
"78","Aichi",2014,26,22.8331787851819
"79","Aichi",2014,27,23.4856011031681
"80","Aichi",2014,28,25.0183870198661
"81","Aichi",2014,29,26.1081628599513
"82","Aichi",2014,30,27.4833349361624
"83","Aichi",2014,31,26.670472418326
"84","Aichi",2014,32,25.7309531213462
"85","Aichi",2014,33,25.4857001541393
"86","Aichi",2014,34,26.8111740510712
"87","Aichi",2014,35,23.6251605504185
"88","Aichi",2014,36,23.6297884893176
"89","Aichi",2014,37,22.1592626881741
"90","Aichi",2014,38,20.8909823694577
"91","Aichi",2014,39,21.5219325380139
"92","Aichi",2014,40,22.2685269261211
"93","Aichi",2014,41,19.6784018982728
"94","Aichi",2014,42,16.5182334041118
"95","Aichi",2014,43,17.142275505494
"96","Aichi",2014,44,15.151489397499
"97","Aichi",2014,45,14.5583785830702
"98","Aichi",2014,46,12.1660692207246
"99","Aichi",2014,47,8.91868738335604
"100","Aichi",2014,48,12.4165448900135
"101","Aichi",2014,49,6.88848900319699
"102","Aichi",2014,50,5.54467249242858
"103","Aichi",2014,51,2.21281657281762
"104","Aichi",2014,52,3.47226636562634
"105","Aichi",2015,1,4.199173608257
"106","Aichi",2015,2,4.18110392725874
"107","Aichi",2015,3,4.84332227147205
"108","Aichi",2015,4,4.85756662669368
"109","Aichi",2015,5,3.59452854399193
"110","Aichi",2015,6,2.53418598869196
"111","Aichi",2015,7,5.35516625998267
"112","Aichi",2015,8,8.03024214169616
"113","Aichi",2015,9,6.7520466869014
"114","Aichi",2015,10,5.62740304484545
"115","Aichi",2015,11,12.2985409312558
"116","Aichi",2015,12,8.31711411669655
"117","Aichi",2015,13,13.9930710930733
"118","Aichi",2015,14,11.6279253169513
"119","Aichi",2015,15,12.8500703656261
"120","Aichi",2015,16,16.39321097466
"121","Aichi",2015,17,18.9001796604473
"122","Aichi",2015,18,18.5389803145798
"123","Aichi",2015,19,18.9793850063814
"124","Aichi",2015,20,19.3081111948828
"125","Aichi",2015,21,22.3401550735669
"126","Aichi",2015,22,20.7530531864216
"127","Aichi",2015,23,21.2622917884739
"128","Aichi",2015,24,21.7177209699435
"129","Aichi",2015,25,22.1357249337597
"130","Aichi",2015,26,21.6875205000036
"131","Aichi",2015,27,22.8070520830059
"132","Aichi",2015,28,26.7024337164615
"133","Aichi",2015,29,26.8650111050747
"134","Aichi",2015,30,29.1241786214953
"135","Aichi",2015,31,28.8688065999576
"136","Aichi",2015,32,27.7268602102796
"137","Aichi",2015,33,25.9775453646742
"138","Aichi",2015,34,24.8616050825164
"139","Aichi",2015,35,23.8052161129616
"140","Aichi",2015,36,22.1392863709133
"141","Aichi",2015,37,21.4963477833331
"142","Aichi",2015,38,21.7222262150222
"143","Aichi",2015,39,20.0261313554396
"144","Aichi",2015,40,17.5439575443206
"145","Aichi",2015,41,16.6088175348439
"146","Aichi",2015,42,18.1787665418064
"147","Aichi",2015,43,14.2329466723759
"148","Aichi",2015,44,14.4178359271825
"149","Aichi",2015,45,15.2295072463185
"150","Aichi",2015,46,15.2928196067242
"151","Aichi",2015,47,10.830153319033
"152","Aichi",2015,48,9.0233307621916
"153","Aichi",2015,49,10.0360816855898
"154","Aichi",2015,50,8.67257088861535
"155","Aichi",2015,51,8.27869277345903
"156","Aichi",2015,52,4.41648396551826
"157","Aichi",2016,1,6.98026101804146
"158","Aichi",2016,2,4.48778956640873
"159","Aichi",2016,3,3.35973077016881
"160","Aichi",2016,4,3.88996486230523
"161","Aichi",2016,5,4.73940765802023
"162","Aichi",2016,6,6.11518051924721
"163","Aichi",2016,7,6.19041415669489
"164","Aichi",2016,8,5.20404081604102
"165","Aichi",2016,9,7.14860016439795
"166","Aichi",2016,10,10.0820820635062
"167","Aichi",2016,11,9.44916685750636
"168","Aichi",2016,12,8.53703985546263
"169","Aichi",2016,13,12.428516628402
"170","Aichi",2016,14,14.3331600170456
"171","Aichi",2016,15,14.1916996253228
"172","Aichi",2016,16,15.8221061585377
"173","Aichi",2016,17,16.0109545361914
"174","Aichi",2016,18,18.1423898717798
"175","Aichi",2016,19,18.6709696903491
"176","Aichi",2016,20,19.080271809479
"177","Aichi",2016,21,21.8964946681775
"178","Aichi",2016,22,19.9632020642243
"179","Aichi",2016,23,21.5307149569737
"180","Aichi",2016,24,22.6120972648919
"181","Aichi",2016,25,22.9483822672821
"182","Aichi",2016,26,23.739153849152
"183","Aichi",2016,27,25.7204226640852
"184","Aichi",2016,28,25.8011330511484
"185","Aichi",2016,29,25.9589665480179
"186","Aichi",2016,30,25.2942189071888
"187","Aichi",2016,31,27.3069980649791
"188","Aichi",2016,32,27.9244330412224
"189","Aichi",2016,33,27.7543571628062
"190","Aichi",2016,34,27.7125431534698
"191","Aichi",2016,35,25.9737892964069
"192","Aichi",2016,36,25.6818100928775
"193","Aichi",2016,37,24.657800432805
"194","Aichi",2016,38,22.2125703272921
"195","Aichi",2016,39,23.6429453483178
"196","Aichi",2016,40,22.8156544048447
"197","Aichi",2016,41,17.1420174450858
"198","Aichi",2016,42,19.6290393210786
"199","Aichi",2016,43,16.5407088161089
"200","Aichi",2016,44,12.289638790364
"201","Aichi",2016,45,11.6652791719797
"202","Aichi",2016,46,12.9370748919299
"203","Aichi",2016,47,11.379884215318
"204","Aichi",2016,48,9.41508460665974
"205","Aichi",2016,49,8.19572617922043
"206","Aichi",2016,50,5.06966428502186
"207","Aichi",2016,51,8.69026915756612
"208","Aichi",2016,52,5.69724841144853
"209","Aichi",2017,1,5.38476940715165
"210","Aichi",2017,2,4.0970559617267
"211","Aichi",2017,3,2.66629792373588
"212","Aichi",2017,4,2.65868724018532
"213","Aichi",2017,5,4.79928036773219
"214","Aichi",2017,6,3.03798649497143
"215","Aichi",2017,7,4.14577231987895
"216","Aichi",2017,8,5.55497777998482
"217","Aichi",2017,9,6.13153068897476
"218","Aichi",2017,10,5.75695211526082
"219","Aichi",2017,11,7.3523165070321
"220","Aichi",2017,12,8.28208937101108
"221","Aichi",2017,13,8.31242895983728
"222","Aichi",2017,14,13.4804149975674
"223","Aichi",2017,15,12.7244632056637
"224","Aichi",2017,16,14.9058261833417
"225","Aichi",2017,17,14.5501475033164
"226","Aichi",2017,18,17.8052114939612
"227","Aichi",2017,19,18.7499162704557
"228","Aichi",2017,20,19.1485076109354
"229","Aichi",2017,21,20.3015556506759
"230","Aichi",2017,22,20.6144259132634
"231","Aichi",2017,23,20.1067335728345
"232","Aichi",2017,24,21.0736876370644
"233","Aichi",2017,25,22.6526886475875
"234","Aichi",2017,26,23.5451298188833
"235","Aichi",2017,27,26.360156950474
"236","Aichi",2017,28,27.0095406342777
"237","Aichi",2017,29,27.7215118168418
"238","Aichi",2017,30,27.4507595815503
"239","Aichi",2017,31,28.0241788841397
"240","Aichi",2017,32,27.3518121901169
"241","Aichi",2017,33,26.1061933032861
"242","Aichi",2017,34,27.6970785948217
"243","Aichi",2017,35,26.490720590819
"244","Aichi",2017,36,24.1439957026165
"245","Aichi",2017,37,23.0523576408326
"246","Aichi",2017,38,22.0729316170633
"247","Aichi",2017,39,20.8510493224452
"248","Aichi",2017,40,19.1579749220436
"249","Aichi",2017,41,21.1893424282682
"250","Aichi",2017,42,15.7897157513373
"251","Aichi",2017,43,14.8361706754463
"252","Aichi",2017,44,13.3000683218664
"253","Aichi",2017,45,13.3173071932003
"254","Aichi",2017,46,9.49287956739461
"255","Aichi",2017,47,6.57986787307301
"256","Aichi",2017,48,9.36948783783042
"257","Aichi",2017,49,4.92221423678616
"258","Aichi",2017,50,4.50444358418548
"259","Aichi",2017,51,3.7584733085103
"260","Aichi",2017,52,4.5793300362529
"261","Aichi",2018,1,3.35126249615318
"262","Aichi",2018,2,2.99379282801758
"263","Aichi",2018,3,6.05234416059412
"264","Aichi",2018,4,1.0465059915101
"265","Aichi",2018,5,2.65943503411702
"266","Aichi",2018,6,1.61771421249024
"267","Aichi",2018,7,3.16820862758007
"268","Aichi",2018,8,4.36477259753072
"269","Aichi",2018,9,8.07699376486632
"270","Aichi",2018,10,9.58376401437016
"271","Aichi",2018,11,10.0262228143489
"272","Aichi",2018,12,9.88937037056557
"273","Aichi",2018,13,13.7608210940114
"274","Aichi",2018,14,15.3652207662604
"275","Aichi",2018,15,13.2024554459378
"276","Aichi",2018,16,14.7832681589014
"277","Aichi",2018,17,17.5950038512596
"278","Aichi",2018,18,17.5899648252029
"279","Aichi",2018,19,16.348359741813
"280","Aichi",2018,20,20.4636174899349
"281","Aichi",2018,21,19.2356897424876
"282","Aichi",2018,22,20.3636023694757
"283","Aichi",2018,23,21.9493309039862
"284","Aichi",2018,24,21.4616586175057
"285","Aichi",2018,25,21.1832194560477
"286","Aichi",2018,26,25.6647208940608
"287","Aichi",2018,27,25.3041619539632
"288","Aichi",2018,28,27.403400618243
"289","Aichi",2018,29,29.7665373081207
"290","Aichi",2018,30,28.8611182174674
"291","Aichi",2018,31,29.217449527158
"292","Aichi",2018,32,29.5613790881409
"293","Aichi",2018,33,26.4276041617961
"294","Aichi",2018,34,27.7956414589916
"295","Aichi",2018,35,27.6835903255122
"296","Aichi",2018,36,25.2282967085024
"297","Aichi",2018,37,22.1876701961415
"298","Aichi",2018,38,22.0290156789845
"299","Aichi",2018,39,20.2875781318663
"300","Aichi",2018,40,21.4191626804
"301","Aichi",2018,41,19.6767296252646
"302","Aichi",2018,42,16.2548074550635
"303","Aichi",2018,43,16.0140320431385
"304","Aichi",2018,44,12.9615512158883
"305","Aichi",2018,45,16.0654738097319
"306","Aichi",2018,46,12.8521186547448
"307","Aichi",2018,47,9.75876179704169
"308","Aichi",2018,48,10.8192766513678
"309","Aichi",2018,49,12.2213562029395
"310","Aichi",2018,50,5.00180637543592
"311","Aichi",2018,51,7.82570140245071
"312","Aichi",2018,52,4.89632310461139
"313","Aichi",2019,1,3.934654970154
"314","Aichi",2019,2,3.92480461777219
"315","Aichi",2019,3,4.7644848236477
"316","Aichi",2019,4,3.93377401551728
"317","Aichi",2019,5,3.46558474198653
"318","Aichi",2019,6,6.40103959125003
"319","Aichi",2019,7,4.28768070272248
"320","Aichi",2019,8,7.63550209155098
"321","Aichi",2019,9,9.13361471276996
"322","Aichi",2019,10,8.85637015003908
"323","Aichi",2019,11,7.62982303835275
"324","Aichi",2019,12,9.6843177463496
"325","Aichi",2019,13,10.546728633089
"326","Aichi",2019,14,9.12505526251476
"327","Aichi",2019,15,11.5134341929659
"328","Aichi",2019,16,14.0853173750194
"329","Aichi",2019,17,17.1975554854626
"330","Aichi",2019,18,15.9902867047558
"331","Aichi",2019,19,17.2763482420923
"332","Aichi",2019,20,19.6445954687142
"333","Aichi",2019,21,20.430037991297
"334","Aichi",2019,22,20.979959927485
"335","Aichi",2019,23,22.0334101817717
"336","Aichi",2019,24,20.0343802474225
"337","Aichi",2019,25,22.2864590568924
"338","Aichi",2019,26,24.0344184953623
"339","Aichi",2019,27,23.7208340295474
"340","Aichi",2019,28,22.9000672697911
"341","Aichi",2019,29,24.253389363389
"342","Aichi",2019,30,26.478377636636
"343","Aichi",2019,31,29.1463660784435
"344","Aichi",2019,32,29.1164764650122
"345","Aichi",2019,33,29.0092962379876
"346","Aichi",2019,34,26.6134282978726
"347","Aichi",2019,35,25.0635895334254
"348","Aichi",2019,36,26.454560576682
"349","Aichi",2019,37,26.9059475222377
"350","Aichi",2019,38,24.101940388417
"351","Aichi",2019,39,23.6198478227595
"352","Aichi",2019,40,23.7612285246125
"353","Aichi",2019,41,21.1623598831783
"354","Aichi",2019,42,18.7695530992871
"355","Aichi",2019,43,18.208579556737
"356","Aichi",2019,44,15.24766459393
"357","Aichi",2019,45,12.7160747553851
"358","Aichi",2019,46,12.3195269544387
"359","Aichi",2019,47,12.2152788442177
"360","Aichi",2019,48,10.3831113957712
"361","Aichi",2019,49,7.5878388146402
"362","Aichi",2019,50,8.00744566419586
"363","Aichi",2019,51,9.19302618466768
"364","Aichi",2019,52,6.64461961418039
"365","Aichi",2020,1,6.42990824956837
"366","Aichi",2020,2,6.80741509789449
"367","Aichi",2020,3,5.45529162938147
"368","Aichi",2020,4,7.42883372932389
"369","Aichi",2020,5,7.24582443907044
"370","Aichi",2020,6,4.14108711841811
"371","Aichi",2020,7,7.01481839001096
"372","Aichi",2020,8,6.97974646383337
"373","Aichi",2020,9,7.26159854404449
"374","Akita",2013,1,-3.99107414481637
"375","Akita",2013,2,-3.99501090875306
"376","Akita",2013,3,-3.50348456713831
"377","Akita",2013,4,-2.27738244959552
"378","Akita",2013,5,-0.750897698971138
"379","Akita",2013,6,-2.59343537177478
"380","Akita",2013,7,-2.64030664249703
"381","Akita",2013,8,-4.13507603261674
"382","Akita",2013,9,-1.53731114347966
"383","Akita",2013,10,1.30486806385526
"384","Akita",2013,11,-0.27347664333029
"385","Akita",2013,12,2.49205368297289
"386","Akita",2013,13,2.70966698999942
"387","Akita",2013,14,6.75245751917756
"388","Akita",2013,15,5.08552527295388
"389","Akita",2013,16,6.23625021198596
"390","Akita",2013,17,7.73339227427423
"391","Akita",2013,18,8.32493922834031
"392","Akita",2013,19,10.7495691040957
"393","Akita",2013,20,12.8796881155721
"394","Akita",2013,21,14.5185143230276
"395","Akita",2013,22,18.0043188105985
"396","Akita",2013,23,17.2419598368773
"397","Akita",2013,24,20.9980355463667
"398","Akita",2013,25,19.150782443513
"399","Akita",2013,26,19.8553487609858
"400","Akita",2013,27,21.3783834306776
"401","Akita",2013,28,22.0973409037439
"402","Akita",2013,29,20.7662046896451
"403","Akita",2013,30,21.8435925549663
"404","Akita",2013,31,22.3079549918296
"405","Akita",2013,32,24.6740361760772
"406","Akita",2013,33,25.8213829450031
"407","Akita",2013,34,23.7149263177584
"408","Akita",2013,35,21.557957141752
"409","Akita",2013,36,20.9847782083741
"410","Akita",2013,37,21.5436352207314
"411","Akita",2013,38,18.777802571333
"412","Akita",2013,39,16.9138470324801
"413","Akita",2013,40,17.3983839654275
"414","Akita",2013,41,18.1428418494724
"415","Akita",2013,42,11.1340333377
"416","Akita",2013,43,12.6757684224256
"417","Akita",2013,44,9.97052658660194
"418","Akita",2013,45,9.4118873186257
"419","Akita",2013,46,3.35054250902717
"420","Akita",2013,47,5.63288896327147
"421","Akita",2013,48,3.99792724316507
"422","Akita",2013,49,3.04139512643433
"423","Akita",2013,50,0.925378227050999
"424","Akita",2013,51,0.456253530259127
"425","Akita",2013,52,-0.235516977958525
"426","Akita",2014,1,-0.30475186424342
"427","Akita",2014,2,-2.81380996279267
"428","Akita",2014,3,-4.31468199043569
"429","Akita",2014,4,-1.40302267960153
"430","Akita",2014,5,-1.78134781996177
"431","Akita",2014,6,-3.9142315156366
"432","Akita",2014,7,-2.62879457034919
"433","Akita",2014,8,-2.61307378082256
"434","Akita",2014,9,0.709991935128244
"435","Akita",2014,10,-2.15240659436807
"436","Akita",2014,11,-0.269606098266966
"437","Akita",2014,12,2.08735516048352
"438","Akita",2014,13,7.72582028691017
"439","Akita",2014,14,6.15734321692217
"440","Akita",2014,15,5.69954317841838
"441","Akita",2014,16,6.70296466701456
"442","Akita",2014,17,9.92640765993933
"443","Akita",2014,18,13.1265708156429
"444","Akita",2014,19,11.4367560784162
"445","Akita",2014,20,14.4453410594218
"446","Akita",2014,21,13.3147260032998
"447","Akita",2014,22,18.3036977802205
"448","Akita",2014,23,20.3488026418992
"449","Akita",2014,24,18.8509863729388
"450","Akita",2014,25,18.3091678495116
"451","Akita",2014,26,20.1619298148268
"452","Akita",2014,27,20.8815220024268
"453","Akita",2014,28,22.0573948738492
"454","Akita",2014,29,21.7192501763634
"455","Akita",2014,30,23.9261767391819
"456","Akita",2014,31,23.7709758584781
"457","Akita",2014,32,24.3087204087039
"458","Akita",2014,33,21.687723987174
"459","Akita",2014,34,23.727726095753
"460","Akita",2014,35,20.6078713568323
"461","Akita",2014,36,21.1293461215444
"462","Akita",2014,37,19.1073649842223
"463","Akita",2014,38,16.3343968488255
"464","Akita",2014,39,16.3908800813998
"465","Akita",2014,40,15.6887697894122
"466","Akita",2014,41,12.4941903824719
"467","Akita",2014,42,12.1123293961203
"468","Akita",2014,43,11.2616633267321
"469","Akita",2014,44,10.7689501009791
"470","Akita",2014,45,8.94797186371718
"471","Akita",2014,46,6.5283499617707
"472","Akita",2014,47,5.39206199459227
"473","Akita",2014,48,6.2260721054403
"474","Akita",2014,49,1.80908574997233
"475","Akita",2014,50,-0.822294993699943
"476","Akita",2014,51,-1.1686932885303
"477","Akita",2014,52,-1.53177289406065
"478","Akita",2015,1,-0.590989697755106
"479","Akita",2015,2,0.35494063382736
"480","Akita",2015,3,-1.20691545064482
"481","Akita",2015,4,-0.597754057286327
"482","Akita",2015,5,-0.811025204877459
"483","Akita",2015,6,-1.48098541740096
"484","Akita",2015,7,1.3046786093746
"485","Akita",2015,8,1.83635005737847
"486","Akita",2015,9,2.27936247937397
"487","Akita",2015,10,1.27829146664439
"488","Akita",2015,11,5.67790960708742
"489","Akita",2015,12,4.77705925517546
"490","Akita",2015,13,7.72697859103018
"491","Akita",2015,14,5.73915985259407
"492","Akita",2015,15,9.22135824258433
"493","Akita",2015,16,10.5850239164765
"494","Akita",2015,17,16.1340668921143
"495","Akita",2015,18,14.3524337534682
"496","Akita",2015,19,13.6686581648165
"497","Akita",2015,20,15.3773355387225
"498","Akita",2015,21,18.2699247682908
"499","Akita",2015,22,16.1431854915299
"500","Akita",2015,23,18.046775466342
"501","Akita",2015,24,19.7052833638722
"502","Akita",2015,25,19.6743276368642
"503","Akita",2015,26,18.2216902127055
"504","Akita",2015,27,19.8538125324176
"505","Akita",2015,28,24.3131051790546
"506","Akita",2015,29,23.9048342918076
"507","Akita",2015,30,25.2503680853672
"508","Akita",2015,31,25.6265090587872
"509","Akita",2015,32,24.0720543803621
"510","Akita",2015,33,22.6427006706565
"511","Akita",2015,34,20.0633918945192
"512","Akita",2015,35,20.4345401114343
"513","Akita",2015,36,19.8280269983059
"514","Akita",2015,37,17.5249364566763
"515","Akita",2015,38,17.9948481863588
"516","Akita",2015,39,15.8744252381554
"517","Akita",2015,40,13.1704749296743
"518","Akita",2015,41,11.8821723608442
"519","Akita",2015,42,10.720676456568
"520","Akita",2015,43,8.97083126945602
"521","Akita",2015,44,9.08462954919144
"522","Akita",2015,45,9.17993388546949
"523","Akita",2015,46,9.10927172583155
"524","Akita",2015,47,4.37171279714492
"525","Akita",2015,48,3.64967236056936
"526","Akita",2015,49,3.12512034899858
"527","Akita",2015,50,3.79310426224665
"528","Akita",2015,51,2.41757076834632
"529","Akita",2015,52,-0.438035655738198
"530","Akita",2016,1,-0.0293233146873929
"531","Akita",2016,2,-3.35997761733249
"532","Akita",2016,3,-2.03956870518432
"533","Akita",2016,4,-1.17822867700502
"534","Akita",2016,5,-2.50241714368293
"535","Akita",2016,6,-0.0389507308598078
"536","Akita",2016,7,0.765058487581379
"537","Akita",2016,8,-2.08191796357265
"538","Akita",2016,9,0.464554868030648
"539","Akita",2016,10,1.98636183887319
"540","Akita",2016,11,6.16196689788103
"541","Akita",2016,12,2.56773675476006
"542","Akita",2016,13,6.64579190181261
"543","Akita",2016,14,7.63756514361589
"544","Akita",2016,15,7.71023529378975
"545","Akita",2016,16,11.1593377280986
"546","Akita",2016,17,9.4160097560196
"547","Akita",2016,18,13.3156399443862
"548","Akita",2016,19,13.7096678735846
"549","Akita",2016,20,16.0818846653579
"550","Akita",2016,21,17.6094797971389
"551","Akita",2016,22,15.6343272634647
"552","Akita",2016,23,17.9566857860232
"553","Akita",2016,24,18.955322508357
"554","Akita",2016,25,19.6380637674972
"555","Akita",2016,26,19.6530756209012
"556","Akita",2016,27,19.6485709140714
"557","Akita",2016,28,21.3843749498508
"558","Akita",2016,29,21.1210159157036
"559","Akita",2016,30,24.1857666170568
"560","Akita",2016,31,25.2384889821932
"561","Akita",2016,32,24.6363838405267
"562","Akita",2016,33,24.9185057395979
"563","Akita",2016,34,23.4206128632046
"564","Akita",2016,35,24.0639557082938
"565","Akita",2016,36,22.7986188977493
"566","Akita",2016,37,20.4117910062161
"567","Akita",2016,38,17.756237354364
"568","Akita",2016,39,18.7627360699105
"569","Akita",2016,40,15.9620503578812
"570","Akita",2016,41,11.4354071758848
"571","Akita",2016,42,12.7366074616117
"572","Akita",2016,43,9.86555035127484
"573","Akita",2016,44,6.82367335896339
"574","Akita",2016,45,4.89826448221142
"575","Akita",2016,46,7.03658660403193
"576","Akita",2016,47,3.21414527974127
"577","Akita",2016,48,3.85889829923186
"578","Akita",2016,49,2.63530092024173
"579","Akita",2016,50,-0.410869593935534
"580","Akita",2016,51,3.96116849832242
"581","Akita",2016,52,0.273059922682454
"582","Akita",2017,1,0.0183667365450819
"583","Akita",2017,2,-3.5759490850414
"584","Akita",2017,3,-2.35524634475739
"585","Akita",2017,4,-1.85621563659938
"586","Akita",2017,5,-1.37999438599547
"587","Akita",2017,6,-0.705214543756743
"588","Akita",2017,7,0.854037476329357
"589","Akita",2017,8,-1.09993420470918
"590","Akita",2017,9,-0.159633822302973
"591","Akita",2017,10,-0.16964166703322
"592","Akita",2017,11,1.98139571460233
"593","Akita",2017,12,2.55470071390793
"594","Akita",2017,13,3.71607544588923
"595","Akita",2017,14,7.93742249836914
"596","Akita",2017,15,7.56007172218038
"597","Akita",2017,16,9.1343956502314
"598","Akita",2017,17,10.0432732826679
"599","Akita",2017,18,13.110868242779
"600","Akita",2017,19,13.1955302641601
"601","Akita",2017,20,14.1698751175588
"602","Akita",2017,21,17.391738590128
"603","Akita",2017,22,16.5995284415594
"604","Akita",2017,23,14.7410418988313
"605","Akita",2017,24,15.1427889672947
"606","Akita",2017,25,18.8230755201646
"607","Akita",2017,26,19.4927789638138
"608","Akita",2017,27,21.396279675813
"609","Akita",2017,28,25.4291194597445
"610","Akita",2017,29,23.7260737011123
"611","Akita",2017,30,22.6921509710223
"612","Akita",2017,31,23.8282353801205
"613","Akita",2017,32,23.2731979436139
"614","Akita",2017,33,22.3524676090631
"615","Akita",2017,34,23.2250068927845
"616","Akita",2017,35,19.1722829897235
"617","Akita",2017,36,19.8069159677321
"618","Akita",2017,37,18.6991538339577
"619","Akita",2017,38,18.8539125447436
"620","Akita",2017,39,15.6101339885632
"621","Akita",2017,40,14.1973788103845
"622","Akita",2017,41,14.3162077573684
"623","Akita",2017,42,10.6967062004197
"624","Akita",2017,43,10.7536605468028
"625","Akita",2017,44,10.6395726014191
"626","Akita",2017,45,10.2271475392096
"627","Akita",2017,46,5.67930816323037
"628","Akita",2017,47,1.1853654709806
"629","Akita",2017,48,1.15299810166794
"630","Akita",2017,49,0.580259158599842
"631","Akita",2017,50,0.475587544884807
"632","Akita",2017,51,-0.268757495608554
"633","Akita",2017,52,-1.55622729541798
"634","Akita",2018,1,-0.200239850896505
"635","Akita",2018,2,-1.65006802932091
"636","Akita",2018,3,0.239144590814224
"637","Akita",2018,4,-4.80794975170727
"638","Akita",2018,5,-3.23841621560985
"639","Akita",2018,6,-1.14812654647663
"640","Akita",2018,7,-3.18104015504511
"641","Akita",2018,8,-3.66703776458041
"642","Akita",2018,9,-0.783733304328824
"643","Akita",2018,10,1.35962164519105
"644","Akita",2018,11,3.83897413705318
"645","Akita",2018,12,2.94492081310001
"646","Akita",2018,13,8.09243048798874
"647","Akita",2018,14,6.16937765418851
"648","Akita",2018,15,6.35784111009054
"649","Akita",2018,16,10.4338732626357
"650","Akita",2018,17,11.3525376074015
"651","Akita",2018,18,14.1466806398617
"652","Akita",2018,19,12.3458263977308
"653","Akita",2018,20,14.3237939551732
"654","Akita",2018,21,14.9535320523167
"655","Akita",2018,22,16.8424944666171
"656","Akita",2018,23,19.595567681662
"657","Akita",2018,24,14.1814733382198
"658","Akita",2018,25,19.0269563943317
"659","Akita",2018,26,21.0992750269367
"660","Akita",2018,27,21.8059167512131
"661","Akita",2018,28,22.3466995562834
"662","Akita",2018,29,24.4548360268486
"663","Akita",2018,30,25.1800576260501
"664","Akita",2018,31,25.7920720369619
"665","Akita",2018,32,22.5912109463358
"666","Akita",2018,33,21.7504535000382
"667","Akita",2018,34,24.8962371884863
"668","Akita",2018,35,21.0450661576172
"669","Akita",2018,36,22.3816545682362
"670","Akita",2018,37,18.4338429144353
"671","Akita",2018,38,18.3652975503195
"672","Akita",2018,39,16.4612966990533
"673","Akita",2018,40,17.7915921967713
"674","Akita",2018,41,14.801701106182
"675","Akita",2018,42,11.5691632310568
"676","Akita",2018,43,12.4960051759747
"677","Akita",2018,44,9.14390021794713
"678","Akita",2018,45,11.4446966520949
"679","Akita",2018,46,7.58533998606524
"680","Akita",2018,47,3.95535586457087
"681","Akita",2018,48,5.06995556862042
"682","Akita",2018,49,3.59323423554002
"683","Akita",2018,50,-1.15928559220947
"684","Akita",2018,51,1.74039396142934
"685","Akita",2018,52,-1.19530848274959
"686","Akita",2019,1,-1.40857372797661
"687","Akita",2019,2,-0.849798804272228
"688","Akita",2019,3,-1.79029031380047
"689","Akita",2019,4,-2.90763335898276
"690","Akita",2019,5,-1.1331134140452
"691","Akita",2019,6,-1.31244532655578
"692","Akita",2019,7,-3.3214545983336
"693","Akita",2019,8,2.01185493765008
"694","Akita",2019,9,2.1202261784092
"695","Akita",2019,10,3.86527250233317
"696","Akita",2019,11,3.62511862983238
"697","Akita",2019,12,4.30741908994526
"698","Akita",2019,13,2.5474336628718
"699","Akita",2019,14,3.42655127337701
"700","Akita",2019,15,5.27190570695191
"701","Akita",2019,16,9.81701729261705
"702","Akita",2019,17,10.5627974259367
"703","Akita",2019,18,11.1555572037802
"704","Akita",2019,19,13.4449433072852
"705","Akita",2019,20,15.4223829996594
"706","Akita",2019,21,17.249178929369
"707","Akita",2019,22,17.8307097307368
"708","Akita",2019,23,18.1495405954055
"709","Akita",2019,24,17.3580816681987
"710","Akita",2019,25,17.4798536935753
"711","Akita",2019,26,19.2187230268958
"712","Akita",2019,27,20.5500349563655
"713","Akita",2019,28,19.7887730678032
"714","Akita",2019,29,22.0958131781121
"715","Akita",2019,30,24.341889312587
"716","Akita",2019,31,26.1153081404858
"717","Akita",2019,32,26.1054882745457
"718","Akita",2019,33,26.2275778092671
"719","Akita",2019,34,23.6278121520197
"720","Akita",2019,35,22.0341504437368
"721","Akita",2019,36,22.5169282697775
"722","Akita",2019,37,22.1446002545366
"723","Akita",2019,38,19.0123668632761
"724","Akita",2019,39,17.3372954359042
"725","Akita",2019,40,18.9277743593806
"726","Akita",2019,41,15.6576118684214
"727","Akita",2019,42,11.6314897155266
"728","Akita",2019,43,14.1242205124835
"729","Akita",2019,44,11.6219217218945
"730","Akita",2019,45,8.08605356186322
"731","Akita",2019,46,7.51762417847963
"732","Akita",2019,47,4.61551610043687
"733","Akita",2019,48,3.09403008369687
"734","Akita",2019,49,1.62990780353648
"735","Akita",2019,50,2.81878557836385
"736","Akita",2019,51,1.83447883723437
"737","Akita",2019,52,0.503547179502943
"738","Akita",2020,1,-0.160563312265042
"739","Akita",2020,2,0.616307760432107
"740","Akita",2020,3,-0.686955410403852
"741","Akita",2020,4,0.170769103831195
"742","Akita",2020,5,2.27055013243004
"743","Akita",2020,6,-2.47470494494029
"744","Akita",2020,7,0.686329618157499
"745","Akita",2020,8,2.16274168754226
"746","Akita",2020,9,1.87124218656891
"747","Aomori",2013,1,-3.98550449748029
"748","Aomori",2013,2,-3.69870816908134
"749","Aomori",2013,3,-3.29969179584181
"750","Aomori",2013,4,-1.78069436403525
"751","Aomori",2013,5,-0.195668624897702
"752","Aomori",2013,6,-2.27159448463178
"753","Aomori",2013,7,-2.39576368310454
"754","Aomori",2013,8,-3.95362217276639
"755","Aomori",2013,9,-1.09737777005418
"756","Aomori",2013,10,1.27171818154151
"757","Aomori",2013,11,0.256652335469223
"758","Aomori",2013,12,2.06753142862029
"759","Aomori",2013,13,2.32033435360912
"760","Aomori",2013,14,5.67108175688673
"761","Aomori",2013,15,5.68373131599514
"762","Aomori",2013,16,6.13957586067102
"763","Aomori",2013,17,8.04539741400149
"764","Aomori",2013,18,7.56407694136595
"765","Aomori",2013,19,9.5399444638258
"766","Aomori",2013,20,11.5569949326337
"767","Aomori",2013,21,13.3455289442254
"768","Aomori",2013,22,16.952535898914
"769","Aomori",2013,23,15.6717760210772
"770","Aomori",2013,24,19.1028372117473
"771","Aomori",2013,25,18.0704071529496
"772","Aomori",2013,26,18.2137090626241
"773","Aomori",2013,27,21.0187373075048
"774","Aomori",2013,28,21.6203537992702
"775","Aomori",2013,29,19.6577288185291
"776","Aomori",2013,30,21.2321909582672
"777","Aomori",2013,31,21.3915962824669
"778","Aomori",2013,32,24.1125235236042
"779","Aomori",2013,33,25.8556157216784
"780","Aomori",2013,34,23.9030740119458
"781","Aomori",2013,35,21.660426677326
"782","Aomori",2013,36,21.3670110361168
"783","Aomori",2013,37,21.6612661616045
"784","Aomori",2013,38,19.3748844317833
"785","Aomori",2013,39,16.6937064350249
"786","Aomori",2013,40,17.7352556131378
"787","Aomori",2013,41,17.5247743917086
"788","Aomori",2013,42,11.5153148736627
"789","Aomori",2013,43,12.8113101324444
"790","Aomori",2013,44,10.7321631992931
"791","Aomori",2013,45,9.99145813887116
"792","Aomori",2013,46,3.69722603586649
"793","Aomori",2013,47,6.60294342235254
"794","Aomori",2013,48,4.65265827441407
"795","Aomori",2013,49,3.72056987473196
"796","Aomori",2013,50,1.30499920186065
"797","Aomori",2013,51,2.03130240926185
"798","Aomori",2013,52,0.0403949462066262
"799","Aomori",2014,1,-0.311072456433302
"800","Aomori",2014,2,-2.50596241536428
"801","Aomori",2014,3,-4.23529917273646
"802","Aomori",2014,4,-1.12310385332383
"803","Aomori",2014,5,-1.55890274132857
"804","Aomori",2014,6,-4.05089120441863
"805","Aomori",2014,7,-2.13212846903845
"806","Aomori",2014,8,-2.28652094367581
"807","Aomori",2014,9,0.795373581263765
"808","Aomori",2014,10,-2.37156468341327
"809","Aomori",2014,11,-0.448913660610093
"810","Aomori",2014,12,1.76549802632163
"811","Aomori",2014,13,6.31738482813648
"812","Aomori",2014,14,5.23802568960185
"813","Aomori",2014,15,5.45356072488951
"814","Aomori",2014,16,6.1778770835226
"815","Aomori",2014,17,9.77355329554558
"816","Aomori",2014,18,12.1763185936744
"817","Aomori",2014,19,11.5384362767361
"818","Aomori",2014,20,14.1490052557749
"819","Aomori",2014,21,12.969412368772
"820","Aomori",2014,22,17.5083237402248
"821","Aomori",2014,23,19.5675782914731
"822","Aomori",2014,24,17.7577150739299
"823","Aomori",2014,25,16.9096440928827
"824","Aomori",2014,26,19.2391646363678
"825","Aomori",2014,27,19.9040040695028
"826","Aomori",2014,28,21.3514433012505
"827","Aomori",2014,29,22.0190895082792
"828","Aomori",2014,30,23.4987901264015
"829","Aomori",2014,31,24.0900677009001
"830","Aomori",2014,32,24.0201697860207
"831","Aomori",2014,33,21.8133197192831
"832","Aomori",2014,34,23.2919334840736
"833","Aomori",2014,35,20.2241974610013
"834","Aomori",2014,36,21.2603166510701
"835","Aomori",2014,37,19.3928820590431
"836","Aomori",2014,38,16.8761986591927
"837","Aomori",2014,39,17.0314386267729
"838","Aomori",2014,40,15.8100573663167
"839","Aomori",2014,41,13.2335487076549
"840","Aomori",2014,42,12.3651029251761
"841","Aomori",2014,43,11.6976655170586
"842","Aomori",2014,44,10.8335958583359
"843","Aomori",2014,45,9.46261368761605
"844","Aomori",2014,46,6.86511311960982
"845","Aomori",2014,47,6.08333246058642
"846","Aomori",2014,48,6.77031922504796
"847","Aomori",2014,49,1.55264904882024
"848","Aomori",2014,50,-0.62970578446645
"849","Aomori",2014,51,-0.416172075477878
"850","Aomori",2014,52,-0.688111826820351
"851","Aomori",2015,1,-0.0061366265363826
"852","Aomori",2015,2,0.734656135842775
"853","Aomori",2015,3,-0.825134678778032
"854","Aomori",2015,4,-0.33971770879748
"855","Aomori",2015,5,-0.202425290895308
"856","Aomori",2015,6,-1.22955770059478
"857","Aomori",2015,7,1.48861754878227
"858","Aomori",2015,8,2.04732998343634
"859","Aomori",2015,9,2.26493361580283
"860","Aomori",2015,10,1.12859807631822
"861","Aomori",2015,11,4.71941167192361
"862","Aomori",2015,12,5.2164479651141
"863","Aomori",2015,13,7.50406272267625
"864","Aomori",2015,14,5.61286885059479
"865","Aomori",2015,15,8.65517962825567
"866","Aomori",2015,16,10.2636110284335
"867","Aomori",2015,17,15.1232129655925
"868","Aomori",2015,18,13.6301727160654
"869","Aomori",2015,19,13.1320008036888
"870","Aomori",2015,20,14.8148293923836
"871","Aomori",2015,21,17.2481169849091
"872","Aomori",2015,22,16.0171240897589
"873","Aomori",2015,23,17.3907381337868
"874","Aomori",2015,24,18.7630742853556
"875","Aomori",2015,25,18.3066864283043
"876","Aomori",2015,26,17.5705752308361
"877","Aomori",2015,27,19.220641881726
"878","Aomori",2015,28,22.7869675263472
"879","Aomori",2015,29,23.3630027956093
"880","Aomori",2015,30,24.9005758257482
"881","Aomori",2015,31,24.7835117275978
"882","Aomori",2015,32,23.6412972372726
"883","Aomori",2015,33,22.0944488710514
"884","Aomori",2015,34,19.4880611311499
"885","Aomori",2015,35,20.6561500578839
"886","Aomori",2015,36,19.17790921067
"887","Aomori",2015,37,17.6484464939887
"888","Aomori",2015,38,18.389308820078
"889","Aomori",2015,39,15.9061414602982
"890","Aomori",2015,40,13.5277248565676
"891","Aomori",2015,41,12.447451281106
"892","Aomori",2015,42,10.5802652083928
"893","Aomori",2015,43,9.02261341609527
"894","Aomori",2015,44,9.86790568839042
"895","Aomori",2015,45,9.213096329763
"896","Aomori",2015,46,8.94311210116223
"897","Aomori",2015,47,4.23905869554209
"898","Aomori",2015,48,3.86336412494553
"899","Aomori",2015,49,4.19341156141249
"900","Aomori",2015,50,4.10725868306468
"901","Aomori",2015,51,2.75207719108287
"902","Aomori",2015,52,-0.363371237950714
"903","Aomori",2016,1,-0.18989833554634
"904","Aomori",2016,2,-2.91298092124919
"905","Aomori",2016,3,-1.12174233266108
"906","Aomori",2016,4,-0.824032186225208
"907","Aomori",2016,5,-1.98077765288377
"908","Aomori",2016,6,1.02612151104
"909","Aomori",2016,7,0.815181348423404
"910","Aomori",2016,8,-1.78420449253737
"911","Aomori",2016,9,0.313398971377962
"912","Aomori",2016,10,1.62435136681502
"913","Aomori",2016,11,5.99120489865249
"914","Aomori",2016,12,2.55843420113878
"915","Aomori",2016,13,6.72821744464006
"916","Aomori",2016,14,6.9449423463644
"917","Aomori",2016,15,7.43108791544105
"918","Aomori",2016,16,10.5992523805865
"919","Aomori",2016,17,8.43260527601428
"920","Aomori",2016,18,12.9708568453135
"921","Aomori",2016,19,12.5912645425902
"922","Aomori",2016,20,15.6793838133841
"923","Aomori",2016,21,17.5706651876174
"924","Aomori",2016,22,15.0029793988096
"925","Aomori",2016,23,16.8134046195106
"926","Aomori",2016,24,18.065770203704
"927","Aomori",2016,25,18.1657944212375
"928","Aomori",2016,26,19.098227524469
"929","Aomori",2016,27,18.6870020742849
"930","Aomori",2016,28,19.9785118379076
"931","Aomori",2016,29,20.1750711995011
"932","Aomori",2016,30,23.4318579348072
"933","Aomori",2016,31,24.7744790195478
"934","Aomori",2016,32,24.137491384913
"935","Aomori",2016,33,24.3154033341372
"936","Aomori",2016,34,22.8457888612746
"937","Aomori",2016,35,23.0829049571014
"938","Aomori",2016,36,21.920477991871
"939","Aomori",2016,37,19.8663821597772
"940","Aomori",2016,38,17.8408182764839
"941","Aomori",2016,39,19.0198380675092
"942","Aomori",2016,40,15.7284995940554
"943","Aomori",2016,41,11.7564356672211
"944","Aomori",2016,42,12.7146095913738
"945","Aomori",2016,43,9.43152556278523
"946","Aomori",2016,44,6.02135009914906
"947","Aomori",2016,45,4.30717319031752
"948","Aomori",2016,46,6.51014981389782
"949","Aomori",2016,47,1.53369417677639
"950","Aomori",2016,48,3.00960937868527
"951","Aomori",2016,49,1.98479180627163
"952","Aomori",2016,50,-1.06130857051552
"953","Aomori",2016,51,2.84924002966436
"954","Aomori",2016,52,-0.201081666886767
"955","Aomori",2017,1,-0.0108198169919953
"956","Aomori",2017,2,-3.98380249088824
"957","Aomori",2017,3,-1.81183249612825
"958","Aomori",2017,4,-1.75022064692778
"959","Aomori",2017,5,-2.05856268963368
"960","Aomori",2017,6,-0.456657724279345
"961","Aomori",2017,7,0.898896744304929
"962","Aomori",2017,8,-1.4258129200279
"963","Aomori",2017,9,-0.726757188459715
"964","Aomori",2017,10,-0.683633261930124
"965","Aomori",2017,11,1.37553211129491
"966","Aomori",2017,12,2.89711256583177
"967","Aomori",2017,13,3.64265617631556
"968","Aomori",2017,14,8.17487736393087
"969","Aomori",2017,15,7.9675058138578
"970","Aomori",2017,16,8.59814435021888
"971","Aomori",2017,17,9.8562316762231
"972","Aomori",2017,18,12.7853708975371
"973","Aomori",2017,19,12.4137558702912
"974","Aomori",2017,20,13.7040046784028
"975","Aomori",2017,21,15.2962020261999
"976","Aomori",2017,22,16.1420185557476
"977","Aomori",2017,23,14.6780999017695
"978","Aomori",2017,24,14.906419782656
"979","Aomori",2017,25,18.1950390070934
"980","Aomori",2017,26,18.857678412014
"981","Aomori",2017,27,21.1622537063877
"982","Aomori",2017,28,25.3523164123844
"983","Aomori",2017,29,23.2828776200315
"984","Aomori",2017,30,22.0312536537006
"985","Aomori",2017,31,22.3607521037414
"986","Aomori",2017,32,20.6408919166544
"987","Aomori",2017,33,20.4359695521124
"988","Aomori",2017,34,22.8436465637972
"989","Aomori",2017,35,19.2466524051233
"990","Aomori",2017,36,20.1690964062435
"991","Aomori",2017,37,18.3946718228956
"992","Aomori",2017,38,18.9910233435441
"993","Aomori",2017,39,16.1531429348287
"994","Aomori",2017,40,14.483778790381
"995","Aomori",2017,41,13.9687850729266
"996","Aomori",2017,42,10.9928497540084
"997","Aomori",2017,43,11.0653133723726
"998","Aomori",2017,44,10.7812906729514
"999","Aomori",2017,45,10.818239217327
"1000","Aomori",2017,46,5.57546258739357
"1001","Aomori",2017,47,1.44949805820231
"1002","Aomori",2017,48,0.976471814295012
"1003","Aomori",2017,49,0.323514435384344
"1004","Aomori",2017,50,0.93269251771425
"1005","Aomori",2017,51,0.233975559475612
"1006","Aomori",2017,52,-1.12758495553248
"1007","Aomori",2018,1,0.693862575893377
"1008","Aomori",2018,2,-0.39215142341355
"1009","Aomori",2018,3,0.658224137543722
"1010","Aomori",2018,4,-4.39882203862099
"1011","Aomori",2018,5,-2.48039646669589
"1012","Aomori",2018,6,-0.518736051163769
"1013","Aomori",2018,7,-3.07806662350626
"1014","Aomori",2018,8,-2.99504224639931
"1015","Aomori",2018,9,-0.372496113638379
"1016","Aomori",2018,10,1.05890468761519
"1017","Aomori",2018,11,3.63551981237467
"1018","Aomori",2018,12,2.8794091147948
"1019","Aomori",2018,13,8.11307472675829
"1020","Aomori",2018,14,4.87647155669966
"1021","Aomori",2018,15,6.57165044070547
"1022","Aomori",2018,16,10.1462888731258
"1023","Aomori",2018,17,9.93977343286334
"1024","Aomori",2018,18,13.2650930118281
"1025","Aomori",2018,19,11.3042768033387
"1026","Aomori",2018,20,13.1979951417425
"1027","Aomori",2018,21,14.456466073394
"1028","Aomori",2018,22,15.7810821696479
"1029","Aomori",2018,23,18.3255071960322
"1030","Aomori",2018,24,12.9699019179453
"1031","Aomori",2018,25,18.4786791457535
"1032","Aomori",2018,26,19.720496850335
"1033","Aomori",2018,27,19.5047980554195
"1034","Aomori",2018,28,20.604312217866
"1035","Aomori",2018,29,23.3198625141136
"1036","Aomori",2018,30,23.4909236712369
"1037","Aomori",2018,31,24.6989902243456
"1038","Aomori",2018,32,20.5700547220426
"1039","Aomori",2018,33,21.1093410653024
"1040","Aomori",2018,34,23.9812105270378
"1041","Aomori",2018,35,21.1708453522579
"1042","Aomori",2018,36,22.4812901013998
"1043","Aomori",2018,37,18.3971803879475
"1044","Aomori",2018,38,18.8242363703549
"1045","Aomori",2018,39,16.8529704053858
"1046","Aomori",2018,40,17.4248082518658
"1047","Aomori",2018,41,15.2199001472505
"1048","Aomori",2018,42,12.2607386527274
"1049","Aomori",2018,43,13.4104273573276
"1050","Aomori",2018,44,9.86201900658686
"1051","Aomori",2018,45,11.8583460664702
"1052","Aomori",2018,46,8.32871214990965
"1053","Aomori",2018,47,4.11645353019053
"1054","Aomori",2018,48,5.1222271219894
"1055","Aomori",2018,49,3.44957955260007
"1056","Aomori",2018,50,-0.675054739500784
"1057","Aomori",2018,51,2.43966971108665
"1058","Aomori",2018,52,-1.07452910180533
"1059","Aomori",2019,1,-0.491277708381282
"1060","Aomori",2019,2,-0.21176515310799
"1061","Aomori",2019,3,-1.38651752403524
"1062","Aomori",2019,4,-2.07999066615328
"1063","Aomori",2019,5,-0.576923485850874
"1064","Aomori",2019,6,-1.83962377534795
"1065","Aomori",2019,7,-2.74475020184462
"1066","Aomori",2019,8,1.95904543100071
"1067","Aomori",2019,9,2.05411498233682
"1068","Aomori",2019,10,3.35511206147649
"1069","Aomori",2019,11,3.0576943808724
"1070","Aomori",2019,12,4.4689730313433
"1071","Aomori",2019,13,2.45035355642385
"1072","Aomori",2019,14,3.18375580006282
"1073","Aomori",2019,15,6.04830596337265
"1074","Aomori",2019,16,10.0481762293349
"1075","Aomori",2019,17,9.37707525100959
"1076","Aomori",2019,18,11.1114458886376
"1077","Aomori",2019,19,12.8615588015813
"1078","Aomori",2019,20,14.1029001024017
"1079","Aomori",2019,21,17.3274256259576
"1080","Aomori",2019,22,17.9886745692166
"1081","Aomori",2019,23,17.167447985072
"1082","Aomori",2019,24,16.6534483160915
"1083","Aomori",2019,25,16.6691888730677
"1084","Aomori",2019,26,17.7226261075593
"1085","Aomori",2019,27,19.4249739832675
"1086","Aomori",2019,28,18.8569663257171
"1087","Aomori",2019,29,20.7067685820354
"1088","Aomori",2019,30,23.8765550259169
"1089","Aomori",2019,31,26.4810973192016
"1090","Aomori",2019,32,25.1712987081343
"1091","Aomori",2019,33,25.0852716534778
"1092","Aomori",2019,34,22.8504729787692
"1093","Aomori",2019,35,21.9922016841297
"1094","Aomori",2019,36,22.7424099765631
"1095","Aomori",2019,37,22.1138400597323
"1096","Aomori",2019,38,19.1267663214455
"1097","Aomori",2019,39,18.0544870911807
"1098","Aomori",2019,40,19.2462150161744
"1099","Aomori",2019,41,15.5625114314277
"1100","Aomori",2019,42,12.0321817639829
"1101","Aomori",2019,43,14.4728033126931
"1102","Aomori",2019,44,12.0826790838909
"1103","Aomori",2019,45,7.83304370318745
"1104","Aomori",2019,46,7.35459229811544
"1105","Aomori",2019,47,4.70764533154765
"1106","Aomori",2019,48,3.23423179633221
"1107","Aomori",2019,49,1.49223186834632
"1108","Aomori",2019,50,3.10690552080657
"1109","Aomori",2019,51,2.25266130073299
"1110","Aomori",2019,52,0.154536519524023
"1111","Aomori",2020,1,-0.784597881756066
"1112","Aomori",2020,2,0.532117235307104
"1113","Aomori",2020,3,-0.901456760664092
"1114","Aomori",2020,4,0.121537571450095
"1115","Aomori",2020,5,2.20161743688433
"1116","Aomori",2020,6,-2.45292923097428
"1117","Aomori",2020,7,0.790827942444139
"1118","Aomori",2020,8,1.90776370387481
"1119","Aomori",2020,9,1.61078067877384
"1120","Chiba",2013,1,5.2308949259173
"1121","Chiba",2013,2,5.60309585827482
"1122","Chiba",2013,3,4.95107651120471
"1123","Chiba",2013,4,5.90582318289078
"1124","Chiba",2013,5,7.06263307942547
"1125","Chiba",2013,6,6.6010514426805
"1126","Chiba",2013,7,5.06086416326898
"1127","Chiba",2013,8,4.50373141135792
"1128","Chiba",2013,9,6.58971297215125
"1129","Chiba",2013,10,11.1358611346931
"1130","Chiba",2013,11,10.6776423772889
"1131","Chiba",2013,12,14.1540100580277
"1132","Chiba",2013,13,11.036406475834
"1133","Chiba",2013,14,13.9743820285433
"1134","Chiba",2013,15,12.743250584277
"1135","Chiba",2013,16,15.1145081413057
"1136","Chiba",2013,17,14.0015880119116
"1137","Chiba",2013,18,14.8991685670927
"1138","Chiba",2013,19,16.8502374550771
"1139","Chiba",2013,20,18.1914271112018
"1140","Chiba",2013,21,19.5445284421436
"1141","Chiba",2013,22,20.0106690846279
"1142","Chiba",2013,23,19.9244567896132
"1143","Chiba",2013,24,22.042091835537
"1144","Chiba",2013,25,22.3915771202602
"1145","Chiba",2013,26,21.9869123881586
"1146","Chiba",2013,27,24.0541617949125
"1147","Chiba",2013,28,27.7720411387288
"1148","Chiba",2013,29,24.3292306289255
"1149","Chiba",2013,30,25.2317407433993
"1150","Chiba",2013,31,25.4916304978124
"1151","Chiba",2013,32,28.40573600872
"1152","Chiba",2013,33,28.6597414272969
"1153","Chiba",2013,34,28.1609292156886
"1154","Chiba",2013,35,26.7060402150584
"1155","Chiba",2013,36,26.7220561665363
"1156","Chiba",2013,37,25.0515302315761
"1157","Chiba",2013,38,23.8339539118434
"1158","Chiba",2013,39,21.7236890363989
"1159","Chiba",2013,40,21.3293638017842
"1160","Chiba",2013,41,23.7574452694955
"1161","Chiba",2013,42,18.928270206989
"1162","Chiba",2013,43,17.6506160626811
"1163","Chiba",2013,44,16.4637295805505
"1164","Chiba",2013,45,15.8665254979738
"1165","Chiba",2013,46,11.7714513316775
"1166","Chiba",2013,47,12.7338485283357
"1167","Chiba",2013,48,12.424956400782
"1168","Chiba",2013,49,11.0235029726409
"1169","Chiba",2013,50,9.38073752017687
"1170","Chiba",2013,51,7.32452171408011
"1171","Chiba",2013,52,6.46162145184043
"1172","Chiba",2014,1,7.04497426292302
"1173","Chiba",2014,2,5.51598782151061
"1174","Chiba",2014,3,4.32230109926842
"1175","Chiba",2014,4,6.31359019648184
"1176","Chiba",2014,5,8.26562169889842
"1177","Chiba",2014,6,5.26454108984208
"1178","Chiba",2014,7,5.50535613502949
"1179","Chiba",2014,8,5.35562811443179
"1180","Chiba",2014,9,8.85784829233511
"1181","Chiba",2014,10,5.79803963985581
"1182","Chiba",2014,11,7.91817506974804
"1183","Chiba",2014,12,10.3415016458485
"1184","Chiba",2014,13,13.9144668311658
"1185","Chiba",2014,14,13.4541725909434
"1186","Chiba",2014,15,12.6152689805581
"1187","Chiba",2014,16,13.8543975160797
"1188","Chiba",2014,17,14.9457202207091
"1189","Chiba",2014,18,17.8135388471225
"1190","Chiba",2014,19,16.725201005092
"1191","Chiba",2014,20,19.0280961580826
"1192","Chiba",2014,21,18.6721116882773
"1193","Chiba",2014,22,21.4807215658155
"1194","Chiba",2014,23,21.4930999298921
"1195","Chiba",2014,24,22.2179715332204
"1196","Chiba",2014,25,22.9818801187874
"1197","Chiba",2014,26,22.1570613548565
"1198","Chiba",2014,27,23.0114523140473
"1199","Chiba",2014,28,25.0590575431888
"1200","Chiba",2014,29,25.263535925686
"1201","Chiba",2014,30,26.861169356492
"1202","Chiba",2014,31,27.0710455708582
"1203","Chiba",2014,32,27.6284113232199
"1204","Chiba",2014,33,26.5923937369575
"1205","Chiba",2014,34,27.6989641536056
"1206","Chiba",2014,35,23.6994652592064
"1207","Chiba",2014,36,24.0253123891832
"1208","Chiba",2014,37,22.0445427376861
"1209","Chiba",2014,38,21.8844614686839
"1210","Chiba",2014,39,21.5741449281024
"1211","Chiba",2014,40,22.065193790221
"1212","Chiba",2014,41,19.8845769992307
"1213","Chiba",2014,42,17.7851134246843
"1214","Chiba",2014,43,17.7936325717462
"1215","Chiba",2014,44,17.4251175560354
"1216","Chiba",2014,45,16.749371434468
"1217","Chiba",2014,46,14.6366914433831
"1218","Chiba",2014,47,12.1994077330659
"1219","Chiba",2014,48,13.6062500964581
"1220","Chiba",2014,49,10.6940214062921
"1221","Chiba",2014,50,8.56717854526253
"1222","Chiba",2014,51,6.42589372961635
"1223","Chiba",2014,52,6.20616064656424
"1224","Chiba",2015,1,6.66069216881453
"1225","Chiba",2015,2,6.77659212833581
"1226","Chiba",2015,3,6.18855003953124
"1227","Chiba",2015,4,6.5622303345807
"1228","Chiba",2015,5,4.60305493208028
"1229","Chiba",2015,6,5.36364511087558
"1230","Chiba",2015,7,5.78385192613658
"1231","Chiba",2015,8,9.17143118960552
"1232","Chiba",2015,9,8.76526792033635
"1233","Chiba",2015,10,8.48611589761915
"1234","Chiba",2015,11,11.9134998124839
"1235","Chiba",2015,12,10.5950495449698
"1236","Chiba",2015,13,14.3202984620131
"1237","Chiba",2015,14,10.3280724520329
"1238","Chiba",2015,15,14.0555678317278
"1239","Chiba",2015,16,16.5236034380772
"1240","Chiba",2015,17,18.955595411047
"1241","Chiba",2015,18,18.8094484210737
"1242","Chiba",2015,19,19.8412403538326
"1243","Chiba",2015,20,20.2961607049509
"1244","Chiba",2015,21,21.2400768240096
"1245","Chiba",2015,22,20.9243366460171
"1246","Chiba",2015,23,21.3521587102861
"1247","Chiba",2015,24,21.4648303472183
"1248","Chiba",2015,25,22.7513335238482
"1249","Chiba",2015,26,21.918688167651
"1250","Chiba",2015,27,22.1401101954514
"1251","Chiba",2015,28,27.0095454292365
"1252","Chiba",2015,29,27.5439245282213
"1253","Chiba",2015,30,28.5957150962044
"1254","Chiba",2015,31,28.677615110557
"1255","Chiba",2015,32,27.2593920395657
"1256","Chiba",2015,33,26.9476086477995
"1257","Chiba",2015,34,23.337277050425
"1258","Chiba",2015,35,25.0413526558858
"1259","Chiba",2015,36,23.7945878314793
"1260","Chiba",2015,37,22.1878227066251
"1261","Chiba",2015,38,21.4944923662727
"1262","Chiba",2015,39,21.9428363497986
"1263","Chiba",2015,40,18.7400954676645
"1264","Chiba",2015,41,18.9208622628337
"1265","Chiba",2015,42,18.4725786900454
"1266","Chiba",2015,43,16.8688610556025
"1267","Chiba",2015,44,15.647710506211
"1268","Chiba",2015,45,16.2379469006247
"1269","Chiba",2015,46,16.2887879381695
"1270","Chiba",2015,47,12.2543261641985
"1271","Chiba",2015,48,11.7151370554917
"1272","Chiba",2015,49,11.7050430211376
"1273","Chiba",2015,50,10.7707789983307
"1274","Chiba",2015,51,9.9411299470571
"1275","Chiba",2015,52,7.16564961207272
"1276","Chiba",2016,1,9.26571693459984
"1277","Chiba",2016,2,6.37718604362859
"1278","Chiba",2016,3,6.33440511603322
"1279","Chiba",2016,4,5.50827216207775
"1280","Chiba",2016,5,6.06852287079416
"1281","Chiba",2016,6,8.02429899078818
"1282","Chiba",2016,7,8.98290931583082
"1283","Chiba",2016,8,6.88299092208753
"1284","Chiba",2016,9,8.85404877395723
"1285","Chiba",2016,10,10.0569665253019
"1286","Chiba",2016,11,11.1585407639477
"1287","Chiba",2016,12,9.01383361648314
"1288","Chiba",2016,13,12.7662622952444
"1289","Chiba",2016,14,14.9202948663925
"1290","Chiba",2016,15,14.4409707587853
"1291","Chiba",2016,16,16.9824290730894
"1292","Chiba",2016,17,16.5302757604039
"1293","Chiba",2016,18,19.4144645504736
"1294","Chiba",2016,19,19.4744776441969
"1295","Chiba",2016,20,17.9005842698574
"1296","Chiba",2016,21,20.9596265740693
"1297","Chiba",2016,22,20.1899742257788
"1298","Chiba",2016,23,21.0892919088502
"1299","Chiba",2016,24,22.3977670399236
"1300","Chiba",2016,25,23.3664515309502
"1301","Chiba",2016,26,23.3783076927262
"1302","Chiba",2016,27,24.8264497117776
"1303","Chiba",2016,28,25.2542049127893
"1304","Chiba",2016,29,24.5177606187199
"1305","Chiba",2016,30,25.2333166347562
"1306","Chiba",2016,31,27.1265184137854
"1307","Chiba",2016,32,27.1206555615421
"1308","Chiba",2016,33,26.7337418842317
"1309","Chiba",2016,34,26.3854573136103
"1310","Chiba",2016,35,26.3080547580299
"1311","Chiba",2016,36,26.8484889228519
"1312","Chiba",2016,37,24.207647218127
"1313","Chiba",2016,38,22.3979683599367
"1314","Chiba",2016,39,24.0924868707144
"1315","Chiba",2016,40,23.5735487136776
"1316","Chiba",2016,41,18.0681141496578
"1317","Chiba",2016,42,19.9198026151009
"1318","Chiba",2016,43,17.0465679496606
"1319","Chiba",2016,44,14.3142793805331
"1320","Chiba",2016,45,12.4559492199684
"1321","Chiba",2016,46,14.2366141529099
"1322","Chiba",2016,47,10.9004354178062
"1323","Chiba",2016,48,11.4685820888309
"1324","Chiba",2016,49,10.9844218520511
"1325","Chiba",2016,50,7.85640800922149
"1326","Chiba",2016,51,11.2762532118885
"1327","Chiba",2016,52,8.08288748404281
"1328","Chiba",2017,1,6.99586724632351
"1329","Chiba",2017,2,6.66911634662815
"1330","Chiba",2017,3,5.19795326584166
"1331","Chiba",2017,4,6.12385484150432
"1332","Chiba",2017,5,7.61511966570876
"1333","Chiba",2017,6,6.076263936133
"1334","Chiba",2017,7,7.39239366954127
"1335","Chiba",2017,8,8.5094473699089
"1336","Chiba",2017,9,7.79444866764529
"1337","Chiba",2017,10,7.80880409159702
"1338","Chiba",2017,11,8.2895673683971
"1339","Chiba",2017,12,9.46753932781649
"1340","Chiba",2017,13,8.36181975063326
"1341","Chiba",2017,14,13.8597515996121
"1342","Chiba",2017,15,13.5483687347621
"1343","Chiba",2017,16,16.4105680336804
"1344","Chiba",2017,17,15.0144698598052
"1345","Chiba",2017,18,17.8520330899339
"1346","Chiba",2017,19,18.8817316836326
"1347","Chiba",2017,20,18.5627277729107
"1348","Chiba",2017,21,21.0170944274085
"1349","Chiba",2017,22,21.568427964155
"1350","Chiba",2017,23,20.6568440650977
"1351","Chiba",2017,24,20.3543783411419
"1352","Chiba",2017,25,22.2176381082951
"1353","Chiba",2017,26,23.237790062152
"1354","Chiba",2017,27,26.1526256554395
"1355","Chiba",2017,28,27.1703005762461
"1356","Chiba",2017,29,27.1900955469972
"1357","Chiba",2017,30,26.3327293858164
"1358","Chiba",2017,31,25.9083454310695
"1359","Chiba",2017,32,26.8054468709656
"1360","Chiba",2017,33,25.2389916523419
"1361","Chiba",2017,34,28.0407491818747
"1362","Chiba",2017,35,24.1483898319083
"1363","Chiba",2017,36,23.0697075085453
"1364","Chiba",2017,37,24.1704902440875
"1365","Chiba",2017,38,23.57956776611
"1366","Chiba",2017,39,22.2047943738034
"1367","Chiba",2017,40,20.072002726346
"1368","Chiba",2017,41,20.5293559859337
"1369","Chiba",2017,42,15.9431984917643
"1370","Chiba",2017,43,16.5920683014312
"1371","Chiba",2017,44,15.6860127849644
"1372","Chiba",2017,45,16.2120415432434
"1373","Chiba",2017,46,12.9898206464748
"1374","Chiba",2017,47,9.93464268701321
"1375","Chiba",2017,48,11.8402741654663
"1376","Chiba",2017,49,8.72485606427456
"1377","Chiba",2017,50,8.50934609783114
"1378","Chiba",2017,51,6.74419208115282
"1379","Chiba",2017,52,6.89816335540024
"1380","Chiba",2018,1,5.38547746752864
"1381","Chiba",2018,2,6.81634937253032
"1382","Chiba",2018,3,8.06813161088288
"1383","Chiba",2018,4,3.32292543794964
"1384","Chiba",2018,5,4.64451946922569
"1385","Chiba",2018,6,5.24014008121562
"1386","Chiba",2018,7,6.49304802524319
"1387","Chiba",2018,8,5.76594085530296
"1388","Chiba",2018,9,9.01459729867005
"1389","Chiba",2018,10,10.5156386185183
"1390","Chiba",2018,11,11.5231386480351
"1391","Chiba",2018,12,11.2390493531574
"1392","Chiba",2018,13,14.6624100518483
"1393","Chiba",2018,14,16.2889321387426
"1394","Chiba",2018,15,15.3036181779027
"1395","Chiba",2018,16,15.9417253740993
"1396","Chiba",2018,17,18.1537581942839
"1397","Chiba",2018,18,19.8239659516294
"1398","Chiba",2018,19,16.5722162501716
"1399","Chiba",2018,20,20.8470947679882
"1400","Chiba",2018,21,19.897786817688
"1401","Chiba",2018,22,21.2621056430081
"1402","Chiba",2018,23,22.4811688609546
"1403","Chiba",2018,24,19.9509475964406
"1404","Chiba",2018,25,21.0739164601603
"1405","Chiba",2018,26,25.8513286086241
"1406","Chiba",2018,27,26.2729616538224
"1407","Chiba",2018,28,27.5823583381835
"1408","Chiba",2018,29,28.822260638262
"1409","Chiba",2018,30,27.3477967887955
"1410","Chiba",2018,31,28.7873026002142
"1411","Chiba",2018,32,27.3488889676457
"1412","Chiba",2018,33,26.7846496425597
"1413","Chiba",2018,34,27.3502188195026
"1414","Chiba",2018,35,27.5715974985972
"1415","Chiba",2018,36,26.652392870417
"1416","Chiba",2018,37,23.2457986026434
"1417","Chiba",2018,38,22.7373311683257
"1418","Chiba",2018,39,21.2528838347217
"1419","Chiba",2018,40,22.9451833718402
"1420","Chiba",2018,41,21.5572653506973
"1421","Chiba",2018,42,17.8907607323845
"1422","Chiba",2018,43,17.9601875707713
"1423","Chiba",2018,44,16.2102030984933
"1424","Chiba",2018,45,18.0927832825649
"1425","Chiba",2018,46,14.993015944667
"1426","Chiba",2018,47,12.4237190251324
"1427","Chiba",2018,48,13.0115194802929
"1428","Chiba",2018,49,13.7175385160925
"1429","Chiba",2018,50,7.08887392466575
"1430","Chiba",2018,51,9.69715844839919
"1431","Chiba",2018,52,7.03790427171208
"1432","Chiba",2019,1,6.04625042692058
"1433","Chiba",2019,2,5.5021882269509
"1434","Chiba",2019,3,6.84861012436322
"1435","Chiba",2019,4,6.04315635361515
"1436","Chiba",2019,5,5.88086472475888
"1437","Chiba",2019,6,8.11622725526959
"1438","Chiba",2019,7,5.10293035454423
"1439","Chiba",2019,8,9.22804956131698
"1440","Chiba",2019,9,9.60881466602354
"1441","Chiba",2019,10,9.59176922955278
"1442","Chiba",2019,11,10.8889707000501
"1443","Chiba",2019,12,11.9226578795079
"1444","Chiba",2019,13,11.0488532491244
"1445","Chiba",2019,14,10.9919948904166
"1446","Chiba",2019,15,10.5880945113555
"1447","Chiba",2019,16,15.3178498645282
"1448","Chiba",2019,17,15.6863361875036
"1449","Chiba",2019,18,16.4094573274095
"1450","Chiba",2019,19,18.0219201902153
"1451","Chiba",2019,20,18.3291543837106
"1452","Chiba",2019,21,20.2564479191944
"1453","Chiba",2019,22,21.8587179358569
"1454","Chiba",2019,23,21.5196263866831
"1455","Chiba",2019,24,19.1654512088394
"1456","Chiba",2019,25,22.8261783576337
"1457","Chiba",2019,26,22.7680808841811
"1458","Chiba",2019,27,23.0889905932442
"1459","Chiba",2019,28,21.1738770714845
"1460","Chiba",2019,29,23.7074311603786
"1461","Chiba",2019,30,26.3212752545943
"1462","Chiba",2019,31,28.4708670718192
"1463","Chiba",2019,32,28.8395199861777
"1464","Chiba",2019,33,28.6155982725531
"1465","Chiba",2019,34,26.992359027891
"1466","Chiba",2019,35,26.6643197694691
"1467","Chiba",2019,36,26.7668893446691
"1468","Chiba",2019,37,26.0898520381569
"1469","Chiba",2019,38,23.211942213855
"1470","Chiba",2019,39,24.1380243786691
"1471","Chiba",2019,40,24.1209373366614
"1472","Chiba",2019,41,21.802737691689
"1473","Chiba",2019,42,19.3343126756423
"1474","Chiba",2019,43,18.9352463255253
"1475","Chiba",2019,44,17.0657230996874
"1476","Chiba",2019,45,15.2883691780802
"1477","Chiba",2019,46,15.3825940507751
"1478","Chiba",2019,47,14.4511306321622
"1479","Chiba",2019,48,11.0603445299386
"1480","Chiba",2019,49,10.7273767038261
"1481","Chiba",2019,50,10.8846700490269
"1482","Chiba",2019,51,10.183907801542
"1483","Chiba",2019,52,8.15514945915429
"1484","Chiba",2020,1,7.98997271897387
"1485","Chiba",2020,2,8.15591606893897
"1486","Chiba",2020,3,7.62965413386643
"1487","Chiba",2020,4,8.05488000326712
"1488","Chiba",2020,5,8.89463275394629
"1489","Chiba",2020,6,6.40793321718646
"1490","Chiba",2020,7,9.25503601306569
"1491","Chiba",2020,8,10.4602053076653
"1492","Chiba",2020,9,8.81361548916289
"1493","Ehime",2013,1,2.64549720900676
"1494","Ehime",2013,2,3.55948712910173
"1495","Ehime",2013,3,3.69442616568831
"1496","Ehime",2013,4,4.85879002184013
"1497","Ehime",2013,5,5.70768773830646
"1498","Ehime",2013,6,5.70331325190107
"1499","Ehime",2013,7,4.31294681518661
"1500","Ehime",2013,8,4.73888819636477
"1501","Ehime",2013,9,7.10885720296789
"1502","Ehime",2013,10,10.2488265160937
"1503","Ehime",2013,11,8.82682380789882
"1504","Ehime",2013,12,11.8196174849582
"1505","Ehime",2013,13,11.4440295846828
"1506","Ehime",2013,14,12.6463762919557
"1507","Ehime",2013,15,9.7073654087955
"1508","Ehime",2013,16,14.3836536565687
"1509","Ehime",2013,17,13.045233711879
"1510","Ehime",2013,18,14.0948004799485
"1511","Ehime",2013,19,16.9360270702881
"1512","Ehime",2013,20,19.2617676404383
"1513","Ehime",2013,21,20.9602516641781
"1514","Ehime",2013,22,20.4024007006305
"1515","Ehime",2013,23,20.5343067632674
"1516","Ehime",2013,24,23.1332110160469
"1517","Ehime",2013,25,23.3529704832797
"1518","Ehime",2013,26,21.7201237904279
"1519","Ehime",2013,27,24.8241182394003
"1520","Ehime",2013,28,27.3694814124802
"1521","Ehime",2013,29,27.3184713547953
"1522","Ehime",2013,30,28.1599124094362
"1523","Ehime",2013,31,28.1001974961253
"1524","Ehime",2013,32,28.4598626038147
"1525","Ehime",2013,33,29.156748095162
"1526","Ehime",2013,34,28.3687196610666
"1527","Ehime",2013,35,25.253534844013
"1528","Ehime",2013,36,22.6826233833277
"1529","Ehime",2013,37,25.2598768830353
"1530","Ehime",2013,38,22.6649524451257
"1531","Ehime",2013,39,22.3751631613029
"1532","Ehime",2013,40,21.74223289956
"1533","Ehime",2013,41,22.8808347123187
"1534","Ehime",2013,42,17.1599941985364
"1535","Ehime",2013,43,17.7111258601909
"1536","Ehime",2013,44,14.8889396483032
"1537","Ehime",2013,45,15.3170551208806
"1538","Ehime",2013,46,11.2620857303351
"1539","Ehime",2013,47,8.59772605002958
"1540","Ehime",2013,48,8.3397935885252
"1541","Ehime",2013,49,8.0869315371462
"1542","Ehime",2013,50,6.45802375168495
"1543","Ehime",2013,51,5.17118193524573
"1544","Ehime",2013,52,4.35268428798021
"1545","Ehime",2014,1,6.1769744245113
"1546","Ehime",2014,2,4.57496099379845
"1547","Ehime",2014,3,3.73314274662311
"1548","Ehime",2014,4,4.68768627329291
"1549","Ehime",2014,5,7.7885745469669
"1550","Ehime",2014,6,5.14242402267969
"1551","Ehime",2014,7,2.96972313829825
"1552","Ehime",2014,8,4.00686189996594
"1553","Ehime",2014,9,9.22902883212375
"1554","Ehime",2014,10,5.6395263307149
"1555","Ehime",2014,11,6.81616267174301
"1556","Ehime",2014,12,10.1896260502031
"1557","Ehime",2014,13,13.8384943001221
"1558","Ehime",2014,14,11.2208701346338
"1559","Ehime",2014,15,11.9724427624391
"1560","Ehime",2014,16,14.1486891815545
"1561","Ehime",2014,17,14.9299847490253
"1562","Ehime",2014,18,16.6234853052135
"1563","Ehime",2014,19,15.8640834221192
"1564","Ehime",2014,20,17.8532409834606
"1565","Ehime",2014,21,18.9129995640521
"1566","Ehime",2014,22,20.760092262091
"1567","Ehime",2014,23,20.6704229837043
"1568","Ehime",2014,24,21.4759407147028
"1569","Ehime",2014,25,20.5726012084728
"1570","Ehime",2014,26,21.6345603662924
"1571","Ehime",2014,27,22.585764966903
"1572","Ehime",2014,28,24.5363942571309
"1573","Ehime",2014,29,25.752727333427
"1574","Ehime",2014,30,27.6011771009921
"1575","Ehime",2014,31,26.2607541578555
"1576","Ehime",2014,32,25.2511727558233
"1577","Ehime",2014,33,25.3871678925665
"1578","Ehime",2014,34,26.1130878891333
"1579","Ehime",2014,35,24.4371780204588
"1580","Ehime",2014,36,24.2933202445669
"1581","Ehime",2014,37,22.8911747378164
"1582","Ehime",2014,38,20.9704889182505
"1583","Ehime",2014,39,22.1364617921157
"1584","Ehime",2014,40,21.7723956738399
"1585","Ehime",2014,41,19.8478233838939
"1586","Ehime",2014,42,16.5493800048404
"1587","Ehime",2014,43,17.5734564421913
"1588","Ehime",2014,44,16.2756686878568
"1589","Ehime",2014,45,13.8972819253928
"1590","Ehime",2014,46,11.4781707051951
"1591","Ehime",2014,47,10.5845167369006
"1592","Ehime",2014,48,13.8258274948548
"1593","Ehime",2014,49,6.58768826183077
"1594","Ehime",2014,50,5.95591236568276
"1595","Ehime",2014,51,3.37283888099951
"1596","Ehime",2014,52,4.19910348724557
"1597","Ehime",2015,1,6.11135622237798
"1598","Ehime",2015,2,5.45068370808843
"1599","Ehime",2015,3,5.76692415318228
"1600","Ehime",2015,4,5.50211132296681
"1601","Ehime",2015,5,3.82232881675221
"1602","Ehime",2015,6,3.71436797935644
"1603","Ehime",2015,7,6.45599898662505
"1604","Ehime",2015,8,7.48210695830221
"1605","Ehime",2015,9,6.00051853341296
"1606","Ehime",2015,10,6.15963746694399
"1607","Ehime",2015,11,12.7142011946744
"1608","Ehime",2015,12,9.24928939116177
"1609","Ehime",2015,13,15.9388721979369
"1610","Ehime",2015,14,12.8901666412862
"1611","Ehime",2015,15,13.8341630576684
"1612","Ehime",2015,16,15.7115901451698
"1613","Ehime",2015,17,17.9416495015908
"1614","Ehime",2015,18,17.3827560998421
"1615","Ehime",2015,19,18.5111847062664
"1616","Ehime",2015,20,18.8658031982878
"1617","Ehime",2015,21,21.2574336997746
"1618","Ehime",2015,22,19.9731238108767
"1619","Ehime",2015,23,20.7736405630847
"1620","Ehime",2015,24,20.6866530344305
"1621","Ehime",2015,25,21.943097853552
"1622","Ehime",2015,26,21.3401595574294
"1623","Ehime",2015,27,23.8690032600972
"1624","Ehime",2015,28,25.2210482720505
"1625","Ehime",2015,29,25.2718372874817
"1626","Ehime",2015,30,27.5597188899062
"1627","Ehime",2015,31,27.8327785863464
"1628","Ehime",2015,32,26.3502482878182
"1629","Ehime",2015,33,25.6655847444067
"1630","Ehime",2015,34,24.6295284002852
"1631","Ehime",2015,35,23.0373424716645
"1632","Ehime",2015,36,22.0561158456588
"1633","Ehime",2015,37,20.9193409983636
"1634","Ehime",2015,38,22.1554068832253
"1635","Ehime",2015,39,20.6782873309315
"1636","Ehime",2015,40,17.518265204568
"1637","Ehime",2015,41,16.189012219842
"1638","Ehime",2015,42,17.8752255258544
"1639","Ehime",2015,43,14.5947129980948
"1640","Ehime",2015,44,15.4846779032615
"1641","Ehime",2015,45,16.4871203441267
"1642","Ehime",2015,46,15.7283240479188
"1643","Ehime",2015,47,11.1781554515027
"1644","Ehime",2015,48,9.62012175347885
"1645","Ehime",2015,49,10.5415660464511
"1646","Ehime",2015,50,7.78453781896017
"1647","Ehime",2015,51,9.43148857244081
"1648","Ehime",2015,52,5.74321508999183
"1649","Ehime",2016,1,7.43471516400017
"1650","Ehime",2016,2,4.74572017481954
"1651","Ehime",2016,3,3.30660955441367
"1652","Ehime",2016,4,4.51507142721764
"1653","Ehime",2016,5,4.96337851241721
"1654","Ehime",2016,6,7.72799494404516
"1655","Ehime",2016,7,5.43856967796
"1656","Ehime",2016,8,5.05954369632695
"1657","Ehime",2016,9,7.94676602754155
"1658","Ehime",2016,10,10.1614303857195
"1659","Ehime",2016,11,9.86806683463758
"1660","Ehime",2016,12,8.88154445037766
"1661","Ehime",2016,13,12.5008028643331
"1662","Ehime",2016,14,15.2871329012366
"1663","Ehime",2016,15,14.7982203705997
"1664","Ehime",2016,16,15.2435796871669
"1665","Ehime",2016,17,15.7830809836798
"1666","Ehime",2016,18,17.9634493059082
"1667","Ehime",2016,19,18.0959239229869
"1668","Ehime",2016,20,18.9470484175588
"1669","Ehime",2016,21,20.9139314608284
"1670","Ehime",2016,22,20.0699775987024
"1671","Ehime",2016,23,21.8374834350934
"1672","Ehime",2016,24,22.5952603348356
"1673","Ehime",2016,25,23.0667519908777
"1674","Ehime",2016,26,23.1308655919969
"1675","Ehime",2016,27,26.1472212419648
"1676","Ehime",2016,28,25.5083300259366
"1677","Ehime",2016,29,26.3681291317066
"1678","Ehime",2016,30,26.4034773316956
"1679","Ehime",2016,31,27.2822794484667
"1680","Ehime",2016,32,28.2260593442053
"1681","Ehime",2016,33,28.2599302034123
"1682","Ehime",2016,34,27.6779351004781
"1683","Ehime",2016,35,24.3025627081487
"1684","Ehime",2016,36,24.9563527846606
"1685","Ehime",2016,37,24.7837423091406
"1686","Ehime",2016,38,22.2987364248427
"1687","Ehime",2016,39,24.2238072079071
"1688","Ehime",2016,40,23.5059629284133
"1689","Ehime",2016,41,17.8096335564686
"1690","Ehime",2016,42,20.2500380431169
"1691","Ehime",2016,43,17.798490546518
"1692","Ehime",2016,44,12.7200435134207
"1693","Ehime",2016,45,12.275432914609
"1694","Ehime",2016,46,14.8111914134146
"1695","Ehime",2016,47,12.4011191863266
"1696","Ehime",2016,48,9.97012479666069
"1697","Ehime",2016,49,9.18144608577576
"1698","Ehime",2016,50,6.61799637355043
"1699","Ehime",2016,51,9.71138740755735
"1700","Ehime",2016,52,6.42599494737239
"1701","Ehime",2017,1,7.16624529573694
"1702","Ehime",2017,2,5.28095924942301
"1703","Ehime",2017,3,3.69119561376005
"1704","Ehime",2017,4,3.44824702406251
"1705","Ehime",2017,5,6.39517747852178
"1706","Ehime",2017,6,3.83057058332263
"1707","Ehime",2017,7,5.98111463280042
"1708","Ehime",2017,8,6.45540115966405
"1709","Ehime",2017,9,6.62894689298307
"1710","Ehime",2017,10,6.49578579159034
"1711","Ehime",2017,11,7.81028794596796
"1712","Ehime",2017,12,8.36849878993672
"1713","Ehime",2017,13,8.99142312984976
"1714","Ehime",2017,14,13.6578737071606
"1715","Ehime",2017,15,14.1587725652916
"1716","Ehime",2017,16,15.7117839603311
"1717","Ehime",2017,17,15.0106741714644
"1718","Ehime",2017,18,18.3711886910529
"1719","Ehime",2017,19,17.8915115423937
"1720","Ehime",2017,20,18.0082562883156
"1721","Ehime",2017,21,19.2726663879659
"1722","Ehime",2017,22,20.6294990106512
"1723","Ehime",2017,23,20.0628084747459
"1724","Ehime",2017,24,20.2849517842056
"1725","Ehime",2017,25,22.0733031852257
"1726","Ehime",2017,26,23.5563853564963
"1727","Ehime",2017,27,25.1319223763847
"1728","Ehime",2017,28,26.515164572872
"1729","Ehime",2017,29,26.9833080780358
"1730","Ehime",2017,30,27.7984334039006
"1731","Ehime",2017,31,28.4220103212995
"1732","Ehime",2017,32,27.2480813600487
"1733","Ehime",2017,33,26.617000197774
"1734","Ehime",2017,34,27.6097206284281
"1735","Ehime",2017,35,25.7866633854586
"1736","Ehime",2017,36,23.6146782194706
"1737","Ehime",2017,37,23.1633260835027
"1738","Ehime",2017,38,21.5723457284059
"1739","Ehime",2017,39,20.7413771905594
"1740","Ehime",2017,40,19.8763063070321
"1741","Ehime",2017,41,21.1878731476047
"1742","Ehime",2017,42,16.326835354023
"1743","Ehime",2017,43,15.5581467963377
"1744","Ehime",2017,44,13.7233395639886
"1745","Ehime",2017,45,13.5834681435073
"1746","Ehime",2017,46,10.7478718413417
"1747","Ehime",2017,47,7.3452614960565
"1748","Ehime",2017,48,10.1167273233861
"1749","Ehime",2017,49,5.571259417615
"1750","Ehime",2017,50,4.47937638112112
"1751","Ehime",2017,51,4.23224962747804
"1752","Ehime",2017,52,5.32388732606624
"1753","Ehime",2018,1,4.45326399935419
"1754","Ehime",2018,2,2.98508990139413
"1755","Ehime",2018,3,7.02637749934148
"1756","Ehime",2018,4,1.53717522342794
"1757","Ehime",2018,5,2.09982858102082
"1758","Ehime",2018,6,0.879184260140716
"1759","Ehime",2018,7,3.32796174809494
"1760","Ehime",2018,8,5.57983302227567
"1761","Ehime",2018,9,8.24344846645494
"1762","Ehime",2018,10,8.84508666034838
"1763","Ehime",2018,11,10.4771684412819
"1764","Ehime",2018,12,9.5001675375813
"1765","Ehime",2018,13,13.5951703503659
"1766","Ehime",2018,14,14.573435346336
"1767","Ehime",2018,15,14.567889026517
"1768","Ehime",2018,16,14.869411819087
"1769","Ehime",2018,17,16.1746161425028
"1770","Ehime",2018,18,17.0019200064001
"1771","Ehime",2018,19,16.3580350823782
"1772","Ehime",2018,20,20.2832826782924
"1773","Ehime",2018,21,19.0384135315509
"1774","Ehime",2018,22,20.1186162113423
"1775","Ehime",2018,23,21.3839933072783
"1776","Ehime",2018,24,20.7675522263584
"1777","Ehime",2018,25,21.4987338547327
"1778","Ehime",2018,26,24.8057318471749
"1779","Ehime",2018,27,24.6379606949477
"1780","Ehime",2018,28,26.5728559686259
"1781","Ehime",2018,29,28.3411880016362
"1782","Ehime",2018,30,28.4022696825457
"1783","Ehime",2018,31,27.3772085212101
"1784","Ehime",2018,32,28.2808993835385
"1785","Ehime",2018,33,26.6051932944511
"1786","Ehime",2018,34,27.3711475177818
"1787","Ehime",2018,35,26.8693565195077
"1788","Ehime",2018,36,24.483296869194
"1789","Ehime",2018,37,23.1852593225858
"1790","Ehime",2018,38,23.829383275289
"1791","Ehime",2018,39,20.8670816491609
"1792","Ehime",2018,40,21.139361295251
"1793","Ehime",2018,41,18.3586867718086
"1794","Ehime",2018,42,16.6036353541867
"1795","Ehime",2018,43,16.0862665796529
"1796","Ehime",2018,44,12.8119772652016
"1797","Ehime",2018,45,15.1265899008776
"1798","Ehime",2018,46,12.3117429783088
"1799","Ehime",2018,47,9.66340541466174
"1800","Ehime",2018,48,11.4481211709387
"1801","Ehime",2018,49,11.9828308884656
"1802","Ehime",2018,50,5.65602114794637
"1803","Ehime",2018,51,9.28785741780675
"1804","Ehime",2018,52,6.01971756338139
"1805","Ehime",2019,1,4.85400538064267
"1806","Ehime",2019,2,5.64736868683143
"1807","Ehime",2019,3,6.12455474312847
"1808","Ehime",2019,4,5.60395399943814
"1809","Ehime",2019,5,4.8443805572967
"1810","Ehime",2019,6,7.85862317466324
"1811","Ehime",2019,7,5.06703769671874
"1812","Ehime",2019,8,7.933951380592
"1813","Ehime",2019,9,8.41219998404014
"1814","Ehime",2019,10,8.54175952536407
"1815","Ehime",2019,11,8.2581207593495
"1816","Ehime",2019,12,10.1708351301138
"1817","Ehime",2019,13,11.4030003082892
"1818","Ehime",2019,14,9.44941388472229
"1819","Ehime",2019,15,12.3200858334316
"1820","Ehime",2019,16,14.5911849849654
"1821","Ehime",2019,17,17.2389736796666
"1822","Ehime",2019,18,16.0547142858135
"1823","Ehime",2019,19,16.656238617547
"1824","Ehime",2019,20,19.3205052344558
"1825","Ehime",2019,21,19.8108408519872
"1826","Ehime",2019,22,20.019621018204
"1827","Ehime",2019,23,21.5439060516753
"1828","Ehime",2019,24,20.2919419934977
"1829","Ehime",2019,25,21.7140272860396
"1830","Ehime",2019,26,23.2717477107527
"1831","Ehime",2019,27,22.8074363441099
"1832","Ehime",2019,28,23.4045673680814
"1833","Ehime",2019,29,24.4328175879547
"1834","Ehime",2019,30,26.3063218342279
"1835","Ehime",2019,31,28.0694347885023
"1836","Ehime",2019,32,27.4088581944902
"1837","Ehime",2019,33,27.7346798053686
"1838","Ehime",2019,34,25.6795813598796
"1839","Ehime",2019,35,23.6474922042935
"1840","Ehime",2019,36,26.0169479879173
"1841","Ehime",2019,37,26.4598372160477
"1842","Ehime",2019,38,23.2756607566962
"1843","Ehime",2019,39,23.1200229745238
"1844","Ehime",2019,40,23.6416268746253
"1845","Ehime",2019,41,20.7951311796862
"1846","Ehime",2019,42,18.485393975031
"1847","Ehime",2019,43,18.6873844962441
"1848","Ehime",2019,44,15.7952478234998
"1849","Ehime",2019,45,13.3613354041576
"1850","Ehime",2019,46,12.7584336968822
"1851","Ehime",2019,47,11.8200760714629
"1852","Ehime",2019,48,10.842245429546
"1853","Ehime",2019,49,8.05315457731243
"1854","Ehime",2019,50,7.66084817013323
"1855","Ehime",2019,51,9.63537145766335
"1856","Ehime",2019,52,7.52672946584032
"1857","Ehime",2020,1,7.17245646890243
"1858","Ehime",2020,2,8.20249442351431
"1859","Ehime",2020,3,5.37652681350672
"1860","Ehime",2020,4,8.49742515253632
"1861","Ehime",2020,5,7.48649655377275
"1862","Ehime",2020,6,4.98494992467608
"1863","Ehime",2020,7,8.87233135684586
"1864","Ehime",2020,8,6.42635706865077
"1865","Ehime",2020,9,8.24988681797583
"1866","Fukui",2013,1,1.28085565285587
"1867","Fukui",2013,2,3.05860961896096
"1868","Fukui",2013,3,2.71465949675089
"1869","Fukui",2013,4,2.99513189539716
"1870","Fukui",2013,5,3.9211669977315
"1871","Fukui",2013,6,2.84271596708662
"1872","Fukui",2013,7,1.69345398523077
"1873","Fukui",2013,8,1.30077768121697
"1874","Fukui",2013,9,3.54282526073579
"1875","Fukui",2013,10,7.75816914541425
"1876","Fukui",2013,11,5.81403756000798
"1877","Fukui",2013,12,9.09666710426908
"1878","Fukui",2013,13,8.05965460762289
"1879","Fukui",2013,14,11.4505404399921
"1880","Fukui",2013,15,7.8049699007163
"1881","Fukui",2013,16,11.794007000044
"1882","Fukui",2013,17,10.6075902712044
"1883","Fukui",2013,18,11.2092211362344
"1884","Fukui",2013,19,13.4058154830775
"1885","Fukui",2013,20,17.1473017452958
"1886","Fukui",2013,21,17.8508075521462
"1887","Fukui",2013,22,19.1697902922569
"1888","Fukui",2013,23,19.2678502253236
"1889","Fukui",2013,24,22.0410542241026
"1890","Fukui",2013,25,21.2289277901981
"1891","Fukui",2013,26,21.627713480388
"1892","Fukui",2013,27,24.086350048747
"1893","Fukui",2013,28,26.6461026079824
"1894","Fukui",2013,29,24.5192754456603
"1895","Fukui",2013,30,25.98666529311
"1896","Fukui",2013,31,25.1336077359203
"1897","Fukui",2013,32,27.2565732525135
"1898","Fukui",2013,33,27.299123234701
"1899","Fukui",2013,34,27.2379727718132
"1900","Fukui",2013,35,24.935556892253
"1901","Fukui",2013,36,22.664642387903
"1902","Fukui",2013,37,24.5407679955001
"1903","Fukui",2013,38,21.8750765539468
"1904","Fukui",2013,39,21.4387744700585
"1905","Fukui",2013,40,21.0516661214382
"1906","Fukui",2013,41,22.4816798363634
"1907","Fukui",2013,42,16.6916909346871
"1908","Fukui",2013,43,16.8534279142864
"1909","Fukui",2013,44,14.698567897991
"1910","Fukui",2013,45,14.5248207617524
"1911","Fukui",2013,46,9.49602893773107
"1912","Fukui",2013,47,8.92965472046889
"1913","Fukui",2013,48,8.21870519939072
"1914","Fukui",2013,49,8.40245363187979
"1915","Fukui",2013,50,5.54653001654198
"1916","Fukui",2013,51,5.43072026879918
"1917","Fukui",2013,52,3.59649406489487
"1918","Fukui",2014,1,4.43704615716441
"1919","Fukui",2014,2,2.5687591768638
"1920","Fukui",2014,3,1.27923156812485
"1921","Fukui",2014,4,3.06868719837295
"1922","Fukui",2014,5,5.14244500356007
"1923","Fukui",2014,6,2.85742259367569
"1924","Fukui",2014,7,1.92912585326646
"1925","Fukui",2014,8,1.76248297276108
"1926","Fukui",2014,9,6.41081703486974
"1927","Fukui",2014,10,3.16502840677665
"1928","Fukui",2014,11,4.20768732080629
"1929","Fukui",2014,12,7.00705132292301
"1930","Fukui",2014,13,11.6057421064556
"1931","Fukui",2014,14,9.6004664853198
"1932","Fukui",2014,15,9.09765254534217
"1933","Fukui",2014,16,11.5362505081146
"1934","Fukui",2014,17,12.5115272664246
"1935","Fukui",2014,18,14.9430656743161
"1936","Fukui",2014,19,13.9312131356714
"1937","Fukui",2014,20,16.2244714850355
"1938","Fukui",2014,21,16.4605704780453
"1939","Fukui",2014,22,20.2323048845762
"1940","Fukui",2014,23,21.4332822845981
"1941","Fukui",2014,24,20.4624514740263
"1942","Fukui",2014,25,20.90823380328
"1943","Fukui",2014,26,21.2051656450849
"1944","Fukui",2014,27,22.0098718725645
"1945","Fukui",2014,28,24.3322447926237
"1946","Fukui",2014,29,24.1173321834582
"1947","Fukui",2014,30,26.2968213669327
"1948","Fukui",2014,31,25.8307467874747
"1949","Fukui",2014,32,25.5602866488822
"1950","Fukui",2014,33,24.8836462032218
"1951","Fukui",2014,34,26.4038306900045
"1952","Fukui",2014,35,23.1584222999185
"1953","Fukui",2014,36,23.2766368569838
"1954","Fukui",2014,37,21.5743799331556
"1955","Fukui",2014,38,19.9952652945439
"1956","Fukui",2014,39,20.6901497384676
"1957","Fukui",2014,40,20.1909047069731
"1958","Fukui",2014,41,18.4127052600832
"1959","Fukui",2014,42,15.7461401334748
"1960","Fukui",2014,43,16.4778525736226
"1961","Fukui",2014,44,15.0794767524128
"1962","Fukui",2014,45,13.5060536820923
"1963","Fukui",2014,46,11.0901570824597
"1964","Fukui",2014,47,10.1287411124925
"1965","Fukui",2014,48,12.4889450554484
"1966","Fukui",2014,49,5.9278918778085
"1967","Fukui",2014,50,4.6764104854878
"1968","Fukui",2014,51,2.99516026758869
"1969","Fukui",2014,52,3.49157489555237
"1970","Fukui",2015,1,3.67520666019481
"1971","Fukui",2015,2,3.67394136248976
"1972","Fukui",2015,3,4.52196583797478
"1973","Fukui",2015,4,3.82443685066606
"1974","Fukui",2015,5,3.40361365634954
"1975","Fukui",2015,6,2.24903229263917
"1976","Fukui",2015,7,4.25722580278966
"1977","Fukui",2015,8,6.52593606352083
"1978","Fukui",2015,9,5.09452407809543
"1979","Fukui",2015,10,4.26457100204389
"1980","Fukui",2015,11,10.5169182294242
"1981","Fukui",2015,12,7.17703391374382
"1982","Fukui",2015,13,12.2858521927671
"1983","Fukui",2015,14,8.75441801888155
"1984","Fukui",2015,15,11.9693578392249
"1985","Fukui",2015,16,13.3890059897423
"1986","Fukui",2015,17,18.1826296313953
"1987","Fukui",2015,18,16.768621142621
"1988","Fukui",2015,19,17.0575169125134
"1989","Fukui",2015,20,17.4177922297338
"1990","Fukui",2015,21,20.1523317425393
"1991","Fukui",2015,22,18.545968739749
"1992","Fukui",2015,23,20.2598171432264
"1993","Fukui",2015,24,21.025249861842
"1994","Fukui",2015,25,21.4514347876526
"1995","Fukui",2015,26,20.6665967401808
"1996","Fukui",2015,27,22.4168257323048
"1997","Fukui",2015,28,26.063370114654
"1998","Fukui",2015,29,26.3030571811566
"1999","Fukui",2015,30,26.8113678837936
"2000","Fukui",2015,31,28.0107121612037
"2001","Fukui",2015,32,25.5826583250566
"2002","Fukui",2015,33,25.0816380255893
"2003","Fukui",2015,34,24.1130443695159
"2004","Fukui",2015,35,22.7555909196111
"2005","Fukui",2015,36,21.1374030267941
"2006","Fukui",2015,37,20.1236310395376
"2007","Fukui",2015,38,20.4574822400346
"2008","Fukui",2015,39,19.0506110088489
"2009","Fukui",2015,40,17.1647596430682
"2010","Fukui",2015,41,16.1457210520243
"2011","Fukui",2015,42,16.9950047722207
"2012","Fukui",2015,43,13.6170934447307
"2013","Fukui",2015,44,14.699635378826
"2014","Fukui",2015,45,14.4302945469532
"2015","Fukui",2015,46,14.3171786022839
"2016","Fukui",2015,47,10.1552743391604
"2017","Fukui",2015,48,9.07847890127971
"2018","Fukui",2015,49,9.71716761067562
"2019","Fukui",2015,50,7.90542264030976
"2020","Fukui",2015,51,8.11368357424731
"2021","Fukui",2015,52,4.98034011628
"2022","Fukui",2016,1,7.08184348315586
"2023","Fukui",2016,2,3.82056275244378
"2024","Fukui",2016,3,2.31301022003817
"2025","Fukui",2016,4,3.136337212008
"2026","Fukui",2016,5,3.91732891754947
"2027","Fukui",2016,6,5.8372213067037
"2028","Fukui",2016,7,4.65681449713126
"2029","Fukui",2016,8,3.92985064098156
"2030","Fukui",2016,9,6.54872280559809
"2031","Fukui",2016,10,7.73238128470694
"2032","Fukui",2016,11,8.50369215222094
"2033","Fukui",2016,12,6.53105769393528
"2034","Fukui",2016,13,11.5011884752489
"2035","Fukui",2016,14,12.6912299418151
"2036","Fukui",2016,15,12.023383628961
"2037","Fukui",2016,16,13.7685700281034
"2038","Fukui",2016,17,13.9376511436118
"2039","Fukui",2016,18,16.7370720332967
"2040","Fukui",2016,19,16.2682701917096
"2041","Fukui",2016,20,17.1540950797319
"2042","Fukui",2016,21,20.1730336102213
"2043","Fukui",2016,22,18.4516442904731
"2044","Fukui",2016,23,20.5398808362896
"2045","Fukui",2016,24,21.5893237617069
"2046","Fukui",2016,25,21.6056921655516
"2047","Fukui",2016,26,22.9374783693195
"2048","Fukui",2016,27,24.5488222150081
"2049","Fukui",2016,28,24.4055792661697
"2050","Fukui",2016,29,24.0955934941655
"2051","Fukui",2016,30,25.8831926050305
"2052","Fukui",2016,31,26.5953671677955
"2053","Fukui",2016,32,26.5131826656998
"2054","Fukui",2016,33,26.7300705814672
"2055","Fukui",2016,34,26.2698835144547
"2056","Fukui",2016,35,24.6858098140058
"2057","Fukui",2016,36,24.3235478288731
"2058","Fukui",2016,37,23.2441881591838
"2059","Fukui",2016,38,21.0034411835529
"2060","Fukui",2016,39,22.3273412385737
"2061","Fukui",2016,40,21.9668594336706
"2062","Fukui",2016,41,15.8276821619918
"2063","Fukui",2016,42,18.3713575331557
"2064","Fukui",2016,43,14.9215858600802
"2065","Fukui",2016,44,12.3278168831283
"2066","Fukui",2016,45,11.1116877599604
"2067","Fukui",2016,46,12.880911964377
"2068","Fukui",2016,47,10.7416450819037
"2069","Fukui",2016,48,9.53112825005016
"2070","Fukui",2016,49,8.4204629592241
"2071","Fukui",2016,50,5.36202195447655
"2072","Fukui",2016,51,9.50650072031366
"2073","Fukui",2016,52,5.60887067243602
"2074","Fukui",2017,1,6.13582052490582
"2075","Fukui",2017,2,3.84673875110152
"2076","Fukui",2017,3,2.84537095293055
"2077","Fukui",2017,4,1.93285796553895
"2078","Fukui",2017,5,4.39415433208867
"2079","Fukui",2017,6,2.31168281899214
"2080","Fukui",2017,7,3.17990229901896
"2081","Fukui",2017,8,4.42371083418437
"2082","Fukui",2017,9,5.19059435994092
"2083","Fukui",2017,10,4.26574020647236
"2084","Fukui",2017,11,6.37546476063237
"2085","Fukui",2017,12,7.0295050372603
"2086","Fukui",2017,13,7.41218438611358
"2087","Fukui",2017,14,12.3647753357518
"2088","Fukui",2017,15,11.3091175414286
"2089","Fukui",2017,16,13.0743055249519
"2090","Fukui",2017,17,13.3359101562649
"2091","Fukui",2017,18,16.218762598074
"2092","Fukui",2017,19,16.7414542670397
"2093","Fukui",2017,20,16.85370990251
"2094","Fukui",2017,21,18.9466089171123
"2095","Fukui",2017,22,18.6197315130187
"2096","Fukui",2017,23,17.9940534406541
"2097","Fukui",2017,24,17.5599249412554
"2098","Fukui",2017,25,21.0503473642023
"2099","Fukui",2017,26,22.3595631197297
"2100","Fukui",2017,27,24.420110845827
"2101","Fukui",2017,28,26.4058630313529
"2102","Fukui",2017,29,26.6051863391141
"2103","Fukui",2017,30,25.9885115804285
"2104","Fukui",2017,31,26.9210166658932
"2105","Fukui",2017,32,26.4787910632571
"2106","Fukui",2017,33,25.0853464629636
"2107","Fukui",2017,34,26.6404432028994
"2108","Fukui",2017,35,24.2651760658678
"2109","Fukui",2017,36,22.4039122297036
"2110","Fukui",2017,37,21.9951201282632
"2111","Fukui",2017,38,21.2202632420514
"2112","Fukui",2017,39,20.062385858806
"2113","Fukui",2017,40,18.3688309098264
"2114","Fukui",2017,41,19.6324990066312
"2115","Fukui",2017,42,15.8461208587496
"2116","Fukui",2017,43,14.9319357810049
"2117","Fukui",2017,44,13.3506940184287
"2118","Fukui",2017,45,13.0989217349414
"2119","Fukui",2017,46,9.69203384449882
"2120","Fukui",2017,47,6.62553370939644
"2121","Fukui",2017,48,9.29373762295308
"2122","Fukui",2017,49,5.58529421539321
"2123","Fukui",2017,50,4.08855852472699
"2124","Fukui",2017,51,4.11469430193673
"2125","Fukui",2017,52,4.38578405763668
"2126","Fukui",2018,1,3.30510619688248
"2127","Fukui",2018,2,2.18620648261611
"2128","Fukui",2018,3,5.73146308056016
"2129","Fukui",2018,4,0.367900695019232
"2130","Fukui",2018,5,1.66770390314675
"2131","Fukui",2018,6,0.339421593189359
"2132","Fukui",2018,7,1.98932970628849
"2133","Fukui",2018,8,3.09319143415215
"2134","Fukui",2018,9,6.0937032303992
"2135","Fukui",2018,10,6.53477664749872
"2136","Fukui",2018,11,8.4506942729684
"2137","Fukui",2018,12,7.7872764177489
"2138","Fukui",2018,13,11.5586514005593
"2139","Fukui",2018,14,12.6563293412056
"2140","Fukui",2018,15,11.2684595151287
"2141","Fukui",2018,16,13.0758473852776
"2142","Fukui",2018,17,14.8061474214561
"2143","Fukui",2018,18,16.3426465672511
"2144","Fukui",2018,19,14.7578061635903
"2145","Fukui",2018,20,18.1319607149468
"2146","Fukui",2018,21,17.9898561156328
"2147","Fukui",2018,22,18.9286775486314
"2148","Fukui",2018,23,20.7928913457666
"2149","Fukui",2018,24,18.2824413276196
"2150","Fukui",2018,25,20.8673833611859
"2151","Fukui",2018,26,24.8555957298386
"2152","Fukui",2018,27,24.604435575311
"2153","Fukui",2018,28,25.9965127656149
"2154","Fukui",2018,29,28.5683596041023
"2155","Fukui",2018,30,27.9351259527419
"2156","Fukui",2018,31,28.0142964271999
"2157","Fukui",2018,32,26.4593675788323
"2158","Fukui",2018,33,25.7664402289271
"2159","Fukui",2018,34,27.4104050778365
"2160","Fukui",2018,35,25.7736516362914
"2161","Fukui",2018,36,24.512920254817
"2162","Fukui",2018,37,22.0065279377154
"2163","Fukui",2018,38,21.3877244424146
"2164","Fukui",2018,39,19.8140247228516
"2165","Fukui",2018,40,20.7514936676033
"2166","Fukui",2018,41,17.978628059667
"2167","Fukui",2018,42,16.1770752895775
"2168","Fukui",2018,43,15.9325764648856
"2169","Fukui",2018,44,12.8797922350625
"2170","Fukui",2018,45,15.9078799545368
"2171","Fukui",2018,46,12.482934681915
"2172","Fukui",2018,47,9.78926031356859
"2173","Fukui",2018,48,11.1748474083165
"2174","Fukui",2018,49,10.8067492555441
"2175","Fukui",2018,50,5.0186207460098
"2176","Fukui",2018,51,8.11010695999277
"2177","Fukui",2018,52,4.81746474643896
"2178","Fukui",2019,1,3.92118482060586
"2179","Fukui",2019,2,4.07299528280694
"2180","Fukui",2019,3,4.7679234385019
"2181","Fukui",2019,4,3.6371343985225
"2182","Fukui",2019,5,3.55182546856832
"2183","Fukui",2019,6,5.60233059904537
"2184","Fukui",2019,7,3.06349039066691
"2185","Fukui",2019,8,6.28344997360318
"2186","Fukui",2019,9,7.14790117004229
"2187","Fukui",2019,10,7.63095964428641
"2188","Fukui",2019,11,6.65327614135454
"2189","Fukui",2019,12,8.48730357690414
"2190","Fukui",2019,13,8.88760309422316
"2191","Fukui",2019,14,7.62438181021192
"2192","Fukui",2019,15,9.19349807347352
"2193","Fukui",2019,16,12.3069169981015
"2194","Fukui",2019,17,14.0485994222355
"2195","Fukui",2019,18,13.7375438957732
"2196","Fukui",2019,19,15.2851241494793
"2197","Fukui",2019,20,18.2191630286643
"2198","Fukui",2019,21,19.2247752278044
"2199","Fukui",2019,22,19.5086919335089
"2200","Fukui",2019,23,20.5604862068482
"2201","Fukui",2019,24,19.2391746227572
"2202","Fukui",2019,25,20.0771123923805
"2203","Fukui",2019,26,22.0736060437973
"2204","Fukui",2019,27,22.6338667851707
"2205","Fukui",2019,28,22.2972337038916
"2206","Fukui",2019,29,23.6735380600063
"2207","Fukui",2019,30,25.9680933692492
"2208","Fukui",2019,31,28.192595838843
"2209","Fukui",2019,32,28.9202834562893
"2210","Fukui",2019,33,28.4113869763056
"2211","Fukui",2019,34,25.6384768312487
"2212","Fukui",2019,35,24.0397689923397
"2213","Fukui",2019,36,25.8984425438024
"2214","Fukui",2019,37,25.5799061232272
"2215","Fukui",2019,38,22.0685721478759
"2216","Fukui",2019,39,22.489452548308
"2217","Fukui",2019,40,22.5088160045397
"2218","Fukui",2019,41,19.4010707296199
"2219","Fukui",2019,42,16.7789844722105
"2220","Fukui",2019,43,17.5606830176327
"2221","Fukui",2019,44,15.2370662078515
"2222","Fukui",2019,45,12.747570766765
"2223","Fukui",2019,46,12.4426747769209
"2224","Fukui",2019,47,11.648971303322
"2225","Fukui",2019,48,9.56228402057532
"2226","Fukui",2019,49,7.44915125211313
"2227","Fukui",2019,50,8.09655085147064
"2228","Fukui",2019,51,8.77653648743059
"2229","Fukui",2019,52,6.95924765417823
"2230","Fukui",2020,1,6.7693847744326
"2231","Fukui",2020,2,7.00589864536322
"2232","Fukui",2020,3,5.59430349940899
"2233","Fukui",2020,4,6.73380342282201
"2234","Fukui",2020,5,6.53418010787358
"2235","Fukui",2020,6,3.51751701582157
"2236","Fukui",2020,7,6.96650929223221
"2237","Fukui",2020,8,6.19605107226125
"2238","Fukui",2020,9,6.40879227390921
"2239","Fukuoka",2013,1,3.59682587898379
"2240","Fukuoka",2013,2,4.93524108511476
"2241","Fukuoka",2013,3,5.01096305196548
"2242","Fukuoka",2013,4,6.44348968377391
"2243","Fukuoka",2013,5,6.90418468172666
"2244","Fukuoka",2013,6,6.49125118484492
"2245","Fukuoka",2013,7,5.39950203682708
"2246","Fukuoka",2013,8,6.45866432321414
"2247","Fukuoka",2013,9,8.44442206700302
"2248","Fukuoka",2013,10,12.0090219449778
"2249","Fukuoka",2013,11,10.2616532354704
"2250","Fukuoka",2013,12,12.6882242684068
"2251","Fukuoka",2013,13,11.8941194427932
"2252","Fukuoka",2013,14,13.4741783864164
"2253","Fukuoka",2013,15,11.0475768131674
"2254","Fukuoka",2013,16,15.0978931162399
"2255","Fukuoka",2013,17,14.2150650634419
"2256","Fukuoka",2013,18,15.3850756776105
"2257","Fukuoka",2013,19,18.2685256916439
"2258","Fukuoka",2013,20,20.6392885307238
"2259","Fukuoka",2013,21,22.011346015639
"2260","Fukuoka",2013,22,22.1645567313677
"2261","Fukuoka",2013,23,22.22134621665
"2262","Fukuoka",2013,24,24.254428705875
"2263","Fukuoka",2013,25,24.6054104694007
"2264","Fukuoka",2013,26,23.1237904109064
"2265","Fukuoka",2013,27,26.2603607098326
"2266","Fukuoka",2013,28,28.5677673544526
"2267","Fukuoka",2013,29,28.3834431777072
"2268","Fukuoka",2013,30,29.0844156528157
"2269","Fukuoka",2013,31,28.8671759768247
"2270","Fukuoka",2013,32,29.0472012894383
"2271","Fukuoka",2013,33,29.872796260335
"2272","Fukuoka",2013,34,30.1861486266537
"2273","Fukuoka",2013,35,26.119078331949
"2274","Fukuoka",2013,36,23.1823781121479
"2275","Fukuoka",2013,37,26.3690186482515
"2276","Fukuoka",2013,38,24.5254813733523
"2277","Fukuoka",2013,39,23.9590050326645
"2278","Fukuoka",2013,40,22.5344533168695
"2279","Fukuoka",2013,41,23.718914314458
"2280","Fukuoka",2013,42,18.8499231747392
"2281","Fukuoka",2013,43,18.7286732214919
"2282","Fukuoka",2013,44,15.9929096828472
"2283","Fukuoka",2013,45,16.3007760125115
"2284","Fukuoka",2013,46,12.4283157767056
"2285","Fukuoka",2013,47,9.70720277030045
"2286","Fukuoka",2013,48,9.44108938398523
"2287","Fukuoka",2013,49,8.90097732520766
"2288","Fukuoka",2013,50,7.87030368361604
"2289","Fukuoka",2013,51,6.35841676895469
"2290","Fukuoka",2013,52,5.53135908808128
"2291","Fukuoka",2014,1,7.75556899709948
"2292","Fukuoka",2014,2,5.66668159251457
"2293","Fukuoka",2014,3,5.04589368316228
"2294","Fukuoka",2014,4,5.99236415894609
"2295","Fukuoka",2014,5,9.32069200647797
"2296","Fukuoka",2014,6,6.61674646863166
"2297","Fukuoka",2014,7,5.01375588612711
"2298","Fukuoka",2014,8,5.71774484200767
"2299","Fukuoka",2014,9,9.97156134379311
"2300","Fukuoka",2014,10,7.21970911286201
"2301","Fukuoka",2014,11,8.09920027595588
"2302","Fukuoka",2014,12,11.7434953944424
"2303","Fukuoka",2014,13,15.1707321352016
"2304","Fukuoka",2014,14,12.5732538353051
"2305","Fukuoka",2014,15,13.3524213375978
"2306","Fukuoka",2014,16,15.0058768288572
"2307","Fukuoka",2014,17,16.09497044088
"2308","Fukuoka",2014,18,17.205299406165
"2309","Fukuoka",2014,19,17.1794383063667
"2310","Fukuoka",2014,20,19.4692186013442
"2311","Fukuoka",2014,21,20.2898255578007
"2312","Fukuoka",2014,22,22.2484587830024
"2313","Fukuoka",2014,23,21.4063913165112
"2314","Fukuoka",2014,24,22.2269451162048
"2315","Fukuoka",2014,25,21.7482525662527
"2316","Fukuoka",2014,26,22.5470783318321
"2317","Fukuoka",2014,27,23.3613948222557
"2318","Fukuoka",2014,28,25.50261238854
"2319","Fukuoka",2014,29,25.988414382584
"2320","Fukuoka",2014,30,28.6039720537747
"2321","Fukuoka",2014,31,27.6489672519799
"2322","Fukuoka",2014,32,26.7340920213396
"2323","Fukuoka",2014,33,25.9261954582148
"2324","Fukuoka",2014,34,26.553205381212
"2325","Fukuoka",2014,35,24.8397070297142
"2326","Fukuoka",2014,36,25.2324516456743
"2327","Fukuoka",2014,37,24.2298834255682
"2328","Fukuoka",2014,38,22.1692731925552
"2329","Fukuoka",2014,39,22.8706169806214
"2330","Fukuoka",2014,40,22.2276118145084
"2331","Fukuoka",2014,41,20.7320691243798
"2332","Fukuoka",2014,42,17.1930330435936
"2333","Fukuoka",2014,43,18.3004863530917
"2334","Fukuoka",2014,44,17.3788157184548
"2335","Fukuoka",2014,45,14.3111941341987
"2336","Fukuoka",2014,46,12.7076811697221
"2337","Fukuoka",2014,47,11.7138768092812
"2338","Fukuoka",2014,48,14.6390278111272
"2339","Fukuoka",2014,49,7.59638472070554
"2340","Fukuoka",2014,50,7.26903722548685
"2341","Fukuoka",2014,51,4.62498352384902
"2342","Fukuoka",2014,52,5.49889159775631
"2343","Fukuoka",2015,1,7.13092903156365
"2344","Fukuoka",2015,2,6.98791530330321
"2345","Fukuoka",2015,3,6.98475343514221
"2346","Fukuoka",2015,4,6.89366015903425
"2347","Fukuoka",2015,5,5.1675847079449
"2348","Fukuoka",2015,6,4.85700718687183
"2349","Fukuoka",2015,7,8.07792928017369
"2350","Fukuoka",2015,8,8.05879772349798
"2351","Fukuoka",2015,9,6.80618789675667
"2352","Fukuoka",2015,10,7.67454919830178
"2353","Fukuoka",2015,11,13.4943492647621
"2354","Fukuoka",2015,12,10.6035426987119
"2355","Fukuoka",2015,13,16.8521402203696
"2356","Fukuoka",2015,14,13.2667814018113
"2357","Fukuoka",2015,15,14.7326375385411
"2358","Fukuoka",2015,16,15.8485501873257
"2359","Fukuoka",2015,17,19.7216607804048
"2360","Fukuoka",2015,18,18.2095021159346
"2361","Fukuoka",2015,19,19.5463369364938
"2362","Fukuoka",2015,20,19.7090806595445
"2363","Fukuoka",2015,21,22.1339772099601
"2364","Fukuoka",2015,22,20.8071768695546
"2365","Fukuoka",2015,23,22.0925739116003
"2366","Fukuoka",2015,24,21.4207390121774
"2367","Fukuoka",2015,25,22.6550173684247
"2368","Fukuoka",2015,26,22.3227042888707
"2369","Fukuoka",2015,27,25.032770787296
"2370","Fukuoka",2015,28,24.9887479601099
"2371","Fukuoka",2015,29,26.8539524289529
"2372","Fukuoka",2015,30,28.4102281693924
"2373","Fukuoka",2015,31,29.1738079077083
"2374","Fukuoka",2015,32,27.1542412965342
"2375","Fukuoka",2015,33,26.2893248840367
"2376","Fukuoka",2015,34,24.8239395972002
"2377","Fukuoka",2015,35,24.043614507833
"2378","Fukuoka",2015,36,22.4952401161765
"2379","Fukuoka",2015,37,21.5068162767907
"2380","Fukuoka",2015,38,22.8426552016779
"2381","Fukuoka",2015,39,21.5439728223082
"2382","Fukuoka",2015,40,18.1196088701218
"2383","Fukuoka",2015,41,17.1706534945218
"2384","Fukuoka",2015,42,18.8326544109287
"2385","Fukuoka",2015,43,15.4552127029431
"2386","Fukuoka",2015,44,16.172583254915
"2387","Fukuoka",2015,45,17.2589267035926
"2388","Fukuoka",2015,46,16.6958595793164
"2389","Fukuoka",2015,47,12.1447894398482
"2390","Fukuoka",2015,48,10.3739890760481
"2391","Fukuoka",2015,49,11.307397623435
"2392","Fukuoka",2015,50,8.39247636342783
"2393","Fukuoka",2015,51,10.0180149153719
"2394","Fukuoka",2015,52,6.90365256091297
"2395","Fukuoka",2016,1,8.40087101633056
"2396","Fukuoka",2016,2,5.75370881418972
"2397","Fukuoka",2016,3,3.69231899956837
"2398","Fukuoka",2016,4,5.3077024685656
"2399","Fukuoka",2016,5,5.65257706212515
"2400","Fukuoka",2016,6,9.1160597631568
"2401","Fukuoka",2016,7,6.24523672494835
"2402","Fukuoka",2016,8,5.96062121690306
"2403","Fukuoka",2016,9,9.42704675151547
"2404","Fukuoka",2016,10,10.4667670271588
"2405","Fukuoka",2016,11,11.0271774257159
"2406","Fukuoka",2016,12,9.75525969791197
"2407","Fukuoka",2016,13,13.4154520755402
"2408","Fukuoka",2016,14,16.0451580475311
"2409","Fukuoka",2016,15,16.2762585716814
"2410","Fukuoka",2016,16,16.004069490593
"2411","Fukuoka",2016,17,16.8565215468717
"2412","Fukuoka",2016,18,19.3808711526119
"2413","Fukuoka",2016,19,19.2276454226229
"2414","Fukuoka",2016,20,19.9306363263088
"2415","Fukuoka",2016,21,22.5385724465107
"2416","Fukuoka",2016,22,20.9470758757337
"2417","Fukuoka",2016,23,23.3803130001985
"2418","Fukuoka",2016,24,23.7611070658255
"2419","Fukuoka",2016,25,24.0363977470248
"2420","Fukuoka",2016,26,23.9462787640272
"2421","Fukuoka",2016,27,27.200295682
"2422","Fukuoka",2016,28,26.4649865694025
"2423","Fukuoka",2016,29,26.9731774932776
"2424","Fukuoka",2016,30,28.827863290877
"2425","Fukuoka",2016,31,29.0223121550803
"2426","Fukuoka",2016,32,30.095387889534
"2427","Fukuoka",2016,33,29.6663089644216
"2428","Fukuoka",2016,34,29.0758099519245
"2429","Fukuoka",2016,35,24.7846115795367
"2430","Fukuoka",2016,36,25.7824420890328
"2431","Fukuoka",2016,37,25.0535912058413
"2432","Fukuoka",2016,38,23.0115688164991
"2433","Fukuoka",2016,39,25.1457549745267
"2434","Fukuoka",2016,40,24.9202969064385
"2435","Fukuoka",2016,41,18.7326104348807
"2436","Fukuoka",2016,42,20.7183534739874
"2437","Fukuoka",2016,43,19.0028709192628
"2438","Fukuoka",2016,44,13.5909407523078
"2439","Fukuoka",2016,45,13.5437793185066
"2440","Fukuoka",2016,46,16.013885892074
"2441","Fukuoka",2016,47,12.8099556626464
"2442","Fukuoka",2016,48,10.6926783737717
"2443","Fukuoka",2016,49,9.6013627966716
"2444","Fukuoka",2016,50,7.88137424523943
"2445","Fukuoka",2016,51,10.782241114269
"2446","Fukuoka",2016,52,7.5364359546963
"2447","Fukuoka",2017,1,8.21356429992306
"2448","Fukuoka",2017,2,6.71315841425392
"2449","Fukuoka",2017,3,4.97436817527797
"2450","Fukuoka",2017,4,4.21841185356274
"2451","Fukuoka",2017,5,7.73446287804926
"2452","Fukuoka",2017,6,5.15083361192721
"2453","Fukuoka",2017,7,7.22286931204862
"2454","Fukuoka",2017,8,7.82201564759424
"2455","Fukuoka",2017,9,7.86777734210843
"2456","Fukuoka",2017,10,7.71768209658204
"2457","Fukuoka",2017,11,9.24928896903798
"2458","Fukuoka",2017,12,10.0864361359343
"2459","Fukuoka",2017,13,10.4188592089827
"2460","Fukuoka",2017,14,14.9833208409941
"2461","Fukuoka",2017,15,15.1689897989312
"2462","Fukuoka",2017,16,16.6835054019957
"2463","Fukuoka",2017,17,16.5968994556838
"2464","Fukuoka",2017,18,19.9603917158063
"2465","Fukuoka",2017,19,18.6759308684466
"2466","Fukuoka",2017,20,19.2161295487143
"2467","Fukuoka",2017,21,20.6248120080555
"2468","Fukuoka",2017,22,22.3618832688641
"2469","Fukuoka",2017,23,21.2395451193619
"2470","Fukuoka",2017,24,21.792863880597
"2471","Fukuoka",2017,25,23.6337423225857
"2472","Fukuoka",2017,26,24.8398821615021
"2473","Fukuoka",2017,27,26.6221570444705
"2474","Fukuoka",2017,28,27.8132738370896
"2475","Fukuoka",2017,29,28.5433112257872
"2476","Fukuoka",2017,30,29.0258119252747
"2477","Fukuoka",2017,31,29.6975380366675
"2478","Fukuoka",2017,32,28.3239751262345
"2479","Fukuoka",2017,33,27.3448431508858
"2480","Fukuoka",2017,34,28.6054958803472
"2481","Fukuoka",2017,35,26.1752578491571
"2482","Fukuoka",2017,36,24.3269464292625
"2483","Fukuoka",2017,37,23.8757749495542
"2484","Fukuoka",2017,38,22.4596402790003
"2485","Fukuoka",2017,39,21.3880928512419
"2486","Fukuoka",2017,40,21.0752092410895
"2487","Fukuoka",2017,41,22.058313924913
"2488","Fukuoka",2017,42,17.9552165584682
"2489","Fukuoka",2017,43,16.7529454419092
"2490","Fukuoka",2017,44,14.9642513895272
"2491","Fukuoka",2017,45,15.014208032545
"2492","Fukuoka",2017,46,11.8400986873484
"2493","Fukuoka",2017,47,8.09450888754037
"2494","Fukuoka",2017,48,10.3837914657087
"2495","Fukuoka",2017,49,6.58078593466961
"2496","Fukuoka",2017,50,5.60314158697913
"2497","Fukuoka",2017,51,5.30728592768246
"2498","Fukuoka",2017,52,6.53452967211039
"2499","Fukuoka",2018,1,5.39180837745132
"2500","Fukuoka",2018,2,3.65429122326332
"2501","Fukuoka",2018,3,7.67017439247448
"2502","Fukuoka",2018,4,2.75951900848033
"2503","Fukuoka",2018,5,3.28420524771654
"2504","Fukuoka",2018,6,2.1198193008665
"2505","Fukuoka",2018,7,4.56557457028707
"2506","Fukuoka",2018,8,7.0467386004257
"2507","Fukuoka",2018,9,8.40979968279625
"2508","Fukuoka",2018,10,9.94384293997514
"2509","Fukuoka",2018,11,11.417505218701
"2510","Fukuoka",2018,12,9.9982812202116
"2511","Fukuoka",2018,13,14.5091892673592
"2512","Fukuoka",2018,14,15.5516756297416
"2513","Fukuoka",2018,15,16.4533213616308
"2514","Fukuoka",2018,16,15.5719037791547
"2515","Fukuoka",2018,17,16.848271546498
"2516","Fukuoka",2018,18,18.178090859187
"2517","Fukuoka",2018,19,17.2295488208263
"2518","Fukuoka",2018,20,21.4365270783826
"2519","Fukuoka",2018,21,20.5843921746413
"2520","Fukuoka",2018,22,22.0192826039603
"2521","Fukuoka",2018,23,22.8494630286112
"2522","Fukuoka",2018,24,21.3759174477295
"2523","Fukuoka",2018,25,23.1932923881734
"2524","Fukuoka",2018,26,25.7670649337178
"2525","Fukuoka",2018,27,25.7434140179353
"2526","Fukuoka",2018,28,27.8521943621784
"2527","Fukuoka",2018,29,29.7672118209185
"2528","Fukuoka",2018,30,29.7368116314744
"2529","Fukuoka",2018,31,29.0224871301107
"2530","Fukuoka",2018,32,29.2793311359112
"2531","Fukuoka",2018,33,29.0083044648309
"2532","Fukuoka",2018,34,29.8636776735765
"2533","Fukuoka",2018,35,28.2495962929445
"2534","Fukuoka",2018,36,25.636227123151
"2535","Fukuoka",2018,37,24.31774570256
"2536","Fukuoka",2018,38,24.5470830917236
"2537","Fukuoka",2018,39,21.4900169918395
"2538","Fukuoka",2018,40,21.4226099739602
"2539","Fukuoka",2018,41,18.6637039778424
"2540","Fukuoka",2018,42,17.2076693021892
"2541","Fukuoka",2018,43,16.3360651604482
"2542","Fukuoka",2018,44,13.9753330197244
"2543","Fukuoka",2018,45,16.0317576452414
"2544","Fukuoka",2018,46,13.0025681348648
"2545","Fukuoka",2018,47,10.2885231824301
"2546","Fukuoka",2018,48,12.5291680430692
"2547","Fukuoka",2018,49,12.3663310252896
"2548","Fukuoka",2018,50,6.70100684384016
"2549","Fukuoka",2018,51,10.2053767426819
"2550","Fukuoka",2018,52,6.31535460550792
"2551","Fukuoka",2019,1,5.49973927802431
"2552","Fukuoka",2019,2,7.36127002770264
"2553","Fukuoka",2019,3,7.1522597907521
"2554","Fukuoka",2019,4,6.71392624270371
"2555","Fukuoka",2019,5,6.5845731794198
"2556","Fukuoka",2019,6,8.71677856597462
"2557","Fukuoka",2019,7,6.32737337646431
"2558","Fukuoka",2019,8,9.12216285065324
"2559","Fukuoka",2019,9,9.81727898450851
"2560","Fukuoka",2019,10,9.8225963648742
"2561","Fukuoka",2019,11,9.49677550990478
"2562","Fukuoka",2019,12,11.6951736587181
"2563","Fukuoka",2019,13,12.8366418021538
"2564","Fukuoka",2019,14,11.1262126775861
"2565","Fukuoka",2019,15,13.7662468792823
"2566","Fukuoka",2019,16,15.5964090956504
"2567","Fukuoka",2019,17,17.6428873092713
"2568","Fukuoka",2019,18,16.8907788670168
"2569","Fukuoka",2019,19,18.1903929235722
"2570","Fukuoka",2019,20,21.8235273205544
"2571","Fukuoka",2019,21,20.9858876159144
"2572","Fukuoka",2019,22,21.5635257421979
"2573","Fukuoka",2019,23,23.1482871141354
"2574","Fukuoka",2019,24,21.1918272550148
"2575","Fukuoka",2019,25,22.7684536146069
"2576","Fukuoka",2019,26,24.2143227329723
"2577","Fukuoka",2019,27,23.5304278233205
"2578","Fukuoka",2019,28,24.2926597622032
"2579","Fukuoka",2019,29,25.6580453752772
"2580","Fukuoka",2019,30,27.5959748517016
"2581","Fukuoka",2019,31,29.6016927881094
"2582","Fukuoka",2019,32,29.0159595371623
"2583","Fukuoka",2019,33,28.7892605999355
"2584","Fukuoka",2019,34,26.3164903565363
"2585","Fukuoka",2019,35,23.6990366807258
"2586","Fukuoka",2019,36,26.8878678424397
"2587","Fukuoka",2019,37,27.7911510950838
"2588","Fukuoka",2019,38,23.9598478724599
"2589","Fukuoka",2019,39,23.4650837379454
"2590","Fukuoka",2019,40,24.461311600649
"2591","Fukuoka",2019,41,21.0589112052874
"2592","Fukuoka",2019,42,18.6035981899556
"2593","Fukuoka",2019,43,19.1575888664812
"2594","Fukuoka",2019,44,16.3006776340558
"2595","Fukuoka",2019,45,14.4100609772566
"2596","Fukuoka",2019,46,13.3606955105016
"2597","Fukuoka",2019,47,12.8287942530287
"2598","Fukuoka",2019,48,12.6057549706659
"2599","Fukuoka",2019,49,8.81845809069534
"2600","Fukuoka",2019,50,8.57059429295769
"2601","Fukuoka",2019,51,10.7742613684839
"2602","Fukuoka",2019,52,8.11084896565074
"2603","Fukuoka",2020,1,7.66339261386599
"2604","Fukuoka",2020,2,9.99196633938216
"2605","Fukuoka",2020,3,6.35243694188374
"2606","Fukuoka",2020,4,9.48596493591577
"2607","Fukuoka",2020,5,8.49074142509013
"2608","Fukuoka",2020,6,6.38877927103556
"2609","Fukuoka",2020,7,10.6810834240528
"2610","Fukuoka",2020,8,7.32175035047609
"2611","Fukuoka",2020,9,9.65145166544404
"2612","Fukushima",2013,1,-2.24863976978538
"2613","Fukushima",2013,2,-1.44271495755816
"2614","Fukushima",2013,3,-1.84781937384776
"2615","Fukushima",2013,4,-0.638703788678941
"2616","Fukushima",2013,5,0.569513003523566
"2617","Fukushima",2013,6,-1.18027771271196
"2618","Fukushima",2013,7,-1.34099026485817
"2619","Fukushima",2013,8,-2.12350419146569
"2620","Fukushima",2013,9,-0.0559966990720036
"2621","Fukushima",2013,10,3.93617360786159
"2622","Fukushima",2013,11,2.569629645927
"2623","Fukushima",2013,12,6.30180116034526
"2624","Fukushima",2013,13,4.40788455707122
"2625","Fukushima",2013,14,8.05968016973619
"2626","Fukushima",2013,15,5.7948380182853
"2627","Fukushima",2013,16,9.15284862147051
"2628","Fukushima",2013,17,8.20135508478428
"2629","Fukushima",2013,18,9.25591491938902
"2630","Fukushima",2013,19,11.7335559118952
"2631","Fukushima",2013,20,14.6948366115801
"2632","Fukushima",2013,21,16.2533903031698
"2633","Fukushima",2013,22,17.5429515649108
"2634","Fukushima",2013,23,17.2834384479528
"2635","Fukushima",2013,24,20.2134969113728
"2636","Fukushima",2013,25,19.3626897551346
"2637","Fukushima",2013,26,19.2599786951274
"2638","Fukushima",2013,27,21.6931011485164
"2639","Fukushima",2013,28,24.0710034257842
"2640","Fukushima",2013,29,20.4744791297992
"2641","Fukushima",2013,30,21.683944983324
"2642","Fukushima",2013,31,21.919896809574
"2643","Fukushima",2013,32,25.0665133699816
"2644","Fukushima",2013,33,25.7978919423836
"2645","Fukushima",2013,34,24.034670689779
"2646","Fukushima",2013,35,22.9904292777831
"2647","Fukushima",2013,36,22.2763534870015
"2648","Fukushima",2013,37,21.3841999954642
"2649","Fukushima",2013,38,19.594783807568
"2650","Fukushima",2013,39,17.5325141164443
"2651","Fukushima",2013,40,17.6429717834833
"2652","Fukushima",2013,41,19.8804931817248
"2653","Fukushima",2013,42,12.7044727970598
"2654","Fukushima",2013,43,12.974809622451
"2655","Fukushima",2013,44,11.2821309892497
"2656","Fukushima",2013,45,10.3917198568589
"2657","Fukushima",2013,46,5.14389184649337
"2658","Fukushima",2013,47,5.86349952869416
"2659","Fukushima",2013,48,5.11064126193071
"2660","Fukushima",2013,49,4.59532011459318
"2661","Fukushima",2013,50,1.9530137184824
"2662","Fukushima",2013,51,1.13808867755277
"2663","Fukushima",2013,52,0.0823016405093589
"2664","Fukushima",2014,1,0.445521668562687
"2665","Fukushima",2014,2,-1.46925925216716
"2666","Fukushima",2014,3,-2.0495928781136
"2667","Fukushima",2014,4,-0.301480247324784
"2668","Fukushima",2014,5,0.391223308524315
"2669","Fukushima",2014,6,-1.69652045086017
"2670","Fukushima",2014,7,-1.28798169694304
"2671","Fukushima",2014,8,-1.82648776720109
"2672","Fukushima",2014,9,1.76941746770102
"2673","Fukushima",2014,10,-0.87958799813757
"2674","Fukushima",2014,11,0.973397282781759
"2675","Fukushima",2014,12,3.81361392937841
"2676","Fukushima",2014,13,8.21127173178375
"2677","Fukushima",2014,14,6.90481544388358
"2678","Fukushima",2014,15,6.24557481175444
"2679","Fukushima",2014,16,8.61430134561049
"2680","Fukushima",2014,17,10.4678781847381
"2681","Fukushima",2014,18,13.9046728172891
"2682","Fukushima",2014,19,12.0555928938547
"2683","Fukushima",2014,20,14.7517257027145
"2684","Fukushima",2014,21,14.059933904034
"2685","Fukushima",2014,22,18.8885149518487
"2686","Fukushima",2014,23,19.1255988303686
"2687","Fukushima",2014,24,18.466095991498
"2688","Fukushima",2014,25,19.6852937164595
"2689","Fukushima",2014,26,19.5720833185979
"2690","Fukushima",2014,27,20.0428623833927
"2691","Fukushima",2014,28,22.2795447143572
"2692","Fukushima",2014,29,21.9024268131319
"2693","Fukushima",2014,30,24.1300802988079
"2694","Fukushima",2014,31,24.3649168351607
"2695","Fukushima",2014,32,24.992334414834
"2696","Fukushima",2014,33,22.7689424415882
"2697","Fukushima",2014,34,24.3322961764597
"2698","Fukushima",2014,35,19.9942082740701
"2699","Fukushima",2014,36,20.7923357713496
"2700","Fukushima",2014,37,18.6269080985271
"2701","Fukushima",2014,38,17.0337049533735
"2702","Fukushima",2014,39,17.0982705723995
"2703","Fukushima",2014,40,17.7976233866831
"2704","Fukushima",2014,41,14.3272588136072
"2705","Fukushima",2014,42,12.7730846792855
"2706","Fukushima",2014,43,12.4545060292166
"2707","Fukushima",2014,44,11.8742934398402
"2708","Fukushima",2014,45,10.2718483704448
"2709","Fukushima",2014,46,7.99171091387602
"2710","Fukushima",2014,47,5.75425932114463
"2711","Fukushima",2014,48,7.47796003938373
"2712","Fukushima",2014,49,3.73100608484136
"2713","Fukushima",2014,50,1.15390823602334
"2714","Fukushima",2014,51,-0.588651666661316
"2715","Fukushima",2014,52,-0.475369333773658
"2716","Fukushima",2015,1,0.495463571442014
"2717","Fukushima",2015,2,0.412886796391977
"2718","Fukushima",2015,3,-0.452243342907228
"2719","Fukushima",2015,4,0.239525847507569
"2720","Fukushima",2015,5,-0.601392247340966
"2721","Fukushima",2015,6,-0.924749661688679
"2722","Fukushima",2015,7,0.738400102786224
"2723","Fukushima",2015,8,2.93553895744931
"2724","Fukushima",2015,9,2.38801808248917
"2725","Fukushima",2015,10,1.69664948324802
"2726","Fukushima",2015,11,6.49193257264818
"2727","Fukushima",2015,12,4.38111065569542
"2728","Fukushima",2015,13,8.87095709693438
"2729","Fukushima",2015,14,5.64020005541675
"2730","Fukushima",2015,15,9.64489393823827
"2731","Fukushima",2015,16,12.2840389168769
"2732","Fukushima",2015,17,16.6106256541186
"2733","Fukushima",2015,18,15.2857963032059
"2734","Fukushima",2015,19,15.8593316066926
"2735","Fukushima",2015,20,16.6283069390519
"2736","Fukushima",2015,21,19.0307840963635
"2737","Fukushima",2015,22,17.0850407350075
"2738","Fukushima",2015,23,19.351480824714
"2739","Fukushima",2015,24,19.2883226087548
"2740","Fukushima",2015,25,19.7007026883219
"2741","Fukushima",2015,26,18.7946565718575
"2742","Fukushima",2015,27,20.1523052864932
"2743","Fukushima",2015,28,24.6948607931248
"2744","Fukushima",2015,29,25.0985054018996
"2745","Fukushima",2015,30,26.126372254659
"2746","Fukushima",2015,31,26.5474731440899
"2747","Fukushima",2015,32,23.5084010452431
"2748","Fukushima",2015,33,22.8790218879452
"2749","Fukushima",2015,34,18.6060521219774
"2750","Fukushima",2015,35,20.5250627718276
"2751","Fukushima",2015,36,19.303080771902
"2752","Fukushima",2015,37,18.0024764313412
"2753","Fukushima",2015,38,17.3397185890925
"2754","Fukushima",2015,39,16.3594975368893
"2755","Fukushima",2015,40,13.7552823976618
"2756","Fukushima",2015,41,13.3913025389334
"2757","Fukushima",2015,42,13.8847238337309
"2758","Fukushima",2015,43,10.9735411746672
"2759","Fukushima",2015,44,10.3620665238321
"2760","Fukushima",2015,45,10.6507242692692
"2761","Fukushima",2015,46,11.2451770252073
"2762","Fukushima",2015,47,5.9183497192998
"2763","Fukushima",2015,48,5.28664282329834
"2764","Fukushima",2015,49,4.39696356770225
"2765","Fukushima",2015,50,4.64537647173939
"2766","Fukushima",2015,51,3.89245820367505
"2767","Fukushima",2015,52,0.591754907223268
"2768","Fukushima",2016,1,3.04156338104255
"2769","Fukushima",2016,2,-0.732419167761472
"2770","Fukushima",2016,3,-0.806663935098275
"2771","Fukushima",2016,4,-0.564486227292564
"2772","Fukushima",2016,5,-0.695259925276551
"2773","Fukushima",2016,6,1.09509610330995
"2774","Fukushima",2016,7,2.22711081520657
"2775","Fukushima",2016,8,0.692188316595182
"2776","Fukushima",2016,9,2.50237567566812
"2777","Fukushima",2016,10,4.14144455328955
"2778","Fukushima",2016,11,5.89230816051273
"2779","Fukushima",2016,12,3.61830851011036
"2780","Fukushima",2016,13,8.03349616346281
"2781","Fukushima",2016,14,10.2058868462542
"2782","Fukushima",2016,15,9.16196887396998
"2783","Fukushima",2016,16,12.2079539437541
"2784","Fukushima",2016,17,11.6217909002851
"2785","Fukushima",2016,18,14.7507607862752
"2786","Fukushima",2016,19,15.1293799372115
"2787","Fukushima",2016,20,14.8187615695284
"2788","Fukushima",2016,21,18.7825704417693
"2789","Fukushima",2016,22,16.7478756713445
"2790","Fukushima",2016,23,19.0838910192967
"2791","Fukushima",2016,24,19.1751838264586
"2792","Fukushima",2016,25,20.1102066164245
"2793","Fukushima",2016,26,20.5624054713848
"2794","Fukushima",2016,27,20.8869151891994
"2795","Fukushima",2016,28,22.124108024335
"2796","Fukushima",2016,29,21.5642514020381
"2797","Fukushima",2016,30,23.2842360214158
"2798","Fukushima",2016,31,25.2150946312814
"2799","Fukushima",2016,32,24.0123174105389
"2800","Fukushima",2016,33,24.1654671011431
"2801","Fukushima",2016,34,23.5065750830639
"2802","Fukushima",2016,35,22.7151696410567
"2803","Fukushima",2016,36,23.271507329589
"2804","Fukushima",2016,37,20.4808737557024
"2805","Fukushima",2016,38,17.7119976780982
"2806","Fukushima",2016,39,19.4366951983505
"2807","Fukushima",2016,40,18.6098798944148
"2808","Fukushima",2016,41,12.0926316351385
"2809","Fukushima",2016,42,14.6547745588249
"2810","Fukushima",2016,43,10.6000446458126
"2811","Fukushima",2016,44,8.42601411956513
"2812","Fukushima",2016,45,5.80357848856596
"2813","Fukushima",2016,46,8.00927708603886
"2814","Fukushima",2016,47,5.66144379417227
"2815","Fukushima",2016,48,5.69293640438391
"2816","Fukushima",2016,49,4.13463427129061
"2817","Fukushima",2016,50,1.02490338818482
"2818","Fukushima",2016,51,5.77262724248208
"2819","Fukushima",2016,52,1.37353393720167
"2820","Fukushima",2017,1,1.41040692281958
"2821","Fukushima",2017,2,-0.398834115572047
"2822","Fukushima",2017,3,-1.054342497884
"2823","Fukushima",2017,4,-1.0003134521975
"2824","Fukushima",2017,5,0.558192324019485
"2825","Fukushima",2017,6,0.095771279726226
"2826","Fukushima",2017,7,1.276422787232
"2827","Fukushima",2017,8,0.677880005120747
"2828","Fukushima",2017,9,2.05273956748109
"2829","Fukushima",2017,10,1.61778223519475
"2830","Fukushima",2017,11,2.78600539217111
"2831","Fukushima",2017,12,3.38473323887651
"2832","Fukushima",2017,13,3.3498868895113
"2833","Fukushima",2017,14,7.97114687774029
"2834","Fukushima",2017,15,7.6691163926329
"2835","Fukushima",2017,16,11.0846266886518
"2836","Fukushima",2017,17,10.4894889279053
"2837","Fukushima",2017,18,14.2420261243184
"2838","Fukushima",2017,19,14.612714673119
"2839","Fukushima",2017,20,14.8698319161589
"2840","Fukushima",2017,21,17.8869210090973
"2841","Fukushima",2017,22,17.409909173406
"2842","Fukushima",2017,23,15.755425192961
"2843","Fukushima",2017,24,15.6829168369287
"2844","Fukushima",2017,25,19.0270697420979
"2845","Fukushima",2017,26,20.4297170710226
"2846","Fukushima",2017,27,22.8727986298149
"2847","Fukushima",2017,28,25.4346852962041
"2848","Fukushima",2017,29,24.1724025651276
"2849","Fukushima",2017,30,22.9167230878379
"2850","Fukushima",2017,31,23.0475708618147
"2851","Fukushima",2017,32,23.5613522167991
"2852","Fukushima",2017,33,21.6734387270962
"2853","Fukushima",2017,34,23.8582984985415
"2854","Fukushima",2017,35,20.1551332546504
"2855","Fukushima",2017,36,19.5140881849536
"2856","Fukushima",2017,37,19.7478698824413
"2857","Fukushima",2017,38,18.8531828056231
"2858","Fukushima",2017,39,17.4769835269434
"2859","Fukushima",2017,40,15.1383498812912
"2860","Fukushima",2017,41,16.1287942101077
"2861","Fukushima",2017,42,11.3304195959707
"2862","Fukushima",2017,43,11.6747648783546
"2863","Fukushima",2017,44,10.1946390792135
"2864","Fukushima",2017,45,9.24676802398813
"2865","Fukushima",2017,46,6.49300252875071
"2866","Fukushima",2017,47,2.49093158763537
"2867","Fukushima",2017,48,4.49128475443011
"2868","Fukushima",2017,49,2.32735049305679
"2869","Fukushima",2017,50,1.28866335099476
"2870","Fukushima",2017,51,0.437980833970739
"2871","Fukushima",2017,52,0.0125308086361674
"2872","Fukushima",2018,1,-0.399181780385374
"2873","Fukushima",2018,2,-0.485058870183471
"2874","Fukushima",2018,3,1.51611522873464
"2875","Fukushima",2018,4,-3.52100731701699
"2876","Fukushima",2018,5,-1.6056982746391
"2877","Fukushima",2018,6,-1.1251117337849
"2878","Fukushima",2018,7,-0.896465688755606
"2879","Fukushima",2018,8,-0.985079768222582
"2880","Fukushima",2018,9,1.94726782897151
"2881","Fukushima",2018,10,3.15841690851595
"2882","Fukushima",2018,11,4.80795660873232
"2883","Fukushima",2018,12,4.37543402260035
"2884","Fukushima",2018,13,8.96923641459917
"2885","Fukushima",2018,14,10.360704796599
"2886","Fukushima",2018,15,8.59418550580428
"2887","Fukushima",2018,16,11.4460189147234
"2888","Fukushima",2018,17,13.331187956568
"2889","Fukushima",2018,18,15.0036060861602
"2890","Fukushima",2018,19,12.3601096129776
"2891","Fukushima",2018,20,16.4645869771634
"2892","Fukushima",2018,21,16.468087850038
"2893","Fukushima",2018,22,17.7738040051273
"2894","Fukushima",2018,23,20.3654513962227
"2895","Fukushima",2018,24,15.2162080941027
"2896","Fukushima",2018,25,18.7254660859053
"2897","Fukushima",2018,26,23.3545358205931
"2898","Fukushima",2018,27,23.0586192758654
"2899","Fukushima",2018,28,24.2711148286061
"2900","Fukushima",2018,29,27.0199868357384
"2901","Fukushima",2018,30,25.1467164861918
"2902","Fukushima",2018,31,26.5559133179174
"2903","Fukushima",2018,32,23.4017166688051
"2904","Fukushima",2018,33,22.9627539608017
"2905","Fukushima",2018,34,25.4094250872906
"2906","Fukushima",2018,35,22.4580327091394
"2907","Fukushima",2018,36,22.3832793094314
"2908","Fukushima",2018,37,19.1436078518778
"2909","Fukushima",2018,38,18.4817959534317
"2910","Fukushima",2018,39,16.802631528912
"2911","Fukushima",2018,40,18.7275454838921
"2912","Fukushima",2018,41,16.0501705046731
"2913","Fukushima",2018,42,12.6163282088619
"2914","Fukushima",2018,43,12.4369750591155
"2915","Fukushima",2018,44,9.91875725009797
"2916","Fukushima",2018,45,12.9442275657342
"2917","Fukushima",2018,46,9.07916672838732
"2918","Fukushima",2018,47,5.83900364614676
"2919","Fukushima",2018,48,6.8716904453146
"2920","Fukushima",2018,49,6.69765852159494
"2921","Fukushima",2018,50,0.365150671533984
"2922","Fukushima",2018,51,3.32715571152312
"2923","Fukushima",2018,52,0.458919157543172
"2924","Fukushima",2019,1,-0.669364836694318
"2925","Fukushima",2019,2,-0.438569106592979
"2926","Fukushima",2019,3,-0.0402998591730709
"2927","Fukushima",2019,4,-0.984420788641939
"2928","Fukushima",2019,5,-0.0525898075206492
"2929","Fukushima",2019,6,0.929571568936776
"2930","Fukushima",2019,7,-1.49089708984216
"2931","Fukushima",2019,8,3.08691956693314
"2932","Fukushima",2019,9,3.73209421832492
"2933","Fukushima",2019,10,3.86244873630189
"2934","Fukushima",2019,11,4.50479338465178
"2935","Fukushima",2019,12,5.88192007702969
"2936","Fukushima",2019,13,4.52318179994969
"2937","Fukushima",2019,14,4.69735386106977
"2938","Fukushima",2019,15,4.99181741753193
"2939","Fukushima",2019,16,10.5304138781219
"2940","Fukushima",2019,17,11.4989627475095
"2941","Fukushima",2019,18,12.2123560753301
"2942","Fukushima",2019,19,14.1151531178066
"2943","Fukushima",2019,20,15.3064407801068
"2944","Fukushima",2019,21,17.2553351359814
"2945","Fukushima",2019,22,18.9936747861265
"2946","Fukushima",2019,23,18.6837081560734
"2947","Fukushima",2019,24,15.9649491393641
"2948","Fukushima",2019,25,18.299771197708
"2949","Fukushima",2019,26,19.6341131134832
"2950","Fukushima",2019,27,20.2284100456246
"2951","Fukushima",2019,28,18.2657170773989
"2952","Fukushima",2019,29,21.371341112691
"2953","Fukushima",2019,30,23.445725064803
"2954","Fukushima",2019,31,26.8037153750588
"2955","Fukushima",2019,32,26.8654501323815
"2956","Fukushima",2019,33,26.2966960310864
"2957","Fukushima",2019,34,23.5052659671546
"2958","Fukushima",2019,35,22.2238813083739
"2959","Fukushima",2019,36,22.7483334399148
"2960","Fukushima",2019,37,22.0980823743642
"2961","Fukushima",2019,38,19.0794874895375
"2962","Fukushima",2019,39,19.3046251022092
"2963","Fukushima",2019,40,20.0488887808501
"2964","Fukushima",2019,41,16.3736350791943
"2965","Fukushima",2019,42,13.2153309094582
"2966","Fukushima",2019,43,13.9272653849556
"2967","Fukushima",2019,44,11.8897872902163
"2968","Fukushima",2019,45,9.29340871217478
"2969","Fukushima",2019,46,9.13071128216697
"2970","Fukushima",2019,47,7.0018062877851
"2971","Fukushima",2019,48,4.87422924682043
"2972","Fukushima",2019,49,3.57992553234166
"2973","Fukushima",2019,50,3.52865078355647
"2974","Fukushima",2019,51,3.59601589473052
"2975","Fukushima",2019,52,2.46459178053607
"2976","Fukushima",2020,1,1.59460469980358
"2977","Fukushima",2020,2,2.13022219121711
"2978","Fukushima",2020,3,1.57041005683354
"2979","Fukushima",2020,4,1.62810873160006
"2980","Fukushima",2020,5,2.88484749880367
"2981","Fukushima",2020,6,-0.572471447288657
"2982","Fukushima",2020,7,3.21062148284686
"2983","Fukushima",2020,8,3.60061301479483
"2984","Fukushima",2020,9,2.66498571888299
"2985","Gifu",2013,1,-2.95975946162097
"2986","Gifu",2013,2,-0.860140946283073
"2987","Gifu",2013,3,-1.28269646581946
"2988","Gifu",2013,4,-0.81478922361213
"2989","Gifu",2013,5,0.250983528723631
"2990","Gifu",2013,6,-0.103514525797404
"2991","Gifu",2013,7,-1.59399803603364
"2992","Gifu",2013,8,-2.02101555815285
"2993","Gifu",2013,9,0.225065875575012
"2994","Gifu",2013,10,4.55198765459084
"2995","Gifu",2013,11,3.7557968600271
"2996","Gifu",2013,12,7.47316406022449
"2997","Gifu",2013,13,7.10575512123107
"2998","Gifu",2013,14,9.75658787813086
"2999","Gifu",2013,15,5.09564211122875
"3000","Gifu",2013,16,10.5784570953895
"3001","Gifu",2013,17,7.90031629109763
"3002","Gifu",2013,18,9.23400124988448
"3003","Gifu",2013,19,12.3995550293469
"3004","Gifu",2013,20,16.1959131386304
"3005","Gifu",2013,21,17.0747266016298
"3006","Gifu",2013,22,17.3428463657696
"3007","Gifu",2013,23,17.8115046886353
"3008","Gifu",2013,24,20.6419581823723
"3009","Gifu",2013,25,19.2170352172807
"3010","Gifu",2013,26,19.2746735297787
"3011","Gifu",2013,27,21.2465834860948
"3012","Gifu",2013,28,25.0531480777742
"3013","Gifu",2013,29,22.6341551631469
"3014","Gifu",2013,30,23.1709957386318
"3015","Gifu",2013,31,23.2497974480449
"3016","Gifu",2013,32,25.1442055627654
"3017","Gifu",2013,33,25.2436850843502
"3018","Gifu",2013,34,24.6152457045901
"3019","Gifu",2013,35,22.2797953431108
"3020","Gifu",2013,36,20.7981253764435
"3021","Gifu",2013,37,22.0321094393397
"3022","Gifu",2013,38,19.5310964865504
"3023","Gifu",2013,39,18.7935814440274
"3024","Gifu",2013,40,19.0407435592358
"3025","Gifu",2013,41,19.8295647521803
"3026","Gifu",2013,42,13.1850089214544
"3027","Gifu",2013,43,14.2264600936161
"3028","Gifu",2013,44,10.9486400333412
"3029","Gifu",2013,45,10.8284408611956
"3030","Gifu",2013,46,5.40250723037304
"3031","Gifu",2013,47,4.7643913564005
"3032","Gifu",2013,48,4.33247646705922
"3033","Gifu",2013,49,4.20507902486178
"3034","Gifu",2013,50,1.32209091756008
"3035","Gifu",2013,51,1.26093617721326
"3036","Gifu",2013,52,-0.0863890794077927
"3037","Gifu",2014,1,-0.109280692297196
"3038","Gifu",2014,2,-2.01102495729789
"3039","Gifu",2014,3,-2.38207416950151
"3040","Gifu",2014,4,-0.924990164629483
"3041","Gifu",2014,5,1.14051281917485
"3042","Gifu",2014,6,-0.237903818612105
"3043","Gifu",2014,7,-1.03652596356403
"3044","Gifu",2014,8,-2.10931839403679
"3045","Gifu",2014,9,3.64184438767647
"3046","Gifu",2014,10,0.185110793973625
"3047","Gifu",2014,11,1.51608592209329
"3048","Gifu",2014,12,4.33763092475401
"3049","Gifu",2014,13,8.92426236366534
"3050","Gifu",2014,14,7.83037253350372
"3051","Gifu",2014,15,7.22389286787252
"3052","Gifu",2014,16,11.0224840277838
"3053","Gifu",2014,17,10.5882603548173
"3054","Gifu",2014,18,12.8215771225611
"3055","Gifu",2014,19,11.9719025211644
"3056","Gifu",2014,20,14.2833767555185
"3057","Gifu",2014,21,14.7392963834896
"3058","Gifu",2014,22,18.5364964787145
"3059","Gifu",2014,23,19.4701749801429
"3060","Gifu",2014,24,18.5053011018992
"3061","Gifu",2014,25,19.2243900160782
"3062","Gifu",2014,26,19.3571867626432
"3063","Gifu",2014,27,20.0305283590272
"3064","Gifu",2014,28,22.0803757835618
"3065","Gifu",2014,29,22.5044644690677
"3066","Gifu",2014,30,24.2967063695462
"3067","Gifu",2014,31,23.4609471388291
"3068","Gifu",2014,32,22.6761925871888
"3069","Gifu",2014,33,22.4894369295629
"3070","Gifu",2014,34,23.8950338608505
"3071","Gifu",2014,35,20.7243120928334
"3072","Gifu",2014,36,20.6834527467618
"3073","Gifu",2014,37,19.0902276659818
"3074","Gifu",2014,38,17.2179243502995
"3075","Gifu",2014,39,18.147882608229
"3076","Gifu",2014,40,18.5682391055688
"3077","Gifu",2014,41,16.303457629432
"3078","Gifu",2014,42,12.8343266212962
"3079","Gifu",2014,43,13.39219940591
"3080","Gifu",2014,44,11.7950617259779
"3081","Gifu",2014,45,10.9360320571941
"3082","Gifu",2014,46,8.39824183881674
"3083","Gifu",2014,47,5.83233152576841
"3084","Gifu",2014,48,9.26051329703958
"3085","Gifu",2014,49,2.63177345479054
"3086","Gifu",2014,50,0.648012308141867
"3087","Gifu",2014,51,-1.4049051618826
"3088","Gifu",2014,52,-1.13562162237803
"3089","Gifu",2015,1,0.0319534789321502
"3090","Gifu",2015,2,0.243387469043471
"3091","Gifu",2015,3,0.645028635181266
"3092","Gifu",2015,4,0.728980917958065
"3093","Gifu",2015,5,-0.644799724264439
"3094","Gifu",2015,6,-1.80658610677295
"3095","Gifu",2015,7,1.2852181227693
"3096","Gifu",2015,8,3.9822974175653
"3097","Gifu",2015,9,2.39421298779933
"3098","Gifu",2015,10,1.14801625489771
"3099","Gifu",2015,11,8.6120571882043
"3100","Gifu",2015,12,4.49069772214373
"3101","Gifu",2015,13,10.7240519721865
"3102","Gifu",2015,14,8.10154331083007
"3103","Gifu",2015,15,9.63133594842091
"3104","Gifu",2015,16,12.9376670577428
"3105","Gifu",2015,17,16.5981106771153
"3106","Gifu",2015,18,15.4538923411384
"3107","Gifu",2015,19,15.7835033448471
"3108","Gifu",2015,20,16.0966461137067
"3109","Gifu",2015,21,19.5195379055111
"3110","Gifu",2015,22,17.1142075313675
"3111","Gifu",2015,23,18.624137852659
"3112","Gifu",2015,24,19.207474461548
"3113","Gifu",2015,25,19.2865125399672
"3114","Gifu",2015,26,18.912425533461
"3115","Gifu",2015,27,20.4929322483135
"3116","Gifu",2015,28,23.9781842901619
"3117","Gifu",2015,29,24.1693827571985
"3118","Gifu",2015,30,26.0968838590294
"3119","Gifu",2015,31,26.1468134543863
"3120","Gifu",2015,32,24.4280229608935
"3121","Gifu",2015,33,23.2344440165289
"3122","Gifu",2015,34,22.287056073536
"3123","Gifu",2015,35,20.8768295346668
"3124","Gifu",2015,36,19.1670007558691
"3125","Gifu",2015,37,18.4816396269176
"3126","Gifu",2015,38,18.745061585693
"3127","Gifu",2015,39,16.6905300292149
"3128","Gifu",2015,40,14.344405246202
"3129","Gifu",2015,41,13.2506450027604
"3130","Gifu",2015,42,15.0275456720615
"3131","Gifu",2015,43,10.5186262983411
"3132","Gifu",2015,44,11.2796879510512
"3133","Gifu",2015,45,11.6128715480296
"3134","Gifu",2015,46,12.2827492941984
"3135","Gifu",2015,47,7.16219655487384
"3136","Gifu",2015,48,5.4146533308041
"3137","Gifu",2015,49,6.41603302629757
"3138","Gifu",2015,50,5.12648748938234
"3139","Gifu",2015,51,4.84130803372025
"3140","Gifu",2015,52,1.05320760946073
"3141","Gifu",2016,1,3.68356816122879
"3142","Gifu",2016,2,1.10673270293786
"3143","Gifu",2016,3,-1.18747505674254
"3144","Gifu",2016,4,-0.606104485052218
"3145","Gifu",2016,5,0.619176301079051
"3146","Gifu",2016,6,2.39952430284932
"3147","Gifu",2016,7,2.14747536208686
"3148","Gifu",2016,8,1.16086019160487
"3149","Gifu",2016,9,3.08267579452645
"3150","Gifu",2016,10,6.3684832381711
"3151","Gifu",2016,11,5.9926113488043
"3152","Gifu",2016,12,4.86717044858642
"3153","Gifu",2016,13,9.31778440318666
"3154","Gifu",2016,14,11.0890113936885
"3155","Gifu",2016,15,10.5281550817252
"3156","Gifu",2016,16,12.2440365530293
"3157","Gifu",2016,17,12.7178705994841
"3158","Gifu",2016,18,14.7450924582052
"3159","Gifu",2016,19,16.0515075507508
"3160","Gifu",2016,20,16.4627773252456
"3161","Gifu",2016,21,18.7777826416868
"3162","Gifu",2016,22,16.6126565074192
"3163","Gifu",2016,23,18.8124150572247
"3164","Gifu",2016,24,20.0757786391788
"3165","Gifu",2016,25,19.8394976445474
"3166","Gifu",2016,26,20.9170572446063
"3167","Gifu",2016,27,22.6268002515649
"3168","Gifu",2016,28,22.8542516469137
"3169","Gifu",2016,29,23.0631789594211
"3170","Gifu",2016,30,22.9495955556626
"3171","Gifu",2016,31,24.8467404551778
"3172","Gifu",2016,32,24.8991178163094
"3173","Gifu",2016,33,24.5083181301171
"3174","Gifu",2016,34,24.192774327885
"3175","Gifu",2016,35,22.4648400573257
"3176","Gifu",2016,36,22.5543990278702
"3177","Gifu",2016,37,21.4304923438036
"3178","Gifu",2016,38,18.994353117321
"3179","Gifu",2016,39,20.496276975652
"3180","Gifu",2016,40,19.7989027874916
"3181","Gifu",2016,41,13.47169402174
"3182","Gifu",2016,42,16.2839895268869
"3183","Gifu",2016,43,12.4979012511908
"3184","Gifu",2016,44,8.88278308402537
"3185","Gifu",2016,45,7.90368424787536
"3186","Gifu",2016,46,9.49741137991668
"3187","Gifu",2016,47,7.5984094223887
"3188","Gifu",2016,48,5.99539095910817
"3189","Gifu",2016,49,4.60468947537291
"3190","Gifu",2016,50,1.3234003685224
"3191","Gifu",2016,51,5.25469968047638
"3192","Gifu",2016,52,2.06240635275778
"3193","Gifu",2017,1,2.13258756460643
"3194","Gifu",2017,2,0.0618751322363178
"3195","Gifu",2017,3,-1.92169155757568
"3196","Gifu",2017,4,-2.13066571768244
"3197","Gifu",2017,5,0.487926930545598
"3198","Gifu",2017,6,-1.15801159080438
"3199","Gifu",2017,7,-0.65717546534464
"3200","Gifu",2017,8,1.07448438889112
"3201","Gifu",2017,9,2.33351817860548
"3202","Gifu",2017,10,1.67344210440315
"3203","Gifu",2017,11,3.59349882410657
"3204","Gifu",2017,12,4.25036427222189
"3205","Gifu",2017,13,4.738725915445
"3206","Gifu",2017,14,9.68906321325755
"3207","Gifu",2017,15,8.62428397507413
"3208","Gifu",2017,16,11.4288780666322
"3209","Gifu",2017,17,10.8988942725004
"3210","Gifu",2017,18,14.3932365936592
"3211","Gifu",2017,19,15.0153974343137
"3212","Gifu",2017,20,16.0923119827716
"3213","Gifu",2017,21,17.2629239573669
"3214","Gifu",2017,22,17.217266825685
"3215","Gifu",2017,23,15.9351831889058
"3216","Gifu",2017,24,16.7454893345455
"3217","Gifu",2017,25,19.5240736715561
"3218","Gifu",2017,26,20.6651857411116
"3219","Gifu",2017,27,23.0965185171643
"3220","Gifu",2017,28,24.1818698146382
"3221","Gifu",2017,29,24.4496442744436
"3222","Gifu",2017,30,24.1404308015067
"3223","Gifu",2017,31,24.660487804268
"3224","Gifu",2017,32,24.4504599179481
"3225","Gifu",2017,33,23.0329867299018
"3226","Gifu",2017,34,24.2114162574029
"3227","Gifu",2017,35,22.660666221741
"3228","Gifu",2017,36,20.0792206145109
"3229","Gifu",2017,37,19.6351141344522
"3230","Gifu",2017,38,18.6361771211764
"3231","Gifu",2017,39,17.0694971705751
"3232","Gifu",2017,40,15.3505461022682
"3233","Gifu",2017,41,17.8782781995639
"3234","Gifu",2017,42,12.9467719375128
"3235","Gifu",2017,43,11.5409613279936
"3236","Gifu",2017,44,9.7051979322917
"3237","Gifu",2017,45,9.6641741555344
"3238","Gifu",2017,46,5.99328270036176
"3239","Gifu",2017,47,2.73885216443458
"3240","Gifu",2017,48,5.63786778093774
"3241","Gifu",2017,49,1.9053908538635
"3242","Gifu",2017,50,0.541200840216236
"3243","Gifu",2017,51,0.0630259928201278
"3244","Gifu",2017,52,0.262802309001838
"3245","Gifu",2018,1,-0.874781760400587
"3246","Gifu",2018,2,-1.56355200841435
"3247","Gifu",2018,3,2.24509498354895
"3248","Gifu",2018,4,-3.52388210869703
"3249","Gifu",2018,5,-1.39922838942074
"3250","Gifu",2018,6,-3.77489325674437
"3251","Gifu",2018,7,-1.75842823787493
"3252","Gifu",2018,8,-0.393675301827199
"3253","Gifu",2018,9,3.73968097676745
"3254","Gifu",2018,10,5.26124933031105
"3255","Gifu",2018,11,6.59346962765919
"3256","Gifu",2018,12,5.87110006905021
"3257","Gifu",2018,13,10.2829942207655
"3258","Gifu",2018,14,11.8291427210306
"3259","Gifu",2018,15,8.91055834506561
"3260","Gifu",2018,16,11.728606099291
"3261","Gifu",2018,17,14.5887748667696
"3262","Gifu",2018,18,14.2384960502144
"3263","Gifu",2018,19,13.4396624065921
"3264","Gifu",2018,20,17.4337176995681
"3265","Gifu",2018,21,16.7583274170975
"3266","Gifu",2018,22,17.3341080665697
"3267","Gifu",2018,23,19.5329504206536
"3268","Gifu",2018,24,18.2412767156829
"3269","Gifu",2018,25,18.6594517109077
"3270","Gifu",2018,26,22.8099471419248
"3271","Gifu",2018,27,22.28470297924
"3272","Gifu",2018,28,24.5483601741316
"3273","Gifu",2018,29,27.4335103969236
"3274","Gifu",2018,30,26.4948712649045
"3275","Gifu",2018,31,26.6404863973118
"3276","Gifu",2018,32,26.3628253355328
"3277","Gifu",2018,33,22.7959967794669
"3278","Gifu",2018,34,24.7235938317669
"3279","Gifu",2018,35,23.6858751180866
"3280","Gifu",2018,36,21.9666358482611
"3281","Gifu",2018,37,19.1664806759089
"3282","Gifu",2018,38,18.9576986498663
"3283","Gifu",2018,39,17.5079054309077
"3284","Gifu",2018,40,18.4485334053161
"3285","Gifu",2018,41,16.2706573854655
"3286","Gifu",2018,42,12.99425856343
"3287","Gifu",2018,43,12.6357884070222
"3288","Gifu",2018,44,9.21198663222055
"3289","Gifu",2018,45,13.0308122828184
"3290","Gifu",2018,46,9.35469696024176
"3291","Gifu",2018,47,6.29831509076662
"3292","Gifu",2018,48,7.62000989515231
"3293","Gifu",2018,49,8.27460288169453
"3294","Gifu",2018,50,1.37266113935121
"3295","Gifu",2018,51,3.89373367028408
"3296","Gifu",2018,52,1.17088663992651
"3297","Gifu",2019,1,0.034565730811372
"3298","Gifu",2019,2,-0.0389041987679905
"3299","Gifu",2019,3,0.761496979039667
"3300","Gifu",2019,4,-0.332856274540494
"3301","Gifu",2019,5,-0.585912120601441
"3302","Gifu",2019,6,2.22791696711434
"3303","Gifu",2019,7,-0.0250787159033783
"3304","Gifu",2019,8,3.48481609794776
"3305","Gifu",2019,9,5.18948251703521
"3306","Gifu",2019,10,4.90610870275045
"3307","Gifu",2019,11,3.33466056795787
"3308","Gifu",2019,12,5.97594702239745
"3309","Gifu",2019,13,6.42658876915369
"3310","Gifu",2019,14,4.6685849784747
"3311","Gifu",2019,15,6.81509249198574
"3312","Gifu",2019,16,10.6196148573067
"3313","Gifu",2019,17,13.1233934580672
"3314","Gifu",2019,18,12.4988423849449
"3315","Gifu",2019,19,13.5255001892256
"3316","Gifu",2019,20,16.3046976885533
"3317","Gifu",2019,21,17.443900697573
"3318","Gifu",2019,22,17.6704922925254
"3319","Gifu",2019,23,18.7823095254335
"3320","Gifu",2019,24,16.8062394085576
"3321","Gifu",2019,25,18.4749626111603
"3322","Gifu",2019,26,20.5304030388655
"3323","Gifu",2019,27,21.0976016843598
"3324","Gifu",2019,28,20.3390164996335
"3325","Gifu",2019,29,21.4363763331945
"3326","Gifu",2019,30,23.8738026871503
"3327","Gifu",2019,31,26.3502564783477
"3328","Gifu",2019,32,26.6597039786801
"3329","Gifu",2019,33,26.1253360229946
"3330","Gifu",2019,34,23.4232311472122
"3331","Gifu",2019,35,21.8092590810462
"3332","Gifu",2019,36,23.348756573922
"3333","Gifu",2019,37,23.9235523269724
"3334","Gifu",2019,38,20.8947505700058
"3335","Gifu",2019,39,20.4206598048227
"3336","Gifu",2019,40,20.5716505010586
"3337","Gifu",2019,41,17.6627941985456
"3338","Gifu",2019,42,15.3074975999287
"3339","Gifu",2019,43,15.4464246183926
"3340","Gifu",2019,44,11.9368752523255
"3341","Gifu",2019,45,9.49326650537881
"3342","Gifu",2019,46,8.88999358505746
"3343","Gifu",2019,47,8.51524644168789
"3344","Gifu",2019,48,7.0278049964236
"3345","Gifu",2019,49,4.05282375745916
"3346","Gifu",2019,50,4.6323876909475
"3347","Gifu",2019,51,5.49923082261139
"3348","Gifu",2019,52,2.93508095590885
"3349","Gifu",2020,1,2.90324499665607
"3350","Gifu",2020,2,3.26453687477992
"3351","Gifu",2020,3,2.36808455412709
"3352","Gifu",2020,4,3.85714829114343
"3353","Gifu",2020,5,3.58387234670569
"3354","Gifu",2020,6,0.439514866472937
"3355","Gifu",2020,7,3.5099656198768
"3356","Gifu",2020,8,3.27289155297148
"3357","Gifu",2020,9,3.54884398540258
"3358","Gunma",2013,1,-1.79590455739582
"3359","Gunma",2013,2,-0.566814240656039
"3360","Gunma",2013,3,-1.52307843113431
"3361","Gunma",2013,4,-0.836611558382117
"3362","Gunma",2013,5,0.56284043140838
"3363","Gunma",2013,6,0.101871528318213
"3364","Gunma",2013,7,-1.00611260587989
"3365","Gunma",2013,8,-1.91097530059636
"3366","Gunma",2013,9,0.787605544911352
"3367","Gunma",2013,10,5.4197524002364
"3368","Gunma",2013,11,4.2367800926104
"3369","Gunma",2013,12,8.37367793080066
"3370","Gunma",2013,13,6.3024236050677
"3371","Gunma",2013,14,8.95685316851394
"3372","Gunma",2013,15,6.4903008027715
"3373","Gunma",2013,16,10.0227038399887
"3374","Gunma",2013,17,8.25095498384752
"3375","Gunma",2013,18,10.1921119655495
"3376","Gunma",2013,19,13.3438990849499
"3377","Gunma",2013,20,16.2241165319143
"3378","Gunma",2013,21,17.3371683085777
"3379","Gunma",2013,22,17.5165262695163
"3380","Gunma",2013,23,17.6836588065886
"3381","Gunma",2013,24,19.8797431850271
"3382","Gunma",2013,25,19.85036870403
"3383","Gunma",2013,26,18.74705707517
"3384","Gunma",2013,27,21.379701517257
"3385","Gunma",2013,28,25.0276532232345
"3386","Gunma",2013,29,21.9479470329478
"3387","Gunma",2013,30,22.4283946470268
"3388","Gunma",2013,31,22.871554769764
"3389","Gunma",2013,32,25.1848806588538
"3390","Gunma",2013,33,25.7303691152572
"3391","Gunma",2013,34,24.3233210988118
"3392","Gunma",2013,35,23.189276204991
"3393","Gunma",2013,36,21.7433105472118
"3394","Gunma",2013,37,21.2644772117405
"3395","Gunma",2013,38,19.4345461218759
"3396","Gunma",2013,39,17.1484905934645
"3397","Gunma",2013,40,17.7077358532759
"3398","Gunma",2013,41,19.6926226224971
"3399","Gunma",2013,42,12.6383639723238
"3400","Gunma",2013,43,12.7385966152491
"3401","Gunma",2013,44,11.0491396718547
"3402","Gunma",2013,45,10.2554349595129
"3403","Gunma",2013,46,5.11828512441083
"3404","Gunma",2013,47,5.81028875259634
"3405","Gunma",2013,48,5.0273132547558
"3406","Gunma",2013,49,4.89837242188081
"3407","Gunma",2013,50,1.96918796224281
"3408","Gunma",2013,51,1.08254671028911
"3409","Gunma",2013,52,-0.189044580173848
"3410","Gunma",2014,1,0.00258122252829802
"3411","Gunma",2014,2,-1.34454576703363
"3412","Gunma",2014,3,-1.97601353199128
"3413","Gunma",2014,4,-0.129811287115891
"3414","Gunma",2014,5,1.50221338925401
"3415","Gunma",2014,6,-1.28780667985153
"3416","Gunma",2014,7,-1.77536899702773
"3417","Gunma",2014,8,-2.13240659087955
"3418","Gunma",2014,9,2.52312109323179
"3419","Gunma",2014,10,-0.902849401331935
"3420","Gunma",2014,11,1.21455394493685
"3421","Gunma",2014,12,4.19684308793925
"3422","Gunma",2014,13,8.9772308982132
"3423","Gunma",2014,14,7.68024646890451
"3424","Gunma",2014,15,6.92361501133608
"3425","Gunma",2014,16,9.90093405166064
"3426","Gunma",2014,17,10.6061865056107
"3427","Gunma",2014,18,14.3466272702132
"3428","Gunma",2014,19,12.5627236962632
"3429","Gunma",2014,20,15.995515043099
"3430","Gunma",2014,21,15.3254074935442
"3431","Gunma",2014,22,19.4081063734957
"3432","Gunma",2014,23,19.0950056494479
"3433","Gunma",2014,24,18.533762944459
"3434","Gunma",2014,25,19.5409300189377
"3435","Gunma",2014,26,18.8943566792539
"3436","Gunma",2014,27,19.7392971484347
"3437","Gunma",2014,28,22.3858460766857
"3438","Gunma",2014,29,22.1688404774049
"3439","Gunma",2014,30,24.4555875860847
"3440","Gunma",2014,31,24.1818462592948
"3441","Gunma",2014,32,25.000533017525
"3442","Gunma",2014,33,23.0209691147465
"3443","Gunma",2014,34,24.4376074493392
"3444","Gunma",2014,35,19.7110799710837
"3445","Gunma",2014,36,20.5637105671672
"3446","Gunma",2014,37,18.3610092647073
"3447","Gunma",2014,38,17.1142859656501
"3448","Gunma",2014,39,17.044946055711
"3449","Gunma",2014,40,18.2913611654393
"3450","Gunma",2014,41,15.0787521434255
"3451","Gunma",2014,42,12.2879048015928
"3452","Gunma",2014,43,12.0609222951024
"3453","Gunma",2014,44,11.3534999532525
"3454","Gunma",2014,45,10.7090881719466
"3455","Gunma",2014,46,8.30669384946349
"3456","Gunma",2014,47,5.68607703489516
"3457","Gunma",2014,48,8.11711003845302
"3458","Gunma",2014,49,3.86437062754986
"3459","Gunma",2014,50,1.07138389194828
"3460","Gunma",2014,51,-0.848737813114529
"3461","Gunma",2014,52,-0.68637543648768
"3462","Gunma",2015,1,0.767464314283521
"3463","Gunma",2015,2,0.858410546158918
"3464","Gunma",2015,3,-0.538364474194736
"3465","Gunma",2015,4,0.48485760880035
"3466","Gunma",2015,5,-0.408418215886197
"3467","Gunma",2015,6,-0.757582609405964
"3468","Gunma",2015,7,0.623888229102891
"3469","Gunma",2015,8,3.62566448073617
"3470","Gunma",2015,9,2.26417216925713
"3471","Gunma",2015,10,2.2873620714608
"3472","Gunma",2015,11,7.72463629920844
"3473","Gunma",2015,12,4.79582164101373
"3474","Gunma",2015,13,10.3203314550072
"3475","Gunma",2015,14,6.38283979208901
"3476","Gunma",2015,15,9.88165128091392
"3477","Gunma",2015,16,12.8794885381046
"3478","Gunma",2015,17,16.7519179918873
"3479","Gunma",2015,18,15.8852240833899
"3480","Gunma",2015,19,16.7393091382318
"3481","Gunma",2015,20,17.2027003252063
"3482","Gunma",2015,21,19.4789108173894
"3483","Gunma",2015,22,17.5896865914627
"3484","Gunma",2015,23,18.9639667796297
"3485","Gunma",2015,24,18.4600891268006
"3486","Gunma",2015,25,19.0696693239272
"3487","Gunma",2015,26,19.0274345638207
"3488","Gunma",2015,27,19.5430510951971
"3489","Gunma",2015,28,24.4165574976654
"3490","Gunma",2015,29,25.4034086481249
"3491","Gunma",2015,30,26.087710215746
"3492","Gunma",2015,31,25.8276031047003
"3493","Gunma",2015,32,23.7910616221275
"3494","Gunma",2015,33,22.9602658754795
"3495","Gunma",2015,34,19.3448182596684
"3496","Gunma",2015,35,20.4873069011256
"3497","Gunma",2015,36,19.3402995667206
"3498","Gunma",2015,37,17.9848155053445
"3499","Gunma",2015,38,17.4976083787617
"3500","Gunma",2015,39,16.49636025751
"3501","Gunma",2015,40,14.1332212120704
"3502","Gunma",2015,41,13.5772203199247
"3503","Gunma",2015,42,14.2042382804253
"3504","Gunma",2015,43,11.1874944433651
"3505","Gunma",2015,44,10.4339707179167
"3506","Gunma",2015,45,10.6252070991544
"3507","Gunma",2015,46,11.7426830960217
"3508","Gunma",2015,47,6.34614816196735
"3509","Gunma",2015,48,5.59865809273572
"3510","Gunma",2015,49,5.23918261661631
"3511","Gunma",2015,50,4.74508517936982
"3512","Gunma",2015,51,4.05142917272829
"3513","Gunma",2015,52,1.03514725308022
"3514","Gunma",2016,1,3.82600053559301
"3515","Gunma",2016,2,0.600640783558406
"3516","Gunma",2016,3,-1.80397978459202
"3517","Gunma",2016,4,-1.54770412545107
"3518","Gunma",2016,5,-0.47320537094339
"3519","Gunma",2016,6,0.66589426401295
"3520","Gunma",2016,7,2.84630690805214
"3521","Gunma",2016,8,1.4528304406461
"3522","Gunma",2016,9,3.34312851028275
"3523","Gunma",2016,10,5.13881802638483
"3524","Gunma",2016,11,5.63418883402928
"3525","Gunma",2016,12,4.19354939652218
"3526","Gunma",2016,13,8.52961825644655
"3527","Gunma",2016,14,10.6041128904016
"3528","Gunma",2016,15,9.7033580039191
"3529","Gunma",2016,16,12.8840057533306
"3530","Gunma",2016,17,12.3988739150788
"3531","Gunma",2016,18,15.7054792978
"3532","Gunma",2016,19,16.1710792062828
"3533","Gunma",2016,20,15.3863863789594
"3534","Gunma",2016,21,18.788650551469
"3535","Gunma",2016,22,16.5968706573764
"3536","Gunma",2016,23,18.6457912929619
"3537","Gunma",2016,24,19.3278913609109
"3538","Gunma",2016,25,19.9032802881829
"3539","Gunma",2016,26,20.6195065377567
"3540","Gunma",2016,27,21.9389942690448
"3541","Gunma",2016,28,22.3746787598088
"3542","Gunma",2016,29,21.8362656532486
"3543","Gunma",2016,30,22.408535504132
"3544","Gunma",2016,31,24.5651285404733
"3545","Gunma",2016,32,24.1301687280543
"3546","Gunma",2016,33,23.6632121929535
"3547","Gunma",2016,34,22.9585663327403
"3548","Gunma",2016,35,21.984851124064
"3549","Gunma",2016,36,23.0533992970901
"3550","Gunma",2016,37,20.5413707269981
"3551","Gunma",2016,38,17.6763332563731
"3552","Gunma",2016,39,19.5550744403744
"3553","Gunma",2016,40,18.5011669209866
"3554","Gunma",2016,41,12.5183016845435
"3555","Gunma",2016,42,15.0363516568677
"3556","Gunma",2016,43,10.9060431457608
"3557","Gunma",2016,44,8.57880509997668
"3558","Gunma",2016,45,6.27740252483196
"3559","Gunma",2016,46,8.05110667871578
"3560","Gunma",2016,47,5.7596459832204
"3561","Gunma",2016,48,5.61366769107472
"3562","Gunma",2016,49,4.38469934068685
"3563","Gunma",2016,50,1.52058157119589
"3564","Gunma",2016,51,5.13539281053482
"3565","Gunma",2016,52,1.22596170326908
"3566","Gunma",2017,1,1.31012260334091
"3567","Gunma",2017,2,0.353687089611908
"3568","Gunma",2017,3,-1.58351101425615
"3569","Gunma",2017,4,-0.56680555655806
"3570","Gunma",2017,5,0.915888484900035
"3571","Gunma",2017,6,-0.53448656073244
"3572","Gunma",2017,7,1.27221025805476
"3573","Gunma",2017,8,1.50843128348507
"3574","Gunma",2017,9,2.48622676440225
"3575","Gunma",2017,10,2.26214904014946
"3576","Gunma",2017,11,3.66299085376196
"3577","Gunma",2017,12,4.16000917732339
"3578","Gunma",2017,13,4.16268219272503
"3579","Gunma",2017,14,9.56146233753517
"3580","Gunma",2017,15,8.27243174267786
"3581","Gunma",2017,16,12.152747312202
"3582","Gunma",2017,17,10.798096826393
"3583","Gunma",2017,18,14.7677999357456
"3584","Gunma",2017,19,15.4136646480058
"3585","Gunma",2017,20,15.6832769048946
"3586","Gunma",2017,21,18.2644417925873
"3587","Gunma",2017,22,18.0303240093579
"3588","Gunma",2017,23,16.6992505361258
"3589","Gunma",2017,24,16.6258017384915
"3590","Gunma",2017,25,19.5756069905908
"3591","Gunma",2017,26,20.7162145969486
"3592","Gunma",2017,27,23.5666513826868
"3593","Gunma",2017,28,24.9717328830198
"3594","Gunma",2017,29,24.6494057447077
"3595","Gunma",2017,30,23.4342206304143
"3596","Gunma",2017,31,23.0947530051621
"3597","Gunma",2017,32,23.9862059146976
"3598","Gunma",2017,33,21.7580444174865
"3599","Gunma",2017,34,24.2064080934225
"3600","Gunma",2017,35,21.0987097564887
"3601","Gunma",2017,36,19.4485063537778
"3602","Gunma",2017,37,19.8282405236567
"3603","Gunma",2017,38,18.704501442132
"3604","Gunma",2017,39,17.1767486035319
"3605","Gunma",2017,40,14.6387916576939
"3606","Gunma",2017,41,16.9764702730107
"3607","Gunma",2017,42,11.1526535648495
"3608","Gunma",2017,43,11.2039318091096
"3609","Gunma",2017,44,9.79487037972544
"3610","Gunma",2017,45,8.90748307479834
"3611","Gunma",2017,46,6.04016789991138
"3612","Gunma",2017,47,2.74005744864199
"3613","Gunma",2017,48,5.72333168293612
"3614","Gunma",2017,49,2.50703041265783
"3615","Gunma",2017,50,1.76254298492573
"3616","Gunma",2017,51,0.544917836802702
"3617","Gunma",2017,52,0.748539886752261
"3618","Gunma",2018,1,-0.44251547013837
"3619","Gunma",2018,2,-0.546138513486004
"3620","Gunma",2018,3,2.60225829112052
"3621","Gunma",2018,4,-3.56574668350301
"3622","Gunma",2018,5,-1.66183230108053
"3623","Gunma",2018,6,-2.11897869146782
"3624","Gunma",2018,7,-0.0691687379299506
"3625","Gunma",2018,8,0.107223419393498
"3626","Gunma",2018,9,3.52178363324431
"3627","Gunma",2018,10,4.36394428768821
"3628","Gunma",2018,11,6.6407544223231
"3629","Gunma",2018,12,5.37242689467132
"3630","Gunma",2018,13,10.3743230843693
"3631","Gunma",2018,14,12.3649133283277
"3632","Gunma",2018,15,9.49424642235007
"3633","Gunma",2018,16,12.1475487446493
"3634","Gunma",2018,17,14.6228852995107
"3635","Gunma",2018,18,15.6386047509572
"3636","Gunma",2018,19,12.9496240946011
"3637","Gunma",2018,20,18.0657421910534
"3638","Gunma",2018,21,16.7337028662178
"3639","Gunma",2018,22,17.8010580875898
"3640","Gunma",2018,23,20.321807666167
"3641","Gunma",2018,24,16.3084185765423
"3642","Gunma",2018,25,18.3905669107398
"3643","Gunma",2018,26,23.6327853943178
"3644","Gunma",2018,27,22.9020433383042
"3645","Gunma",2018,28,24.3549189698227
"3646","Gunma",2018,29,27.2401215756144
"3647","Gunma",2018,30,25.0890244341778
"3648","Gunma",2018,31,26.0932792993946
"3649","Gunma",2018,32,24.748276269661
"3650","Gunma",2018,33,22.9859068452052
"3651","Gunma",2018,34,24.4767748559652
"3652","Gunma",2018,35,23.4788940168265
"3653","Gunma",2018,36,22.0019826360812
"3654","Gunma",2018,37,18.828945630878
"3655","Gunma",2018,38,18.4969140299897
"3656","Gunma",2018,39,16.6708731447263
"3657","Gunma",2018,40,18.6292443747342
"3658","Gunma",2018,41,16.3651115286197
"3659","Gunma",2018,42,12.7364700048674
"3660","Gunma",2018,43,12.4577419510509
"3661","Gunma",2018,44,10.1746584649287
"3662","Gunma",2018,45,12.5113342284386
"3663","Gunma",2018,46,9.36328380013244
"3664","Gunma",2018,47,6.3592876266068
"3665","Gunma",2018,48,7.46796580886468
"3666","Gunma",2018,49,7.6917729509465
"3667","Gunma",2018,50,0.933492417891703
"3668","Gunma",2018,51,3.96548954809238
"3669","Gunma",2018,52,1.178606945875
"3670","Gunma",2019,1,0.195387881506463
"3671","Gunma",2019,2,-0.158532038330074
"3672","Gunma",2019,3,0.556296084262483
"3673","Gunma",2019,4,0.0870066150268615
"3674","Gunma",2019,5,0.095964057312293
"3675","Gunma",2019,6,1.90647205898927
"3676","Gunma",2019,7,-0.648225533515626
"3677","Gunma",2019,8,3.75701340645496
"3678","Gunma",2019,9,4.53520162307581
"3679","Gunma",2019,10,4.4261204677006
"3680","Gunma",2019,11,4.4233312806917
"3681","Gunma",2019,12,6.56598701971698
"3682","Gunma",2019,13,5.75706835253979
"3683","Gunma",2019,14,5.86427977453903
"3684","Gunma",2019,15,5.51025804370804
"3685","Gunma",2019,16,11.3744806241793
"3686","Gunma",2019,17,13.0010608988548
"3687","Gunma",2019,18,12.3389292986076
"3688","Gunma",2019,19,14.248478006429
"3689","Gunma",2019,20,15.7052812157528
"3690","Gunma",2019,21,17.5623275653774
"3691","Gunma",2019,22,19.1917667786003
"3692","Gunma",2019,23,18.7120867822371
"3693","Gunma",2019,24,15.6778002939642
"3694","Gunma",2019,25,18.7783709588295
"3695","Gunma",2019,26,19.6336777665697
"3696","Gunma",2019,27,20.4110097453515
"3697","Gunma",2019,28,18.3360979077301
"3698","Gunma",2019,29,21.2688082234051
"3699","Gunma",2019,30,23.4689083871487
"3700","Gunma",2019,31,26.4797391522338
"3701","Gunma",2019,32,26.6846039876566
"3702","Gunma",2019,33,25.7242994585902
"3703","Gunma",2019,34,23.3100017210114
"3704","Gunma",2019,35,22.3034521438243
"3705","Gunma",2019,36,22.7178341244057
"3706","Gunma",2019,37,22.2575616197232
"3707","Gunma",2019,38,19.4092497706143
"3708","Gunma",2019,39,19.5560674651976
"3709","Gunma",2019,40,20.4426085341435
"3710","Gunma",2019,41,16.8655698950859
"3711","Gunma",2019,42,13.7874400383764
"3712","Gunma",2019,43,14.0747446799306
"3713","Gunma",2019,44,11.6788918076712
"3714","Gunma",2019,45,9.18528017643545
"3715","Gunma",2019,46,8.67940725199972
"3716","Gunma",2019,47,7.6409686229669
"3717","Gunma",2019,48,5.92224497990635
"3718","Gunma",2019,49,4.07367527999826
"3719","Gunma",2019,50,4.27428611541213
"3720","Gunma",2019,51,4.08880934218843
"3721","Gunma",2019,52,2.28672400884756
"3722","Gunma",2020,1,1.88374079754943
"3723","Gunma",2020,2,2.23595968220948
"3724","Gunma",2020,3,1.8347591770495
"3725","Gunma",2020,4,2.39522371197094
"3726","Gunma",2020,5,2.9768351436743
"3727","Gunma",2020,6,0.296058689527643
"3728","Gunma",2020,7,4.03299582303123
"3729","Gunma",2020,8,4.37625903433032
"3730","Gunma",2020,9,3.38755833995465
"3731","Hiroshima",2013,1,1.21359930704298
"3732","Hiroshima",2013,2,2.71305496151151
"3733","Hiroshima",2013,3,2.7000711374084
"3734","Hiroshima",2013,4,3.20503277498198
"3735","Hiroshima",2013,5,4.57279345218646
"3736","Hiroshima",2013,6,3.93129483176461
"3737","Hiroshima",2013,7,2.81044343014818
"3738","Hiroshima",2013,8,3.01657532545076
"3739","Hiroshima",2013,9,5.50249279170294
"3740","Hiroshima",2013,10,9.76911582651117
"3741","Hiroshima",2013,11,6.97677618131024
"3742","Hiroshima",2013,12,10.693497544486
"3743","Hiroshima",2013,13,9.73499184873174
"3744","Hiroshima",2013,14,11.4964480420937
"3745","Hiroshima",2013,15,8.77533812289762
"3746","Hiroshima",2013,16,13.3770714308586
"3747","Hiroshima",2013,17,12.0192360379156
"3748","Hiroshima",2013,18,13.1748830403246
"3749","Hiroshima",2013,19,16.0117061340483
"3750","Hiroshima",2013,20,19.3590752149959
"3751","Hiroshima",2013,21,20.5993150419532
"3752","Hiroshima",2013,22,20.0946013323851
"3753","Hiroshima",2013,23,21.0835990844964
"3754","Hiroshima",2013,24,23.8788274583522
"3755","Hiroshima",2013,25,22.2323655310468
"3756","Hiroshima",2013,26,22.046826451809
"3757","Hiroshima",2013,27,24.4082126709796
"3758","Hiroshima",2013,28,27.3058468885055
"3759","Hiroshima",2013,29,26.5813452835404
"3760","Hiroshima",2013,30,27.5801914319105
"3761","Hiroshima",2013,31,26.9430995165833
"3762","Hiroshima",2013,32,27.7760271785948
"3763","Hiroshima",2013,33,28.6086456196872
"3764","Hiroshima",2013,34,27.9075652006457
"3765","Hiroshima",2013,35,24.5330431917755
"3766","Hiroshima",2013,36,21.1872851180444
"3767","Hiroshima",2013,37,24.5436605716807
"3768","Hiroshima",2013,38,21.8108299520312
"3769","Hiroshima",2013,39,21.6064834782045
"3770","Hiroshima",2013,40,20.679490852054
"3771","Hiroshima",2013,41,21.909710973468
"3772","Hiroshima",2013,42,15.9774825423276
"3773","Hiroshima",2013,43,16.2646236482174
"3774","Hiroshima",2013,44,13.5747502940758
"3775","Hiroshima",2013,45,14.0553007028549
"3776","Hiroshima",2013,46,9.89340660474636
"3777","Hiroshima",2013,47,7.51515636111656
"3778","Hiroshima",2013,48,6.9784987408753
"3779","Hiroshima",2013,49,6.88350518782711
"3780","Hiroshima",2013,50,5.12286075471486
"3781","Hiroshima",2013,51,4.25115642611798
"3782","Hiroshima",2013,52,2.96141473550053
"3783","Hiroshima",2014,1,4.76926427258047
"3784","Hiroshima",2014,2,2.98444238074042
"3785","Hiroshima",2014,3,2.37873962419032
"3786","Hiroshima",2014,4,3.26704095088346
"3787","Hiroshima",2014,5,5.9290043945713
"3788","Hiroshima",2014,6,3.60651417206401
"3789","Hiroshima",2014,7,2.33334967359665
"3790","Hiroshima",2014,8,3.17543056268492
"3791","Hiroshima",2014,9,7.90682165920258
"3792","Hiroshima",2014,10,4.08201394282824
"3793","Hiroshima",2014,11,5.43614521770819
"3794","Hiroshima",2014,12,8.9264461343245
"3795","Hiroshima",2014,13,13.017410358867
"3796","Hiroshima",2014,14,10.3219860838554
"3797","Hiroshima",2014,15,11.0078002828293
"3798","Hiroshima",2014,16,12.7563608195312
"3799","Hiroshima",2014,17,14.1385160274575
"3800","Hiroshima",2014,18,16.1345021654395
"3801","Hiroshima",2014,19,14.9128038766021
"3802","Hiroshima",2014,20,17.2307288657594
"3803","Hiroshima",2014,21,18.6025730464861
"3804","Hiroshima",2014,22,20.864124731796
"3805","Hiroshima",2014,23,20.6981072786754
"3806","Hiroshima",2014,24,20.7485569982717
"3807","Hiroshima",2014,25,20.7280350737793
"3808","Hiroshima",2014,26,21.791337026453
"3809","Hiroshima",2014,27,22.3266541285074
"3810","Hiroshima",2014,28,24.2307253769924
"3811","Hiroshima",2014,29,24.6435087650734
"3812","Hiroshima",2014,30,27.351720149192
"3813","Hiroshima",2014,31,26.1456230330874
"3814","Hiroshima",2014,32,24.748689925028
"3815","Hiroshima",2014,33,24.4130252350534
"3816","Hiroshima",2014,34,25.1936534446142
"3817","Hiroshima",2014,35,23.5235744499031
"3818","Hiroshima",2014,36,23.5036466404917
"3819","Hiroshima",2014,37,22.0643814801547
"3820","Hiroshima",2014,38,20.2681317531038
"3821","Hiroshima",2014,39,21.100398750334
"3822","Hiroshima",2014,40,20.631455730571
"3823","Hiroshima",2014,41,18.4022727440246
"3824","Hiroshima",2014,42,14.9177096813303
"3825","Hiroshima",2014,43,15.8636947600007
"3826","Hiroshima",2014,44,14.5745687968433
"3827","Hiroshima",2014,45,12.279132532916
"3828","Hiroshima",2014,46,9.61790728851166
"3829","Hiroshima",2014,47,9.55893646056546
"3830","Hiroshima",2014,48,11.9358043917895
"3831","Hiroshima",2014,49,4.80845771483327
"3832","Hiroshima",2014,50,3.84743255181666
"3833","Hiroshima",2014,51,1.47959413362161
"3834","Hiroshima",2014,52,2.74873155851926
"3835","Hiroshima",2015,1,4.51019300597298
"3836","Hiroshima",2015,2,4.05847005665832
"3837","Hiroshima",2015,3,4.37821362406364
"3838","Hiroshima",2015,4,3.82975982699993
"3839","Hiroshima",2015,5,2.97657730168422
"3840","Hiroshima",2015,6,2.38290289375637
"3841","Hiroshima",2015,7,5.10919197056122
"3842","Hiroshima",2015,8,6.3253443272599
"3843","Hiroshima",2015,9,4.3170001884923
"3844","Hiroshima",2015,10,4.72266456520011
"3845","Hiroshima",2015,11,11.1558189651311
"3846","Hiroshima",2015,12,8.24768258566707
"3847","Hiroshima",2015,13,14.5295718157495
"3848","Hiroshima",2015,14,10.2801548117006
"3849","Hiroshima",2015,15,12.8251920223028
"3850","Hiroshima",2015,16,14.2629704568686
"3851","Hiroshima",2015,17,18.289169524228
"3852","Hiroshima",2015,18,17.0236710802807
"3853","Hiroshima",2015,19,17.5752462324112
"3854","Hiroshima",2015,20,18.3008081622802
"3855","Hiroshima",2015,21,21.1394528291141
"3856","Hiroshima",2015,22,19.1238173052533
"3857","Hiroshima",2015,23,20.4144008920485
"3858","Hiroshima",2015,24,20.5156290321805
"3859","Hiroshima",2015,25,21.6662090939213
"3860","Hiroshima",2015,26,20.9619843495778
"3861","Hiroshima",2015,27,23.1393214342662
"3862","Hiroshima",2015,28,24.9097700719584
"3863","Hiroshima",2015,29,25.3488484668802
"3864","Hiroshima",2015,30,27.3725197730125
"3865","Hiroshima",2015,31,28.0661932650298
"3866","Hiroshima",2015,32,25.4584201467965
"3867","Hiroshima",2015,33,24.395082295639
"3868","Hiroshima",2015,34,23.7057433532804
"3869","Hiroshima",2015,35,22.2700607569788
"3870","Hiroshima",2015,36,20.7087575260408
"3871","Hiroshima",2015,37,19.6313436096996
"3872","Hiroshima",2015,38,20.6813440303247
"3873","Hiroshima",2015,39,19.2076900118525
"3874","Hiroshima",2015,40,16.2218679346452
"3875","Hiroshima",2015,41,15.0856133009772
"3876","Hiroshima",2015,42,16.7742015029555
"3877","Hiroshima",2015,43,12.7513699383758
"3878","Hiroshima",2015,44,13.7593077520913
"3879","Hiroshima",2015,45,14.5683070481295
"3880","Hiroshima",2015,46,13.8615373997169
"3881","Hiroshima",2015,47,9.24308506590423
"3882","Hiroshima",2015,48,8.08267027615014
"3883","Hiroshima",2015,49,8.62984578036537
"3884","Hiroshima",2015,50,6.4433261670912
"3885","Hiroshima",2015,51,7.46025124924427
"3886","Hiroshima",2015,52,4.48374009647365
"3887","Hiroshima",2016,1,5.67605052559951
"3888","Hiroshima",2016,2,3.33425259022848
"3889","Hiroshima",2016,3,1.46852000606553
"3890","Hiroshima",2016,4,2.17906439503853
"3891","Hiroshima",2016,5,3.60163449167711
"3892","Hiroshima",2016,6,6.29500035674013
"3893","Hiroshima",2016,7,4.34294366890963
"3894","Hiroshima",2016,8,3.7765295085349
"3895","Hiroshima",2016,9,7.00925305701398
"3896","Hiroshima",2016,10,8.34779086743023
"3897","Hiroshima",2016,11,8.84621308844287
"3898","Hiroshima",2016,12,7.29527452257159
"3899","Hiroshima",2016,13,11.7813940636505
"3900","Hiroshima",2016,14,13.8621868414954
"3901","Hiroshima",2016,15,13.5852558646388
"3902","Hiroshima",2016,16,14.460147343427
"3903","Hiroshima",2016,17,14.7884208524991
"3904","Hiroshima",2016,18,17.5368075135563
"3905","Hiroshima",2016,19,16.5631278751826
"3906","Hiroshima",2016,20,18.37648913358
"3907","Hiroshima",2016,21,20.7123008462409
"3908","Hiroshima",2016,22,19.0299205871146
"3909","Hiroshima",2016,23,20.9954905658749
"3910","Hiroshima",2016,24,22.3673776344613
"3911","Hiroshima",2016,25,22.3103354821732
"3912","Hiroshima",2016,26,22.6869713737095
"3913","Hiroshima",2016,27,25.5821215524664
"3914","Hiroshima",2016,28,24.6864166861916
"3915","Hiroshima",2016,29,25.594319706276
"3916","Hiroshima",2016,30,26.496888108866
"3917","Hiroshima",2016,31,27.1298875625796
"3918","Hiroshima",2016,32,27.6939536880952
"3919","Hiroshima",2016,33,27.5719231531194
"3920","Hiroshima",2016,34,26.7102030640187
"3921","Hiroshima",2016,35,23.5458440806341
"3922","Hiroshima",2016,36,24.1828944791801
"3923","Hiroshima",2016,37,23.6832408607812
"3924","Hiroshima",2016,38,20.5007552717791
"3925","Hiroshima",2016,39,21.9750133264491
"3926","Hiroshima",2016,40,22.3562407300214
"3927","Hiroshima",2016,41,15.7881199335959
"3928","Hiroshima",2016,42,18.4754404465521
"3929","Hiroshima",2016,43,15.6398270754169
"3930","Hiroshima",2016,44,11.5935430929591
"3931","Hiroshima",2016,45,10.3599746276515
"3932","Hiroshima",2016,46,13.2862898161236
"3933","Hiroshima",2016,47,10.6430095845526
"3934","Hiroshima",2016,48,8.56641564156014
"3935","Hiroshima",2016,49,7.84946003531528
"3936","Hiroshima",2016,50,4.82720603257846
"3937","Hiroshima",2016,51,8.69603919649024
"3938","Hiroshima",2016,52,4.63523281935506
"3939","Hiroshima",2017,1,5.62161445083756
"3940","Hiroshima",2017,2,3.86752707067288
"3941","Hiroshima",2017,3,2.43394323626325
"3942","Hiroshima",2017,4,0.958421202033402
"3943","Hiroshima",2017,5,4.6678291333507
"3944","Hiroshima",2017,6,2.50959503049489
"3945","Hiroshima",2017,7,4.1392739141483
"3946","Hiroshima",2017,8,4.80950724857214
"3947","Hiroshima",2017,9,5.39810684287024
"3948","Hiroshima",2017,10,5.14848333077147
"3949","Hiroshima",2017,11,6.67285083903077
"3950","Hiroshima",2017,12,7.5073966514885
"3951","Hiroshima",2017,13,7.81676813095241
"3952","Hiroshima",2017,14,13.2161649288366
"3953","Hiroshima",2017,15,12.7268788186661
"3954","Hiroshima",2017,16,14.6496139880516
"3955","Hiroshima",2017,17,14.6400974641976
"3956","Hiroshima",2017,18,17.9794939785753
"3957","Hiroshima",2017,19,17.6900577640306
"3958","Hiroshima",2017,20,17.8388298768441
"3959","Hiroshima",2017,21,18.8438793872229
"3960","Hiroshima",2017,22,19.8770522104534
"3961","Hiroshima",2017,23,19.170649673019
"3962","Hiroshima",2017,24,19.2502112193593
"3963","Hiroshima",2017,25,21.8624859879835
"3964","Hiroshima",2017,26,23.2446068264842
"3965","Hiroshima",2017,27,24.817177265011
"3966","Hiroshima",2017,28,26.1910574264118
"3967","Hiroshima",2017,29,27.1784101508307
"3968","Hiroshima",2017,30,27.1929017383016
"3969","Hiroshima",2017,31,28.3492039324788
"3970","Hiroshima",2017,32,26.568516922198
"3971","Hiroshima",2017,33,25.6428324748369
"3972","Hiroshima",2017,34,27.3422105736032
"3973","Hiroshima",2017,35,24.649832161143
"3974","Hiroshima",2017,36,22.3219808565006
"3975","Hiroshima",2017,37,22.1433357201438
"3976","Hiroshima",2017,38,20.19199846611
"3977","Hiroshima",2017,39,19.3682040999229
"3978","Hiroshima",2017,40,18.223432183175
"3979","Hiroshima",2017,41,19.5534747427204
"3980","Hiroshima",2017,42,14.7870321787961
"3981","Hiroshima",2017,43,14.1976417240283
"3982","Hiroshima",2017,44,12.3443797206954
"3983","Hiroshima",2017,45,12.1937755114333
"3984","Hiroshima",2017,46,9.10897722718281
"3985","Hiroshima",2017,47,5.69885996705593
"3986","Hiroshima",2017,48,8.03623416992094
"3987","Hiroshima",2017,49,4.32731777126518
"3988","Hiroshima",2017,50,2.98196172139362
"3989","Hiroshima",2017,51,3.22324311845565
"3990","Hiroshima",2017,52,4.03031187495546
"3991","Hiroshima",2018,1,3.28478419332484
"3992","Hiroshima",2018,2,1.40205905636446
"3993","Hiroshima",2018,3,5.34342523148893
"3994","Hiroshima",2018,4,0.146066860540754
"3995","Hiroshima",2018,5,1.25980048367004
"3996","Hiroshima",2018,6,-0.725389594289116
"3997","Hiroshima",2018,7,2.13720296422547
"3998","Hiroshima",2018,8,4.33282044655511
"3999","Hiroshima",2018,9,6.97854202020252
"4000","Hiroshima",2018,10,6.85327310162436
"4001","Hiroshima",2018,11,9.46471927617633
"4002","Hiroshima",2018,12,7.47982985755199
"4003","Hiroshima",2018,13,12.7195467808162
"4004","Hiroshima",2018,14,13.6761532090912
"4005","Hiroshima",2018,15,12.9596935767783
"4006","Hiroshima",2018,16,14.4406085202788
"4007","Hiroshima",2018,17,15.5011554036598
"4008","Hiroshima",2018,18,16.9354117860354
"4009","Hiroshima",2018,19,15.1178174149837
"4010","Hiroshima",2018,20,19.2625987474614
"4011","Hiroshima",2018,21,18.789961841439
"4012","Hiroshima",2018,22,20.0600361277819
"4013","Hiroshima",2018,23,20.6088791920069
"4014","Hiroshima",2018,24,19.4339151341977
"4015","Hiroshima",2018,25,21.3568562848995
"4016","Hiroshima",2018,26,24.2775846631221
"4017","Hiroshima",2018,27,23.8874124628947
"4018","Hiroshima",2018,28,26.5235887446071
"4019","Hiroshima",2018,29,29.0774084701005
"4020","Hiroshima",2018,30,28.9143075328063
"4021","Hiroshima",2018,31,28.2598655414261
"4022","Hiroshima",2018,32,27.8634852203793
"4023","Hiroshima",2018,33,26.3014375281504
"4024","Hiroshima",2018,34,28.0764403049452
"4025","Hiroshima",2018,35,26.2772198474696
"4026","Hiroshima",2018,36,23.3079181247503
"4027","Hiroshima",2018,37,21.6829121081552
"4028","Hiroshima",2018,38,22.0260682454043
"4029","Hiroshima",2018,39,19.1249737506778
"4030","Hiroshima",2018,40,19.7984102411658
"4031","Hiroshima",2018,41,17.1179379657447
"4032","Hiroshima",2018,42,15.4349409994746
"4033","Hiroshima",2018,43,14.7302810109203
"4034","Hiroshima",2018,44,11.5353642273497
"4035","Hiroshima",2018,45,14.0119222577391
"4036","Hiroshima",2018,46,11.1399506119916
"4037","Hiroshima",2018,47,8.30776045228872
"4038","Hiroshima",2018,48,9.8500545433792
"4039","Hiroshima",2018,49,10.1763519482495
"4040","Hiroshima",2018,50,3.82592694824345
"4041","Hiroshima",2018,51,7.42557987149742
"4042","Hiroshima",2018,52,4.48250058543872
"4043","Hiroshima",2019,1,3.56513458190346
"4044","Hiroshima",2019,2,3.85932585126843
"4045","Hiroshima",2019,3,4.94455721415937
"4046","Hiroshima",2019,4,4.28715752684873
"4047","Hiroshima",2019,5,3.3312173489111
"4048","Hiroshima",2019,6,5.79046667380984
"4049","Hiroshima",2019,7,3.59075621966867
"4050","Hiroshima",2019,8,6.46097717694088
"4051","Hiroshima",2019,9,7.01208093487233
"4052","Hiroshima",2019,10,7.4302186692124
"4053","Hiroshima",2019,11,6.91046527046943
"4054","Hiroshima",2019,12,8.71686678168318
"4055","Hiroshima",2019,13,10.3997860839447
"4056","Hiroshima",2019,14,8.42776008597148
"4057","Hiroshima",2019,15,10.4532744373617
"4058","Hiroshima",2019,16,13.6243212640711
"4059","Hiroshima",2019,17,16.1633571262221
"4060","Hiroshima",2019,18,15.0537944868487
"4061","Hiroshima",2019,19,16.2101085590413
"4062","Hiroshima",2019,20,19.8982966844369
"4063","Hiroshima",2019,21,19.8575732743501
"4064","Hiroshima",2019,22,19.5783142380804
"4065","Hiroshima",2019,23,21.6212405757618
"4066","Hiroshima",2019,24,19.5810577558478
"4067","Hiroshima",2019,25,21.1268852296218
"4068","Hiroshima",2019,26,22.6275620031123
"4069","Hiroshima",2019,27,23.1942348180205
"4070","Hiroshima",2019,28,22.724709996004
"4071","Hiroshima",2019,29,23.7992447266229
"4072","Hiroshima",2019,30,26.1038159331997
"4073","Hiroshima",2019,31,28.0247463403232
"4074","Hiroshima",2019,32,27.9620482781271
"4075","Hiroshima",2019,33,28.1189819794356
"4076","Hiroshima",2019,34,25.1034648952913
"4077","Hiroshima",2019,35,23.0859132544907
"4078","Hiroshima",2019,36,25.5596574263783
"4079","Hiroshima",2019,37,25.8433747849173
"4080","Hiroshima",2019,38,21.6991615925657
"4081","Hiroshima",2019,39,21.5635237568766
"4082","Hiroshima",2019,40,22.7412777372164
"4083","Hiroshima",2019,41,18.9110083532313
"4084","Hiroshima",2019,42,16.0724958018666
"4085","Hiroshima",2019,43,17.0945631471938
"4086","Hiroshima",2019,44,14.436055875565
"4087","Hiroshima",2019,45,11.9633634338273
"4088","Hiroshima",2019,46,11.6928893993047
"4089","Hiroshima",2019,47,10.0451505584248
"4090","Hiroshima",2019,48,9.04801911236089
"4091","Hiroshima",2019,49,6.251312564928
"4092","Hiroshima",2019,50,6.4871672873751
"4093","Hiroshima",2019,51,7.37167336348676
"4094","Hiroshima",2019,52,5.86907646547684
"4095","Hiroshima",2020,1,5.85207701903369
"4096","Hiroshima",2020,2,6.64518725028179
"4097","Hiroshima",2020,3,4.26037609327743
"4098","Hiroshima",2020,4,6.61999663283508
"4099","Hiroshima",2020,5,5.93145457396621
"4100","Hiroshima",2020,6,3.58674599971784
"4101","Hiroshima",2020,7,7.2035825443988
"4102","Hiroshima",2020,8,5.31028251097692
"4103","Hiroshima",2020,9,6.57020209281694
"4104","Hokkaido",2013,1,-9.08328697001789
"4105","Hokkaido",2013,2,-10.9435872112997
"4106","Hokkaido",2013,3,-10.4647672425039
"4107","Hokkaido",2013,4,-6.37949906836428
"4108","Hokkaido",2013,5,-4.95508659724455
"4109","Hokkaido",2013,6,-6.77626071424553
"4110","Hokkaido",2013,7,-8.20631095437011
"4111","Hokkaido",2013,8,-8.91920674826835
"4112","Hokkaido",2013,9,-5.66104940748045
"4113","Hokkaido",2013,10,-4.05530716108442
"4114","Hokkaido",2013,11,-3.38543482710125
"4115","Hokkaido",2013,12,-1.55827148410355
"4116","Hokkaido",2013,13,-1.07390304937315
"4117","Hokkaido",2013,14,2.06456093150948
"4118","Hokkaido",2013,15,3.05184365969891
"4119","Hokkaido",2013,16,2.81871020053783
"4120","Hokkaido",2013,17,5.5191369688152
"4121","Hokkaido",2013,18,2.97108285467865
"4122","Hokkaido",2013,19,4.96291611291161
"4123","Hokkaido",2013,20,7.08297401534752
"4124","Hokkaido",2013,21,9.59772662365945
"4125","Hokkaido",2013,22,15.049403534312
"4126","Hokkaido",2013,23,12.5436600974505
"4127","Hokkaido",2013,24,16.9451013934446
"4128","Hokkaido",2013,25,14.7157694528435
"4129","Hokkaido",2013,26,14.1753972362279
"4130","Hokkaido",2013,27,18.8421760523351
"4131","Hokkaido",2013,28,20.5970223803582
"4132","Hokkaido",2013,29,18.1560915133205
"4133","Hokkaido",2013,30,19.1853979396214
"4134","Hokkaido",2013,31,19.1527274029138
"4135","Hokkaido",2013,32,21.3421116294183
"4136","Hokkaido",2013,33,22.1216661963723
"4137","Hokkaido",2013,34,20.759334684138
"4138","Hokkaido",2013,35,17.3101623855532
"4139","Hokkaido",2013,36,17.6776909625019
"4140","Hokkaido",2013,37,18.6959081667727
"4141","Hokkaido",2013,38,16.11186823556
"4142","Hokkaido",2013,39,13.0202443345108
"4143","Hokkaido",2013,40,14.3974412687372
"4144","Hokkaido",2013,41,13.4827375483223
"4145","Hokkaido",2013,42,7.62259590367449
"4146","Hokkaido",2013,43,8.86009738319203
"4147","Hokkaido",2013,44,7.55754998349802
"4148","Hokkaido",2013,45,6.96162421438539
"4149","Hokkaido",2013,46,1.51654044372715
"4150","Hokkaido",2013,47,4.1333052722727
"4151","Hokkaido",2013,48,1.62272485404308
"4152","Hokkaido",2013,49,0.0427401592230336
"4153","Hokkaido",2013,50,-1.04360321702808
"4154","Hokkaido",2013,51,-1.37060961833522
"4155","Hokkaido",2013,52,-4.4433516580291
"4156","Hokkaido",2014,1,-4.89872691283808
"4157","Hokkaido",2014,2,-7.75768348690644
"4158","Hokkaido",2014,3,-10.3068916663556
"4159","Hokkaido",2014,4,-7.85943834740078
"4160","Hokkaido",2014,5,-6.82603119342472
"4161","Hokkaido",2014,6,-9.9946103138602
"4162","Hokkaido",2014,7,-7.10888062892035
"4163","Hokkaido",2014,8,-5.78295768762594
"4164","Hokkaido",2014,9,-3.38908044085941
"4165","Hokkaido",2014,10,-6.39097366672639
"4166","Hokkaido",2014,11,-4.60153067567178
"4167","Hokkaido",2014,12,-2.56708722663669
"4168","Hokkaido",2014,13,2.6737607371533
"4169","Hokkaido",2014,14,0.839426527675146
"4170","Hokkaido",2014,15,0.721759632469075
"4171","Hokkaido",2014,16,2.58565917596685
"4172","Hokkaido",2014,17,7.54378253825127
"4173","Hokkaido",2014,18,9.36876731754681
"4174","Hokkaido",2014,19,8.94676044992652
"4175","Hokkaido",2014,20,10.6934794085801
"4176","Hokkaido",2014,21,9.02036225407375
"4177","Hokkaido",2014,22,13.2410848664302
"4178","Hokkaido",2014,23,16.8161925876852
"4179","Hokkaido",2014,24,14.5787569432595
"4180","Hokkaido",2014,25,13.5402972194675
"4181","Hokkaido",2014,26,16.8100797420507
"4182","Hokkaido",2014,27,17.0451154040328
"4183","Hokkaido",2014,28,18.0270887591065
"4184","Hokkaido",2014,29,20.101632860233
"4185","Hokkaido",2014,30,20.3380354962151
"4186","Hokkaido",2014,31,20.7802839653889
"4187","Hokkaido",2014,32,21.4752315632299
"4188","Hokkaido",2014,33,19.4597946040256
"4189","Hokkaido",2014,34,19.6997088478266
"4190","Hokkaido",2014,35,16.9633778424922
"4191","Hokkaido",2014,36,18.5098568512836
"4192","Hokkaido",2014,37,16.298988451025
"4193","Hokkaido",2014,38,13.2593933841692
"4194","Hokkaido",2014,39,14.3543064911812
"4195","Hokkaido",2014,40,11.6389983909944
"4196","Hokkaido",2014,41,9.59059656067827
"4197","Hokkaido",2014,42,8.60713974337731
"4198","Hokkaido",2014,43,8.93553062548271
"4199","Hokkaido",2014,44,7.91728961265652
"4200","Hokkaido",2014,45,6.92752657758483
"4201","Hokkaido",2014,46,4.137080094078
"4202","Hokkaido",2014,47,2.31863959114482
"4203","Hokkaido",2014,48,2.02879071226039
"4204","Hokkaido",2014,49,-1.72256946339577
"4205","Hokkaido",2014,50,-4.36015116403222
"4206","Hokkaido",2014,51,-3.0423192727026
"4207","Hokkaido",2014,52,-6.0018976475082
"4208","Hokkaido",2015,1,-3.72266521540174
"4209","Hokkaido",2015,2,-3.9267428113691
"4210","Hokkaido",2015,3,-5.66024711306506
"4211","Hokkaido",2015,4,-4.39741119256556
"4212","Hokkaido",2015,5,-6.93218292132383
"4213","Hokkaido",2015,6,-5.10103826380893
"4214","Hokkaido",2015,7,-2.12465306408286
"4215","Hokkaido",2015,8,-1.4903695927025
"4216","Hokkaido",2015,9,-1.37629180919151
"4217","Hokkaido",2015,10,-0.178217478178794
"4218","Hokkaido",2015,11,1.92574941767779
"4219","Hokkaido",2015,12,1.82857923128856
"4220","Hokkaido",2015,13,3.4789213107677
"4221","Hokkaido",2015,14,2.07637611715792
"4222","Hokkaido",2015,15,4.27869118201276
"4223","Hokkaido",2015,16,6.9531460410398
"4224","Hokkaido",2015,17,11.3922043957139
"4225","Hokkaido",2015,18,10.6329338408259
"4226","Hokkaido",2015,19,9.36515705237076
"4227","Hokkaido",2015,20,10.6265040604446
"4228","Hokkaido",2015,21,13.0807290667144
"4229","Hokkaido",2015,22,12.3671873414145
"4230","Hokkaido",2015,23,12.6597657843983
"4231","Hokkaido",2015,24,15.2126563897845
"4232","Hokkaido",2015,25,13.3468770795352
"4233","Hokkaido",2015,26,14.0023734871889
"4234","Hokkaido",2015,27,16.0417667592739
"4235","Hokkaido",2015,28,18.5473842487965
"4236","Hokkaido",2015,29,20.521373006432
"4237","Hokkaido",2015,30,21.4545850123309
"4238","Hokkaido",2015,31,21.2296518979533
"4239","Hokkaido",2015,32,20.4955025132301
"4240","Hokkaido",2015,33,18.0569448920507
"4241","Hokkaido",2015,34,16.5477224725923
"4242","Hokkaido",2015,35,17.9202405823261
"4243","Hokkaido",2015,36,16.6735534782609
"4244","Hokkaido",2015,37,15.0043621126062
"4245","Hokkaido",2015,38,16.3060438556535
"4246","Hokkaido",2015,39,12.6283268505432
"4247","Hokkaido",2015,40,10.641070138953
"4248","Hokkaido",2015,41,9.36809965904004
"4249","Hokkaido",2015,42,7.70372773845275
"4250","Hokkaido",2015,43,5.30146195578567
"4251","Hokkaido",2015,44,6.7475313839062
"4252","Hokkaido",2015,45,4.05028731599262
"4253","Hokkaido",2015,46,3.89265456086421
"4254","Hokkaido",2015,47,-1.46489284951005
"4255","Hokkaido",2015,48,-0.608230357974906
"4256","Hokkaido",2015,49,0.278872421079443
"4257","Hokkaido",2015,50,-0.812700165856143
"4258","Hokkaido",2015,51,-2.79697409620112
"4259","Hokkaido",2015,52,-5.33577278058874
"4260","Hokkaido",2016,1,-5.52405827776233
"4261","Hokkaido",2016,2,-8.77830927901581
"4262","Hokkaido",2016,3,-5.48481381861074
"4263","Hokkaido",2016,4,-7.76334637366922
"4264","Hokkaido",2016,5,-8.19444855787586
"4265","Hokkaido",2016,6,-3.36263182975693
"4266","Hokkaido",2016,7,-4.08966190480947
"4267","Hokkaido",2016,8,-7.55341506583435
"4268","Hokkaido",2016,9,-6.0087802573556
"4269","Hokkaido",2016,10,-2.19042549045183
"4270","Hokkaido",2016,11,1.72077256369195
"4271","Hokkaido",2016,12,-1.4725619079914
"4272","Hokkaido",2016,13,3.04904794360368
"4273","Hokkaido",2016,14,4.83880987942255
"4274","Hokkaido",2016,15,3.71386886744259
"4275","Hokkaido",2016,16,5.56079272264982
"4276","Hokkaido",2016,17,4.40318734540879
"4277","Hokkaido",2016,18,9.16897357853369
"4278","Hokkaido",2016,19,10.1916901345452
"4279","Hokkaido",2016,20,13.8655011129065
"4280","Hokkaido",2016,21,14.5637401344993
"4281","Hokkaido",2016,22,9.53028768016231
"4282","Hokkaido",2016,23,12.9614897718116
"4283","Hokkaido",2016,24,12.6458015768186
"4284","Hokkaido",2016,25,14.0315957034084
"4285","Hokkaido",2016,26,16.6775079037144
"4286","Hokkaido",2016,27,15.6078156387402
"4287","Hokkaido",2016,28,17.1735541024242
"4288","Hokkaido",2016,29,17.1467599543693
"4289","Hokkaido",2016,30,19.7360256189847
"4290","Hokkaido",2016,31,21.8322186040724
"4291","Hokkaido",2016,32,21.1902391654423
"4292","Hokkaido",2016,33,21.6906415325595
"4293","Hokkaido",2016,34,20.4101039667014
"4294","Hokkaido",2016,35,20.8485324339375
"4295","Hokkaido",2016,36,17.9973022646366
"4296","Hokkaido",2016,37,16.0498601480436
"4297","Hokkaido",2016,38,14.3891406357049
"4298","Hokkaido",2016,39,15.8672161434204
"4299","Hokkaido",2016,40,12.1376508781612
"4300","Hokkaido",2016,41,8.28524144579025
"4301","Hokkaido",2016,42,8.89331545127365
"4302","Hokkaido",2016,43,4.6199805275193
"4303","Hokkaido",2016,44,0.835413156505142
"4304","Hokkaido",2016,45,0.0302172931863781
"4305","Hokkaido",2016,46,2.71362376688774
"4306","Hokkaido",2016,47,-3.22494888489605
"4307","Hokkaido",2016,48,-0.675102359483049
"4308","Hokkaido",2016,49,-2.76717853872543
"4309","Hokkaido",2016,50,-6.7747937394078
"4310","Hokkaido",2016,51,-3.15938984647986
"4311","Hokkaido",2016,52,-5.99079742675547
"4312","Hokkaido",2017,1,-5.46226601118791
"4313","Hokkaido",2017,2,-9.63992596391764
"4314","Hokkaido",2017,3,-6.64503934416643
"4315","Hokkaido",2017,4,-7.37955619858404
"4316","Hokkaido",2017,5,-7.98309216666901
"4317","Hokkaido",2017,6,-4.81698641389956
"4318","Hokkaido",2017,7,-2.94976044879515
"4319","Hokkaido",2017,8,-5.22037283788962
"4320","Hokkaido",2017,9,-3.81832605624926
"4321","Hokkaido",2017,10,-3.74769404451648
"4322","Hokkaido",2017,11,-2.107565989965
"4323","Hokkaido",2017,12,-0.482196624281357
"4324","Hokkaido",2017,13,-0.156382951662343
"4325","Hokkaido",2017,14,4.83883230988887
"4326","Hokkaido",2017,15,4.4359373275194
"4327","Hokkaido",2017,16,3.83221364320316
"4328","Hokkaido",2017,17,6.42739579374379
"4329","Hokkaido",2017,18,10.54946778208
"4330","Hokkaido",2017,19,9.01165372177893
"4331","Hokkaido",2017,20,11.3564238942503
"4332","Hokkaido",2017,21,11.6120243879788
"4333","Hokkaido",2017,22,12.1664664203493
"4334","Hokkaido",2017,23,12.0804316516425
"4335","Hokkaido",2017,24,11.7428491033395
"4336","Hokkaido",2017,25,14.9860328999476
"4337","Hokkaido",2017,26,15.3839950485973
"4338","Hokkaido",2017,27,18.6230697885269
"4339","Hokkaido",2017,28,22.6548689603124
"4340","Hokkaido",2017,29,18.926846986783
"4341","Hokkaido",2017,30,19.0866675776562
"4342","Hokkaido",2017,31,19.1244301719076
"4343","Hokkaido",2017,32,17.8597138575133
"4344","Hokkaido",2017,33,17.5616781904829
"4345","Hokkaido",2017,34,20.1854535695615
"4346","Hokkaido",2017,35,16.9024109493925
"4347","Hokkaido",2017,36,17.4254441576452
"4348","Hokkaido",2017,37,14.6061326971281
"4349","Hokkaido",2017,38,15.811383847018
"4350","Hokkaido",2017,39,13.0678035570416
"4351","Hokkaido",2017,40,12.0144232790814
"4352","Hokkaido",2017,41,9.76926443953971
"4353","Hokkaido",2017,42,6.74628660570006
"4354","Hokkaido",2017,43,7.21673252461498
"4355","Hokkaido",2017,44,6.32063411202838
"4356","Hokkaido",2017,45,6.94274807766037
"4357","Hokkaido",2017,46,2.0432916567988
"4358","Hokkaido",2017,47,-2.08543661670969
"4359","Hokkaido",2017,48,-2.82751664084248
"4360","Hokkaido",2017,49,-5.23018990264294
"4361","Hokkaido",2017,50,-2.98773510167877
"4362","Hokkaido",2017,51,-4.5892752656205
"4363","Hokkaido",2017,52,-4.44525302517094
"4364","Hokkaido",2018,1,-3.1284025786305
"4365","Hokkaido",2018,2,-4.81944615615658
"4366","Hokkaido",2018,3,-4.082350196546
"4367","Hokkaido",2018,4,-7.99885682972227
"4368","Hokkaido",2018,5,-8.39965978626637
"4369","Hokkaido",2018,6,-5.37387551033907
"4370","Hokkaido",2018,7,-7.9926014674592
"4371","Hokkaido",2018,8,-7.55691864946215
"4372","Hokkaido",2018,9,-4.94241577868602
"4373","Hokkaido",2018,10,-2.98945771310906
"4374","Hokkaido",2018,11,-0.701192088674093
"4375","Hokkaido",2018,12,-0.848639215972574
"4376","Hokkaido",2018,13,4.34530770367014
"4377","Hokkaido",2018,14,1.80596748278547
"4378","Hokkaido",2018,15,3.36412239637455
"4379","Hokkaido",2018,16,7.00688131446252
"4380","Hokkaido",2018,17,6.54549198042752
"4381","Hokkaido",2018,18,9.0600953122132
"4382","Hokkaido",2018,19,7.73869039342685
"4383","Hokkaido",2018,20,10.6993542061348
"4384","Hokkaido",2018,21,11.5720134664431
"4385","Hokkaido",2018,22,13.2448691569758
"4386","Hokkaido",2018,23,15.0204292382187
"4387","Hokkaido",2018,24,9.28899086367295
"4388","Hokkaido",2018,25,14.8740483240889
"4389","Hokkaido",2018,26,15.0533249867842
"4390","Hokkaido",2018,27,14.6280284070135
"4391","Hokkaido",2018,28,16.5711187586529
"4392","Hokkaido",2018,29,18.9700055820289
"4393","Hokkaido",2018,30,19.726722247475
"4394","Hokkaido",2018,31,21.8137888228555
"4395","Hokkaido",2018,32,17.7166985657372
"4396","Hokkaido",2018,33,17.0263746862951
"4397","Hokkaido",2018,34,19.5903821026288
"4398","Hokkaido",2018,35,17.1376839803504
"4399","Hokkaido",2018,36,19.4309071061673
"4400","Hokkaido",2018,37,15.5855541408391
"4401","Hokkaido",2018,38,15.7660949158295
"4402","Hokkaido",2018,39,13.9963585207189
"4403","Hokkaido",2018,40,13.5512341039663
"4404","Hokkaido",2018,41,12.1444343443905
"4405","Hokkaido",2018,42,9.19948414530236
"4406","Hokkaido",2018,43,10.4765212625624
"4407","Hokkaido",2018,44,7.27092649776217
"4408","Hokkaido",2018,45,8.40747324820203
"4409","Hokkaido",2018,46,4.77906555864251
"4410","Hokkaido",2018,47,-0.0793339123567794
"4411","Hokkaido",2018,48,0.828920607643632
"4412","Hokkaido",2018,49,-0.894627225387085
"4413","Hokkaido",2018,50,-5.80521605620063
"4414","Hokkaido",2018,51,-1.80731824319897
"4415","Hokkaido",2018,52,-5.0007977524672
"4416","Hokkaido",2019,1,-4.9877295692797
"4417","Hokkaido",2019,2,-6.35859663163898
"4418","Hokkaido",2019,3,-6.69881057650875
"4419","Hokkaido",2019,4,-6.56407060840348
"4420","Hokkaido",2019,5,-6.8309284215458
"4421","Hokkaido",2019,6,-8.98601523007608
"4422","Hokkaido",2019,7,-8.57410627128071
"4423","Hokkaido",2019,8,-2.91532131860487
"4424","Hokkaido",2019,9,-2.04424613493639
"4425","Hokkaido",2019,10,-0.893283299791043
"4426","Hokkaido",2019,11,-0.84326981481245
"4427","Hokkaido",2019,12,0.190663497003673
"4428","Hokkaido",2019,13,-1.65955302265574
"4429","Hokkaido",2019,14,-0.131183841004234
"4430","Hokkaido",2019,15,3.16433936038878
"4431","Hokkaido",2019,16,7.11098508203903
"4432","Hokkaido",2019,17,5.91518635839476
"4433","Hokkaido",2019,18,9.64148426912833
"4434","Hokkaido",2019,19,8.65718900826796
"4435","Hokkaido",2019,20,11.6796285260165
"4436","Hokkaido",2019,21,15.0199841462943
"4437","Hokkaido",2019,22,15.9754061725289
"4438","Hokkaido",2019,23,13.9481723329384
"4439","Hokkaido",2019,24,13.5623991867148
"4440","Hokkaido",2019,25,13.6644957996511
"4441","Hokkaido",2019,26,15.1015412300256
"4442","Hokkaido",2019,27,15.5136156740423
"4443","Hokkaido",2019,28,16.3617433300186
"4444","Hokkaido",2019,29,18.0063076194776
"4445","Hokkaido",2019,30,19.9395216494678
"4446","Hokkaido",2019,31,23.7552162858635
"4447","Hokkaido",2019,32,19.9149942228606
"4448","Hokkaido",2019,33,19.3531662970051
"4449","Hokkaido",2019,34,17.520733485611
"4450","Hokkaido",2019,35,17.8149997358739
"4451","Hokkaido",2019,36,19.2794795590742
"4452","Hokkaido",2019,37,18.6390242742742
"4453","Hokkaido",2019,38,15.0263531090919
"4454","Hokkaido",2019,39,14.1758791217226
"4455","Hokkaido",2019,40,15.5484885860723
"4456","Hokkaido",2019,41,12.1590324065896
"4457","Hokkaido",2019,42,7.71354529589547
"4458","Hokkaido",2019,43,10.4094111656928
"4459","Hokkaido",2019,44,9.21727248438704
"4460","Hokkaido",2019,45,2.99722049559633
"4461","Hokkaido",2019,46,2.72785615555534
"4462","Hokkaido",2019,47,0.689396812068952
"4463","Hokkaido",2019,48,-1.2556757101183
"4464","Hokkaido",2019,49,-2.85786603048505
"4465","Hokkaido",2019,50,-1.1732788268354
"4466","Hokkaido",2019,51,-2.53834727763422
"4467","Hokkaido",2019,52,-7.04606167052113
"4468","Hokkaido",2020,1,-5.61385383716137
"4469","Hokkaido",2020,2,-5.22894678593218
"4470","Hokkaido",2020,3,-6.8140147462233
"4471","Hokkaido",2020,4,-5.42997228238041
"4472","Hokkaido",2020,5,-4.46256170785668
"4473","Hokkaido",2020,6,-9.46103113872014
"4474","Hokkaido",2020,7,-3.76114647210194
"4475","Hokkaido",2020,8,-3.93043260919537
"4476","Hokkaido",2020,9,-5.37157818504331
"4477","Hyōgo",2013,1,1.76126238323114
"4478","Hyōgo",2013,2,3.61559124011916
"4479","Hyōgo",2013,3,3.134369516486
"4480","Hyōgo",2013,4,3.90853593203794
"4481","Hyōgo",2013,5,5.51284222290501
"4482","Hyōgo",2013,6,3.85964086703092
"4483","Hyōgo",2013,7,3.18974713465255
"4484","Hyōgo",2013,8,2.93176136006672
"4485","Hyōgo",2013,9,5.39933151027234
"4486","Hyōgo",2013,10,9.60857618480718
"4487","Hyōgo",2013,11,6.91285250137143
"4488","Hyōgo",2013,12,10.7330437655183
"4489","Hyōgo",2013,13,9.4667390828219
"4490","Hyōgo",2013,14,12.3022953467131
"4491","Hyōgo",2013,15,9.48308940562856
"4492","Hyōgo",2013,16,13.5133428795258
"4493","Hyōgo",2013,17,11.9172464670419
"4494","Hyōgo",2013,18,12.8521198015365
"4495","Hyōgo",2013,19,15.4391186905991
"4496","Hyōgo",2013,20,18.7037936610124
"4497","Hyōgo",2013,21,20.0675975627164
"4498","Hyōgo",2013,22,20.3212766121492
"4499","Hyōgo",2013,23,21.1174584315529
"4500","Hyōgo",2013,24,24.0030210615779
"4501","Hyōgo",2013,25,22.5759468254363
"4502","Hyōgo",2013,26,22.6053838314255
"4503","Hyōgo",2013,27,24.9739506235556
"4504","Hyōgo",2013,28,27.8985783392048
"4505","Hyōgo",2013,29,26.2011945220853
"4506","Hyōgo",2013,30,27.1067916375709
"4507","Hyōgo",2013,31,26.8118073954284
"4508","Hyōgo",2013,32,28.2414091105321
"4509","Hyōgo",2013,33,28.5763115485074
"4510","Hyōgo",2013,34,28.0535806935015
"4511","Hyōgo",2013,35,25.4576995711781
"4512","Hyōgo",2013,36,22.2249523289681
"4513","Hyōgo",2013,37,25.0830771724461
"4514","Hyōgo",2013,38,22.3285587654714
"4515","Hyōgo",2013,39,22.4019959762918
"4516","Hyōgo",2013,40,21.4544269532406
"4517","Hyōgo",2013,41,23.1347586288936
"4518","Hyōgo",2013,42,16.9347954842934
"4519","Hyōgo",2013,43,17.1724912086772
"4520","Hyōgo",2013,44,14.5670170635566
"4521","Hyōgo",2013,45,14.9400928336809
"4522","Hyōgo",2013,46,10.5362392116771
"4523","Hyōgo",2013,47,9.0946024680795
"4524","Hyōgo",2013,48,8.42893306980019
"4525","Hyōgo",2013,49,8.3724502041363
"4526","Hyōgo",2013,50,6.11765483674389
"4527","Hyōgo",2013,51,5.7875224740655
"4528","Hyōgo",2013,52,4.03710635028646
"4529","Hyōgo",2014,1,4.69168347295443
"4530","Hyōgo",2014,2,3.2292429504154
"4531","Hyōgo",2014,3,2.79194472550387
"4532","Hyōgo",2014,4,3.8436186518525
"4533","Hyōgo",2014,5,6.32020759250196
"4534","Hyōgo",2014,6,3.81074614135855
"4535","Hyōgo",2014,7,2.86782942350297
"4536","Hyōgo",2014,8,2.78864042085599
"4537","Hyōgo",2014,9,7.55629947562332
"4538","Hyōgo",2014,10,4.38736458508463
"4539","Hyōgo",2014,11,6.03944762833591
"4540","Hyōgo",2014,12,8.73066996880297
"4541","Hyōgo",2014,13,13.053849296797
"4542","Hyōgo",2014,14,10.9578409776502
"4543","Hyōgo",2014,15,10.8327027119586
"4544","Hyōgo",2014,16,12.9786607509404
"4545","Hyōgo",2014,17,14.4602595808783
"4546","Hyōgo",2014,18,16.7034191962939
"4547","Hyōgo",2014,19,15.5283431527876
"4548","Hyōgo",2014,20,17.8320899868094
"4549","Hyōgo",2014,21,18.2264817936624
"4550","Hyōgo",2014,22,21.3163007406582
"4551","Hyōgo",2014,23,21.8286881821699
"4552","Hyōgo",2014,24,21.5524832825312
"4553","Hyōgo",2014,25,22.0155890010289
"4554","Hyōgo",2014,26,22.4594757669058
"4555","Hyōgo",2014,27,23.2490735348694
"4556","Hyōgo",2014,28,25.2180069409419
"4557","Hyōgo",2014,29,25.7003942168723
"4558","Hyōgo",2014,30,27.6640023459345
"4559","Hyōgo",2014,31,26.3765360079838
"4560","Hyōgo",2014,32,25.7601356239646
"4561","Hyōgo",2014,33,25.5553151471931
"4562","Hyōgo",2014,34,26.8458605068083
"4563","Hyōgo",2014,35,24.3685485914185
"4564","Hyōgo",2014,36,24.2747181226516
"4565","Hyōgo",2014,37,22.6698067242844
"4566","Hyōgo",2014,38,20.6490584511443
"4567","Hyōgo",2014,39,21.6463464587357
"4568","Hyōgo",2014,40,21.3432359503949
"4569","Hyōgo",2014,41,18.8781938847517
"4570","Hyōgo",2014,42,15.9577092080131
"4571","Hyōgo",2014,43,16.6373407048105
"4572","Hyōgo",2014,44,15.5060197734189
"4573","Hyōgo",2014,45,13.9133652639147
"4574","Hyōgo",2014,46,11.0349364310368
"4575","Hyōgo",2014,47,10.1297866469421
"4576","Hyōgo",2014,48,12.9936465088353
"4577","Hyōgo",2014,49,6.6615595844076
"4578","Hyōgo",2014,50,5.7850604103702
"4579","Hyōgo",2014,51,2.63718765684208
"4580","Hyōgo",2014,52,3.77670276995821
"4581","Hyōgo",2015,1,4.87902290157461
"4582","Hyōgo",2015,2,4.7532339970142
"4583","Hyōgo",2015,3,5.36549511738695
"4584","Hyōgo",2015,4,4.49557133807657
"4585","Hyōgo",2015,5,4.02526637363231
"4586","Hyōgo",2015,6,3.04847129039909
"4587","Hyōgo",2015,7,5.62940421041726
"4588","Hyōgo",2015,8,7.45759382904744
"4589","Hyōgo",2015,9,5.79192437816893
"4590","Hyōgo",2015,10,5.00133576248675
"4591","Hyōgo",2015,11,11.798249916292
"4592","Hyōgo",2015,12,8.68908906376986
"4593","Hyōgo",2015,13,14.3394707859471
"4594","Hyōgo",2015,14,10.0462174208452
"4595","Hyōgo",2015,15,13.185383477497
"4596","Hyōgo",2015,16,14.9763810984568
"4597","Hyōgo",2015,17,19.3836989096656
"4598","Hyōgo",2015,18,18.1720083543696
"4599","Hyōgo",2015,19,18.3507228404266
"4600","Hyōgo",2015,20,19.1919517385694
"4601","Hyōgo",2015,21,22.2005568276282
"4602","Hyōgo",2015,22,19.5843836133674
"4603","Hyōgo",2015,23,21.5457047376338
"4604","Hyōgo",2015,24,21.8343664292072
"4605","Hyōgo",2015,25,22.6261386106407
"4606","Hyōgo",2015,26,21.9065820985924
"4607","Hyōgo",2015,27,23.654862133408
"4608","Hyōgo",2015,28,26.2874730704207
"4609","Hyōgo",2015,29,26.3323680207462
"4610","Hyōgo",2015,30,28.147441430901
"4611","Hyōgo",2015,31,28.9070413283671
"4612","Hyōgo",2015,32,26.7034985869189
"4613","Hyōgo",2015,33,25.7174516215484
"4614","Hyōgo",2015,34,25.1279553709733
"4615","Hyōgo",2015,35,23.3743812414679
"4616","Hyōgo",2015,36,21.4732253737476
"4617","Hyōgo",2015,37,20.6608771742676
"4618","Hyōgo",2015,38,21.2652945706904
"4619","Hyōgo",2015,39,19.9776211055523
"4620","Hyōgo",2015,40,17.7490670421154
"4621","Hyōgo",2015,41,16.3930886708023
"4622","Hyōgo",2015,42,17.8250367912176
"4623","Hyōgo",2015,43,14.2683729959558
"4624","Hyōgo",2015,44,15.0731941752873
"4625","Hyōgo",2015,45,15.2575178680513
"4626","Hyōgo",2015,46,14.6081952247775
"4627","Hyōgo",2015,47,10.3312418570727
"4628","Hyōgo",2015,48,9.0783577247662
"4629","Hyōgo",2015,49,9.96267486662282
"4630","Hyōgo",2015,50,7.97491327473237
"4631","Hyōgo",2015,51,8.33869867155586
"4632","Hyōgo",2015,52,5.24347543151199
"4633","Hyōgo",2016,1,7.18218406454822
"4634","Hyōgo",2016,2,4.5377068203722
"4635","Hyōgo",2016,3,2.99973488657629
"4636","Hyōgo",2016,4,3.70039682400984
"4637","Hyōgo",2016,5,4.56213885767308
"4638","Hyōgo",2016,6,6.79270583400297
"4639","Hyōgo",2016,7,5.584195420834
"4640","Hyōgo",2016,8,4.824631011265
"4641","Hyōgo",2016,9,8.19275503250081
"4642","Hyōgo",2016,10,8.73890737544774
"4643","Hyōgo",2016,11,9.32987809979538
"4644","Hyōgo",2016,12,7.54167079800824
"4645","Hyōgo",2016,13,12.2399519039883
"4646","Hyōgo",2016,14,14.2155568296751
"4647","Hyōgo",2016,15,13.6977199369648
"4648","Hyōgo",2016,16,15.4337222269724
"4649","Hyōgo",2016,17,15.1501984155948
"4650","Hyōgo",2016,18,18.1421214502316
"4651","Hyōgo",2016,19,17.8756822851235
"4652","Hyōgo",2016,20,19.0781596605291
"4653","Hyōgo",2016,21,21.3117418605586
"4654","Hyōgo",2016,22,19.568624800991
"4655","Hyōgo",2016,23,21.6723226856568
"4656","Hyōgo",2016,24,22.9136339209534
"4657","Hyōgo",2016,25,22.8590779153294
"4658","Hyōgo",2016,26,23.6770212346574
"4659","Hyōgo",2016,27,26.2360437188023
"4660","Hyōgo",2016,28,25.8912356558677
"4661","Hyōgo",2016,29,25.7957449919563
"4662","Hyōgo",2016,30,26.7549822165739
"4663","Hyōgo",2016,31,27.8231243202783
"4664","Hyōgo",2016,32,27.7944671725681
"4665","Hyōgo",2016,33,27.8048251998257
"4666","Hyōgo",2016,34,27.0464617459634
"4667","Hyōgo",2016,35,24.8495583467587
"4668","Hyōgo",2016,36,24.912298834119
"4669","Hyōgo",2016,37,24.1889071556501
"4670","Hyōgo",2016,38,21.3388998656704
"4671","Hyōgo",2016,39,22.8603657113109
"4672","Hyōgo",2016,40,22.7820427452279
"4673","Hyōgo",2016,41,16.5226822197471
"4674","Hyōgo",2016,42,19.1969162971465
"4675","Hyōgo",2016,43,15.7467927285222
"4676","Hyōgo",2016,44,12.6553800652502
"4677","Hyōgo",2016,45,11.2004160605749
"4678","Hyōgo",2016,46,13.2652131597268
"4679","Hyōgo",2016,47,11.1997917722235
"4680","Hyōgo",2016,48,9.78074633950528
"4681","Hyōgo",2016,49,8.79472782969957
"4682","Hyōgo",2016,50,5.72320658091598
"4683","Hyōgo",2016,51,9.27094699772177
"4684","Hyōgo",2016,52,5.47767172139884
"4685","Hyōgo",2017,1,6.31184876087267
"4686","Hyōgo",2017,2,4.52432040685842
"4687","Hyōgo",2017,3,2.8713780088378
"4688","Hyōgo",2017,4,2.02652124052417
"4689","Hyōgo",2017,5,4.50714759001095
"4690","Hyōgo",2017,6,3.10085914744012
"4691","Hyōgo",2017,7,4.34892394515897
"4692","Hyōgo",2017,8,5.28047147352882
"4693","Hyōgo",2017,9,5.91881871593971
"4694","Hyōgo",2017,10,5.70322561501858
"4695","Hyōgo",2017,11,7.10181731026418
"4696","Hyōgo",2017,12,8.17689053482928
"4697","Hyōgo",2017,13,8.50348610352634
"4698","Hyōgo",2017,14,13.8803588796174
"4699","Hyōgo",2017,15,12.7342157768347
"4700","Hyōgo",2017,16,14.9950458320056
"4701","Hyōgo",2017,17,14.8685382156755
"4702","Hyōgo",2017,18,17.6258011105403
"4703","Hyōgo",2017,19,18.269616779049
"4704","Hyōgo",2017,20,18.6294309723266
"4705","Hyōgo",2017,21,19.7652709429304
"4706","Hyōgo",2017,22,20.2715187164791
"4707","Hyōgo",2017,23,19.6468683878043
"4708","Hyōgo",2017,24,19.4199983594357
"4709","Hyōgo",2017,25,22.6965789540266
"4710","Hyōgo",2017,26,23.5351539477708
"4711","Hyōgo",2017,27,25.6117792374821
"4712","Hyōgo",2017,28,26.9538407168141
"4713","Hyōgo",2017,29,27.8500040927359
"4714","Hyōgo",2017,30,26.9793938876911
"4715","Hyōgo",2017,31,28.1347522610513
"4716","Hyōgo",2017,32,27.3779812833307
"4717","Hyōgo",2017,33,26.2812139702004
"4718","Hyōgo",2017,34,28.0007483919368
"4719","Hyōgo",2017,35,25.0446188835184
"4720","Hyōgo",2017,36,22.9967902589638
"4721","Hyōgo",2017,37,22.7429617926071
"4722","Hyōgo",2017,38,21.5037367320533
"4723","Hyōgo",2017,39,20.4355724574692
"4724","Hyōgo",2017,40,19.0210159621852
"4725","Hyōgo",2017,41,20.2450907702979
"4726","Hyōgo",2017,42,15.5817854366985
"4727","Hyōgo",2017,43,15.3393195313572
"4728","Hyōgo",2017,44,13.3405566296797
"4729","Hyōgo",2017,45,13.0975383744149
"4730","Hyōgo",2017,46,9.95381902401409
"4731","Hyōgo",2017,47,6.96957942253324
"4732","Hyōgo",2017,48,9.4323616957907
"4733","Hyōgo",2017,49,5.62506848408065
"4734","Hyōgo",2017,50,4.50187929453101
"4735","Hyōgo",2017,51,4.23066470027502
"4736","Hyōgo",2017,52,5.15884416967211
"4737","Hyōgo",2018,1,3.95775752812599
"4738","Hyōgo",2018,2,2.93599601864003
"4739","Hyōgo",2018,3,6.36097732396329
"4740","Hyōgo",2018,4,0.897480507545083
"4741","Hyōgo",2018,5,2.18155808486391
"4742","Hyōgo",2018,6,0.992023034457515
"4743","Hyōgo",2018,7,2.90760434988006
"4744","Hyōgo",2018,8,4.42706325769561
"4745","Hyōgo",2018,9,7.75736858588637
"4746","Hyōgo",2018,10,7.47924208715598
"4747","Hyōgo",2018,11,9.4557103049268
"4748","Hyōgo",2018,12,8.1789639724637
"4749","Hyōgo",2018,13,12.7868515438985
"4750","Hyōgo",2018,14,14.001219751637
"4751","Hyōgo",2018,15,12.9967279392707
"4752","Hyōgo",2018,16,14.7115106085055
"4753","Hyōgo",2018,17,16.3208596389393
"4754","Hyōgo",2018,18,17.5313735595037
"4755","Hyōgo",2018,19,15.4956104862586
"4756","Hyōgo",2018,20,19.3673969153443
"4757","Hyōgo",2018,21,19.3203049316603
"4758","Hyōgo",2018,22,20.1097540693214
"4759","Hyōgo",2018,23,21.2872862162627
"4760","Hyōgo",2018,24,19.0702257392628
"4761","Hyōgo",2018,25,22.0274563705867
"4762","Hyōgo",2018,26,25.2863332719158
"4763","Hyōgo",2018,27,24.818119760404
"4764","Hyōgo",2018,28,27.2006830204323
"4765","Hyōgo",2018,29,29.4866389112003
"4766","Hyōgo",2018,30,29.2354021943475
"4767","Hyōgo",2018,31,29.1752762464305
"4768","Hyōgo",2018,32,28.0800680843006
"4769","Hyōgo",2018,33,26.6189838873928
"4770","Hyōgo",2018,34,28.5823317831008
"4771","Hyōgo",2018,35,27.0256555787096
"4772","Hyōgo",2018,36,24.7874708128125
"4773","Hyōgo",2018,37,22.411182095799
"4774","Hyōgo",2018,38,22.7137487541638
"4775","Hyōgo",2018,39,19.9542232152411
"4776","Hyōgo",2018,40,21.0426563283535
"4777","Hyōgo",2018,41,18.6782261813719
"4778","Hyōgo",2018,42,16.7381964089041
"4779","Hyōgo",2018,43,16.1867628480126
"4780","Hyōgo",2018,44,13.135117833876
"4781","Hyōgo",2018,45,15.9467914650075
"4782","Hyōgo",2018,46,12.6207695597983
"4783","Hyōgo",2018,47,9.81067046621911
"4784","Hyōgo",2018,48,11.1705632746838
"4785","Hyōgo",2018,49,11.2320100761144
"4786","Hyōgo",2018,50,5.03203114205191
"4787","Hyōgo",2018,51,8.38572793733221
"4788","Hyōgo",2018,52,5.4259942239565
"4789","Hyōgo",2019,1,4.18441250384118
"4790","Hyōgo",2019,2,4.40405976229675
"4791","Hyōgo",2019,3,5.33498030487408
"4792","Hyōgo",2019,4,4.72359287818082
"4793","Hyōgo",2019,5,3.78749488434097
"4794","Hyōgo",2019,6,6.57992793831615
"4795","Hyōgo",2019,7,4.00710389773506
"4796","Hyōgo",2019,8,7.08815795309773
"4797","Hyōgo",2019,9,7.8869589424244
"4798","Hyōgo",2019,10,8.30278038912283
"4799","Hyōgo",2019,11,7.41138459220159
"4800","Hyōgo",2019,12,9.27264128340586
"4801","Hyōgo",2019,13,9.94667632572362
"4802","Hyōgo",2019,14,8.80624702276412
"4803","Hyōgo",2019,15,10.6618583311524
"4804","Hyōgo",2019,16,13.363231129276
"4805","Hyōgo",2019,17,15.7581961679456
"4806","Hyōgo",2019,18,15.2962745309675
"4807","Hyōgo",2019,19,16.2682057367433
"4808","Hyōgo",2019,20,19.5764103665131
"4809","Hyōgo",2019,21,20.4495198199695
"4810","Hyōgo",2019,22,20.2515770680417
"4811","Hyōgo",2019,23,21.8944302797672
"4812","Hyōgo",2019,24,20.3351459521453
"4813","Hyōgo",2019,25,21.6269722672149
"4814","Hyōgo",2019,26,23.3060564481541
"4815","Hyōgo",2019,27,23.766163516228
"4816","Hyōgo",2019,28,23.5028766101485
"4817","Hyōgo",2019,29,24.4099117952935
"4818","Hyōgo",2019,30,26.9912606648191
"4819","Hyōgo",2019,31,28.9964252060092
"4820","Hyōgo",2019,32,28.9335426401341
"4821","Hyōgo",2019,33,29.1362527738714
"4822","Hyōgo",2019,34,26.4111693567479
"4823","Hyōgo",2019,35,24.6109326626543
"4824","Hyōgo",2019,36,26.6326356769084
"4825","Hyōgo",2019,37,26.4860450585746
"4826","Hyōgo",2019,38,22.5839540634125
"4827","Hyōgo",2019,39,22.9838942671117
"4828","Hyōgo",2019,40,23.6295925668496
"4829","Hyōgo",2019,41,20.0148325985989
"4830","Hyōgo",2019,42,17.1182785757722
"4831","Hyōgo",2019,43,17.8782949046719
"4832","Hyōgo",2019,44,15.5192565553304
"4833","Hyōgo",2019,45,13.0655750346948
"4834","Hyōgo",2019,46,12.7120605303396
"4835","Hyōgo",2019,47,11.5538431829163
"4836","Hyōgo",2019,48,9.72997330743687
"4837","Hyōgo",2019,49,7.75225954212284
"4838","Hyōgo",2019,50,7.41401556834279
"4839","Hyōgo",2019,51,8.08924508646359
"4840","Hyōgo",2019,52,7.17009928432442
"4841","Hyōgo",2020,1,7.34867787900402
"4842","Hyōgo",2020,2,7.37401707348202
"4843","Hyōgo",2020,3,5.84632510794608
"4844","Hyōgo",2020,4,7.23743402906412
"4845","Hyōgo",2020,5,7.17338942397155
"4846","Hyōgo",2020,6,4.23371348641837
"4847","Hyōgo",2020,7,7.75923761671145
"4848","Hyōgo",2020,8,6.78573991046077
"4849","Hyōgo",2020,9,7.0191488689486
"4850","Ibaraki",2013,1,2.99909714517491
"4851","Ibaraki",2013,2,3.56063170327287
"4852","Ibaraki",2013,3,2.49980716731334
"4853","Ibaraki",2013,4,4.01970384688721
"4854","Ibaraki",2013,5,5.61521166958883
"4855","Ibaraki",2013,6,4.53410782018178
"4856","Ibaraki",2013,7,3.35272539695875
"4857","Ibaraki",2013,8,2.84789433407479
"4858","Ibaraki",2013,9,5.02260532346391
"4859","Ibaraki",2013,10,9.55636497961695
"4860","Ibaraki",2013,11,8.82719621983503
"4861","Ibaraki",2013,12,12.9285438097671
"4862","Ibaraki",2013,13,9.30317296869487
"4863","Ibaraki",2013,14,12.379515168409
"4864","Ibaraki",2013,15,10.8728173397713
"4865","Ibaraki",2013,16,13.5235283150759
"4866","Ibaraki",2013,17,12.5461066739994
"4867","Ibaraki",2013,18,13.7097531627473
"4868","Ibaraki",2013,19,15.8213159607062
"4869","Ibaraki",2013,20,17.6081844931148
"4870","Ibaraki",2013,21,18.9223512714691
"4871","Ibaraki",2013,22,19.8155898984124
"4872","Ibaraki",2013,23,19.5428292828977
"4873","Ibaraki",2013,24,21.6993816235605
"4874","Ibaraki",2013,25,21.9995827151263
"4875","Ibaraki",2013,26,21.4892244336621
"4876","Ibaraki",2013,27,24.0523835335854
"4877","Ibaraki",2013,28,27.5381146018436
"4878","Ibaraki",2013,29,23.7823402122172
"4879","Ibaraki",2013,30,24.3874191146773
"4880","Ibaraki",2013,31,24.7501194307867
"4881","Ibaraki",2013,32,28.2713937130379
"4882","Ibaraki",2013,33,28.6686146382631
"4883","Ibaraki",2013,34,27.4736902275947
"4884","Ibaraki",2013,35,26.5044559568058
"4885","Ibaraki",2013,36,25.7896175446502
"4886","Ibaraki",2013,37,24.489477278805
"4887","Ibaraki",2013,38,22.7837832253316
"4888","Ibaraki",2013,39,20.9044522993843
"4889","Ibaraki",2013,40,20.5572824260558
"4890","Ibaraki",2013,41,22.7574205817512
"4891","Ibaraki",2013,42,17.2651435268141
"4892","Ibaraki",2013,43,16.3066629745061
"4893","Ibaraki",2013,44,15.0342979519962
"4894","Ibaraki",2013,45,14.0749266869322
"4895","Ibaraki",2013,46,9.61957469880181
"4896","Ibaraki",2013,47,10.3730143710617
"4897","Ibaraki",2013,48,10.2492768218467
"4898","Ibaraki",2013,49,9.09232256498868
"4899","Ibaraki",2013,50,6.91207924877413
"4900","Ibaraki",2013,51,5.85746875952024
"4901","Ibaraki",2013,52,4.58176500511262
"4902","Ibaraki",2014,1,4.7598210475669
"4903","Ibaraki",2014,2,3.48425001938541
"4904","Ibaraki",2014,3,2.77887722329839
"4905","Ibaraki",2014,4,4.13589171793028
"4906","Ibaraki",2014,5,5.70564896291553
"4907","Ibaraki",2014,6,3.11071634987331
"4908","Ibaraki",2014,7,3.35682447548209
"4909","Ibaraki",2014,8,3.53361083341801
"4910","Ibaraki",2014,9,7.25167519366203
"4911","Ibaraki",2014,10,4.21302561351102
"4912","Ibaraki",2014,11,6.32780428712901
"4913","Ibaraki",2014,12,8.80305645557669
"4914","Ibaraki",2014,13,12.5744686481006
"4915","Ibaraki",2014,14,12.2727363257398
"4916","Ibaraki",2014,15,11.192902355642
"4917","Ibaraki",2014,16,12.7100993050056
"4918","Ibaraki",2014,17,14.0547158756178
"4919","Ibaraki",2014,18,17.3474719096625
"4920","Ibaraki",2014,19,15.584763761779
"4921","Ibaraki",2014,20,18.3745421641112
"4922","Ibaraki",2014,21,17.7781084811077
"4923","Ibaraki",2014,22,21.6223684494052
"4924","Ibaraki",2014,23,21.0726585432883
"4925","Ibaraki",2014,24,21.4017493978986
"4926","Ibaraki",2014,25,22.8102844729164
"4927","Ibaraki",2014,26,21.7081382842157
"4928","Ibaraki",2014,27,22.4863899175857
"4929","Ibaraki",2014,28,24.6888414470896
"4930","Ibaraki",2014,29,24.5517699880868
"4931","Ibaraki",2014,30,26.5953151985711
"4932","Ibaraki",2014,31,27.1091238442151
"4933","Ibaraki",2014,32,27.9787655655834
"4934","Ibaraki",2014,33,25.7906616253441
"4935","Ibaraki",2014,34,27.5414997144058
"4936","Ibaraki",2014,35,22.9171902403386
"4937","Ibaraki",2014,36,23.4462382234687
"4938","Ibaraki",2014,37,21.2797939938577
"4939","Ibaraki",2014,38,20.9209403710396
"4940","Ibaraki",2014,39,20.5288591621733
"4941","Ibaraki",2014,40,21.3479375045558
"4942","Ibaraki",2014,41,18.7343937671718
"4943","Ibaraki",2014,42,16.4970649723736
"4944","Ibaraki",2014,43,16.153452132422
"4945","Ibaraki",2014,44,15.8438964315114
"4946","Ibaraki",2014,45,15.0888510651042
"4947","Ibaraki",2014,46,12.5973968441858
"4948","Ibaraki",2014,47,10.4374586335267
"4949","Ibaraki",2014,48,11.7958622734576
"4950","Ibaraki",2014,49,8.57553546268369
"4951","Ibaraki",2014,50,6.1325087181508
"4952","Ibaraki",2014,51,4.19648645197933
"4953","Ibaraki",2014,52,4.10544732918639
"4954","Ibaraki",2015,1,4.99688987293791
"4955","Ibaraki",2015,2,4.97060610488977
"4956","Ibaraki",2015,3,4.46601149809087
"4957","Ibaraki",2015,4,5.01361077377113
"4958","Ibaraki",2015,5,3.31894076372299
"4959","Ibaraki",2015,6,3.65852401170702
"4960","Ibaraki",2015,7,4.41487542717069
"4961","Ibaraki",2015,8,7.40287523072559
"4962","Ibaraki",2015,9,7.08579778353622
"4963","Ibaraki",2015,10,6.99486254414854
"4964","Ibaraki",2015,11,10.2901806862375
"4965","Ibaraki",2015,12,8.88620215114517
"4966","Ibaraki",2015,13,12.9464158410539
"4967","Ibaraki",2015,14,9.02501585633201
"4968","Ibaraki",2015,15,12.7882780046088
"4969","Ibaraki",2015,16,15.5663850250097
"4970","Ibaraki",2015,17,18.3773466232273
"4971","Ibaraki",2015,18,18.0513311886189
"4972","Ibaraki",2015,19,19.62556580285
"4973","Ibaraki",2015,20,19.9080888494856
"4974","Ibaraki",2015,21,20.7701495649739
"4975","Ibaraki",2015,22,20.3105442063502
"4976","Ibaraki",2015,23,21.2518239109661
"4977","Ibaraki",2015,24,21.3971929204737
"4978","Ibaraki",2015,25,22.1229616473282
"4979","Ibaraki",2015,26,21.4209109717489
"4980","Ibaraki",2015,27,21.5559014608653
"4981","Ibaraki",2015,28,27.0019623996245
"4982","Ibaraki",2015,29,27.6257634206448
"4983","Ibaraki",2015,30,28.5554757695116
"4984","Ibaraki",2015,31,28.7214810444312
"4985","Ibaraki",2015,32,26.456365628071
"4986","Ibaraki",2015,33,26.1304791220158
"4987","Ibaraki",2015,34,21.925610801694
"4988","Ibaraki",2015,35,23.8881891418825
"4989","Ibaraki",2015,36,22.6443656966036
"4990","Ibaraki",2015,37,21.4015822936061
"4991","Ibaraki",2015,38,20.6122046710568
"4992","Ibaraki",2015,39,20.7424344501032
"4993","Ibaraki",2015,40,17.7190042878095
"4994","Ibaraki",2015,41,17.4851714511952
"4995","Ibaraki",2015,42,17.2800119581326
"4996","Ibaraki",2015,43,15.4262784950284
"4997","Ibaraki",2015,44,14.2302787712667
"4998","Ibaraki",2015,45,14.769764082078
"4999","Ibaraki",2015,46,15.0041156891347
"5000","Ibaraki",2015,47,10.3731837742815
"5001","Ibaraki",2015,48,9.78113803745057
"5002","Ibaraki",2015,49,9.54462524073765
"5003","Ibaraki",2015,50,8.99135437687447
"5004","Ibaraki",2015,51,7.83823574891267
"5005","Ibaraki",2015,52,4.7988258548536
"5006","Ibaraki",2016,1,7.07975098902283
"5007","Ibaraki",2016,2,4.29438168108268
"5008","Ibaraki",2016,3,4.18216333598635
"5009","Ibaraki",2016,4,3.99118399673955
"5010","Ibaraki",2016,5,4.71327767184764
"5011","Ibaraki",2016,6,6.19284695132116
"5012","Ibaraki",2016,7,6.99959292222886
"5013","Ibaraki",2016,8,5.29239414916403
"5014","Ibaraki",2016,9,6.88360860811335
"5015","Ibaraki",2016,10,8.75917405840208
"5016","Ibaraki",2016,11,9.59206535283051
"5017","Ibaraki",2016,12,7.66247400872758
"5018","Ibaraki",2016,13,11.3274054794491
"5019","Ibaraki",2016,14,13.2706388639472
"5020","Ibaraki",2016,15,12.8119349585542
"5021","Ibaraki",2016,16,15.4520680047189
"5022","Ibaraki",2016,17,14.9850628315022
"5023","Ibaraki",2016,18,18.3421614643873
"5024","Ibaraki",2016,19,18.5830917024005
"5025","Ibaraki",2016,20,17.1615234650504
"5026","Ibaraki",2016,21,20.6210982124027
"5027","Ibaraki",2016,22,19.7277623980285
"5028","Ibaraki",2016,23,20.908272189611
"5029","Ibaraki",2016,24,21.7732353686333
"5030","Ibaraki",2016,25,22.963928110136
"5031","Ibaraki",2016,26,23.1376518899213
"5032","Ibaraki",2016,27,23.7955911817903
"5033","Ibaraki",2016,28,24.6347475898696
"5034","Ibaraki",2016,29,24.0092001057292
"5035","Ibaraki",2016,30,24.8324229537267
"5036","Ibaraki",2016,31,27.1212362237245
"5037","Ibaraki",2016,32,26.6863972202685
"5038","Ibaraki",2016,33,26.3274806783443
"5039","Ibaraki",2016,34,25.7985389462398
"5040","Ibaraki",2016,35,25.6704063960352
"5041","Ibaraki",2016,36,26.3056318752407
"5042","Ibaraki",2016,37,23.5854846301482
"5043","Ibaraki",2016,38,20.9372742406412
"5044","Ibaraki",2016,39,22.9963451150495
"5045","Ibaraki",2016,40,22.2850855653839
"5046","Ibaraki",2016,41,16.6373287431017
"5047","Ibaraki",2016,42,18.5959426883029
"5048","Ibaraki",2016,43,15.1936737231143
"5049","Ibaraki",2016,44,12.6884660308033
"5050","Ibaraki",2016,45,10.6226828113334
"5051","Ibaraki",2016,46,12.1503140116546
"5052","Ibaraki",2016,47,9.12863024243886
"5053","Ibaraki",2016,48,9.54398024086809
"5054","Ibaraki",2016,49,8.67025826387971
"5055","Ibaraki",2016,50,5.53667018956085
"5056","Ibaraki",2016,51,9.62697951727858
"5057","Ibaraki",2016,52,5.61610765331695
"5058","Ibaraki",2017,1,5.18591934356579
"5059","Ibaraki",2017,2,4.61909070902689
"5060","Ibaraki",2017,3,3.74923580885972
"5061","Ibaraki",2017,4,4.27229208928462
"5062","Ibaraki",2017,5,5.77302460879967
"5063","Ibaraki",2017,6,4.31412554151829
"5064","Ibaraki",2017,7,5.77990592589454
"5065","Ibaraki",2017,8,6.65842095976784
"5066","Ibaraki",2017,9,6.38813408279675
"5067","Ibaraki",2017,10,6.10149847188105
"5068","Ibaraki",2017,11,7.02876710120059
"5069","Ibaraki",2017,12,8.14298681711093
"5070","Ibaraki",2017,13,7.25494281108617
"5071","Ibaraki",2017,14,12.3682720206648
"5072","Ibaraki",2017,15,12.1414036130934
"5073","Ibaraki",2017,16,15.6075823027218
"5074","Ibaraki",2017,17,14.0483442721195
"5075","Ibaraki",2017,18,17.2591238628819
"5076","Ibaraki",2017,19,18.2117790643445
"5077","Ibaraki",2017,20,17.8759575032079
"5078","Ibaraki",2017,21,20.2756292004419
"5079","Ibaraki",2017,22,20.9648533532597
"5080","Ibaraki",2017,23,19.9944620136023
"5081","Ibaraki",2017,24,19.5316177032066
"5082","Ibaraki",2017,25,21.8134513158707
"5083","Ibaraki",2017,26,22.7923141582157
"5084","Ibaraki",2017,27,25.8120962004331
"5085","Ibaraki",2017,28,27.5302931288288
"5086","Ibaraki",2017,29,27.0176576410684
"5087","Ibaraki",2017,30,25.6145199816861
"5088","Ibaraki",2017,31,25.0893677121413
"5089","Ibaraki",2017,32,26.1621225561408
"5090","Ibaraki",2017,33,24.2292531324834
"5091","Ibaraki",2017,34,27.3824794796936
"5092","Ibaraki",2017,35,23.2429064152884
"5093","Ibaraki",2017,36,22.3259192145737
"5094","Ibaraki",2017,37,23.4448689507994
"5095","Ibaraki",2017,38,22.5848869755519
"5096","Ibaraki",2017,39,21.0386885934606
"5097","Ibaraki",2017,40,18.9171107687243
"5098","Ibaraki",2017,41,19.1677145296777
"5099","Ibaraki",2017,42,14.5489142495586
"5100","Ibaraki",2017,43,14.9648244244915
"5101","Ibaraki",2017,44,14.0798803626006
"5102","Ibaraki",2017,45,13.5951061747692
"5103","Ibaraki",2017,46,10.8045845129852
"5104","Ibaraki",2017,47,7.42547378040389
"5105","Ibaraki",2017,48,9.43497930387852
"5106","Ibaraki",2017,49,6.56723322361106
"5107","Ibaraki",2017,50,6.04412620259977
"5108","Ibaraki",2017,51,4.46846741939476
"5109","Ibaraki",2017,52,5.12827791820633
"5110","Ibaraki",2018,1,3.78274406008304
"5111","Ibaraki",2018,2,4.5154374656963
"5112","Ibaraki",2018,3,5.90580328696207
"5113","Ibaraki",2018,4,0.794857435911817
"5114","Ibaraki",2018,5,3.00540155522273
"5115","Ibaraki",2018,6,3.64509204261032
"5116","Ibaraki",2018,7,4.63933941605835
"5117","Ibaraki",2018,8,4.28732713588223
"5118","Ibaraki",2018,9,7.49979546626223
"5119","Ibaraki",2018,10,8.81644593038238
"5120","Ibaraki",2018,11,9.9968728082294
"5121","Ibaraki",2018,12,9.68971943829556
"5122","Ibaraki",2018,13,13.581884923183
"5123","Ibaraki",2018,14,14.7714508019269
"5124","Ibaraki",2018,15,13.5986604701337
"5125","Ibaraki",2018,16,14.9843648479013
"5126","Ibaraki",2018,17,17.4244085602579
"5127","Ibaraki",2018,18,18.6898941531913
"5128","Ibaraki",2018,19,15.3696324800771
"5129","Ibaraki",2018,20,20.102961620023
"5130","Ibaraki",2018,21,19.4155760045209
"5131","Ibaraki",2018,22,20.7238431107947
"5132","Ibaraki",2018,23,22.3307483674931
"5133","Ibaraki",2018,24,18.6443983049416
"5134","Ibaraki",2018,25,20.504197689488
"5135","Ibaraki",2018,26,25.9632495254465
"5136","Ibaraki",2018,27,25.7317236878697
"5137","Ibaraki",2018,28,27.1807659817224
"5138","Ibaraki",2018,29,29.1690970483978
"5139","Ibaraki",2018,30,26.975604511712
"5140","Ibaraki",2018,31,28.614538308681
"5141","Ibaraki",2018,32,26.668354785192
"5142","Ibaraki",2018,33,26.1964559429158
"5143","Ibaraki",2018,34,27.2664934672307
"5144","Ibaraki",2018,35,26.4366261508976
"5145","Ibaraki",2018,36,25.8439002380266
"5146","Ibaraki",2018,37,22.4578385102902
"5147","Ibaraki",2018,38,21.7393460220135
"5148","Ibaraki",2018,39,19.8861261342431
"5149","Ibaraki",2018,40,22.3163766341128
"5150","Ibaraki",2018,41,20.1739462656504
"5151","Ibaraki",2018,42,16.6706755499503
"5152","Ibaraki",2018,43,16.6731880125183
"5153","Ibaraki",2018,44,14.482932820309
"5154","Ibaraki",2018,45,16.9218100448719
"5155","Ibaraki",2018,46,13.7182984933342
"5156","Ibaraki",2018,47,10.7466994639893
"5157","Ibaraki",2018,48,11.4836757471532
"5158","Ibaraki",2018,49,11.5243225297766
"5159","Ibaraki",2018,50,5.07862612002789
"5160","Ibaraki",2018,51,7.59858721592336
"5161","Ibaraki",2018,52,5.2434720988496
"5162","Ibaraki",2019,1,4.04366800867667
"5163","Ibaraki",2019,2,3.83400017506394
"5164","Ibaraki",2019,3,5.08501164141411
"5165","Ibaraki",2019,4,4.20810329275299
"5166","Ibaraki",2019,5,4.36365564651097
"5167","Ibaraki",2019,6,6.11082367563437
"5168","Ibaraki",2019,7,3.54166664172693
"5169","Ibaraki",2019,8,7.89362453724751
"5170","Ibaraki",2019,9,8.3097284320393
"5171","Ibaraki",2019,10,8.25625167187656
"5172","Ibaraki",2019,11,9.43400635794228
"5173","Ibaraki",2019,12,10.6639861220925
"5174","Ibaraki",2019,13,9.48017677045
"5175","Ibaraki",2019,14,9.56305503037296
"5176","Ibaraki",2019,15,9.38348382732124
"5177","Ibaraki",2019,16,14.5179863856481
"5178","Ibaraki",2019,17,14.9249521452303
"5179","Ibaraki",2019,18,15.9007178376825
"5180","Ibaraki",2019,19,17.405476151953
"5181","Ibaraki",2019,20,17.5062434613216
"5182","Ibaraki",2019,21,19.8596292094326
"5183","Ibaraki",2019,22,21.5898419544487
"5184","Ibaraki",2019,23,21.1399409255902
"5185","Ibaraki",2019,24,18.548174640239
"5186","Ibaraki",2019,25,22.3881749421483
"5187","Ibaraki",2019,26,21.9869108712661
"5188","Ibaraki",2019,27,22.3508978543007
"5189","Ibaraki",2019,28,20.3613079272394
"5190","Ibaraki",2019,29,23.4430009180967
"5191","Ibaraki",2019,30,25.6134995097657
"5192","Ibaraki",2019,31,29.0262106197505
"5193","Ibaraki",2019,32,29.1051428723543
"5194","Ibaraki",2019,33,28.4193328966308
"5195","Ibaraki",2019,34,26.0762035715922
"5196","Ibaraki",2019,35,25.8317095563078
"5197","Ibaraki",2019,36,25.6995187816536
"5198","Ibaraki",2019,37,25.4107852322178
"5199","Ibaraki",2019,38,22.4693230373148
"5200","Ibaraki",2019,39,22.9966135746855
"5201","Ibaraki",2019,40,23.3858302080351
"5202","Ibaraki",2019,41,20.4403082418922
"5203","Ibaraki",2019,42,17.6924736766854
"5204","Ibaraki",2019,43,17.6968919795262
"5205","Ibaraki",2019,44,15.5568212525957
"5206","Ibaraki",2019,45,13.7186969292299
"5207","Ibaraki",2019,46,13.2198733195063
"5208","Ibaraki",2019,47,12.106359185795
"5209","Ibaraki",2019,48,9.27761805517496
"5210","Ibaraki",2019,49,8.37051467848853
"5211","Ibaraki",2019,50,8.98330973582095
"5212","Ibaraki",2019,51,8.0144522499244
"5213","Ibaraki",2019,52,6.41151077895234
"5214","Ibaraki",2020,1,5.46369544438435
"5215","Ibaraki",2020,2,6.04070569682099
"5216","Ibaraki",2020,3,6.09173968769904
"5217","Ibaraki",2020,4,6.01678410877211
"5218","Ibaraki",2020,5,7.39031116679489
"5219","Ibaraki",2020,6,4.62863164057472
"5220","Ibaraki",2020,7,7.41059526098406
"5221","Ibaraki",2020,8,8.21350356767145
"5222","Ibaraki",2020,9,7.37192560907794
"5223","Ishikawa",2013,1,0.830926157011959
"5224","Ishikawa",2013,2,2.32134667187237
"5225","Ishikawa",2013,3,2.09560108308185
"5226","Ishikawa",2013,4,2.46949433659888
"5227","Ishikawa",2013,5,3.34227641777794
"5228","Ishikawa",2013,6,1.94536017008674
"5229","Ishikawa",2013,7,1.04444158830398
"5230","Ishikawa",2013,8,0.682062463506051
"5231","Ishikawa",2013,9,2.77827010363435
"5232","Ishikawa",2013,10,7.27706242862815
"5233","Ishikawa",2013,11,4.69720051104695
"5234","Ishikawa",2013,12,7.8790111903823
"5235","Ishikawa",2013,13,6.84232982980871
"5236","Ishikawa",2013,14,10.1182449303942
"5237","Ishikawa",2013,15,7.31876344995023
"5238","Ishikawa",2013,16,10.3425395866794
"5239","Ishikawa",2013,17,9.92642947400489
"5240","Ishikawa",2013,18,10.9735266011521
"5241","Ishikawa",2013,19,13.2421252110968
"5242","Ishikawa",2013,20,16.4211029118005
"5243","Ishikawa",2013,21,17.5497953163051
"5244","Ishikawa",2013,22,19.441000628476
"5245","Ishikawa",2013,23,19.1656962130075
"5246","Ishikawa",2013,24,22.1257270929391
"5247","Ishikawa",2013,25,21.0193792021631
"5248","Ishikawa",2013,26,21.6721850525042
"5249","Ishikawa",2013,27,24.4909078016242
"5250","Ishikawa",2013,28,26.0893880606397
"5251","Ishikawa",2013,29,24.1068373216822
"5252","Ishikawa",2013,30,25.7400003885667
"5253","Ishikawa",2013,31,25.0278621070889
"5254","Ishikawa",2013,32,27.3667602456636
"5255","Ishikawa",2013,33,27.7363798807405
"5256","Ishikawa",2013,34,26.7469286253184
"5257","Ishikawa",2013,35,24.8542832141957
"5258","Ishikawa",2013,36,22.3963553868301
"5259","Ishikawa",2013,37,24.2717821846616
"5260","Ishikawa",2013,38,21.8033654966592
"5261","Ishikawa",2013,39,21.1659306375045
"5262","Ishikawa",2013,40,20.9594367036518
"5263","Ishikawa",2013,41,22.006589231283
"5264","Ishikawa",2013,42,16.2450569856438
"5265","Ishikawa",2013,43,16.730493813029
"5266","Ishikawa",2013,44,14.3235967560993
"5267","Ishikawa",2013,45,14.1287053271095
"5268","Ishikawa",2013,46,8.51373151808268
"5269","Ishikawa",2013,47,8.53988594240815
"5270","Ishikawa",2013,48,8.05841887464438
"5271","Ishikawa",2013,49,7.9602904774089
"5272","Ishikawa",2013,50,5.20735184333131
"5273","Ishikawa",2013,51,5.14827427697319
"5274","Ishikawa",2013,52,3.02858839962348
"5275","Ishikawa",2014,1,4.08182289640108
"5276","Ishikawa",2014,2,1.5573286924643
"5277","Ishikawa",2014,3,0.467044148223741
"5278","Ishikawa",2014,4,3.06524019999357
"5279","Ishikawa",2014,5,4.28678614932248
"5280","Ishikawa",2014,6,1.43802356694661
"5281","Ishikawa",2014,7,1.16102712264566
"5282","Ishikawa",2014,8,0.718475309327614
"5283","Ishikawa",2014,9,5.14917116560504
"5284","Ishikawa",2014,10,2.07436210498072
"5285","Ishikawa",2014,11,3.59100191273463
"5286","Ishikawa",2014,12,5.90979898518351
"5287","Ishikawa",2014,13,10.8071718921878
"5288","Ishikawa",2014,14,8.95840050449267
"5289","Ishikawa",2014,15,8.74889187540236
"5290","Ishikawa",2014,16,10.542233905703
"5291","Ishikawa",2014,17,11.9746880996655
"5292","Ishikawa",2014,18,14.780057440445
"5293","Ishikawa",2014,19,13.6364674504804
"5294","Ishikawa",2014,20,16.0128976969785
"5295","Ishikawa",2014,21,16.1099802255768
"5296","Ishikawa",2014,22,20.1370264131151
"5297","Ishikawa",2014,23,22.0288807051676
"5298","Ishikawa",2014,24,20.4346443797199
"5299","Ishikawa",2014,25,20.496588324337
"5300","Ishikawa",2014,26,21.3195271070342
"5301","Ishikawa",2014,27,22.1688332477839
"5302","Ishikawa",2014,28,24.3699455484133
"5303","Ishikawa",2014,29,23.7822240680579
"5304","Ishikawa",2014,30,26.1938433413138
"5305","Ishikawa",2014,31,26.4008236879232
"5306","Ishikawa",2014,32,25.9694248338449
"5307","Ishikawa",2014,33,24.337328032277
"5308","Ishikawa",2014,34,26.2335665531075
"5309","Ishikawa",2014,35,23.0022942512917
"5310","Ishikawa",2014,36,23.6546770015638
"5311","Ishikawa",2014,37,21.6439618958941
"5312","Ishikawa",2014,38,19.9949404575259
"5313","Ishikawa",2014,39,20.2769503316185
"5314","Ishikawa",2014,40,19.7490996777248
"5315","Ishikawa",2014,41,17.6756316856565
"5316","Ishikawa",2014,42,15.6405181037683
"5317","Ishikawa",2014,43,15.96357832814
"5318","Ishikawa",2014,44,14.8292575064677
"5319","Ishikawa",2014,45,12.8585651588733
"5320","Ishikawa",2014,46,10.5723262641111
"5321","Ishikawa",2014,47,9.72503329049049
"5322","Ishikawa",2014,48,12.1779444496505
"5323","Ishikawa",2014,49,5.84112522257815
"5324","Ishikawa",2014,50,4.21990341752613
"5325","Ishikawa",2014,51,2.67980645924139
"5326","Ishikawa",2014,52,3.03967205983216
"5327","Ishikawa",2015,1,3.07695918598426
"5328","Ishikawa",2015,2,3.06480521455225
"5329","Ishikawa",2015,3,3.76899082967333
"5330","Ishikawa",2015,4,2.94265403376166
"5331","Ishikawa",2015,5,2.60602340775123
"5332","Ishikawa",2015,6,1.8807300582022
"5333","Ishikawa",2015,7,4.08024412336939
"5334","Ishikawa",2015,8,5.81733902816044
"5335","Ishikawa",2015,9,4.38944989321776
"5336","Ishikawa",2015,10,3.75065209897419
"5337","Ishikawa",2015,11,9.16269748925778
"5338","Ishikawa",2015,12,6.59422993296196
"5339","Ishikawa",2015,13,11.0241432400043
"5340","Ishikawa",2015,14,7.73068332485987
"5341","Ishikawa",2015,15,11.1270278137269
"5342","Ishikawa",2015,16,12.654449234907
"5343","Ishikawa",2015,17,17.4534014079078
"5344","Ishikawa",2015,18,16.2948072124019
"5345","Ishikawa",2015,19,16.8629500897364
"5346","Ishikawa",2015,20,17.1727750143981
"5347","Ishikawa",2015,21,19.9448052587382
"5348","Ishikawa",2015,22,18.4501835572448
"5349","Ishikawa",2015,23,20.3805543779109
"5350","Ishikawa",2015,24,21.1999104340019
"5351","Ishikawa",2015,25,21.1632788014382
"5352","Ishikawa",2015,26,20.5789692454487
"5353","Ishikawa",2015,27,21.87757781484
"5354","Ishikawa",2015,28,25.7404760038962
"5355","Ishikawa",2015,29,26.4866505916738
"5356","Ishikawa",2015,30,26.7769888638732
"5357","Ishikawa",2015,31,28.0803123257126
"5358","Ishikawa",2015,32,25.9908068344832
"5359","Ishikawa",2015,33,24.90186048672
"5360","Ishikawa",2015,34,24.4152076542034
"5361","Ishikawa",2015,35,22.7395193041997
"5362","Ishikawa",2015,36,21.088968648168
"5363","Ishikawa",2015,37,20.1098957141735
"5364","Ishikawa",2015,38,20.5947119772319
"5365","Ishikawa",2015,39,19.1107705206803
"5366","Ishikawa",2015,40,16.9405935759997
"5367","Ishikawa",2015,41,15.6612146430535
"5368","Ishikawa",2015,42,16.4081536910347
"5369","Ishikawa",2015,43,13.0997043778933
"5370","Ishikawa",2015,44,14.3746250425624
"5371","Ishikawa",2015,45,14.1212576490735
"5372","Ishikawa",2015,46,13.5761434915311
"5373","Ishikawa",2015,47,9.26973305233096
"5374","Ishikawa",2015,48,8.53875269854028
"5375","Ishikawa",2015,49,8.78306893228712
"5376","Ishikawa",2015,50,7.33006506384113
"5377","Ishikawa",2015,51,7.38756256971733
"5378","Ishikawa",2015,52,4.34709408064349
"5379","Ishikawa",2016,1,6.21216335791014
"5380","Ishikawa",2016,2,2.71066726345047
"5381","Ishikawa",2016,3,1.86726171699464
"5382","Ishikawa",2016,4,2.9714871726129
"5383","Ishikawa",2016,5,2.33466249526099
"5384","Ishikawa",2016,6,5.15180962696056
"5385","Ishikawa",2016,7,4.13047498237127
"5386","Ishikawa",2016,8,2.98987137725929
"5387","Ishikawa",2016,9,5.64058533345662
"5388","Ishikawa",2016,10,6.47164032717324
"5389","Ishikawa",2016,11,8.01315889203888
"5390","Ishikawa",2016,12,5.8697879801567
"5391","Ishikawa",2016,13,10.9831938133226
"5392","Ishikawa",2016,14,12.0527700198417
"5393","Ishikawa",2016,15,11.254228514501
"5394","Ishikawa",2016,16,13.3057544089752
"5395","Ishikawa",2016,17,12.9833098917947
"5396","Ishikawa",2016,18,16.7223714784035
"5397","Ishikawa",2016,19,15.8288068819118
"5398","Ishikawa",2016,20,17.4221018147864
"5399","Ishikawa",2016,21,20.0264481456101
"5400","Ishikawa",2016,22,18.1817007661362
"5401","Ishikawa",2016,23,20.4250266720765
"5402","Ishikawa",2016,24,22.0302924975817
"5403","Ishikawa",2016,25,21.6604435035335
"5404","Ishikawa",2016,26,22.6875742690791
"5405","Ishikawa",2016,27,23.8067706758269
"5406","Ishikawa",2016,28,24.2061576127463
"5407","Ishikawa",2016,29,24.0190978207667
"5408","Ishikawa",2016,30,26.2656036704065
"5409","Ishikawa",2016,31,26.688619140637
"5410","Ishikawa",2016,32,26.758867714074
"5411","Ishikawa",2016,33,26.6217276603074
"5412","Ishikawa",2016,34,26.0950317175583
"5413","Ishikawa",2016,35,24.8570289277956
"5414","Ishikawa",2016,36,24.428815858681
"5415","Ishikawa",2016,37,22.9587555852231
"5416","Ishikawa",2016,38,20.4120001611761
"5417","Ishikawa",2016,39,21.7661378217952
"5418","Ishikawa",2016,40,21.2387420325629
"5419","Ishikawa",2016,41,15.372701270274
"5420","Ishikawa",2016,42,17.6626552059803
"5421","Ishikawa",2016,43,14.0442161471704
"5422","Ishikawa",2016,44,11.8423812497126
"5423","Ishikawa",2016,45,10.4262938829453
"5424","Ishikawa",2016,46,12.112723972718
"5425","Ishikawa",2016,47,9.6846847794653
"5426","Ishikawa",2016,48,8.95519321910578
"5427","Ishikawa",2016,49,7.61173414794147
"5428","Ishikawa",2016,50,4.54346019531662
"5429","Ishikawa",2016,51,9.01468991653734
"5430","Ishikawa",2016,52,4.91090745679508
"5431","Ishikawa",2017,1,5.44363874779251
"5432","Ishikawa",2017,2,3.01267624627867
"5433","Ishikawa",2017,3,2.38736285927471
"5434","Ishikawa",2017,4,1.72372360835665
"5435","Ishikawa",2017,5,3.68811390224805
"5436","Ishikawa",2017,6,2.23503705747889
"5437","Ishikawa",2017,7,3.20548708934626
"5438","Ishikawa",2017,8,3.73589371137342
"5439","Ishikawa",2017,9,4.49187105416304
"5440","Ishikawa",2017,10,3.81318199945119
"5441","Ishikawa",2017,11,6.03996237405004
"5442","Ishikawa",2017,12,6.12910828151711
"5443","Ishikawa",2017,13,6.71729384910152
"5444","Ishikawa",2017,14,11.2017832849131
"5445","Ishikawa",2017,15,10.5927573538039
"5446","Ishikawa",2017,16,12.2384491884791
"5447","Ishikawa",2017,17,13.1242908054825
"5448","Ishikawa",2017,18,15.3791570214428
"5449","Ishikawa",2017,19,16.1747573732267
"5450","Ishikawa",2017,20,16.6366526010925
"5451","Ishikawa",2017,21,18.911828337914
"5452","Ishikawa",2017,22,18.4983147797501
"5453","Ishikawa",2017,23,17.7723896233815
"5454","Ishikawa",2017,24,17.3079979971353
"5455","Ishikawa",2017,25,20.6710691667226
"5456","Ishikawa",2017,26,21.6022094331279
"5457","Ishikawa",2017,27,23.8060670249868
"5458","Ishikawa",2017,28,26.5518557909452
"5459","Ishikawa",2017,29,26.7110899232351
"5460","Ishikawa",2017,30,25.2709511576783
"5461","Ishikawa",2017,31,26.692353177617
"5462","Ishikawa",2017,32,26.4799287334192
"5463","Ishikawa",2017,33,25.0967365038332
"5464","Ishikawa",2017,34,26.2995267004447
"5465","Ishikawa",2017,35,23.8039611643855
"5466","Ishikawa",2017,36,22.1162541995736
"5467","Ishikawa",2017,37,22.0059907734104
"5468","Ishikawa",2017,38,21.2863693388985
"5469","Ishikawa",2017,39,19.7671488026045
"5470","Ishikawa",2017,40,18.063541023661
"5471","Ishikawa",2017,41,19.0331843234738
"5472","Ishikawa",2017,42,15.2282769233572
"5473","Ishikawa",2017,43,14.6877696401026
"5474","Ishikawa",2017,44,13.0750690227631
"5475","Ishikawa",2017,45,12.8587584396993
"5476","Ishikawa",2017,46,9.27990073669507
"5477","Ishikawa",2017,47,6.17863383990496
"5478","Ishikawa",2017,48,8.05181009803994
"5479","Ishikawa",2017,49,5.36813650356334
"5480","Ishikawa",2017,50,3.61895830788342
"5481","Ishikawa",2017,51,3.88804167943167
"5482","Ishikawa",2017,52,3.45400671569485
"5483","Ishikawa",2018,1,2.64970543844096
"5484","Ishikawa",2018,2,1.9241848645672
"5485","Ishikawa",2018,3,4.73299950060358
"5486","Ishikawa",2018,4,-0.326901903113862
"5487","Ishikawa",2018,5,1.60984085556661
"5488","Ishikawa",2018,6,0.605379933069449
"5489","Ishikawa",2018,7,1.32070589359708
"5490","Ishikawa",2018,8,1.68350905581752
"5491","Ishikawa",2018,9,5.0873910495173
"5492","Ishikawa",2018,10,5.12276807513296
"5493","Ishikawa",2018,11,7.52949030398182
"5494","Ishikawa",2018,12,6.87058561649726
"5495","Ishikawa",2018,13,10.7255235520025
"5496","Ishikawa",2018,14,11.3534862058939
"5497","Ishikawa",2018,15,10.2216588777996
"5498","Ishikawa",2018,16,12.6456711068123
"5499","Ishikawa",2018,17,14.0710623115112
"5500","Ishikawa",2018,18,15.9026524157236
"5501","Ishikawa",2018,19,14.2868078799889
"5502","Ishikawa",2018,20,17.6753338377278
"5503","Ishikawa",2018,21,17.1552420655517
"5504","Ishikawa",2018,22,18.555560420979
"5505","Ishikawa",2018,23,20.900639307594
"5506","Ishikawa",2018,24,17.6501768223453
"5507","Ishikawa",2018,25,20.9417345581112
"5508","Ishikawa",2018,26,24.5310257599552
"5509","Ishikawa",2018,27,24.269840085052
"5510","Ishikawa",2018,28,25.554751569323
"5511","Ishikawa",2018,29,28.0610276462435
"5512","Ishikawa",2018,30,28.242199734986
"5513","Ishikawa",2018,31,28.3578938342933
"5514","Ishikawa",2018,32,26.4250142427397
"5515","Ishikawa",2018,33,25.4005963060633
"5516","Ishikawa",2018,34,27.7921524359735
"5517","Ishikawa",2018,35,24.9882780491878
"5518","Ishikawa",2018,36,24.3937238955675
"5519","Ishikawa",2018,37,21.6897431295989
"5520","Ishikawa",2018,38,21.3366977802584
"5521","Ishikawa",2018,39,19.6007826209536
"5522","Ishikawa",2018,40,20.4645746334923
"5523","Ishikawa",2018,41,17.9447889618802
"5524","Ishikawa",2018,42,15.7677006013758
"5525","Ishikawa",2018,43,15.9991356054398
"5526","Ishikawa",2018,44,12.4035897446379
"5527","Ishikawa",2018,45,15.493225626691
"5528","Ishikawa",2018,46,12.0972790452235
"5529","Ishikawa",2018,47,9.22772440982278
"5530","Ishikawa",2018,48,10.5272016949802
"5531","Ishikawa",2018,49,9.89628888435192
"5532","Ishikawa",2018,50,4.0278773185049
"5533","Ishikawa",2018,51,7.5144042257545
"5534","Ishikawa",2018,52,3.82958380325489
"5535","Ishikawa",2019,1,2.64707583013062
"5536","Ishikawa",2019,2,2.88064987911107
"5537","Ishikawa",2019,3,3.80393958460224
"5538","Ishikawa",2019,4,2.43264721358518
"5539","Ishikawa",2019,5,3.1316047412732
"5540","Ishikawa",2019,6,4.41506281763458
"5541","Ishikawa",2019,7,1.72554481869939
"5542","Ishikawa",2019,8,5.63569648914829
"5543","Ishikawa",2019,9,6.25389147789424
"5544","Ishikawa",2019,10,7.17813750942056
"5545","Ishikawa",2019,11,6.18468558822421
"5546","Ishikawa",2019,12,7.74674513261838
"5547","Ishikawa",2019,13,7.92391922678996
"5548","Ishikawa",2019,14,7.16394993233783
"5549","Ishikawa",2019,15,8.37073168255405
"5550","Ishikawa",2019,16,11.7545384487374
"5551","Ishikawa",2019,17,12.9230131783322
"5552","Ishikawa",2019,18,13.260579724828
"5553","Ishikawa",2019,19,15.2291864407642
"5554","Ishikawa",2019,20,17.4694210530053
"5555","Ishikawa",2019,21,19.2947799127504
"5556","Ishikawa",2019,22,19.4117305886133
"5557","Ishikawa",2019,23,20.4500727380477
"5558","Ishikawa",2019,24,19.2299813897573
"5559","Ishikawa",2019,25,19.84639147251
"5560","Ishikawa",2019,26,21.7184899227372
"5561","Ishikawa",2019,27,22.5324251603617
"5562","Ishikawa",2019,28,22.6175874309675
"5563","Ishikawa",2019,29,23.4430585768978
"5564","Ishikawa",2019,30,26.3602180590561
"5565","Ishikawa",2019,31,27.9076158544985
"5566","Ishikawa",2019,32,28.8262050118076
"5567","Ishikawa",2019,33,28.740045980694
"5568","Ishikawa",2019,34,25.4887191061122
"5569","Ishikawa",2019,35,23.9640305174909
"5570","Ishikawa",2019,36,25.1828528045087
"5571","Ishikawa",2019,37,25.1982093777756
"5572","Ishikawa",2019,38,21.8070724659418
"5573","Ishikawa",2019,39,21.7571610245182
"5574","Ishikawa",2019,40,22.2281447719316
"5575","Ishikawa",2019,41,18.9459797281393
"5576","Ishikawa",2019,42,16.0681277217311
"5577","Ishikawa",2019,43,17.2723580225102
"5578","Ishikawa",2019,44,14.8023156286812
"5579","Ishikawa",2019,45,12.1377522722107
"5580","Ishikawa",2019,46,12.010836981489
"5581","Ishikawa",2019,47,10.8669078107402
"5582","Ishikawa",2019,48,8.54195363961083
"5583","Ishikawa",2019,49,6.91996012205244
"5584","Ishikawa",2019,50,7.78987100557915
"5585","Ishikawa",2019,51,8.0386563520822
"5586","Ishikawa",2019,52,6.36757711240662
"5587","Ishikawa",2020,1,5.73623283017898
"5588","Ishikawa",2020,2,6.30509137672671
"5589","Ishikawa",2020,3,4.74320360068356
"5590","Ishikawa",2020,4,5.67713144905826
"5591","Ishikawa",2020,5,5.94021040023297
"5592","Ishikawa",2020,6,2.69811953783746
"5593","Ishikawa",2020,7,6.30970095999032
"5594","Ishikawa",2020,8,5.7538474741867
"5595","Ishikawa",2020,9,5.85322733464074
"5596","Iwate",2013,1,-4.82105361698286
"5597","Iwate",2013,2,-4.64089098877881
"5598","Iwate",2013,3,-4.5577992331955
"5599","Iwate",2013,4,-2.77114632309545
"5600","Iwate",2013,5,-1.76631062912408
"5601","Iwate",2013,6,-2.80609243620495
"5602","Iwate",2013,7,-3.48991989375794
"5603","Iwate",2013,8,-4.49200180608644
"5604","Iwate",2013,9,-2.082611988797
"5605","Iwate",2013,10,1.57228559405592
"5606","Iwate",2013,11,0.570983370512213
"5607","Iwate",2013,12,3.49925313523085
"5608","Iwate",2013,13,3.39553827828554
"5609","Iwate",2013,14,6.58021785812709
"5610","Iwate",2013,15,5.31946612314276
"5611","Iwate",2013,16,6.48918300209659
"5612","Iwate",2013,17,7.39322637374666
"5613","Iwate",2013,18,7.81878732508983
"5614","Iwate",2013,19,9.82567177530106
"5615","Iwate",2013,20,12.0612018142947
"5616","Iwate",2013,21,13.6114175822539
"5617","Iwate",2013,22,16.1216501035492
"5618","Iwate",2013,23,15.8303172019875
"5619","Iwate",2013,24,19.0623401935175
"5620","Iwate",2013,25,18.0549657480041
"5621","Iwate",2013,26,17.8669761976542
"5622","Iwate",2013,27,19.968496774806
"5623","Iwate",2013,28,21.3445489109878
"5624","Iwate",2013,29,18.7353613119121
"5625","Iwate",2013,30,20.1658704271404
"5626","Iwate",2013,31,20.7143124664593
"5627","Iwate",2013,32,23.7080009425207
"5628","Iwate",2013,33,24.9497580564747
"5629","Iwate",2013,34,23.2391425047161
"5630","Iwate",2013,35,20.9430769468655
"5631","Iwate",2013,36,20.8247269014602
"5632","Iwate",2013,37,20.7414020749059
"5633","Iwate",2013,38,18.5802153721355
"5634","Iwate",2013,39,16.0990760450993
"5635","Iwate",2013,40,16.5842290885224
"5636","Iwate",2013,41,17.6911547721541
"5637","Iwate",2013,42,10.698377943718
"5638","Iwate",2013,43,11.9531984827935
"5639","Iwate",2013,44,9.56306712232315
"5640","Iwate",2013,45,9.00687098146477
"5641","Iwate",2013,46,3.4389260432345
"5642","Iwate",2013,47,5.29989705210401
"5643","Iwate",2013,48,4.13090548657615
"5644","Iwate",2013,49,2.87198682519293
"5645","Iwate",2013,50,1.04920878012257
"5646","Iwate",2013,51,1.01076356804344
"5647","Iwate",2013,52,-1.32715671732228
"5648","Iwate",2014,1,-1.22450859824539
"5649","Iwate",2014,2,-3.62855286300091
"5650","Iwate",2014,3,-4.9218880368569
"5651","Iwate",2014,4,-1.56557095125381
"5652","Iwate",2014,5,-1.18467906750826
"5653","Iwate",2014,6,-3.83418997735779
"5654","Iwate",2014,7,-3.27141617901036
"5655","Iwate",2014,8,-3.8453638062044
"5656","Iwate",2014,9,0.157669375898503
"5657","Iwate",2014,10,-2.5272901483132
"5658","Iwate",2014,11,-0.953449240779678
"5659","Iwate",2014,12,1.36261759392656
"5660","Iwate",2014,13,6.72295947585309
"5661","Iwate",2014,14,5.49256601202441
"5662","Iwate",2014,15,5.44434666287646
"5663","Iwate",2014,16,6.18493932768055
"5664","Iwate",2014,17,9.46640606703918
"5665","Iwate",2014,18,12.2202564707542
"5666","Iwate",2014,19,11.0654940557721
"5667","Iwate",2014,20,14.2845981701344
"5668","Iwate",2014,21,12.4006386757937
"5669","Iwate",2014,22,17.4617530843553
"5670","Iwate",2014,23,18.4014146432128
"5671","Iwate",2014,24,17.3769901129355
"5672","Iwate",2014,25,17.4531999879776
"5673","Iwate",2014,26,19.2347224116106
"5674","Iwate",2014,27,19.3654287955081
"5675","Iwate",2014,28,21.3102658792687
"5676","Iwate",2014,29,20.7867348415395
"5677","Iwate",2014,30,22.9261519141672
"5678","Iwate",2014,31,23.2456089510019
"5679","Iwate",2014,32,24.1328420201233
"5680","Iwate",2014,33,20.8819859438558
"5681","Iwate",2014,34,23.0154245060633
"5682","Iwate",2014,35,19.3628049229668
"5683","Iwate",2014,36,19.9028577859789
"5684","Iwate",2014,37,18.2581025593122
"5685","Iwate",2014,38,15.7316144737191
"5686","Iwate",2014,39,15.7079441229473
"5687","Iwate",2014,40,15.575749146154
"5688","Iwate",2014,41,12.1168558542656
"5689","Iwate",2014,42,11.383247089197
"5690","Iwate",2014,43,10.9623870541619
"5691","Iwate",2014,44,10.5915058853342
"5692","Iwate",2014,45,8.60650187483817
"5693","Iwate",2014,46,6.25501165591682
"5694","Iwate",2014,47,4.72767985931105
"5695","Iwate",2014,48,5.78131048829829
"5696","Iwate",2014,49,1.46741739747603
"5697","Iwate",2014,50,-0.844526715233875
"5698","Iwate",2014,51,-1.52987886914176
"5699","Iwate",2014,52,-2.21405027792633
"5700","Iwate",2015,1,-0.753660361216825
"5701","Iwate",2015,2,0.121335725798441
"5702","Iwate",2015,3,-1.78892386096042
"5703","Iwate",2015,4,-0.785787008279377
"5704","Iwate",2015,5,-1.9154604037418
"5705","Iwate",2015,6,-2.09222547712976
"5706","Iwate",2015,7,0.250786888131846
"5707","Iwate",2015,8,1.81620907333544
"5708","Iwate",2015,9,1.71845205852765
"5709","Iwate",2015,10,0.37130873738609
"5710","Iwate",2015,11,5.3942477182067
"5711","Iwate",2015,12,4.71730748272774
"5712","Iwate",2015,13,7.42579576870348
"5713","Iwate",2015,14,5.4929139655855
"5714","Iwate",2015,15,8.53805996811595
"5715","Iwate",2015,16,10.6118827988129
"5716","Iwate",2015,17,15.5753672101346
"5717","Iwate",2015,18,13.8029620118668
"5718","Iwate",2015,19,13.4161587940005
"5719","Iwate",2015,20,14.8715075256799
"5720","Iwate",2015,21,17.0833330323215
"5721","Iwate",2015,22,15.7963687552679
"5722","Iwate",2015,23,17.0513591336544
"5723","Iwate",2015,24,18.1331465323674
"5724","Iwate",2015,25,18.6047385594711
"5725","Iwate",2015,26,17.2709663875941
"5726","Iwate",2015,27,19.1203690240782
"5727","Iwate",2015,28,23.2776696660433
"5728","Iwate",2015,29,23.369021751036
"5729","Iwate",2015,30,25.0270634741157
"5730","Iwate",2015,31,24.8518079545217
"5731","Iwate",2015,32,22.6377272217908
"5732","Iwate",2015,33,21.7754770852181
"5733","Iwate",2015,34,18.2672535061825
"5734","Iwate",2015,35,19.9076046167187
"5735","Iwate",2015,36,18.7997108250017
"5736","Iwate",2015,37,17.238477344511
"5737","Iwate",2015,38,17.1908491316358
"5738","Iwate",2015,39,15.4072058416748
"5739","Iwate",2015,40,12.8004378263139
"5740","Iwate",2015,41,11.3268395097236
"5741","Iwate",2015,42,10.7846558658165
"5742","Iwate",2015,43,8.47056766031735
"5743","Iwate",2015,44,8.85834309942755
"5744","Iwate",2015,45,8.89182485322055
"5745","Iwate",2015,46,8.97626508593557
"5746","Iwate",2015,47,4.1650202482239
"5747","Iwate",2015,48,3.34654107818949
"5748","Iwate",2015,49,2.70346696653994
"5749","Iwate",2015,50,3.53188413352044
"5750","Iwate",2015,51,2.21290440454185
"5751","Iwate",2015,52,-0.90047390488441
"5752","Iwate",2016,1,0.313493905791842
"5753","Iwate",2016,2,-2.61380056777693
"5754","Iwate",2016,3,-2.56025174747028
"5755","Iwate",2016,4,-2.47861689471914
"5756","Iwate",2016,5,-3.25834780610307
"5757","Iwate",2016,6,0.146420686445911
"5758","Iwate",2016,7,1.26818368383108
"5759","Iwate",2016,8,-1.0058151137269
"5760","Iwate",2016,9,-0.160511668234554
"5761","Iwate",2016,10,2.67975460114989
"5762","Iwate",2016,11,6.18301576833718
"5763","Iwate",2016,12,2.6524783708295
"5764","Iwate",2016,13,6.25327219516958
"5765","Iwate",2016,14,7.57882855741958
"5766","Iwate",2016,15,7.3314418216371
"5767","Iwate",2016,16,10.4943616728326
"5768","Iwate",2016,17,8.80328695144669
"5769","Iwate",2016,18,12.4428435574135
"5770","Iwate",2016,19,12.9791943420156
"5771","Iwate",2016,20,14.4121939060259
"5772","Iwate",2016,21,17.6609596485549
"5773","Iwate",2016,22,14.8857460937381
"5774","Iwate",2016,23,17.0233873975958
"5775","Iwate",2016,24,17.4116031313719
"5776","Iwate",2016,25,17.9065914945119
"5777","Iwate",2016,26,18.6905460207991
"5778","Iwate",2016,27,18.6373750228203
"5779","Iwate",2016,28,20.1291343890379
"5780","Iwate",2016,29,19.7853312803845
"5781","Iwate",2016,30,22.3643253148984
"5782","Iwate",2016,31,24.1969457135392
"5783","Iwate",2016,32,22.7573903635557
"5784","Iwate",2016,33,23.4338099648417
"5785","Iwate",2016,34,22.6555582071779
"5786","Iwate",2016,35,22.5127235348242
"5787","Iwate",2016,36,22.1259241600645
"5788","Iwate",2016,37,19.3765297537185
"5789","Iwate",2016,38,17.0296441264661
"5790","Iwate",2016,39,18.3288570299053
"5791","Iwate",2016,40,15.99921448515
"5792","Iwate",2016,41,10.6823875776367
"5793","Iwate",2016,42,12.4943034325547
"5794","Iwate",2016,43,9.10198635855544
"5795","Iwate",2016,44,6.38009358160252
"5796","Iwate",2016,45,4.36795684193138
"5797","Iwate",2016,46,6.59163848263595
"5798","Iwate",2016,47,3.28034167016567
"5799","Iwate",2016,48,3.63092336210022
"5800","Iwate",2016,49,2.33142283535813
"5801","Iwate",2016,50,-0.604249776932436
"5802","Iwate",2016,51,3.98603635259003
"5803","Iwate",2016,52,-0.0722440106880933
"5804","Iwate",2017,1,0.466047678194741
"5805","Iwate",2017,2,-2.59523916818522
"5806","Iwate",2017,3,-1.79109216846077
"5807","Iwate",2017,4,-2.1503697541765
"5808","Iwate",2017,5,-2.1207550585318
"5809","Iwate",2017,6,-1.17341836276539
"5810","Iwate",2017,7,0.614283209935317
"5811","Iwate",2017,8,-1.29217789624252
"5812","Iwate",2017,9,0.0990814154505579
"5813","Iwate",2017,10,-0.0658421597700161
"5814","Iwate",2017,11,1.45230207153527
"5815","Iwate",2017,12,2.34848372307036
"5816","Iwate",2017,13,3.19513694308973
"5817","Iwate",2017,14,7.94034236892436
"5818","Iwate",2017,15,7.36422550892538
"5819","Iwate",2017,16,8.78134785537614
"5820","Iwate",2017,17,9.30031292967298
"5821","Iwate",2017,18,13.1215603176063
"5822","Iwate",2017,19,12.1818969913897
"5823","Iwate",2017,20,13.5194438554884
"5824","Iwate",2017,21,16.3936332494798
"5825","Iwate",2017,22,16.0526321626512
"5826","Iwate",2017,23,14.3176265979001
"5827","Iwate",2017,24,14.6116645231648
"5828","Iwate",2017,25,17.8046215812389
"5829","Iwate",2017,26,19.0373113622352
"5830","Iwate",2017,27,21.5934310979407
"5831","Iwate",2017,28,24.7723979889661
"5832","Iwate",2017,29,22.7510435632221
"5833","Iwate",2017,30,21.6120556432566
"5834","Iwate",2017,31,21.4550109966217
"5835","Iwate",2017,32,20.6792732540365
"5836","Iwate",2017,33,19.9960793079979
"5837","Iwate",2017,34,22.2923274846523
"5838","Iwate",2017,35,18.6740139185076
"5839","Iwate",2017,36,19.0570904524519
"5840","Iwate",2017,37,18.1611560751415
"5841","Iwate",2017,38,18.0768629624682
"5842","Iwate",2017,39,15.366197031373
"5843","Iwate",2017,40,13.6373361650579
"5844","Iwate",2017,41,13.7278579933355
"5845","Iwate",2017,42,10.3725440767543
"5846","Iwate",2017,43,10.3257977872339
"5847","Iwate",2017,44,10.0673836268199
"5848","Iwate",2017,45,9.38405628606924
"5849","Iwate",2017,46,5.45723335799792
"5850","Iwate",2017,47,1.48467787110986
"5851","Iwate",2017,48,1.31315888930493
"5852","Iwate",2017,49,0.966212052665103
"5853","Iwate",2017,50,0.598987617135249
"5854","Iwate",2017,51,-0.445693984381714
"5855","Iwate",2017,52,-1.34414244393733
"5856","Iwate",2018,1,-0.0350811565893748
"5857","Iwate",2018,2,-0.950950395883516
"5858","Iwate",2018,3,0.517702910070235
"5859","Iwate",2018,4,-5.25344677272981
"5860","Iwate",2018,5,-2.97218257176498
"5861","Iwate",2018,6,-2.05869210996739
"5862","Iwate",2018,7,-3.84689638363291
"5863","Iwate",2018,8,-4.40122310884284
"5864","Iwate",2018,9,-1.21851935555368
"5865","Iwate",2018,10,1.03936947570783
"5866","Iwate",2018,11,3.65143807358796
"5867","Iwate",2018,12,2.68434867151628
"5868","Iwate",2018,13,8.0640269324432
"5869","Iwate",2018,14,5.88325178708079
"5870","Iwate",2018,15,6.54527079060731
"5871","Iwate",2018,16,10.4842654172142
"5872","Iwate",2018,17,10.4757483924775
"5873","Iwate",2018,18,13.5787013428613
"5874","Iwate",2018,19,11.0319314721334
"5875","Iwate",2018,20,13.6617755687402
"5876","Iwate",2018,21,14.746206480135
"5877","Iwate",2018,22,15.943936062922
"5878","Iwate",2018,23,18.6889804540518
"5879","Iwate",2018,24,12.4898084880777
"5880","Iwate",2018,25,17.5836370198345
"5881","Iwate",2018,26,20.7091915916836
"5882","Iwate",2018,27,20.6371006345775
"5883","Iwate",2018,28,21.5602622933755
"5884","Iwate",2018,29,23.8900056081631
"5885","Iwate",2018,30,23.0367799868119
"5886","Iwate",2018,31,24.4688846203173
"5887","Iwate",2018,32,20.6239408524758
"5888","Iwate",2018,33,21.236273514295
"5889","Iwate",2018,34,24.0074612857289
"5890","Iwate",2018,35,20.3032488502233
"5891","Iwate",2018,36,21.7159008634904
"5892","Iwate",2018,37,17.6060611896616
"5893","Iwate",2018,38,17.7626479707503
"5894","Iwate",2018,39,16.067241916312
"5895","Iwate",2018,40,17.2407048535161
"5896","Iwate",2018,41,14.7436655637999
"5897","Iwate",2018,42,11.4504035887396
"5898","Iwate",2018,43,12.2183406828686
"5899","Iwate",2018,44,8.58288188198797
"5900","Iwate",2018,45,11.2841079975397
"5901","Iwate",2018,46,6.94849031039005
"5902","Iwate",2018,47,3.43367692710479
"5903","Iwate",2018,48,4.59300895292351
"5904","Iwate",2018,49,3.34705208390368
"5905","Iwate",2018,50,-1.5142315440726
"5906","Iwate",2018,51,1.85395287603365
"5907","Iwate",2018,52,-1.26314383801274
"5908","Iwate",2019,1,-0.900665022210165
"5909","Iwate",2019,2,-0.843418672213245
"5910","Iwate",2019,3,-1.49175523235855
"5911","Iwate",2019,4,-2.63255453251565
"5912","Iwate",2019,5,-1.62452654457155
"5913","Iwate",2019,6,-1.18683236546993
"5914","Iwate",2019,7,-3.46237382540591
"5915","Iwate",2019,8,1.75507615382005
"5916","Iwate",2019,9,2.31485209837663
"5917","Iwate",2019,10,3.43832842945097
"5918","Iwate",2019,11,3.14982565925219
"5919","Iwate",2019,12,4.40361477259754
"5920","Iwate",2019,13,2.36350011740481
"5921","Iwate",2019,14,2.32286821453928
"5922","Iwate",2019,15,4.6250780871087
"5923","Iwate",2019,16,9.68749264886838
"5924","Iwate",2019,17,9.27551153792782
"5925","Iwate",2019,18,11.0548009996551
"5926","Iwate",2019,19,12.8745585023141
"5927","Iwate",2019,20,13.3274436635744
"5928","Iwate",2019,21,16.1314752983101
"5929","Iwate",2019,22,17.4780719219571
"5930","Iwate",2019,23,16.9977762267116
"5931","Iwate",2019,24,15.1710573152102
"5932","Iwate",2019,25,16.4218235425602
"5933","Iwate",2019,26,17.5473807692074
"5934","Iwate",2019,27,18.7255560823655
"5935","Iwate",2019,28,17.6683853201517
"5936","Iwate",2019,29,20.130719871432
"5937","Iwate",2019,30,22.3944769171866
"5938","Iwate",2019,31,25.9656925151634
"5939","Iwate",2019,32,25.0555571978289
"5940","Iwate",2019,33,24.311249524329
"5941","Iwate",2019,34,22.3316913443819
"5942","Iwate",2019,35,21.2975521883083
"5943","Iwate",2019,36,21.6750218296035
"5944","Iwate",2019,37,21.3914992736407
"5945","Iwate",2019,38,18.3145938225845
"5946","Iwate",2019,39,17.1989909178875
"5947","Iwate",2019,40,18.6392388493261
"5948","Iwate",2019,41,14.8625842309834
"5949","Iwate",2019,42,11.20704923216
"5950","Iwate",2019,43,13.4645382532488
"5951","Iwate",2019,44,11.0487691533558
"5952","Iwate",2019,45,7.26327376039001
"5953","Iwate",2019,46,6.9370388379837
"5954","Iwate",2019,47,4.49778243412442
"5955","Iwate",2019,48,2.88953769852485
"5956","Iwate",2019,49,1.70447153994122
"5957","Iwate",2019,50,2.68336622192706
"5958","Iwate",2019,51,1.61471974042561
"5959","Iwate",2019,52,0.0145420506436997
"5960","Iwate",2020,1,-0.6584044132154
"5961","Iwate",2020,2,0.156019660062473
"5962","Iwate",2020,3,-1.40524531519575
"5963","Iwate",2020,4,-0.719934183246591
"5964","Iwate",2020,5,1.60083788183292
"5965","Iwate",2020,6,-2.88276783547963
"5966","Iwate",2020,7,0.75167019708681
"5967","Iwate",2020,8,1.89089296598187
"5968","Iwate",2020,9,1.30648358024053
"5969","Kagawa",2013,1,4.11861165364585
"5970","Kagawa",2013,2,5.47505812872025
"5971","Kagawa",2013,3,5.14123796735493
"5972","Kagawa",2013,4,5.93936128162204
"5973","Kagawa",2013,5,7.440814499628
"5974","Kagawa",2013,6,6.35273350306921
"5975","Kagawa",2013,7,5.44320794968381
"5976","Kagawa",2013,8,5.58523385184153
"5977","Kagawa",2013,9,7.50957060314362
"5978","Kagawa",2013,10,10.9922816685268
"5979","Kagawa",2013,11,9.06915399460567
"5980","Kagawa",2013,12,12.5496808733259
"5981","Kagawa",2013,13,11.8701285226005
"5982","Kagawa",2013,14,13.6795186360677
"5983","Kagawa",2013,15,10.9309050060454
"5984","Kagawa",2013,16,14.7344008672805
"5985","Kagawa",2013,17,13.9317435128349
"5986","Kagawa",2013,18,14.6450802757627
"5987","Kagawa",2013,19,16.7417788550968
"5988","Kagawa",2013,20,19.0176504952567
"5989","Kagawa",2013,21,20.8262776692709
"5990","Kagawa",2013,22,20.9194725399926
"5991","Kagawa",2013,23,21.267971656436
"5992","Kagawa",2013,24,23.558241780599
"5993","Kagawa",2013,25,23.4612075079055
"5994","Kagawa",2013,26,22.7045532226563
"5995","Kagawa",2013,27,25.4674810500372
"5996","Kagawa",2013,28,27.7319594610305
"5997","Kagawa",2013,29,27.1885591052828
"5998","Kagawa",2013,30,28.0590759277344
"5999","Kagawa",2013,31,27.9852916899182
"6000","Kagawa",2013,32,28.7218072800409
"6001","Kagawa",2013,33,29.3233654203869
"6002","Kagawa",2013,34,28.8676740373884
"6003","Kagawa",2013,35,26.1814470563616
"6004","Kagawa",2013,36,23.6126197451637
"6005","Kagawa",2013,37,25.8201392764137
"6006","Kagawa",2013,38,23.4588663736979
"6007","Kagawa",2013,39,23.1331202915737
"6008","Kagawa",2013,40,22.4938729422433
"6009","Kagawa",2013,41,23.9473554338728
"6010","Kagawa",2013,42,18.1992199125744
"6011","Kagawa",2013,43,18.4891180129278
"6012","Kagawa",2013,44,16.3566208612351
"6013","Kagawa",2013,45,16.5827154250372
"6014","Kagawa",2013,46,12.5051077706473
"6015","Kagawa",2013,47,10.5498959495908
"6016","Kagawa",2013,48,9.9195510137649
"6017","Kagawa",2013,49,10.2344415573847
"6018","Kagawa",2013,50,7.619526890346
"6019","Kagawa",2013,51,6.8623479933966
"6020","Kagawa",2013,52,5.68595493861609
"6021","Kagawa",2014,1,7.80224289667041
"6022","Kagawa",2014,2,5.69740048363096
"6023","Kagawa",2014,3,5.22801833379839
"6024","Kagawa",2014,4,6.11692417689734
"6025","Kagawa",2014,5,8.29679042271208
"6026","Kagawa",2014,6,5.90519321986609
"6027","Kagawa",2014,7,4.23316272553947
"6028","Kagawa",2014,8,5.10950985863098
"6029","Kagawa",2014,9,9.66498209635418
"6030","Kagawa",2014,10,6.4716009230841
"6031","Kagawa",2014,11,7.58762148902532
"6032","Kagawa",2014,12,10.7346711658296
"6033","Kagawa",2014,13,14.3363644554502
"6034","Kagawa",2014,14,12.1160173688616
"6035","Kagawa",2014,15,12.5608997163319
"6036","Kagawa",2014,16,14.2206883021764
"6037","Kagawa",2014,17,15.129296875
"6038","Kagawa",2014,18,17.3095031738282
"6039","Kagawa",2014,19,16.1194455101377
"6040","Kagawa",2014,20,18.3190508161273
"6041","Kagawa",2014,21,18.9364708310082
"6042","Kagawa",2014,22,20.9012767973401
"6043","Kagawa",2014,23,21.5674362909226
"6044","Kagawa",2014,24,21.8308858235677
"6045","Kagawa",2014,25,21.4566632952009
"6046","Kagawa",2014,26,22.6841311500186
"6047","Kagawa",2014,27,23.5681047712054
"6048","Kagawa",2014,28,25.1772472563244
"6049","Kagawa",2014,29,26.0796113513765
"6050","Kagawa",2014,30,27.9087274460566
"6051","Kagawa",2014,31,26.9217279343378
"6052","Kagawa",2014,32,26.318981061663
"6053","Kagawa",2014,33,26.1299377441406
"6054","Kagawa",2014,34,27.087047467913
"6055","Kagawa",2014,35,25.2217535109747
"6056","Kagawa",2014,36,25.1448957170759
"6057","Kagawa",2014,37,23.759657796224
"6058","Kagawa",2014,38,22.0226364862351
"6059","Kagawa",2014,39,22.8836449032738
"6060","Kagawa",2014,40,22.4006882440476
"6061","Kagawa",2014,41,20.4201846168155
"6062","Kagawa",2014,42,17.5779968261719
"6063","Kagawa",2014,43,18.1033845447359
"6064","Kagawa",2014,44,16.9202892485119
"6065","Kagawa",2014,45,15.10048828125
"6066","Kagawa",2014,46,12.7428920200893
"6067","Kagawa",2014,47,11.95105968657
"6068","Kagawa",2014,48,14.2159449986049
"6069","Kagawa",2014,49,7.99106968470986
"6070","Kagawa",2014,50,7.32062610444571
"6071","Kagawa",2014,51,4.93993239629839
"6072","Kagawa",2014,52,6.04800167992004
"6073","Kagawa",2015,1,7.26988845098588
"6074","Kagawa",2015,2,6.63390648251491
"6075","Kagawa",2015,3,7.30100039527532
"6076","Kagawa",2015,4,6.38644670758931
"6077","Kagawa",2015,5,5.75742565336684
"6078","Kagawa",2015,6,5.37053833007815
"6079","Kagawa",2015,7,7.52334275018603
"6080","Kagawa",2015,8,8.86338849748887
"6081","Kagawa",2015,9,7.43078148251489
"6082","Kagawa",2015,10,7.30205252511162
"6083","Kagawa",2015,11,12.8410714285715
"6084","Kagawa",2015,12,10.2533479236421
"6085","Kagawa",2015,13,15.8278471447173
"6086","Kagawa",2015,14,12.0999767485119
"6087","Kagawa",2015,15,14.2521228608631
"6088","Kagawa",2015,16,16.0435817173549
"6089","Kagawa",2015,17,18.5327101934524
"6090","Kagawa",2015,18,18.171520124163
"6091","Kagawa",2015,19,18.7689264206659
"6092","Kagawa",2015,20,19.1628909156436
"6093","Kagawa",2015,21,21.8156488327753
"6094","Kagawa",2015,22,20.0386335100447
"6095","Kagawa",2015,23,21.3089262462798
"6096","Kagawa",2015,24,21.4183695475261
"6097","Kagawa",2015,25,22.7352175757999
"6098","Kagawa",2015,26,22.2257876441592
"6099","Kagawa",2015,27,23.7556454613095
"6100","Kagawa",2015,28,25.8780340285528
"6101","Kagawa",2015,29,26.4923804873512
"6102","Kagawa",2015,30,28.2225048246838
"6103","Kagawa",2015,31,28.7206461588542
"6104","Kagawa",2015,32,27.2564054943267
"6105","Kagawa",2015,33,26.1086626325335
"6106","Kagawa",2015,34,25.5669886997768
"6107","Kagawa",2015,35,24.2576058523996
"6108","Kagawa",2015,36,22.7321527390253
"6109","Kagawa",2015,37,21.5967636835008
"6110","Kagawa",2015,38,22.3102225167411
"6111","Kagawa",2015,39,21.3636151994978
"6112","Kagawa",2015,40,18.8123267764137
"6113","Kagawa",2015,41,17.7208016531808
"6114","Kagawa",2015,42,18.5279479980469
"6115","Kagawa",2015,43,15.529200671968
"6116","Kagawa",2015,44,16.4322201683408
"6117","Kagawa",2015,45,16.9839881533668
"6118","Kagawa",2015,46,16.0904494512649
"6119","Kagawa",2015,47,11.9154427664621
"6120","Kagawa",2015,48,10.8050999232701
"6121","Kagawa",2015,49,11.6354933965774
"6122","Kagawa",2015,50,9.22927972702756
"6123","Kagawa",2015,51,10.3636413574219
"6124","Kagawa",2015,52,7.34805995396207
"6125","Kagawa",2016,1,8.93833530970984
"6126","Kagawa",2016,2,6.33338390531996
"6127","Kagawa",2016,3,4.6942818777902
"6128","Kagawa",2016,4,5.79454374767487
"6129","Kagawa",2016,5,6.5522152855283
"6130","Kagawa",2016,6,8.49289783296133
"6131","Kagawa",2016,7,7.27746552966892
"6132","Kagawa",2016,8,6.47095860072547
"6133","Kagawa",2016,9,9.10558326357889
"6134","Kagawa",2016,10,10.6084577287947
"6135","Kagawa",2016,11,10.7834586007255
"6136","Kagawa",2016,12,9.56969023204988
"6137","Kagawa",2016,13,13.4328566778274
"6138","Kagawa",2016,14,15.5441528320313
"6139","Kagawa",2016,15,14.7619378952753
"6140","Kagawa",2016,16,16.021617780413
"6141","Kagawa",2016,17,16.0489455450149
"6142","Kagawa",2016,18,18.4699195498512
"6143","Kagawa",2016,19,17.9508446103051
"6144","Kagawa",2016,20,19.4999168759301
"6145","Kagawa",2016,21,21.3409813290551
"6146","Kagawa",2016,22,20.2793256487165
"6147","Kagawa",2016,23,21.5925740559896
"6148","Kagawa",2016,24,23.0867103213356
"6149","Kagawa",2016,25,23.4647126697359
"6150","Kagawa",2016,26,23.7521446591332
"6151","Kagawa",2016,27,26.4491298130581
"6152","Kagawa",2016,28,26.1556277320499
"6153","Kagawa",2016,29,26.3427179245722
"6154","Kagawa",2016,30,27.2527259463356
"6155","Kagawa",2016,31,28.0427824474517
"6156","Kagawa",2016,32,28.4240327380953
"6157","Kagawa",2016,33,28.689596702939
"6158","Kagawa",2016,34,28.0071931384859
"6159","Kagawa",2016,35,25.6071774437314
"6160","Kagawa",2016,36,25.7225382486979
"6161","Kagawa",2016,37,25.310943312872
"6162","Kagawa",2016,38,22.7136489141555
"6163","Kagawa",2016,39,24.0200991675968
"6164","Kagawa",2016,40,24.007944452195
"6165","Kagawa",2016,41,18.3627142043341
"6166","Kagawa",2016,42,20.5897940499442
"6167","Kagawa",2016,43,17.9472101120722
"6168","Kagawa",2016,44,14.3154482886905
"6169","Kagawa",2016,45,12.922743733724
"6170","Kagawa",2016,46,15.4374415806362
"6171","Kagawa",2016,47,13.2836518787203
"6172","Kagawa",2016,48,11.5480067661831
"6173","Kagawa",2016,49,10.586559186663
"6174","Kagawa",2016,50,7.87440534319199
"6175","Kagawa",2016,51,10.8417311895462
"6176","Kagawa",2016,52,7.64417637416297
"6177","Kagawa",2017,1,8.31623883928575
"6178","Kagawa",2017,2,6.45613287062875
"6179","Kagawa",2017,3,5.10691441127235
"6180","Kagawa",2017,4,4.61071748279392
"6181","Kagawa",2017,5,7.0036574590774
"6182","Kagawa",2017,6,4.65284481956848
"6183","Kagawa",2017,7,6.65312819707964
"6184","Kagawa",2017,8,7.06433657691593
"6185","Kagawa",2017,9,7.52460995628721
"6186","Kagawa",2017,10,7.65051676432293
"6187","Kagawa",2017,11,8.40776396251863
"6188","Kagawa",2017,12,9.25500313895092
"6189","Kagawa",2017,13,9.50819149925598
"6190","Kagawa",2017,14,13.9294358026414
"6191","Kagawa",2017,15,14.1324866885231
"6192","Kagawa",2017,16,15.6083894275484
"6193","Kagawa",2017,17,15.4658272879465
"6194","Kagawa",2017,18,18.4020847865514
"6195","Kagawa",2017,19,18.7442129952567
"6196","Kagawa",2017,20,18.8486208961124
"6197","Kagawa",2017,21,19.9087797619048
"6198","Kagawa",2017,22,20.7252528599331
"6199","Kagawa",2017,23,20.6089983258929
"6200","Kagawa",2017,24,20.4363429478237
"6201","Kagawa",2017,25,22.7856849307106
"6202","Kagawa",2017,26,23.6140148344494
"6203","Kagawa",2017,27,25.7687375023252
"6204","Kagawa",2017,28,26.6821707589286
"6205","Kagawa",2017,29,27.5296351841518
"6206","Kagawa",2017,30,27.8358035132999
"6207","Kagawa",2017,31,28.5999055408296
"6208","Kagawa",2017,32,27.9792215983073
"6209","Kagawa",2017,33,27.2724228631883
"6210","Kagawa",2017,34,28.6623415992374
"6211","Kagawa",2017,35,26.143454124814
"6212","Kagawa",2017,36,24.5320359002976
"6213","Kagawa",2017,37,24.0436514718192
"6214","Kagawa",2017,38,22.8508181617374
"6215","Kagawa",2017,39,21.8482256208148
"6216","Kagawa",2017,40,20.4668285551526
"6217","Kagawa",2017,41,21.2965971447173
"6218","Kagawa",2017,42,16.9193650018601
"6219","Kagawa",2017,43,16.6409894670759
"6220","Kagawa",2017,44,14.9184959774926
"6221","Kagawa",2017,45,14.3937607538133
"6222","Kagawa",2017,46,11.7438438778832
"6223","Kagawa",2017,47,8.83812284923736
"6224","Kagawa",2017,48,11.2820213681176
"6225","Kagawa",2017,49,7.15077979678201
"6226","Kagawa",2017,50,5.85142124720984
"6227","Kagawa",2017,51,6.07491600399928
"6228","Kagawa",2017,52,6.79031343005954
"6229","Kagawa",2018,1,5.79278826032368
"6230","Kagawa",2018,2,4.37066330682666
"6231","Kagawa",2018,3,7.68619035993306
"6232","Kagawa",2018,4,2.71886887323291
"6233","Kagawa",2018,5,3.48789876302086
"6234","Kagawa",2018,6,2.36917375837057
"6235","Kagawa",2018,7,4.40164736793158
"6236","Kagawa",2018,8,6.06725173223588
"6237","Kagawa",2018,9,8.48087536039808
"6238","Kagawa",2018,10,8.53715558733262
"6239","Kagawa",2018,11,9.9234049479167
"6240","Kagawa",2018,12,9.45134887695315
"6241","Kagawa",2018,13,13.1099153064546
"6242","Kagawa",2018,14,14.0407668340774
"6243","Kagawa",2018,15,14.2187133789063
"6244","Kagawa",2018,16,14.9382844470796
"6245","Kagawa",2018,17,16.4849400111607
"6246","Kagawa",2018,18,17.1804632277716
"6247","Kagawa",2018,19,16.4346412295387
"6248","Kagawa",2018,20,19.5105064755395
"6249","Kagawa",2018,21,19.3967718215216
"6250","Kagawa",2018,22,20.141732061477
"6251","Kagawa",2018,23,21.0874471028646
"6252","Kagawa",2018,24,20.1648484002976
"6253","Kagawa",2018,25,21.9238525390625
"6254","Kagawa",2018,26,25.4600551060268
"6255","Kagawa",2018,27,25.4029291062128
"6256","Kagawa",2018,28,26.7148361932664
"6257","Kagawa",2018,29,28.5120439801897
"6258","Kagawa",2018,30,28.7004725864956
"6259","Kagawa",2018,31,28.2890781947545
"6260","Kagawa",2018,32,28.0231523786272
"6261","Kagawa",2018,33,26.8721790132069
"6262","Kagawa",2018,34,28.1987156459264
"6263","Kagawa",2018,35,27.8236415318081
"6264","Kagawa",2018,36,25.3764994303386
"6265","Kagawa",2018,37,23.6807073683966
"6266","Kagawa",2018,38,24.1826822916667
"6267","Kagawa",2018,39,21.2908554803758
"6268","Kagawa",2018,40,22.3473377046131
"6269","Kagawa",2018,41,19.7307184128534
"6270","Kagawa",2018,42,17.9272850399926
"6271","Kagawa",2018,43,17.5636346726191
"6272","Kagawa",2018,44,14.5041515531994
"6273","Kagawa",2018,45,16.7153927757627
"6274","Kagawa",2018,46,13.7982160295759
"6275","Kagawa",2018,47,11.129786609468
"6276","Kagawa",2018,48,12.8860354468936
"6277","Kagawa",2018,49,12.5389764694941
"6278","Kagawa",2018,50,7.02428588867189
"6279","Kagawa",2018,51,10.2946600051154
"6280","Kagawa",2018,52,7.1486304873512
"6281","Kagawa",2019,1,6.39091680617562
"6282","Kagawa",2019,2,6.55679146902904
"6283","Kagawa",2019,3,6.98973127092636
"6284","Kagawa",2019,4,6.68530389694943
"6285","Kagawa",2019,5,5.76731625511536
"6286","Kagawa",2019,6,8.06495274135047
"6287","Kagawa",2019,7,5.58495047433039
"6288","Kagawa",2019,8,8.25859113420761
"6289","Kagawa",2019,9,8.54995117187502
"6290","Kagawa",2019,10,8.91332252139139
"6291","Kagawa",2019,11,9.17163202194942
"6292","Kagawa",2019,12,10.3043689546131
"6293","Kagawa",2019,13,11.5117678687686
"6294","Kagawa",2019,14,10.1872061593192
"6295","Kagawa",2019,15,11.9739217122396
"6296","Kagawa",2019,16,14.1873136974517
"6297","Kagawa",2019,17,16.8906072707404
"6298","Kagawa",2019,18,15.8563738141741
"6299","Kagawa",2019,19,16.671525937035
"6300","Kagawa",2019,20,19.3807152157738
"6301","Kagawa",2019,21,20.5288504464286
"6302","Kagawa",2019,22,20.3931256975447
"6303","Kagawa",2019,23,21.8976713634673
"6304","Kagawa",2019,24,20.6551031203497
"6305","Kagawa",2019,25,22.0814830961682
"6306","Kagawa",2019,26,23.4477027529762
"6307","Kagawa",2019,27,23.8252211797805
"6308","Kagawa",2019,28,23.844144984654
"6309","Kagawa",2019,29,24.9170195079985
"6310","Kagawa",2019,30,26.9669913155692
"6311","Kagawa",2019,31,28.5452151343936
"6312","Kagawa",2019,32,28.2999308268229
"6313","Kagawa",2019,33,28.4428054082962
"6314","Kagawa",2019,34,26.7962047758557
"6315","Kagawa",2019,35,25.1867091587612
"6316","Kagawa",2019,36,27.0410385858445
"6317","Kagawa",2019,37,27.0099527994792
"6318","Kagawa",2019,38,23.7639389764695
"6319","Kagawa",2019,39,24.0489135742188
"6320","Kagawa",2019,40,24.6828043619792
"6321","Kagawa",2019,41,21.3004757835752
"6322","Kagawa",2019,42,18.9126860119048
"6323","Kagawa",2019,43,19.2603785923549
"6324","Kagawa",2019,44,17.1392339797247
"6325","Kagawa",2019,45,14.6508321126302
"6326","Kagawa",2019,46,14.2615789504279
"6327","Kagawa",2019,47,12.8603876023066
"6328","Kagawa",2019,48,11.4616173153832
"6329","Kagawa",2019,49,9.29932919456847
"6330","Kagawa",2019,50,9.22925502232145
"6331","Kagawa",2019,51,9.96439005533858
"6332","Kagawa",2019,52,8.77696707589288
"6333","Kagawa",2020,1,8.69738740466893
"6334","Kagawa",2020,2,8.96418515159974
"6335","Kagawa",2020,3,7.13653680710568
"6336","Kagawa",2020,4,8.85464593796505
"6337","Kagawa",2020,5,8.13151448567711
"6338","Kagawa",2020,6,5.82823224748887
"6339","Kagawa",2020,7,8.69215146019349
"6340","Kagawa",2020,8,7.37674647739958
"6341","Kagawa",2020,9,8.50751139322918
"6342","Kagoshima",2013,1,7.66536016675361
"6343","Kagoshima",2013,2,8.76470777573102
"6344","Kagoshima",2013,3,8.68326600018358
"6345","Kagoshima",2013,4,10.0562104245018
"6346","Kagoshima",2013,5,10.4059399360838
"6347","Kagoshima",2013,6,10.6427444351173
"6348","Kagoshima",2013,7,9.39311649990764
"6349","Kagoshima",2013,8,10.2578542463844
"6350","Kagoshima",2013,9,12.3468331824209
"6351","Kagoshima",2013,10,13.7922754286735
"6352","Kagoshima",2013,11,14.2577831250782
"6353","Kagoshima",2013,12,15.4787739192109
"6354","Kagoshima",2013,13,15.0822152836816
"6355","Kagoshima",2013,14,16.1081937076298
"6356","Kagoshima",2013,15,13.2735081654406
"6357","Kagoshima",2013,16,18.2284815924006
"6358","Kagoshima",2013,17,16.2157053160872
"6359","Kagoshima",2013,18,17.4640643561314
"6360","Kagoshima",2013,19,19.5457412325031
"6361","Kagoshima",2013,20,21.0647973935395
"6362","Kagoshima",2013,21,21.9010118839192
"6363","Kagoshima",2013,22,22.5955599800933
"6364","Kagoshima",2013,23,22.2082024333517
"6365","Kagoshima",2013,24,24.3389883645214
"6366","Kagoshima",2013,25,25.8478169782583
"6367","Kagoshima",2013,26,24.1274627784578
"6368","Kagoshima",2013,27,26.6649296379834
"6369","Kagoshima",2013,28,28.1213629857837
"6370","Kagoshima",2013,29,28.1767538771496
"6371","Kagoshima",2013,30,28.6166874624627
"6372","Kagoshima",2013,31,28.809784305992
"6373","Kagoshima",2013,32,28.452500154881
"6374","Kagoshima",2013,33,29.0087029992731
"6375","Kagoshima",2013,34,29.0560721439695
"6376","Kagoshima",2013,35,27.382192388515
"6377","Kagoshima",2013,36,25.4595605892659
"6378","Kagoshima",2013,37,27.3746427815235
"6379","Kagoshima",2013,38,25.9236802022339
"6380","Kagoshima",2013,39,25.2251943645043
"6381","Kagoshima",2013,40,24.5827687953618
"6382","Kagoshima",2013,41,24.8755836773452
"6383","Kagoshima",2013,42,20.991839754917
"6384","Kagoshima",2013,43,21.0578356271159
"6385","Kagoshima",2013,44,19.1134793786827
"6386","Kagoshima",2013,45,19.1332780629982
"6387","Kagoshima",2013,46,15.3038879934098
"6388","Kagoshima",2013,47,12.6681300794777
"6389","Kagoshima",2013,48,12.4200396759267
"6390","Kagoshima",2013,49,11.9886427746024
"6391","Kagoshima",2013,50,11.3263094869127
"6392","Kagoshima",2013,51,9.72202449373577
"6393","Kagoshima",2013,52,8.85869343065372
"6394","Kagoshima",2014,1,10.9107752120789
"6395","Kagoshima",2014,2,9.34536391428681
"6396","Kagoshima",2014,3,8.14130799335222
"6397","Kagoshima",2014,4,9.50024816761196
"6398","Kagoshima",2014,5,13.0208226117372
"6399","Kagoshima",2014,6,11.1121598010902
"6400","Kagoshima",2014,7,8.50568667964034
"6401","Kagoshima",2014,8,9.31828014435444
"6402","Kagoshima",2014,9,13.3975497276093
"6403","Kagoshima",2014,10,10.4698644370925
"6404","Kagoshima",2014,11,10.7937608484908
"6405","Kagoshima",2014,12,13.8302570536114
"6406","Kagoshima",2014,13,16.7230698271943
"6407","Kagoshima",2014,14,14.86014943009
"6408","Kagoshima",2014,15,15.291395762405
"6409","Kagoshima",2014,16,17.2740075416428
"6410","Kagoshima",2014,17,17.8530780156038
"6411","Kagoshima",2014,18,17.9624757552991
"6412","Kagoshima",2014,19,18.4675993923382
"6413","Kagoshima",2014,20,20.1304718516064
"6414","Kagoshima",2014,21,20.4147081073075
"6415","Kagoshima",2014,22,22.0806676212582
"6416","Kagoshima",2014,23,22.1126721096062
"6417","Kagoshima",2014,24,22.8725400412831
"6418","Kagoshima",2014,25,22.4200697565002
"6419","Kagoshima",2014,26,22.8784960425866
"6420","Kagoshima",2014,27,24.3900901631613
"6421","Kagoshima",2014,28,26.1689624826778
"6422","Kagoshima",2014,29,26.8158403177712
"6423","Kagoshima",2014,30,28.2141277863997
"6424","Kagoshima",2014,31,27.6010256296883
"6425","Kagoshima",2014,32,27.0670698290491
"6426","Kagoshima",2014,33,26.8212749874513
"6427","Kagoshima",2014,34,27.1822137102757
"6428","Kagoshima",2014,35,26.722784848238
"6429","Kagoshima",2014,36,26.4647389123625
"6430","Kagoshima",2014,37,25.5797506629362
"6431","Kagoshima",2014,38,23.5816817629988
"6432","Kagoshima",2014,39,24.4383761640232
"6433","Kagoshima",2014,40,24.3899033635641
"6434","Kagoshima",2014,41,22.6479302568075
"6435","Kagoshima",2014,42,20.2127675704383
"6436","Kagoshima",2014,43,21.2719069709145
"6437","Kagoshima",2014,44,20.4299507388835
"6438","Kagoshima",2014,45,17.3409432529867
"6439","Kagoshima",2014,46,15.6210214672284
"6440","Kagoshima",2014,47,14.9815386454896
"6441","Kagoshima",2014,48,17.6043132637299
"6442","Kagoshima",2014,49,11.3149670366646
"6443","Kagoshima",2014,50,10.9675077390911
"6444","Kagoshima",2014,51,8.75727411396036
"6445","Kagoshima",2014,52,9.06736742498969
"6446","Kagoshima",2015,1,10.2105537058544
"6447","Kagoshima",2015,2,10.1014882968532
"6448","Kagoshima",2015,3,9.89670521588714
"6449","Kagoshima",2015,4,10.478909161606
"6450","Kagoshima",2015,5,8.16385441064828
"6451","Kagoshima",2015,6,7.57137840343898
"6452","Kagoshima",2015,7,11.0278609151469
"6453","Kagoshima",2015,8,11.4737998564507
"6454","Kagoshima",2015,9,10.1601847308396
"6455","Kagoshima",2015,10,10.535212591422
"6456","Kagoshima",2015,11,16.4128996280679
"6457","Kagoshima",2015,12,13.0231627309072
"6458","Kagoshima",2015,13,19.1993400954204
"6459","Kagoshima",2015,14,17.4521678785085
"6460","Kagoshima",2015,15,16.7897329125502
"6461","Kagoshima",2015,16,18.2929052452669
"6462","Kagoshima",2015,17,19.6860182041993
"6463","Kagoshima",2015,18,19.1713886689377
"6464","Kagoshima",2015,19,20.7197270332196
"6465","Kagoshima",2015,20,21.0328704152976
"6466","Kagoshima",2015,21,22.1471877716803
"6467","Kagoshima",2015,22,22.4374392377193
"6468","Kagoshima",2015,23,23.009161446842
"6469","Kagoshima",2015,24,22.8154501072975
"6470","Kagoshima",2015,25,23.5651002480876
"6471","Kagoshima",2015,26,23.2116363143841
"6472","Kagoshima",2015,27,25.6670492975922
"6473","Kagoshima",2015,28,26.124496482267
"6474","Kagoshima",2015,29,26.5405523979042
"6475","Kagoshima",2015,30,27.6716739069512
"6476","Kagoshima",2015,31,28.343504702937
"6477","Kagoshima",2015,32,27.3304546687976
"6478","Kagoshima",2015,33,27.0374098698542
"6479","Kagoshima",2015,34,25.8090924070577
"6480","Kagoshima",2015,35,25.0839224938848
"6481","Kagoshima",2015,36,24.7239498470609
"6482","Kagoshima",2015,37,23.7914274997452
"6483","Kagoshima",2015,38,25.0311859827313
"6484","Kagoshima",2015,39,23.3004536903074
"6485","Kagoshima",2015,40,21.1949649114293
"6486","Kagoshima",2015,41,19.8329327631831
"6487","Kagoshima",2015,42,21.5559841522599
"6488","Kagoshima",2015,43,18.4586679687355
"6489","Kagoshima",2015,44,19.0654749353425
"6490","Kagoshima",2015,45,19.9085306766919
"6491","Kagoshima",2015,46,19.8512425572447
"6492","Kagoshima",2015,47,15.6198479656671
"6493","Kagoshima",2015,48,13.8631855244787
"6494","Kagoshima",2015,49,14.7200560362426
"6495","Kagoshima",2015,50,11.3892380657401
"6496","Kagoshima",2015,51,14.2509208573162
"6497","Kagoshima",2015,52,10.3469208456217
"6498","Kagoshima",2016,1,12.0641500104633
"6499","Kagoshima",2016,2,9.27821588757718
"6500","Kagoshima",2016,3,7.69971633491735
"6501","Kagoshima",2016,4,9.36624926710849
"6502","Kagoshima",2016,5,8.5206832012054
"6503","Kagoshima",2016,6,12.4451431331379
"6504","Kagoshima",2016,7,9.65581610697585
"6505","Kagoshima",2016,8,9.43208311617648
"6506","Kagoshima",2016,9,11.8523360482766
"6507","Kagoshima",2016,10,13.5828040368886
"6508","Kagoshima",2016,11,13.7411618755079
"6509","Kagoshima",2016,12,13.2424925914827
"6510","Kagoshima",2016,13,14.6904828564901
"6511","Kagoshima",2016,14,18.1000820926858
"6512","Kagoshima",2016,15,18.2734331230706
"6513","Kagoshima",2016,16,17.3578151479689
"6514","Kagoshima",2016,17,18.3886796453685
"6515","Kagoshima",2016,18,20.303011726839
"6516","Kagoshima",2016,19,20.8614302850523
"6517","Kagoshima",2016,20,21.0682497512303
"6518","Kagoshima",2016,21,23.092156151172
"6519","Kagoshima",2016,22,22.3462796275641
"6520","Kagoshima",2016,23,24.1149506583458
"6521","Kagoshima",2016,24,24.4352966645166
"6522","Kagoshima",2016,25,25.3440264388088
"6523","Kagoshima",2016,26,25.0146752215789
"6524","Kagoshima",2016,27,27.1650196657441
"6525","Kagoshima",2016,28,26.8638906060604
"6526","Kagoshima",2016,29,27.9589900711929
"6527","Kagoshima",2016,30,27.8897578106656
"6528","Kagoshima",2016,31,27.8981358324588
"6529","Kagoshima",2016,32,28.9503833094148
"6530","Kagoshima",2016,33,29.1914577288641
"6531","Kagoshima",2016,34,29.075292836012
"6532","Kagoshima",2016,35,25.9017553465679
"6533","Kagoshima",2016,36,26.4398486535674
"6534","Kagoshima",2016,37,26.7493821087183
"6535","Kagoshima",2016,38,25.2516904130346
"6536","Kagoshima",2016,39,26.9690093720372
"6537","Kagoshima",2016,40,26.1737532495663
"6538","Kagoshima",2016,41,22.0571533983633
"6539","Kagoshima",2016,42,23.4743813599019
"6540","Kagoshima",2016,43,22.0105700932136
"6541","Kagoshima",2016,44,17.0644671054356
"6542","Kagoshima",2016,45,17.3664705188059
"6543","Kagoshima",2016,46,19.4095271235343
"6544","Kagoshima",2016,47,16.1960860988335
"6545","Kagoshima",2016,48,14.2543600866217
"6546","Kagoshima",2016,49,13.494046366823
"6547","Kagoshima",2016,50,11.6954408400202
"6548","Kagoshima",2016,51,14.5654765651136
"6549","Kagoshima",2016,52,11.4000356433143
"6550","Kagoshima",2017,1,12.4322865316898
"6551","Kagoshima",2017,2,10.055193129167
"6552","Kagoshima",2017,3,8.45827086886894
"6553","Kagoshima",2017,4,8.00963067908135
"6554","Kagoshima",2017,5,11.0769115479833
"6555","Kagoshima",2017,6,8.31609640181067
"6556","Kagoshima",2017,7,10.0984766548518
"6557","Kagoshima",2017,8,11.0289826820903
"6558","Kagoshima",2017,9,10.4657041419679
"6559","Kagoshima",2017,10,10.6785925572986
"6560","Kagoshima",2017,11,12.2414571045117
"6561","Kagoshima",2017,12,12.9389547490254
"6562","Kagoshima",2017,13,13.0026797190077
"6563","Kagoshima",2017,14,16.3254791588119
"6564","Kagoshima",2017,15,17.5009613184563
"6565","Kagoshima",2017,16,18.0538084160611
"6566","Kagoshima",2017,17,17.7558591813124
"6567","Kagoshima",2017,18,19.8526472731606
"6568","Kagoshima",2017,19,20.0299905999049
"6569","Kagoshima",2017,20,19.7774288918898
"6570","Kagoshima",2017,21,21.183891021064
"6571","Kagoshima",2017,22,22.5130903362836
"6572","Kagoshima",2017,23,21.9091518309985
"6573","Kagoshima",2017,24,21.9976677973846
"6574","Kagoshima",2017,25,23.5544633541879
"6575","Kagoshima",2017,26,25.0903072657783
"6576","Kagoshima",2017,27,26.8578308905797
"6577","Kagoshima",2017,28,27.6446150216708
"6578","Kagoshima",2017,29,28.2288178621137
"6579","Kagoshima",2017,30,28.9479637599062
"6580","Kagoshima",2017,31,29.2880705727991
"6581","Kagoshima",2017,32,28.5962214856817
"6582","Kagoshima",2017,33,28.3601891316569
"6583","Kagoshima",2017,34,28.8239188672655
"6584","Kagoshima",2017,35,27.8875160423587
"6585","Kagoshima",2017,36,26.3958842311753
"6586","Kagoshima",2017,37,26.1446128556275
"6587","Kagoshima",2017,38,24.2862888297771
"6588","Kagoshima",2017,39,23.6335069141319
"6589","Kagoshima",2017,40,24.4032327951205
"6590","Kagoshima",2017,41,24.3090886852846
"6591","Kagoshima",2017,42,21.806809038939
"6592","Kagoshima",2017,43,19.7488294527566
"6593","Kagoshima",2017,44,18.051065027095
"6594","Kagoshima",2017,45,18.2641122100071
"6595","Kagoshima",2017,46,15.4406719761183
"6596","Kagoshima",2017,47,11.8009592175509
"6597","Kagoshima",2017,48,14.7003175911713
"6598","Kagoshima",2017,49,10.2358700964919
"6599","Kagoshima",2017,50,9.31808944082233
"6600","Kagoshima",2017,51,8.52935055227528
"6601","Kagoshima",2017,52,9.58735983060897
"6602","Kagoshima",2018,1,8.9485885279281
"6603","Kagoshima",2018,2,7.45687698262435
"6604","Kagoshima",2018,3,11.72992171293
"6605","Kagoshima",2018,4,7.11033211041889
"6606","Kagoshima",2018,5,7.01959479058733
"6607","Kagoshima",2018,6,6.29790245147197
"6608","Kagoshima",2018,7,8.77077400885963
"6609","Kagoshima",2018,8,10.7248670475675
"6610","Kagoshima",2018,9,12.2315060954593
"6611","Kagoshima",2018,10,13.4663300831245
"6612","Kagoshima",2018,11,14.6834217019066
"6613","Kagoshima",2018,12,13.6628341516085
"6614","Kagoshima",2018,13,16.826108988392
"6615","Kagoshima",2018,14,17.1293575795932
"6616","Kagoshima",2018,15,18.2492910850762
"6617","Kagoshima",2018,16,16.8020531799935
"6618","Kagoshima",2018,17,19.0507402245688
"6619","Kagoshima",2018,18,18.7420778050451
"6620","Kagoshima",2018,19,20.223324300145
"6621","Kagoshima",2018,20,23.2240097256416
"6622","Kagoshima",2018,21,21.3648158662855
"6623","Kagoshima",2018,22,22.5357614143764
"6624","Kagoshima",2018,23,23.9517983346013
"6625","Kagoshima",2018,24,23.3880805156406
"6626","Kagoshima",2018,25,23.8717439052987
"6627","Kagoshima",2018,26,26.1524197920629
"6628","Kagoshima",2018,27,25.8251924608543
"6629","Kagoshima",2018,28,27.4974655740325
"6630","Kagoshima",2018,29,28.0469875497907
"6631","Kagoshima",2018,30,28.3491173234154
"6632","Kagoshima",2018,31,27.4711434180094
"6633","Kagoshima",2018,32,28.7961524615821
"6634","Kagoshima",2018,33,27.8421873732365
"6635","Kagoshima",2018,34,27.5810170284027
"6636","Kagoshima",2018,35,27.392935514994
"6637","Kagoshima",2018,36,26.3959814288607
"6638","Kagoshima",2018,37,25.8875104170359
"6639","Kagoshima",2018,38,26.4777591269936
"6640","Kagoshima",2018,39,23.9320186993529
"6641","Kagoshima",2018,40,23.1372572839116
"6642","Kagoshima",2018,41,21.1069274472458
"6643","Kagoshima",2018,42,19.460212460093
"6644","Kagoshima",2018,43,19.3344347261017
"6645","Kagoshima",2018,44,16.861385724147
"6646","Kagoshima",2018,45,18.7979496562763
"6647","Kagoshima",2018,46,16.3879382618454
"6648","Kagoshima",2018,47,13.9213593656523
"6649","Kagoshima",2018,48,16.0992212062754
"6650","Kagoshima",2018,49,16.2891605746666
"6651","Kagoshima",2018,50,10.7436848727864
"6652","Kagoshima",2018,51,14.0053772126375
"6653","Kagoshima",2018,52,10.2704077388312
"6654","Kagoshima",2019,1,9.46245005167942
"6655","Kagoshima",2019,2,11.0719365360522
"6656","Kagoshima",2019,3,10.4704691196356
"6657","Kagoshima",2019,4,9.55098976265269
"6658","Kagoshima",2019,5,10.3008502789484
"6659","Kagoshima",2019,6,12.8506333737167
"6660","Kagoshima",2019,7,10.1025597744722
"6661","Kagoshima",2019,8,12.6768772856862
"6662","Kagoshima",2019,9,13.3373730005915
"6663","Kagoshima",2019,10,13.2687860933966
"6664","Kagoshima",2019,11,12.47951026903
"6665","Kagoshima",2019,12,14.7196321791911
"6666","Kagoshima",2019,13,14.7413877040149
"6667","Kagoshima",2019,14,13.3664910705093
"6668","Kagoshima",2019,15,16.561370642761
"6669","Kagoshima",2019,16,17.5075865971962
"6670","Kagoshima",2019,17,19.5239713246171
"6671","Kagoshima",2019,18,18.7097429382759
"6672","Kagoshima",2019,19,19.4106794589339
"6673","Kagoshima",2019,20,21.6311557084898
"6674","Kagoshima",2019,21,21.444863914634
"6675","Kagoshima",2019,22,22.0797953443117
"6676","Kagoshima",2019,23,23.1750598266518
"6677","Kagoshima",2019,24,22.7344578719771
"6678","Kagoshima",2019,25,23.1997984414018
"6679","Kagoshima",2019,26,24.7574388417766
"6680","Kagoshima",2019,27,24.9960910137789
"6681","Kagoshima",2019,28,25.6240185538567
"6682","Kagoshima",2019,29,26.6059333349764
"6683","Kagoshima",2019,30,27.4245477227044
"6684","Kagoshima",2019,31,28.5444932976968
"6685","Kagoshima",2019,32,28.3351401034894
"6686","Kagoshima",2019,33,28.0963579470725
"6687","Kagoshima",2019,34,27.124731339262
"6688","Kagoshima",2019,35,26.2577578070571
"6689","Kagoshima",2019,36,26.9455471970714
"6690","Kagoshima",2019,37,27.8333651792275
"6691","Kagoshima",2019,38,26.3785114319514
"6692","Kagoshima",2019,39,25.3236111726528
"6693","Kagoshima",2019,40,25.4251361739272
"6694","Kagoshima",2019,41,23.2519833072636
"6695","Kagoshima",2019,42,22.5034325911203
"6696","Kagoshima",2019,43,21.9014198792961
"6697","Kagoshima",2019,44,18.8573641779294
"6698","Kagoshima",2019,45,17.9293237309937
"6699","Kagoshima",2019,46,16.7640662847264
"6700","Kagoshima",2019,47,16.3652653198075
"6701","Kagoshima",2019,48,16.156650204597
"6702","Kagoshima",2019,49,11.7288160517049
"6703","Kagoshima",2019,50,12.6241057614034
"6704","Kagoshima",2019,51,14.199135459163
"6705","Kagoshima",2019,52,12.1156414508428
"6706","Kagoshima",2020,1,11.0200790262429
"6707","Kagoshima",2020,2,13.0531547423105
"6708","Kagoshima",2020,3,9.7302939573421
"6709","Kagoshima",2020,4,13.4517472881238
"6710","Kagoshima",2020,5,11.6905740434281
"6711","Kagoshima",2020,6,9.69288530904714
"6712","Kagoshima",2020,7,14.198451849245
"6713","Kagoshima",2020,8,10.4565658107025
"6714","Kagoshima",2020,9,13.8235221918229
"6715","Kanagawa",2013,1,3.51973499178133
"6716","Kanagawa",2013,2,4.18229613923288
"6717","Kanagawa",2013,3,2.04856613748983
"6718","Kanagawa",2013,4,4.10219277499269
"6719","Kanagawa",2013,5,5.82724557658722
"6720","Kanagawa",2013,6,5.08099618447105
"6721","Kanagawa",2013,7,3.83177484125824
"6722","Kanagawa",2013,8,3.16585646786947
"6723","Kanagawa",2013,9,5.53404631003337
"6724","Kanagawa",2013,10,9.56637139698966
"6725","Kanagawa",2013,11,9.52266771874308
"6726","Kanagawa",2013,12,12.9798300341581
"6727","Kanagawa",2013,13,9.87045700398511
"6728","Kanagawa",2013,14,12.2739474663899
"6729","Kanagawa",2013,15,11.0860631615589
"6730","Kanagawa",2013,16,13.5320246642102
"6731","Kanagawa",2013,17,12.7967328482626
"6732","Kanagawa",2013,18,13.8040392459873
"6733","Kanagawa",2013,19,16.2076440589501
"6734","Kanagawa",2013,20,17.9095648328359
"6735","Kanagawa",2013,21,19.0063261336198
"6736","Kanagawa",2013,22,19.3979368985107
"6737","Kanagawa",2013,23,19.3456538366522
"6738","Kanagawa",2013,24,21.1349410951795
"6739","Kanagawa",2013,25,21.8032107182715
"6740","Kanagawa",2013,26,21.1887953978811
"6741","Kanagawa",2013,27,23.2478272940708
"6742","Kanagawa",2013,28,27.5579618533882
"6743","Kanagawa",2013,29,24.4016486122565
"6744","Kanagawa",2013,30,24.8623623581071
"6745","Kanagawa",2013,31,25.0099197503563
"6746","Kanagawa",2013,32,27.5801273011525
"6747","Kanagawa",2013,33,27.6569828121789
"6748","Kanagawa",2013,34,27.1237627845769
"6749","Kanagawa",2013,35,25.5937652389094
"6750","Kanagawa",2013,36,25.4013058855757
"6751","Kanagawa",2013,37,24.4293395466297
"6752","Kanagawa",2013,38,22.6874684821538
"6753","Kanagawa",2013,39,20.6957493467164
"6754","Kanagawa",2013,40,20.4230236349857
"6755","Kanagawa",2013,41,22.7288909879555
"6756","Kanagawa",2013,42,17.0828149394133
"6757","Kanagawa",2013,43,16.1560103942288
"6758","Kanagawa",2013,44,15.0727892322552
"6759","Kanagawa",2013,45,14.1732125081241
"6760","Kanagawa",2013,46,10.1106513891567
"6761","Kanagawa",2013,47,10.2966665704669
"6762","Kanagawa",2013,48,10.0223969957735
"6763","Kanagawa",2013,49,8.92028790020866
"6764","Kanagawa",2013,50,7.09939045589651
"6765","Kanagawa",2013,51,5.69370775525457
"6766","Kanagawa",2013,52,5.06061283267305
"6767","Kanagawa",2014,1,5.33129556924023
"6768","Kanagawa",2014,2,4.02594993956853
"6769","Kanagawa",2014,3,2.91809983743919
"6770","Kanagawa",2014,4,4.70862588726918
"6771","Kanagawa",2014,5,6.47032237344838
"6772","Kanagawa",2014,6,3.22641488750432
"6773","Kanagawa",2014,7,2.81029957770126
"6774","Kanagawa",2014,8,2.74815827555116
"6775","Kanagawa",2014,9,7.30490559775257
"6776","Kanagawa",2014,10,4.45509551498459
"6777","Kanagawa",2014,11,6.63501880361572
"6778","Kanagawa",2014,12,8.90891176416501
"6779","Kanagawa",2014,13,12.4293335010042
"6780","Kanagawa",2014,14,11.9696773814778
"6781","Kanagawa",2014,15,11.4309037752488
"6782","Kanagawa",2014,16,12.7149566249932
"6783","Kanagawa",2014,17,13.4871604828708
"6784","Kanagawa",2014,18,16.6062526089397
"6785","Kanagawa",2014,19,15.5626657417196
"6786","Kanagawa",2014,20,18.0640764038707
"6787","Kanagawa",2014,21,17.6190212192184
"6788","Kanagawa",2014,22,20.7703276636002
"6789","Kanagawa",2014,23,20.7438322253806
"6790","Kanagawa",2014,24,21.2755845949638
"6791","Kanagawa",2014,25,21.7859703457184
"6792","Kanagawa",2014,26,21.242666724832
"6793","Kanagawa",2014,27,22.0658720745094
"6794","Kanagawa",2014,28,24.5857539364932
"6795","Kanagawa",2014,29,24.9324838300439
"6796","Kanagawa",2014,30,26.3620357108091
"6797","Kanagawa",2014,31,26.1711160000379
"6798","Kanagawa",2014,32,26.7898190278339
"6799","Kanagawa",2014,33,25.5746759282799
"6800","Kanagawa",2014,34,27.0658774824284
"6801","Kanagawa",2014,35,22.6321841723735
"6802","Kanagawa",2014,36,23.4107462560025
"6803","Kanagawa",2014,37,21.4257825519125
"6804","Kanagawa",2014,38,20.6633293115237
"6805","Kanagawa",2014,39,20.6569815821598
"6806","Kanagawa",2014,40,21.3797493369537
"6807","Kanagawa",2014,41,18.644753859362
"6808","Kanagawa",2014,42,16.4546261846914
"6809","Kanagawa",2014,43,15.9310871139197
"6810","Kanagawa",2014,44,16.0062559818234
"6811","Kanagawa",2014,45,15.3025191627515
"6812","Kanagawa",2014,46,12.792087430413
"6813","Kanagawa",2014,47,10.3182576135771
"6814","Kanagawa",2014,48,12.06934175149
"6815","Kanagawa",2014,49,8.52135616769904
"6816","Kanagawa",2014,50,6.84813126023012
"6817","Kanagawa",2014,51,4.48801351109077
"6818","Kanagawa",2014,52,4.81262447773468
"6819","Kanagawa",2015,1,5.62609036692999
"6820","Kanagawa",2015,2,5.53647273934912
"6821","Kanagawa",2015,3,4.95134036305045
"6822","Kanagawa",2015,4,5.09151112081366
"6823","Kanagawa",2015,5,3.51989617414226
"6824","Kanagawa",2015,6,3.82992105212934
"6825","Kanagawa",2015,7,4.9495643681261
"6826","Kanagawa",2015,8,8.27897055934099
"6827","Kanagawa",2015,9,7.09823114117739
"6828","Kanagawa",2015,10,6.95644378690444
"6829","Kanagawa",2015,11,11.1805297633937
"6830","Kanagawa",2015,12,9.28350374649565
"6831","Kanagawa",2015,13,13.2751251946711
"6832","Kanagawa",2015,14,9.32418968302625
"6833","Kanagawa",2015,15,12.7716235768661
"6834","Kanagawa",2015,16,15.7837769972667
"6835","Kanagawa",2015,17,18.0240549241147
"6836","Kanagawa",2015,18,17.8126431202597
"6837","Kanagawa",2015,19,19.1175059898813
"6838","Kanagawa",2015,20,19.353052127843
"6839","Kanagawa",2015,21,20.6801496935428
"6840","Kanagawa",2015,22,20.2565159147178
"6841","Kanagawa",2015,23,20.5684330922446
"6842","Kanagawa",2015,24,20.6196334504594
"6843","Kanagawa",2015,25,21.5696759493004
"6844","Kanagawa",2015,26,21.1295957523758
"6845","Kanagawa",2015,27,21.3186521604159
"6846","Kanagawa",2015,28,26.1973829316505
"6847","Kanagawa",2015,29,27.2959940395978
"6848","Kanagawa",2015,30,28.1745656102916
"6849","Kanagawa",2015,31,28.18420990949
"6850","Kanagawa",2015,32,26.834304901242
"6851","Kanagawa",2015,33,26.1413877752334
"6852","Kanagawa",2015,34,22.2138475418708
"6853","Kanagawa",2015,35,23.8203910506825
"6854","Kanagawa",2015,36,22.3174165119862
"6855","Kanagawa",2015,37,20.8788887474946
"6856","Kanagawa",2015,38,20.618978010794
"6857","Kanagawa",2015,39,20.7717721194915
"6858","Kanagawa",2015,40,17.4111514788041
"6859","Kanagawa",2015,41,17.4263184789601
"6860","Kanagawa",2015,42,17.2590093597541
"6861","Kanagawa",2015,43,15.729055233756
"6862","Kanagawa",2015,44,14.1594134511303
"6863","Kanagawa",2015,45,14.4617355037107
"6864","Kanagawa",2015,46,15.0589844659607
"6865","Kanagawa",2015,47,10.2761678812405
"6866","Kanagawa",2015,48,9.64866159452496
"6867","Kanagawa",2015,49,10.0762868042149
"6868","Kanagawa",2015,50,9.32145788051417
"6869","Kanagawa",2015,51,8.70233267205001
"6870","Kanagawa",2015,52,5.69696883733672
"6871","Kanagawa",2016,1,7.60895768785988
"6872","Kanagawa",2016,2,4.9237656643371
"6873","Kanagawa",2016,3,3.67474221778684
"6874","Kanagawa",2016,4,3.89363068788272
"6875","Kanagawa",2016,5,4.77210963567431
"6876","Kanagawa",2016,6,6.49708940197826
"6877","Kanagawa",2016,7,7.24829787134103
"6878","Kanagawa",2016,8,5.50752727851701
"6879","Kanagawa",2016,9,7.7750229904246
"6880","Kanagawa",2016,10,8.8176521664665
"6881","Kanagawa",2016,11,9.62534250126468
"6882","Kanagawa",2016,12,8.08513297324834
"6883","Kanagawa",2016,13,11.3868672926665
"6884","Kanagawa",2016,14,13.9917691602515
"6885","Kanagawa",2016,15,13.7466530425408
"6886","Kanagawa",2016,16,16.137480628148
"6887","Kanagawa",2016,17,15.4594267885564
"6888","Kanagawa",2016,18,18.7753952684646
"6889","Kanagawa",2016,19,18.5370847395149
"6890","Kanagawa",2016,20,17.6666896358869
"6891","Kanagawa",2016,21,20.4606443484087
"6892","Kanagawa",2016,22,19.0920056028314
"6893","Kanagawa",2016,23,20.4031186087462
"6894","Kanagawa",2016,24,21.763456677704
"6895","Kanagawa",2016,25,22.6804748259652
"6896","Kanagawa",2016,26,22.8176551978201
"6897","Kanagawa",2016,27,24.5097481823021
"6898","Kanagawa",2016,28,24.7142394187857
"6899","Kanagawa",2016,29,24.0494113118162
"6900","Kanagawa",2016,30,24.2594447919879
"6901","Kanagawa",2016,31,26.358492682858
"6902","Kanagawa",2016,32,26.8538581838214
"6903","Kanagawa",2016,33,26.0908037891969
"6904","Kanagawa",2016,34,25.5750036276041
"6905","Kanagawa",2016,35,24.9535514672081
"6906","Kanagawa",2016,36,25.8492055281786
"6907","Kanagawa",2016,37,23.2665258205174
"6908","Kanagawa",2016,38,20.8046819684905
"6909","Kanagawa",2016,39,22.9775484951572
"6910","Kanagawa",2016,40,22.5246049735057
"6911","Kanagawa",2016,41,16.6073560733922
"6912","Kanagawa",2016,42,18.7451241404187
"6913","Kanagawa",2016,43,15.9143425453641
"6914","Kanagawa",2016,44,12.897064985639
"6915","Kanagawa",2016,45,11.0590501646995
"6916","Kanagawa",2016,46,12.8044009564266
"6917","Kanagawa",2016,47,9.23098000388305
"6918","Kanagawa",2016,48,9.92752395232017
"6919","Kanagawa",2016,49,9.38684288940632
"6920","Kanagawa",2016,50,6.31327309348878
"6921","Kanagawa",2016,51,10.0334887920724
"6922","Kanagawa",2016,52,6.7510870850555
"6923","Kanagawa",2017,1,5.95004895542097
"6924","Kanagawa",2017,2,4.97874690812778
"6925","Kanagawa",2017,3,3.85047706428682
"6926","Kanagawa",2017,4,4.38836943436987
"6927","Kanagawa",2017,5,6.39412155788177
"6928","Kanagawa",2017,6,4.50613409569376
"6929","Kanagawa",2017,7,5.69908822091597
"6930","Kanagawa",2017,8,7.17525465976053
"6931","Kanagawa",2017,9,6.46335229909276
"6932","Kanagawa",2017,10,6.66833832484858
"6933","Kanagawa",2017,11,7.19735466675735
"6934","Kanagawa",2017,12,8.3777794107928
"6935","Kanagawa",2017,13,6.88863362344329
"6936","Kanagawa",2017,14,12.6134282046264
"6937","Kanagawa",2017,15,12.4416674991852
"6938","Kanagawa",2017,16,15.792395299852
"6939","Kanagawa",2017,17,14.1326347809788
"6940","Kanagawa",2017,18,17.0799891925276
"6941","Kanagawa",2017,19,18.1930765178359
"6942","Kanagawa",2017,20,17.8404119706593
"6943","Kanagawa",2017,21,20.4386120237581
"6944","Kanagawa",2017,22,20.8630825966988
"6945","Kanagawa",2017,23,19.8111645539803
"6946","Kanagawa",2017,24,19.4862995290736
"6947","Kanagawa",2017,25,21.5748466667918
"6948","Kanagawa",2017,26,22.5135768852098
"6949","Kanagawa",2017,27,25.7459799633909
"6950","Kanagawa",2017,28,26.5972645442304
"6951","Kanagawa",2017,29,26.678254350726
"6952","Kanagawa",2017,30,25.8610284468651
"6953","Kanagawa",2017,31,25.2544223058634
"6954","Kanagawa",2017,32,26.226131937011
"6955","Kanagawa",2017,33,24.5848770675801
"6956","Kanagawa",2017,34,27.4851619984774
"6957","Kanagawa",2017,35,23.6050714956275
"6958","Kanagawa",2017,36,22.3581850972745
"6959","Kanagawa",2017,37,23.096139790679
"6960","Kanagawa",2017,38,22.2455930545092
"6961","Kanagawa",2017,39,20.8213330405603
"6962","Kanagawa",2017,40,18.6368774278497
"6963","Kanagawa",2017,41,19.6552933842903
"6964","Kanagawa",2017,42,13.9516545659129
"6965","Kanagawa",2017,43,14.7927945174735
"6966","Kanagawa",2017,44,14.4862360207177
"6967","Kanagawa",2017,45,14.4753229241253
"6968","Kanagawa",2017,46,11.1166777865972
"6969","Kanagawa",2017,47,8.1807156690346
"6970","Kanagawa",2017,48,10.1300512344258
"6971","Kanagawa",2017,49,6.85005392893191
"6972","Kanagawa",2017,50,6.49048417502092
"6973","Kanagawa",2017,51,5.0567283957447
"6974","Kanagawa",2017,52,5.66374826056857
"6975","Kanagawa",2018,1,4.11238404420099
"6976","Kanagawa",2018,2,4.90978395633766
"6977","Kanagawa",2018,3,6.61474627632111
"6978","Kanagawa",2018,4,1.52444777102128
"6979","Kanagawa",2018,5,3.09368960007998
"6980","Kanagawa",2018,6,3.59717282079751
"6981","Kanagawa",2018,7,5.27564147430455
"6982","Kanagawa",2018,8,4.64869452771558
"6983","Kanagawa",2018,9,7.69435260190648
"6984","Kanagawa",2018,10,9.11877273049505
"6985","Kanagawa",2018,11,10.4822411676704
"6986","Kanagawa",2018,12,9.15756067144687
"6987","Kanagawa",2018,13,13.6095379485544
"6988","Kanagawa",2018,14,15.5682641358856
"6989","Kanagawa",2018,15,14.0607995311686
"6990","Kanagawa",2018,16,15.3480270126573
"6991","Kanagawa",2018,17,17.6427399976082
"6992","Kanagawa",2018,18,18.6634998348489
"6993","Kanagawa",2018,19,15.2863778837995
"6994","Kanagawa",2018,20,20.6867535428939
"6995","Kanagawa",2018,21,19.3851664504233
"6996","Kanagawa",2018,22,20.302266600537
"6997","Kanagawa",2018,23,21.8434720480165
"6998","Kanagawa",2018,24,19.1732863884036
"6999","Kanagawa",2018,25,20.3538018416442
"7000","Kanagawa",2018,26,25.2458880057549
"7001","Kanagawa",2018,27,25.3742537405637
"7002","Kanagawa",2018,28,26.8336405973554
"7003","Kanagawa",2018,29,28.7609205542633
"7004","Kanagawa",2018,30,27.1152688274344
"7005","Kanagawa",2018,31,28.1459453301454
"7006","Kanagawa",2018,32,26.9873871503981
"7007","Kanagawa",2018,33,25.8772157542084
"7008","Kanagawa",2018,34,26.4507251568876
"7009","Kanagawa",2018,35,26.9836783902279
"7010","Kanagawa",2018,36,25.4962276377741
"7011","Kanagawa",2018,37,21.9076682640099
"7012","Kanagawa",2018,38,21.829938421816
"7013","Kanagawa",2018,39,19.8006795820928
"7014","Kanagawa",2018,40,21.3419582940104
"7015","Kanagawa",2018,41,20.2848769342521
"7016","Kanagawa",2018,42,16.3648270548537
"7017","Kanagawa",2018,43,16.5168199411229
"7018","Kanagawa",2018,44,14.5395997103173
"7019","Kanagawa",2018,45,16.2491447025249
"7020","Kanagawa",2018,46,13.4183338061166
"7021","Kanagawa",2018,47,11.1676621280437
"7022","Kanagawa",2018,48,11.7029331227387
"7023","Kanagawa",2018,49,12.4215814489354
"7024","Kanagawa",2018,50,5.71369997223177
"7025","Kanagawa",2018,51,8.08686689443354
"7026","Kanagawa",2018,52,5.85354097641623
"7027","Kanagawa",2019,1,4.96483242637373
"7028","Kanagawa",2019,2,4.53499746935189
"7029","Kanagawa",2019,3,5.1748360539553
"7030","Kanagawa",2019,4,4.7426528102567
"7031","Kanagawa",2019,5,4.68017076823429
"7032","Kanagawa",2019,6,6.80100601736997
"7033","Kanagawa",2019,7,4.1699019849985
"7034","Kanagawa",2019,8,8.0519200338715
"7035","Kanagawa",2019,9,8.56470371101362
"7036","Kanagawa",2019,10,8.48486881726308
"7037","Kanagawa",2019,11,9.4103278647094
"7038","Kanagawa",2019,12,10.6289075583275
"7039","Kanagawa",2019,13,9.80800249847388
"7040","Kanagawa",2019,14,9.85411223638765
"7041","Kanagawa",2019,15,9.7320879965149
"7042","Kanagawa",2019,16,14.3782753299612
"7043","Kanagawa",2019,17,15.5095937759032
"7044","Kanagawa",2019,18,15.7304698958022
"7045","Kanagawa",2019,19,16.7345759589844
"7046","Kanagawa",2019,20,17.6789389409922
"7047","Kanagawa",2019,21,19.7896931619978
"7048","Kanagawa",2019,22,21.1515165693275
"7049","Kanagawa",2019,23,20.8553075643978
"7050","Kanagawa",2019,24,18.1443455807208
"7051","Kanagawa",2019,25,22.0653540257066
"7052","Kanagawa",2019,26,22.1165944945647
"7053","Kanagawa",2019,27,22.6659617347045
"7054","Kanagawa",2019,28,20.3488863267353
"7055","Kanagawa",2019,29,23.1857120347305
"7056","Kanagawa",2019,30,25.5182209222334
"7057","Kanagawa",2019,31,28.2508046670109
"7058","Kanagawa",2019,32,28.3207788735036
"7059","Kanagawa",2019,33,27.7433882738006
"7060","Kanagawa",2019,34,26.5372617144187
"7061","Kanagawa",2019,35,25.4985887401903
"7062","Kanagawa",2019,36,25.7613326200676
"7063","Kanagawa",2019,37,25.2999462644059
"7064","Kanagawa",2019,38,22.6182528974454
"7065","Kanagawa",2019,39,23.0102096776473
"7066","Kanagawa",2019,40,23.2683618204193
"7067","Kanagawa",2019,41,20.5199794923398
"7068","Kanagawa",2019,42,17.5005564578761
"7069","Kanagawa",2019,43,17.2275723692534
"7070","Kanagawa",2019,44,15.4857276218268
"7071","Kanagawa",2019,45,13.7645315671837
"7072","Kanagawa",2019,46,13.5796191064939
"7073","Kanagawa",2019,47,12.5278544716713
"7074","Kanagawa",2019,48,9.68775459402868
"7075","Kanagawa",2019,49,9.00588631153356
"7076","Kanagawa",2019,50,8.94545617581386
"7077","Kanagawa",2019,51,8.84732802746949
"7078","Kanagawa",2019,52,6.7166593992804
"7079","Kanagawa",2020,1,6.67420980753029
"7080","Kanagawa",2020,2,6.82105652921043
"7081","Kanagawa",2020,3,5.84520074078953
"7082","Kanagawa",2020,4,6.6112155326441
"7083","Kanagawa",2020,5,6.73493291121471
"7084","Kanagawa",2020,6,5.15822662261263
"7085","Kanagawa",2020,7,7.91709552969761
"7086","Kanagawa",2020,8,8.74993226888911
"7087","Kanagawa",2020,9,7.6575516054129
"7088","Kochi",2013,1,3.9243041138393
"7089","Kochi",2013,2,5.05425920800818
"7090","Kochi",2013,3,4.54363563243079
"7091","Kochi",2013,4,5.88194608810201
"7092","Kochi",2013,5,6.91097179411413
"7093","Kochi",2013,6,6.7969108976751
"7094","Kochi",2013,7,5.38705825812074
"7095","Kochi",2013,8,5.49285531142397
"7096","Kochi",2013,9,7.98159745212516
"7097","Kochi",2013,10,10.9107117538511
"7098","Kochi",2013,11,9.93411237676829
"7099","Kochi",2013,12,12.789498209577
"7100","Kochi",2013,13,12.5049285353219
"7101","Kochi",2013,14,13.5954846022293
"7102","Kochi",2013,15,10.5351383691658
"7103","Kochi",2013,16,14.9386727756695
"7104","Kochi",2013,17,13.5981146614523
"7105","Kochi",2013,18,14.5548167683026
"7106","Kochi",2013,19,17.2942205050739
"7107","Kochi",2013,20,19.0459664883807
"7108","Kochi",2013,21,20.8273891782397
"7109","Kochi",2013,22,20.4669362284786
"7110","Kochi",2013,23,20.2901537912975
"7111","Kochi",2013,24,22.8416597335074
"7112","Kochi",2013,25,23.2243036843542
"7113","Kochi",2013,26,21.8143745749145
"7114","Kochi",2013,27,24.2196330183517
"7115","Kochi",2013,28,26.8916588780213
"7116","Kochi",2013,29,26.9049208868934
"7117","Kochi",2013,30,27.5361202404755
"7118","Kochi",2013,31,27.9207324589736
"7119","Kochi",2013,32,27.9299726600724
"7120","Kochi",2013,33,28.0104802674475
"7121","Kochi",2013,34,27.6415322550802
"7122","Kochi",2013,35,25.3801407254388
"7123","Kochi",2013,36,23.3323132533465
"7124","Kochi",2013,37,25.1128011571366
"7125","Kochi",2013,38,23.1181146098708
"7126","Kochi",2013,39,22.7785212430935
"7127","Kochi",2013,40,22.0952295985066
"7128","Kochi",2013,41,22.9933590043774
"7129","Kochi",2013,42,17.8297304172591
"7130","Kochi",2013,43,18.5050578077989
"7131","Kochi",2013,44,16.0636698681297
"7132","Kochi",2013,45,16.2976921444713
"7133","Kochi",2013,46,12.3831402743443
"7134","Kochi",2013,47,9.48962814411188
"7135","Kochi",2013,48,9.30277215536806
"7136","Kochi",2013,49,8.96531179465732
"7137","Kochi",2013,50,7.53022138095348
"7138","Kochi",2013,51,6.12408636779623
"7139","Kochi",2013,52,5.37730125606883
"7140","Kochi",2014,1,6.96958043764232
"7141","Kochi",2014,2,5.73299246272375
"7142","Kochi",2014,3,4.9443231157157
"7143","Kochi",2014,4,6.0024301146723
"7144","Kochi",2014,5,8.92023868458351
"7145","Kochi",2014,6,6.32543115763801
"7146","Kochi",2014,7,3.87749678342882
"7147","Kochi",2014,8,5.07115104389564
"7148","Kochi",2014,9,10.2991190889631
"7149","Kochi",2014,10,6.62623273734576
"7150","Kochi",2014,11,7.75100772567416
"7151","Kochi",2014,12,10.8700386333437
"7152","Kochi",2014,13,14.221097896249
"7153","Kochi",2014,14,12.0875970727024
"7154","Kochi",2014,15,12.5255301380749
"7155","Kochi",2014,16,14.8039818597059
"7156","Kochi",2014,17,15.316766771365
"7157","Kochi",2014,18,17.0665625996958
"7158","Kochi",2014,19,16.1743673683832
"7159","Kochi",2014,20,18.3072224597237
"7160","Kochi",2014,21,18.9586415449423
"7161","Kochi",2014,22,20.6031789903935
"7162","Kochi",2014,23,20.6722580575809
"7163","Kochi",2014,24,21.59020415302
"7164","Kochi",2014,25,20.5482091426828
"7165","Kochi",2014,26,21.5965364604871
"7166","Kochi",2014,27,22.961222397416
"7167","Kochi",2014,28,24.6227909190983
"7168","Kochi",2014,29,25.7007581121367
"7169","Kochi",2014,30,27.2049229177295
"7170","Kochi",2014,31,25.8542886251724
"7171","Kochi",2014,32,25.1706202967925
"7172","Kochi",2014,33,25.6824685101773
"7173","Kochi",2014,34,25.9542489461548
"7174","Kochi",2014,35,24.7164394621944
"7175","Kochi",2014,36,24.3032097872089
"7176","Kochi",2014,37,23.2083711259242
"7177","Kochi",2014,38,21.2054905847673
"7178","Kochi",2014,39,22.4428687373387
"7179","Kochi",2014,40,22.2964235953704
"7180","Kochi",2014,41,20.5314655725402
"7181","Kochi",2014,42,17.543846236716
"7182","Kochi",2014,43,18.3775056759837
"7183","Kochi",2014,44,17.1171355062515
"7184","Kochi",2014,45,15.0464070038694
"7185","Kochi",2014,46,12.5941996363362
"7186","Kochi",2014,47,11.7608771290766
"7187","Kochi",2014,48,14.8484017608006
"7188","Kochi",2014,49,7.6589340688538
"7189","Kochi",2014,50,7.17566278718044
"7190","Kochi",2014,51,4.71725223316888
"7191","Kochi",2014,52,5.31599288013009
"7192","Kochi",2015,1,6.95242568637591
"7193","Kochi",2015,2,6.61239841755214
"7194","Kochi",2015,3,6.96807380332147
"7195","Kochi",2015,4,6.53148331382602
"7196","Kochi",2015,5,4.91164900146381
"7197","Kochi",2015,6,4.5145939757483
"7198","Kochi",2015,7,7.46824102378802
"7199","Kochi",2015,8,8.64893287377316
"7200","Kochi",2015,9,7.50586227780145
"7201","Kochi",2015,10,7.03539400595404
"7202","Kochi",2015,11,13.4165337731553
"7203","Kochi",2015,12,10.0455395540482
"7204","Kochi",2015,13,16.2043941158589
"7205","Kochi",2015,14,13.5894073375495
"7206","Kochi",2015,15,14.5430651288401
"7207","Kochi",2015,16,16.6370566685826
"7208","Kochi",2015,17,17.9856854348449
"7209","Kochi",2015,18,17.7604192310748
"7210","Kochi",2015,19,18.9043911300219
"7211","Kochi",2015,20,19.385203319812
"7212","Kochi",2015,21,21.1825376985772
"7213","Kochi",2015,22,20.2043669237508
"7214","Kochi",2015,23,21.1478649960632
"7215","Kochi",2015,24,20.7435690745391
"7216","Kochi",2015,25,22.1058610316811
"7217","Kochi",2015,26,21.4492299794246
"7218","Kochi",2015,27,23.6966403138093
"7219","Kochi",2015,28,25.2027058511003
"7220","Kochi",2015,29,24.904837451448
"7221","Kochi",2015,30,27.6910276231905
"7222","Kochi",2015,31,27.5368699121365
"7223","Kochi",2015,32,26.6339527227314
"7224","Kochi",2015,33,25.6891366025958
"7225","Kochi",2015,34,25.1120778974225
"7226","Kochi",2015,35,23.5634416785084
"7227","Kochi",2015,36,22.7812388609677
"7228","Kochi",2015,37,21.6269100841478
"7229","Kochi",2015,38,22.5311552720114
"7230","Kochi",2015,39,21.2568506621094
"7231","Kochi",2015,40,18.4165669538561
"7232","Kochi",2015,41,17.3077556532628
"7233","Kochi",2015,42,18.8437625045325
"7234","Kochi",2015,43,15.6926414358005
"7235","Kochi",2015,44,16.2421147853316
"7236","Kochi",2015,45,17.3923426510026
"7237","Kochi",2015,46,16.8123764862192
"7238","Kochi",2015,47,12.0949147701109
"7239","Kochi",2015,48,10.7149216805557
"7240","Kochi",2015,49,11.999580534207
"7241","Kochi",2015,50,9.03510438947865
"7242","Kochi",2015,51,10.5906781579173
"7243","Kochi",2015,52,7.05976500914475
"7244","Kochi",2016,1,8.51694379213357
"7245","Kochi",2016,2,6.12679805375457
"7246","Kochi",2016,3,4.75935605292501
"7247","Kochi",2016,4,5.86578416080563
"7248","Kochi",2016,5,6.28785153035375
"7249","Kochi",2016,6,8.80041586677462
"7250","Kochi",2016,7,6.9387176740977
"7251","Kochi",2016,8,6.22324930115337
"7252","Kochi",2016,9,8.8236047674185
"7253","Kochi",2016,10,11.212472824232
"7254","Kochi",2016,11,10.8119242302371
"7255","Kochi",2016,12,9.99531367286127
"7256","Kochi",2016,13,13.0501829581088
"7257","Kochi",2016,14,16.0315610468871
"7258","Kochi",2016,15,15.3609373578952
"7259","Kochi",2016,16,16.1957818020683
"7260","Kochi",2016,17,16.3964728857549
"7261","Kochi",2016,18,18.5372167690093
"7262","Kochi",2016,19,18.6525011658965
"7263","Kochi",2016,20,19.2180397197704
"7264","Kochi",2016,21,20.9099060384383
"7265","Kochi",2016,22,20.4591531683592
"7266","Kochi",2016,23,21.7196709139801
"7267","Kochi",2016,24,22.7509819586276
"7268","Kochi",2016,25,23.5304511344582
"7269","Kochi",2016,26,23.4575943137243
"7270","Kochi",2016,27,25.9486814892004
"7271","Kochi",2016,28,25.6963942938585
"7272","Kochi",2016,29,26.2369786793755
"7273","Kochi",2016,30,25.8546422577856
"7274","Kochi",2016,31,26.8599949143631
"7275","Kochi",2016,32,27.4995121576942
"7276","Kochi",2016,33,27.6230933258468
"7277","Kochi",2016,34,26.9444946247199
"7278","Kochi",2016,35,24.4805352841595
"7279","Kochi",2016,36,24.9884400840042
"7280","Kochi",2016,37,24.7543082442044
"7281","Kochi",2016,38,22.9207730529316
"7282","Kochi",2016,39,24.4666719514653
"7283","Kochi",2016,40,23.7976588216487
"7284","Kochi",2016,41,18.8693150335631
"7285","Kochi",2016,42,20.9669023786257
"7286","Kochi",2016,43,18.7039384088071
"7287","Kochi",2016,44,13.9724640742823
"7288","Kochi",2016,45,13.4266242988836
"7289","Kochi",2016,46,15.8924115490192
"7290","Kochi",2016,47,13.6404800479128
"7291","Kochi",2016,48,11.4264476510294
"7292","Kochi",2016,49,10.2652750750785
"7293","Kochi",2016,50,8.03433757436545
"7294","Kochi",2016,51,11.0884436307966
"7295","Kochi",2016,52,7.71663391142163
"7296","Kochi",2017,1,8.39779889997459
"7297","Kochi",2017,2,6.03163254914886
"7298","Kochi",2017,3,4.86572776350358
"7299","Kochi",2017,4,4.88236188214985
"7300","Kochi",2017,5,7.47761986174246
"7301","Kochi",2017,6,4.75293172981669
"7302","Kochi",2017,7,6.99480193441178
"7303","Kochi",2017,8,7.77584481700265
"7304","Kochi",2017,9,8.1013357080385
"7305","Kochi",2017,10,7.63133792010517
"7306","Kochi",2017,11,8.76499115528694
"7307","Kochi",2017,12,9.1854255290797
"7308","Kochi",2017,13,9.6503526019666
"7309","Kochi",2017,14,14.3632632341749
"7310","Kochi",2017,15,14.8650981679199
"7311","Kochi",2017,16,16.384224971695
"7312","Kochi",2017,17,15.2911202285572
"7313","Kochi",2017,18,18.4115519541325
"7314","Kochi",2017,19,18.4872691496476
"7315","Kochi",2017,20,18.4557245309506
"7316","Kochi",2017,21,19.5405123096156
"7317","Kochi",2017,22,20.6458851825263
"7318","Kochi",2017,23,20.3444567764166
"7319","Kochi",2017,24,20.2706194734224
"7320","Kochi",2017,25,22.0720284262141
"7321","Kochi",2017,26,23.3585304410797
"7322","Kochi",2017,27,25.1622641283911
"7323","Kochi",2017,28,26.0509851872881
"7324","Kochi",2017,29,26.8063647399466
"7325","Kochi",2017,30,27.26248849361
"7326","Kochi",2017,31,27.4819784527499
"7327","Kochi",2017,32,27.4675526450261
"7328","Kochi",2017,33,26.8693607341954
"7329","Kochi",2017,34,27.5482773758177
"7330","Kochi",2017,35,25.8323298912758
"7331","Kochi",2017,36,23.8866459763624
"7332","Kochi",2017,37,23.4100700064992
"7333","Kochi",2017,38,22.3247786825475
"7334","Kochi",2017,39,21.4065554636871
"7335","Kochi",2017,40,20.5271780735106
"7336","Kochi",2017,41,21.7351528947827
"7337","Kochi",2017,42,17.0078905795453
"7338","Kochi",2017,43,16.3772238877932
"7339","Kochi",2017,44,14.8824648291557
"7340","Kochi",2017,45,14.6592433267541
"7341","Kochi",2017,46,11.7515851304355
"7342","Kochi",2017,47,8.52494086795315
"7343","Kochi",2017,48,11.4881595653102
"7344","Kochi",2017,49,6.72042627885883
"7345","Kochi",2017,50,5.56821480656821
"7346","Kochi",2017,51,5.42932313033188
"7347","Kochi",2017,52,6.30714184500206
"7348","Kochi",2018,1,5.24042785447231
"7349","Kochi",2018,2,4.27733174252653
"7350","Kochi",2018,3,8.3709708163722
"7351","Kochi",2018,4,2.52145505187461
"7352","Kochi",2018,5,3.23441270296578
"7353","Kochi",2018,6,2.1593394177398
"7354","Kochi",2018,7,4.56171244694822
"7355","Kochi",2018,8,6.72304468619923
"7356","Kochi",2018,9,9.5788942706442
"7357","Kochi",2018,10,10.0584188765921
"7358","Kochi",2018,11,11.5067819530897
"7359","Kochi",2018,12,10.6294596467381
"7360","Kochi",2018,13,14.3328648930872
"7361","Kochi",2018,14,15.1332054360823
"7362","Kochi",2018,15,15.1956344551401
"7363","Kochi",2018,16,15.5735153315356
"7364","Kochi",2018,17,16.992868366361
"7365","Kochi",2018,18,17.3715832986723
"7366","Kochi",2018,19,17.0233890576619
"7367","Kochi",2018,20,20.5168813436216
"7368","Kochi",2018,21,19.2142921586131
"7369","Kochi",2018,22,20.059881052371
"7370","Kochi",2018,23,21.3991118362216
"7371","Kochi",2018,24,21.2175746077714
"7372","Kochi",2018,25,21.8046322146947
"7373","Kochi",2018,26,24.5092810464875
"7374","Kochi",2018,27,24.4157436432344
"7375","Kochi",2018,28,26.2318530562881
"7376","Kochi",2018,29,27.7854573124063
"7377","Kochi",2018,30,27.7711138625076
"7378","Kochi",2018,31,26.6836580768253
"7379","Kochi",2018,32,27.6029159999071
"7380","Kochi",2018,33,25.9013936411374
"7381","Kochi",2018,34,26.4644481960204
"7382","Kochi",2018,35,26.3120249116317
"7383","Kochi",2018,36,24.4829690027384
"7384","Kochi",2018,37,23.3631563693118
"7385","Kochi",2018,38,24.3612485023179
"7386","Kochi",2018,39,21.3133271740195
"7387","Kochi",2018,40,21.656999695535
"7388","Kochi",2018,41,19.3954521542519
"7389","Kochi",2018,42,17.4150338304513
"7390","Kochi",2018,43,16.9193936167263
"7391","Kochi",2018,44,13.8283765568874
"7392","Kochi",2018,45,16.2952053585679
"7393","Kochi",2018,46,13.3876255978288
"7394","Kochi",2018,47,10.719270556308
"7395","Kochi",2018,48,12.5497008969363
"7396","Kochi",2018,49,12.9979993820043
"7397","Kochi",2018,50,7.06432886631576
"7398","Kochi",2018,51,10.4379885983547
"7399","Kochi",2018,52,7.06482691147749
"7400","Kochi",2019,1,5.95471881060548
"7401","Kochi",2019,2,6.771051434027
"7402","Kochi",2019,3,7.25821180398401
"7403","Kochi",2019,4,6.44067901104287
"7404","Kochi",2019,5,6.05767879711254
"7405","Kochi",2019,6,9.08450196013006
"7406","Kochi",2019,7,6.19506617822415
"7407","Kochi",2019,8,9.10976310488465
"7408","Kochi",2019,9,9.71499673773058
"7409","Kochi",2019,10,9.70275657553323
"7410","Kochi",2019,11,9.23607578646144
"7411","Kochi",2019,12,11.158029787409
"7412","Kochi",2019,13,12.1469681495672
"7413","Kochi",2019,14,10.2672830831033
"7414","Kochi",2019,15,13.0887853177367
"7415","Kochi",2019,16,14.9518026243212
"7416","Kochi",2019,17,17.7038517564973
"7417","Kochi",2019,18,16.4562797306427
"7418","Kochi",2019,19,16.6708790505655
"7419","Kochi",2019,20,18.7987558073591
"7420","Kochi",2019,21,20.1318881760844
"7421","Kochi",2019,22,20.1881964981268
"7422","Kochi",2019,23,21.4777474638982
"7423","Kochi",2019,24,20.4082952392638
"7424","Kochi",2019,25,21.7567758905594
"7425","Kochi",2019,26,23.0472220151443
"7426","Kochi",2019,27,23.083081372876
"7427","Kochi",2019,28,23.4475087999956
"7428","Kochi",2019,29,24.2323144045568
"7429","Kochi",2019,30,26.0563999052904
"7430","Kochi",2019,31,27.6292085934648
"7431","Kochi",2019,32,26.7536680584789
"7432","Kochi",2019,33,27.2689935289705
"7433","Kochi",2019,34,25.8375071055238
"7434","Kochi",2019,35,24.2711444957876
"7435","Kochi",2019,36,25.5842427206807
"7436","Kochi",2019,37,26.3508149932059
"7437","Kochi",2019,38,23.8999512236218
"7438","Kochi",2019,39,23.4943330406008
"7439","Kochi",2019,40,23.7604092687158
"7440","Kochi",2019,41,21.5459369773631
"7441","Kochi",2019,42,19.6003060174991
"7442","Kochi",2019,43,19.375299146933
"7443","Kochi",2019,44,16.751948042753
"7444","Kochi",2019,45,14.6325644830005
"7445","Kochi",2019,46,13.946448367735
"7446","Kochi",2019,47,13.0794671571296
"7447","Kochi",2019,48,11.9784527576178
"7448","Kochi",2019,49,8.99179020755395
"7449","Kochi",2019,50,9.183812468892
"7450","Kochi",2019,51,10.7144909230403
"7451","Kochi",2019,52,8.70372533360134
"7452","Kochi",2020,1,8.31911296735497
"7453","Kochi",2020,2,9.4056471931348
"7454","Kochi",2020,3,6.51558233771509
"7455","Kochi",2020,4,9.68602943213369
"7456","Kochi",2020,5,8.62455754024745
"7457","Kochi",2020,6,6.1601345855988
"7458","Kochi",2020,7,10.0691039888085
"7459","Kochi",2020,8,7.73772815616314
"7460","Kochi",2020,9,9.40711421514922
"7461","Kumamoto",2013,1,2.96028101380989
"7462","Kumamoto",2013,2,4.16720739089089
"7463","Kumamoto",2013,3,4.27675518462534
"7464","Kumamoto",2013,4,5.76225888508779
"7465","Kumamoto",2013,5,6.3437655359628
"7466","Kumamoto",2013,6,6.83677128348153
"7467","Kumamoto",2013,7,5.12342603097013
"7468","Kumamoto",2013,8,6.14842199299538
"7469","Kumamoto",2013,9,8.40389228212745
"7470","Kumamoto",2013,10,11.1824708770207
"7471","Kumamoto",2013,11,10.6865706637324
"7472","Kumamoto",2013,12,12.7522866246208
"7473","Kumamoto",2013,13,12.4855193015323
"7474","Kumamoto",2013,14,13.3658967910215
"7475","Kumamoto",2013,15,10.0071370119296
"7476","Kumamoto",2013,16,15.7447552154823
"7477","Kumamoto",2013,17,13.4055720981158
"7478","Kumamoto",2013,18,14.9502755946648
"7479","Kumamoto",2013,19,17.7127260395253
"7480","Kumamoto",2013,20,19.8018408774956
"7481","Kumamoto",2013,21,21.1234567885297
"7482","Kumamoto",2013,22,20.9048436289131
"7483","Kumamoto",2013,23,20.9179300106588
"7484","Kumamoto",2013,24,23.0274768118285
"7485","Kumamoto",2013,25,24.1947442718012
"7486","Kumamoto",2013,26,21.9304769157758
"7487","Kumamoto",2013,27,24.9190010657116
"7488","Kumamoto",2013,28,27.0432733728063
"7489","Kumamoto",2013,29,26.9806898211046
"7490","Kumamoto",2013,30,27.0961671249074
"7491","Kumamoto",2013,31,27.0905209670784
"7492","Kumamoto",2013,32,27.0999729420133
"7493","Kumamoto",2013,33,27.7878056361952
"7494","Kumamoto",2013,34,28.2161632575356
"7495","Kumamoto",2013,35,25.231902722395
"7496","Kumamoto",2013,36,22.4385651828107
"7497","Kumamoto",2013,37,25.6259611546454
"7498","Kumamoto",2013,38,23.4989236842046
"7499","Kumamoto",2013,39,22.9922996071397
"7500","Kumamoto",2013,40,22.2361743043363
"7501","Kumamoto",2013,41,23.0299007701088
"7502","Kumamoto",2013,42,18.0074834863093
"7503","Kumamoto",2013,43,17.781058916462
"7504","Kumamoto",2013,44,15.2287676341069
"7505","Kumamoto",2013,45,15.7111935361543
"7506","Kumamoto",2013,46,11.3237527768803
"7507","Kumamoto",2013,47,8.24649791377904
"7508","Kumamoto",2013,48,8.35027691075448
"7509","Kumamoto",2013,49,7.74129787759437
"7510","Kumamoto",2013,50,6.72006276916583
"7511","Kumamoto",2013,51,4.92234312480244
"7512","Kumamoto",2013,52,4.61584266379644
"7513","Kumamoto",2014,1,7.0788120287765
"7514","Kumamoto",2014,2,5.09859800359878
"7515","Kumamoto",2014,3,3.97402632746484
"7516","Kumamoto",2014,4,5.54843735328151
"7517","Kumamoto",2014,5,9.50092381898077
"7518","Kumamoto",2014,6,6.66637006318023
"7519","Kumamoto",2014,7,3.86575034508689
"7520","Kumamoto",2014,8,4.7912282192864
"7521","Kumamoto",2014,9,10.1512298886468
"7522","Kumamoto",2014,10,6.73447192865127
"7523","Kumamoto",2014,11,7.49710093806186
"7524","Kumamoto",2014,12,11.0923629342485
"7525","Kumamoto",2014,13,14.6431504509366
"7526","Kumamoto",2014,14,12.2456762177115
"7527","Kumamoto",2014,15,13.149542986166
"7528","Kumamoto",2014,16,14.831834855046
"7529","Kumamoto",2014,17,15.7137843008282
"7530","Kumamoto",2014,18,16.0787298449224
"7531","Kumamoto",2014,19,16.4460504069975
"7532","Kumamoto",2014,20,18.4417113945013
"7533","Kumamoto",2014,21,19.0956148173363
"7534","Kumamoto",2014,22,20.9921038245862
"7535","Kumamoto",2014,23,20.6548589438124
"7536","Kumamoto",2014,24,21.2785732841994
"7537","Kumamoto",2014,25,20.2754267546717
"7538","Kumamoto",2014,26,20.9618904842389
"7539","Kumamoto",2014,27,22.3351389079081
"7540","Kumamoto",2014,28,24.7477042396737
"7541","Kumamoto",2014,29,24.9934310780609
"7542","Kumamoto",2014,30,27.0132347985655
"7543","Kumamoto",2014,31,26.5837805390914
"7544","Kumamoto",2014,32,25.4867270805187
"7545","Kumamoto",2014,33,25.245713070507
"7546","Kumamoto",2014,34,25.5246993111515
"7547","Kumamoto",2014,35,24.3072625748671
"7548","Kumamoto",2014,36,24.3830922368752
"7549","Kumamoto",2014,37,23.0622041783747
"7550","Kumamoto",2014,38,20.8174362379891
"7551","Kumamoto",2014,39,21.9221613045216
"7552","Kumamoto",2014,40,21.8000417619679
"7553","Kumamoto",2014,41,20.0561047780793
"7554","Kumamoto",2014,42,16.7158902330919
"7555","Kumamoto",2014,43,17.8714338069993
"7556","Kumamoto",2014,44,17.1844797359788
"7557","Kumamoto",2014,45,13.3159041039781
"7558","Kumamoto",2014,46,11.7744172665026
"7559","Kumamoto",2014,47,10.6741016133626
"7560","Kumamoto",2014,48,14.1540991773384
"7561","Kumamoto",2014,49,6.66345363644389
"7562","Kumamoto",2014,50,6.18674531868049
"7563","Kumamoto",2014,51,3.70409044431629
"7564","Kumamoto",2014,52,4.45694156245055
"7565","Kumamoto",2015,1,6.05502153996087
"7566","Kumamoto",2015,2,6.07617151209881
"7567","Kumamoto",2015,3,5.9886852395984
"7568","Kumamoto",2015,4,6.49841942727543
"7569","Kumamoto",2015,5,4.20756502621498
"7570","Kumamoto",2015,6,3.5913363527149
"7571","Kumamoto",2015,7,7.44141997803724
"7572","Kumamoto",2015,8,7.64939637421956
"7573","Kumamoto",2015,9,6.37564816517852
"7574","Kumamoto",2015,10,6.92884500149946
"7575","Kumamoto",2015,11,13.9351350007666
"7576","Kumamoto",2015,12,9.89209278778165
"7577","Kumamoto",2015,13,17.2006323493415
"7578","Kumamoto",2015,14,14.3332419541203
"7579","Kumamoto",2015,15,14.2721139017737
"7580","Kumamoto",2015,16,16.1068850053318
"7581","Kumamoto",2015,17,18.4472347673326
"7582","Kumamoto",2015,18,17.3479735640458
"7583","Kumamoto",2015,19,18.7645895066446
"7584","Kumamoto",2015,20,19.3104902931957
"7585","Kumamoto",2015,21,21.0434166285337
"7586","Kumamoto",2015,22,20.5603853881083
"7587","Kumamoto",2015,23,20.8705112680022
"7588","Kumamoto",2015,24,20.2742745164626
"7589","Kumamoto",2015,25,21.3682544650362
"7590","Kumamoto",2015,26,21.2742049253243
"7591","Kumamoto",2015,27,24.3071306018248
"7592","Kumamoto",2015,28,24.4020622740067
"7593","Kumamoto",2015,29,25.5491859312193
"7594","Kumamoto",2015,30,26.6967782479724
"7595","Kumamoto",2015,31,27.3970655993023
"7596","Kumamoto",2015,32,25.8051181301538
"7597","Kumamoto",2015,33,25.595591983429
"7598","Kumamoto",2015,34,23.7163729764678
"7599","Kumamoto",2015,35,22.8964833163195
"7600","Kumamoto",2015,36,22.1252212604457
"7601","Kumamoto",2015,37,21.0458857624718
"7602","Kumamoto",2015,38,22.6443243500433
"7603","Kumamoto",2015,39,21.0116411767771
"7604","Kumamoto",2015,40,17.4389912393345
"7605","Kumamoto",2015,41,16.0407838180272
"7606","Kumamoto",2015,42,18.3137973462322
"7607","Kumamoto",2015,43,14.7759130305831
"7608","Kumamoto",2015,44,15.8431267924923
"7609","Kumamoto",2015,45,17.1853546202435
"7610","Kumamoto",2015,46,16.9359745768458
"7611","Kumamoto",2015,47,11.7256640430962
"7612","Kumamoto",2015,48,9.39541632487215
"7613","Kumamoto",2015,49,10.4751563184953
"7614","Kumamoto",2015,50,7.07645276376459
"7615","Kumamoto",2015,51,9.96343694705021
"7616","Kumamoto",2015,52,5.92166570314959
"7617","Kumamoto",2016,1,7.71944126902807
"7618","Kumamoto",2016,2,4.68723839367713
"7619","Kumamoto",2016,3,2.85305559473824
"7620","Kumamoto",2016,4,4.76785890869112
"7621","Kumamoto",2016,5,4.64304055030689
"7622","Kumamoto",2016,6,8.86922987841539
"7623","Kumamoto",2016,7,5.53927135107797
"7624","Kumamoto",2016,8,5.32002392496055
"7625","Kumamoto",2016,9,8.70963923946179
"7626","Kumamoto",2016,10,10.690707735042
"7627","Kumamoto",2016,11,10.6205807129858
"7628","Kumamoto",2016,12,9.70307289887881
"7629","Kumamoto",2016,13,12.2690541761285
"7630","Kumamoto",2016,14,16.2188833113695
"7631","Kumamoto",2016,15,16.1304000084468
"7632","Kumamoto",2016,16,15.26586339862
"7633","Kumamoto",2016,17,16.1316729646283
"7634","Kumamoto",2016,18,18.3360845746314
"7635","Kumamoto",2016,19,18.756555248198
"7636","Kumamoto",2016,20,19.0362357258022
"7637","Kumamoto",2016,21,21.480444958437
"7638","Kumamoto",2016,22,20.2849493654304
"7639","Kumamoto",2016,23,22.3884360523304
"7640","Kumamoto",2016,24,22.6875876273299
"7641","Kumamoto",2016,25,22.9794767411348
"7642","Kumamoto",2016,26,22.8174761063938
"7643","Kumamoto",2016,27,26.000290517987
"7644","Kumamoto",2016,28,25.2346459538006
"7645","Kumamoto",2016,29,26.3380287914586
"7646","Kumamoto",2016,30,26.7429183856913
"7647","Kumamoto",2016,31,26.8077420883686
"7648","Kumamoto",2016,32,28.228988046746
"7649","Kumamoto",2016,33,27.9656663926256
"7650","Kumamoto",2016,34,27.8104519529549
"7651","Kumamoto",2016,35,23.5777835218003
"7652","Kumamoto",2016,36,24.95029691036
"7653","Kumamoto",2016,37,24.873394245914
"7654","Kumamoto",2016,38,22.6575328005647
"7655","Kumamoto",2016,39,25.2098020757286
"7656","Kumamoto",2016,40,24.4968005071627
"7657","Kumamoto",2016,41,18.4112538916811
"7658","Kumamoto",2016,42,20.6941346556014
"7659","Kumamoto",2016,43,18.8650671068937
"7660","Kumamoto",2016,44,12.5471454905132
"7661","Kumamoto",2016,45,13.1775813909753
"7662","Kumamoto",2016,46,15.9306886719719
"7663","Kumamoto",2016,47,12.2816303373507
"7664","Kumamoto",2016,48,9.72589679338936
"7665","Kumamoto",2016,49,8.78296227369843
"7666","Kumamoto",2016,50,7.05904580981843
"7667","Kumamoto",2016,51,10.2634959134206
"7668","Kumamoto",2016,52,6.82890455860111
"7669","Kumamoto",2017,1,7.93707637878647
"7670","Kumamoto",2017,2,5.55685242227357
"7671","Kumamoto",2017,3,4.05783998213247
"7672","Kumamoto",2017,4,3.21758171846108
"7673","Kumamoto",2017,5,7.20555008005721
"7674","Kumamoto",2017,6,4.07734862637012
"7675","Kumamoto",2017,7,6.23121402129996
"7676","Kumamoto",2017,8,7.10228161804606
"7677","Kumamoto",2017,9,7.11719644639577
"7678","Kumamoto",2017,10,6.9226644888778
"7679","Kumamoto",2017,11,8.55807564748073
"7680","Kumamoto",2017,12,9.23716222610746
"7681","Kumamoto",2017,13,9.71708008875981
"7682","Kumamoto",2017,14,13.918299534165
"7683","Kumamoto",2017,15,15.0264591261931
"7684","Kumamoto",2017,16,15.9818438603167
"7685","Kumamoto",2017,17,15.6410922371108
"7686","Kumamoto",2017,18,18.8382799551088
"7687","Kumamoto",2017,19,17.9708381660727
"7688","Kumamoto",2017,20,18.1875481603482
"7689","Kumamoto",2017,21,19.7510548389033
"7690","Kumamoto",2017,22,21.3762720249062
"7691","Kumamoto",2017,23,20.0595325880742
"7692","Kumamoto",2017,24,20.7875331816461
"7693","Kumamoto",2017,25,22.2364642835482
"7694","Kumamoto",2017,26,23.6197988454283
"7695","Kumamoto",2017,27,25.3114397852402
"7696","Kumamoto",2017,28,26.0803181968516
"7697","Kumamoto",2017,29,26.7605117852403
"7698","Kumamoto",2017,30,27.7994750795077
"7699","Kumamoto",2017,31,28.5491400803423
"7700","Kumamoto",2017,32,27.1202123891018
"7701","Kumamoto",2017,33,26.4619723587167
"7702","Kumamoto",2017,34,27.2762402340687
"7703","Kumamoto",2017,35,25.6110549762017
"7704","Kumamoto",2017,36,23.9887514310942
"7705","Kumamoto",2017,37,23.6342442040872
"7706","Kumamoto",2017,38,21.4939633226217
"7707","Kumamoto",2017,39,20.7956691055869
"7708","Kumamoto",2017,40,21.3188842164924
"7709","Kumamoto",2017,41,21.5716052058998
"7710","Kumamoto",2017,42,17.69754452515
"7711","Kumamoto",2017,43,16.035133996553
"7712","Kumamoto",2017,44,13.942703642219
"7713","Kumamoto",2017,45,14.376258828974
"7714","Kumamoto",2017,46,11.0826252620453
"7715","Kumamoto",2017,47,6.85586318602277
"7716","Kumamoto",2017,48,10.3665595864396
"7717","Kumamoto",2017,49,5.52942997963351
"7718","Kumamoto",2017,50,4.57213657482885
"7719","Kumamoto",2017,51,3.90494767200164
"7720","Kumamoto",2017,52,5.11282635992363
"7721","Kumamoto",2018,1,4.23404582068055
"7722","Kumamoto",2018,2,2.86104511791356
"7723","Kumamoto",2018,3,7.24997999146154
"7724","Kumamoto",2018,4,2.02530441218082
"7725","Kumamoto",2018,5,2.45364057214592
"7726","Kumamoto",2018,6,1.61579271838997
"7727","Kumamoto",2018,7,4.2174885203689
"7728","Kumamoto",2018,8,6.63362736941567
"7729","Kumamoto",2018,9,8.53401270578796
"7730","Kumamoto",2018,10,10.0834042687966
"7731","Kumamoto",2018,11,11.6475084407655
"7732","Kumamoto",2018,12,10.2569399895216
"7733","Kumamoto",2018,13,14.7169747161888
"7734","Kumamoto",2018,14,15.044430646025
"7735","Kumamoto",2018,15,15.9616689645233
"7736","Kumamoto",2018,16,14.9898135725579
"7737","Kumamoto",2018,17,17.0105651671481
"7738","Kumamoto",2018,18,16.8450566263955
"7739","Kumamoto",2018,19,17.4748942375776
"7740","Kumamoto",2018,20,21.5117850697515
"7741","Kumamoto",2018,21,19.6277032856501
"7742","Kumamoto",2018,22,20.7665355605185
"7743","Kumamoto",2018,23,22.1790715755204
"7744","Kumamoto",2018,24,21.4622092354138
"7745","Kumamoto",2018,25,21.9195381403419
"7746","Kumamoto",2018,26,24.9935534429665
"7747","Kumamoto",2018,27,24.8622469828763
"7748","Kumamoto",2018,28,26.624036041873
"7749","Kumamoto",2018,29,27.9378062327926
"7750","Kumamoto",2018,30,27.7436078500878
"7751","Kumamoto",2018,31,27.1959653000526
"7752","Kumamoto",2018,32,27.8247692125672
"7753","Kumamoto",2018,33,27.3293535110531
"7754","Kumamoto",2018,34,27.3445060111734
"7755","Kumamoto",2018,35,26.3699464828252
"7756","Kumamoto",2018,36,24.5007257615119
"7757","Kumamoto",2018,37,23.7643432445058
"7758","Kumamoto",2018,38,24.1525489393551
"7759","Kumamoto",2018,39,20.9741941499426
"7760","Kumamoto",2018,40,20.5487529728431
"7761","Kumamoto",2018,41,17.9084913626141
"7762","Kumamoto",2018,42,16.2187490254258
"7763","Kumamoto",2018,43,15.6652659754336
"7764","Kumamoto",2018,44,12.8996761867758
"7765","Kumamoto",2018,45,15.3517349730751
"7766","Kumamoto",2018,46,12.3268492595328
"7767","Kumamoto",2018,47,9.32930033833015
"7768","Kumamoto",2018,48,12.0523832463109
"7769","Kumamoto",2018,49,12.2802835190338
"7770","Kumamoto",2018,50,5.56869430742946
"7771","Kumamoto",2018,51,9.94765092135243
"7772","Kumamoto",2018,52,5.39875456122963
"7773","Kumamoto",2019,1,4.53883946942361
"7774","Kumamoto",2019,2,6.73286360347385
"7775","Kumamoto",2019,3,6.2471828665872
"7776","Kumamoto",2019,4,5.43580938327456
"7777","Kumamoto",2019,5,6.03077345904514
"7778","Kumamoto",2019,6,8.6873323759634
"7779","Kumamoto",2019,7,5.6047707274605
"7780","Kumamoto",2019,8,8.9518124896934
"7781","Kumamoto",2019,9,9.63706216300924
"7782","Kumamoto",2019,10,9.51591609478564
"7783","Kumamoto",2019,11,8.8464617169574
"7784","Kumamoto",2019,12,11.1098582734916
"7785","Kumamoto",2019,13,11.9631045447958
"7786","Kumamoto",2019,14,10.1630876394042
"7787","Kumamoto",2019,15,13.8024321992484
"7788","Kumamoto",2019,16,15.2417870586312
"7789","Kumamoto",2019,17,17.3847521241919
"7790","Kumamoto",2019,18,16.6747081609772
"7791","Kumamoto",2019,19,17.3417507292535
"7792","Kumamoto",2019,20,20.1964588409698
"7793","Kumamoto",2019,21,19.8541928327695
"7794","Kumamoto",2019,22,20.3202990856865
"7795","Kumamoto",2019,23,21.6238848168529
"7796","Kumamoto",2019,24,20.7123863690793
"7797","Kumamoto",2019,25,21.8208346593937
"7798","Kumamoto",2019,26,23.4686852826749
"7799","Kumamoto",2019,27,22.7158779076635
"7800","Kumamoto",2019,28,23.7086684177521
"7801","Kumamoto",2019,29,25.0817306780595
"7802","Kumamoto",2019,30,25.9752965924819
"7803","Kumamoto",2019,31,27.6323370801917
"7804","Kumamoto",2019,32,27.5896571365201
"7805","Kumamoto",2019,33,27.1351811579507
"7806","Kumamoto",2019,34,25.1453695720051
"7807","Kumamoto",2019,35,23.2232778172023
"7808","Kumamoto",2019,36,25.9268720945333
"7809","Kumamoto",2019,37,26.5555155330174
"7810","Kumamoto",2019,38,23.6102891388365
"7811","Kumamoto",2019,39,23.1981623899743
"7812","Kumamoto",2019,40,23.4369596148679
"7813","Kumamoto",2019,41,20.4171236881994
"7814","Kumamoto",2019,42,18.6627040989789
"7815","Kumamoto",2019,43,18.9465548328064
"7816","Kumamoto",2019,44,15.5163979059775
"7817","Kumamoto",2019,45,13.447406188603
"7818","Kumamoto",2019,46,12.4380413677681
"7819","Kumamoto",2019,47,12.2353144679226
"7820","Kumamoto",2019,48,12.2326963095854
"7821","Kumamoto",2019,49,7.53289598845443
"7822","Kumamoto",2019,50,7.81308978975128
"7823","Kumamoto",2019,51,10.1914117161395
"7824","Kumamoto",2019,52,7.26869326407138
"7825","Kumamoto",2020,1,6.53863945531123
"7826","Kumamoto",2020,2,9.22673286056967
"7827","Kumamoto",2020,3,5.05409831881492
"7828","Kumamoto",2020,4,9.37525736488793
"7829","Kumamoto",2020,5,7.83123782904425
"7830","Kumamoto",2020,6,5.20555889228826
"7831","Kumamoto",2020,7,10.443630284443
"7832","Kumamoto",2020,8,6.31460226775009
"7833","Kumamoto",2020,9,9.93591235730416
"7834","Kyoto",2013,1,1.89122797115468
"7835","Kyoto",2013,2,3.56169514479132
"7836","Kyoto",2013,3,3.28638456417389
"7837","Kyoto",2013,4,4.03996106023223
"7838","Kyoto",2013,5,5.16844726558571
"7839","Kyoto",2013,6,3.59461397639767
"7840","Kyoto",2013,7,3.10397857185248
"7841","Kyoto",2013,8,2.44126874404216
"7842","Kyoto",2013,9,5.08765948027229
"7843","Kyoto",2013,10,9.30591602298592
"7844","Kyoto",2013,11,6.72917097433842
"7845","Kyoto",2013,12,10.5791741271681
"7846","Kyoto",2013,13,9.26128219206041
"7847","Kyoto",2013,14,12.6504308370801
"7848","Kyoto",2013,15,9.23972196967033
"7849","Kyoto",2013,16,13.6555032381237
"7850","Kyoto",2013,17,11.7638816170471
"7851","Kyoto",2013,18,12.6994472517905
"7852","Kyoto",2013,19,15.1956550693696
"7853","Kyoto",2013,20,18.904617024615
"7854","Kyoto",2013,21,19.9549152031795
"7855","Kyoto",2013,22,20.5776025498872
"7856","Kyoto",2013,23,21.264708774995
"7857","Kyoto",2013,24,23.9993940158063
"7858","Kyoto",2013,25,22.6490750651481
"7859","Kyoto",2013,26,22.5360560066166
"7860","Kyoto",2013,27,25.3161311337277
"7861","Kyoto",2013,28,28.2113149877049
"7862","Kyoto",2013,29,25.9278127165938
"7863","Kyoto",2013,30,27.3088678631572
"7864","Kyoto",2013,31,26.5941246562419
"7865","Kyoto",2013,32,28.5802510096939
"7866","Kyoto",2013,33,28.9612478656978
"7867","Kyoto",2013,34,28.7176707987187
"7868","Kyoto",2013,35,25.6727285998325
"7869","Kyoto",2013,36,22.8112604257019
"7870","Kyoto",2013,37,25.2619804152995
"7871","Kyoto",2013,38,22.4129974792031
"7872","Kyoto",2013,39,22.411068183182
"7873","Kyoto",2013,40,21.9033833315225
"7874","Kyoto",2013,41,23.6138749740958
"7875","Kyoto",2013,42,17.1796616893437
"7876","Kyoto",2013,43,17.1774506899831
"7877","Kyoto",2013,44,14.7963022065503
"7878","Kyoto",2013,45,14.6644254859076
"7879","Kyoto",2013,46,10.1807431897784
"7880","Kyoto",2013,47,9.11551930478285
"7881","Kyoto",2013,48,8.30608723409363
"7882","Kyoto",2013,49,8.4035212219573
"7883","Kyoto",2013,50,5.98290441569006
"7884","Kyoto",2013,51,5.83488427638194
"7885","Kyoto",2013,52,4.05328289705339
"7886","Kyoto",2014,1,4.72585871949668
"7887","Kyoto",2014,2,3.13407864547047
"7888","Kyoto",2014,3,2.76613478523105
"7889","Kyoto",2014,4,3.97558369403749
"7890","Kyoto",2014,5,6.0545580719125
"7891","Kyoto",2014,6,3.85238225056578
"7892","Kyoto",2014,7,3.0381321016125
"7893","Kyoto",2014,8,2.8811877471701
"7894","Kyoto",2014,9,7.36303420958849
"7895","Kyoto",2014,10,4.29807638025701
"7896","Kyoto",2014,11,5.7475619540788
"7897","Kyoto",2014,12,8.49649004710013
"7898","Kyoto",2014,13,12.9778247666424
"7899","Kyoto",2014,14,11.0181908228925
"7900","Kyoto",2014,15,10.4730074907219
"7901","Kyoto",2014,16,12.9030495876358
"7902","Kyoto",2014,17,14.0549984484645
"7903","Kyoto",2014,18,16.637545254128
"7904","Kyoto",2014,19,15.5415361776985
"7905","Kyoto",2014,20,17.8533576366712
"7906","Kyoto",2014,21,18.0891036512996
"7907","Kyoto",2014,22,21.4553379067962
"7908","Kyoto",2014,23,22.2111994813071
"7909","Kyoto",2014,24,21.8006739061938
"7910","Kyoto",2014,25,22.5881156221369
"7911","Kyoto",2014,26,22.7167129187209
"7912","Kyoto",2014,27,23.4615354039046
"7913","Kyoto",2014,28,25.5264646051906
"7914","Kyoto",2014,29,25.8677836786968
"7915","Kyoto",2014,30,28.0461651331211
"7916","Kyoto",2014,31,26.8948403762506
"7917","Kyoto",2014,32,26.2580333695018
"7918","Kyoto",2014,33,25.9384874772136
"7919","Kyoto",2014,34,27.1801012047449
"7920","Kyoto",2014,35,24.0816761242668
"7921","Kyoto",2014,36,24.0475908183034
"7922","Kyoto",2014,37,22.4267794374756
"7923","Kyoto",2014,38,20.7546586434751
"7924","Kyoto",2014,39,21.7581001429466
"7925","Kyoto",2014,40,21.497573911518
"7926","Kyoto",2014,41,19.1850703125542
"7927","Kyoto",2014,42,16.1409042178368
"7928","Kyoto",2014,43,16.7753336038663
"7929","Kyoto",2014,44,15.643107288906
"7930","Kyoto",2014,45,14.0528749282031
"7931","Kyoto",2014,46,11.3619846184491
"7932","Kyoto",2014,47,10.1160067712411
"7933","Kyoto",2014,48,12.7468830729683
"7934","Kyoto",2014,49,6.78478507379648
"7935","Kyoto",2014,50,5.87086548059882
"7936","Kyoto",2014,51,3.05031914595768
"7937","Kyoto",2014,52,3.96650949527656
"7938","Kyoto",2015,1,4.4377682635012
"7939","Kyoto",2015,2,4.79652548400737
"7940","Kyoto",2015,3,5.43046469037033
"7941","Kyoto",2015,4,4.41447907899759
"7942","Kyoto",2015,5,3.87883455814123
"7943","Kyoto",2015,6,3.00229260773465
"7944","Kyoto",2015,7,5.41381694514412
"7945","Kyoto",2015,8,7.68471616473925
"7946","Kyoto",2015,9,6.15950675879356
"7947","Kyoto",2015,10,5.11822704628266
"7948","Kyoto",2015,11,11.753959218663
"7949","Kyoto",2015,12,8.42143409657427
"7950","Kyoto",2015,13,14.1092737415366
"7951","Kyoto",2015,14,9.80477024635775
"7952","Kyoto",2015,15,13.2200000333937
"7953","Kyoto",2015,16,15.00659659892
"7954","Kyoto",2015,17,19.5719365056529
"7955","Kyoto",2015,18,18.2882294136302
"7956","Kyoto",2015,19,18.6445801914758
"7957","Kyoto",2015,20,19.0209624644472
"7958","Kyoto",2015,21,22.1691928057235
"7959","Kyoto",2015,22,19.7087555263887
"7960","Kyoto",2015,23,21.1834153496338
"7961","Kyoto",2015,24,21.8113117202041
"7962","Kyoto",2015,25,22.6623545924154
"7963","Kyoto",2015,26,21.8252752731383
"7964","Kyoto",2015,27,23.3235655881588
"7965","Kyoto",2015,28,26.7819733707709
"7966","Kyoto",2015,29,26.6811688771078
"7967","Kyoto",2015,30,28.2261199612909
"7968","Kyoto",2015,31,29.1471232785867
"7969","Kyoto",2015,32,26.8108597811101
"7970","Kyoto",2015,33,25.8186265375027
"7971","Kyoto",2015,34,25.0605586023043
"7972","Kyoto",2015,35,23.5022297644566
"7973","Kyoto",2015,36,21.6031712821778
"7974","Kyoto",2015,37,20.7708103594838
"7975","Kyoto",2015,38,21.2597574726242
"7976","Kyoto",2015,39,19.8387541647128
"7977","Kyoto",2015,40,17.8193956320928
"7978","Kyoto",2015,41,16.5359068327022
"7979","Kyoto",2015,42,17.7790381790508
"7980","Kyoto",2015,43,14.3146926974773
"7981","Kyoto",2015,44,14.9349408248
"7982","Kyoto",2015,45,15.1718478554077
"7983","Kyoto",2015,46,14.7578124280261
"7984","Kyoto",2015,47,10.4506263662877
"7985","Kyoto",2015,48,9.05391459946995
"7986","Kyoto",2015,49,10.1491222597738
"7987","Kyoto",2015,50,8.25384805366943
"7988","Kyoto",2015,51,8.34995534211872
"7989","Kyoto",2015,52,4.98785962684098
"7990","Kyoto",2016,1,7.27048664149631
"7991","Kyoto",2016,2,4.34900456504987
"7992","Kyoto",2016,3,3.33944513905004
"7993","Kyoto",2016,4,3.55369021908762
"7994","Kyoto",2016,5,4.67053063659202
"7995","Kyoto",2016,6,6.4483249129999
"7996","Kyoto",2016,7,5.75248072022438
"7997","Kyoto",2016,8,4.85041171539498
"7998","Kyoto",2016,9,7.77981501914116
"7999","Kyoto",2016,10,8.80353504700627
"8000","Kyoto",2016,11,9.22818626612036
"8001","Kyoto",2016,12,7.35582484541737
"8002","Kyoto",2016,13,12.4170632962809
"8003","Kyoto",2016,14,14.4279159050301
"8004","Kyoto",2016,15,13.6876314263066
"8005","Kyoto",2016,16,15.4672834877511
"8006","Kyoto",2016,17,15.1526072187337
"8007","Kyoto",2016,18,18.3672285297613
"8008","Kyoto",2016,19,17.7652334818682
"8009","Kyoto",2016,20,18.7238310282993
"8010","Kyoto",2016,21,21.5498702393484
"8011","Kyoto",2016,22,19.5577443225337
"8012","Kyoto",2016,23,21.6400836885857
"8013","Kyoto",2016,24,22.7939958103992
"8014","Kyoto",2016,25,22.6762021796506
"8015","Kyoto",2016,26,23.8203879105219
"8016","Kyoto",2016,27,26.1634777064653
"8017","Kyoto",2016,28,25.9286954401893
"8018","Kyoto",2016,29,25.6219194835591
"8019","Kyoto",2016,30,26.7138527500392
"8020","Kyoto",2016,31,27.9688613176718
"8021","Kyoto",2016,32,28.0592884951949
"8022","Kyoto",2016,33,28.2345106390567
"8023","Kyoto",2016,34,27.6166392977716
"8024","Kyoto",2016,35,25.2638778077281
"8025","Kyoto",2016,36,25.2496557535978
"8026","Kyoto",2016,37,24.1876769662875
"8027","Kyoto",2016,38,21.5563401318043
"8028","Kyoto",2016,39,23.1394148222823
"8029","Kyoto",2016,40,22.8408533416249
"8030","Kyoto",2016,41,16.457835590348
"8031","Kyoto",2016,42,19.2193132566108
"8032","Kyoto",2016,43,15.6492339738583
"8033","Kyoto",2016,44,12.4104874813175
"8034","Kyoto",2016,45,11.3085944237506
"8035","Kyoto",2016,46,13.2362955456837
"8036","Kyoto",2016,47,11.3209731121546
"8037","Kyoto",2016,48,9.71311174378833
"8038","Kyoto",2016,49,8.70248929495996
"8039","Kyoto",2016,50,5.46949886573976
"8040","Kyoto",2016,51,9.12711335344018
"8041","Kyoto",2016,52,5.35772375038201
"8042","Kyoto",2017,1,6.17474321041607
"8043","Kyoto",2017,2,4.56615810479224
"8044","Kyoto",2017,3,2.6886302347518
"8045","Kyoto",2017,4,2.58057169949843
"8046","Kyoto",2017,5,4.89480750556273
"8047","Kyoto",2017,6,2.93765254583361
"8048","Kyoto",2017,7,4.17643535567921
"8049","Kyoto",2017,8,5.3971910865257
"8050","Kyoto",2017,9,6.01321508346458
"8051","Kyoto",2017,10,5.62924516371627
"8052","Kyoto",2017,11,7.1390179304038
"8053","Kyoto",2017,12,8.26222428133961
"8054","Kyoto",2017,13,8.40610023908778
"8055","Kyoto",2017,14,13.93332086866
"8056","Kyoto",2017,15,12.6672743841433
"8057","Kyoto",2017,16,15.0334973467019
"8058","Kyoto",2017,17,14.6152761298171
"8059","Kyoto",2017,18,17.6521461441193
"8060","Kyoto",2017,19,18.4464348519838
"8061","Kyoto",2017,20,18.6211995512575
"8062","Kyoto",2017,21,20.4272739511397
"8063","Kyoto",2017,22,20.6758585508215
"8064","Kyoto",2017,23,19.7378709407862
"8065","Kyoto",2017,24,19.7034206305228
"8066","Kyoto",2017,25,22.9896869391306
"8067","Kyoto",2017,26,23.7047498426604
"8068","Kyoto",2017,27,25.8598392657634
"8069","Kyoto",2017,28,27.4928871934864
"8070","Kyoto",2017,29,28.055801173518
"8071","Kyoto",2017,30,27.3098432577957
"8072","Kyoto",2017,31,28.2541782022233
"8073","Kyoto",2017,32,27.6638661773212
"8074","Kyoto",2017,33,26.0161191402662
"8075","Kyoto",2017,34,28.1075065487723
"8076","Kyoto",2017,35,25.6715140500754
"8077","Kyoto",2017,36,23.4403665389371
"8078","Kyoto",2017,37,22.8548876101585
"8079","Kyoto",2017,38,21.6948075795368
"8080","Kyoto",2017,39,20.636345448738
"8081","Kyoto",2017,40,19.047252850628
"8082","Kyoto",2017,41,20.363797794267
"8083","Kyoto",2017,42,15.7055931435897
"8084","Kyoto",2017,43,15.3551773598325
"8085","Kyoto",2017,44,13.2764895316727
"8086","Kyoto",2017,45,13.1503116071767
"8087","Kyoto",2017,46,9.68381934400982
"8088","Kyoto",2017,47,6.75521591945267
"8089","Kyoto",2017,48,9.48556248044317
"8090","Kyoto",2017,49,5.39524836598123
"8091","Kyoto",2017,50,4.73245035596629
"8092","Kyoto",2017,51,4.20909125240336
"8093","Kyoto",2017,52,5.21283031296228
"8094","Kyoto",2018,1,3.87201280086604
"8095","Kyoto",2018,2,2.96174094005313
"8096","Kyoto",2018,3,6.54985465204449
"8097","Kyoto",2018,4,0.91890705505872
"8098","Kyoto",2018,5,2.08145843388097
"8099","Kyoto",2018,6,1.44454515515206
"8100","Kyoto",2018,7,3.19717977591495
"8101","Kyoto",2018,8,4.58568514358174
"8102","Kyoto",2018,9,7.86819040964666
"8103","Kyoto",2018,10,7.68702735388013
"8104","Kyoto",2018,11,9.71719291453084
"8105","Kyoto",2018,12,8.54513036227602
"8106","Kyoto",2018,13,13.1175786594504
"8107","Kyoto",2018,14,14.5033448773627
"8108","Kyoto",2018,15,13.120504399628
"8109","Kyoto",2018,16,14.5915649874321
"8110","Kyoto",2018,17,16.348352117586
"8111","Kyoto",2018,18,17.9564575533825
"8112","Kyoto",2018,19,15.6974624679837
"8113","Kyoto",2018,20,19.5927929135425
"8114","Kyoto",2018,21,19.1289722893711
"8115","Kyoto",2018,22,20.1243763143021
"8116","Kyoto",2018,23,21.6684320719563
"8117","Kyoto",2018,24,19.2811727354552
"8118","Kyoto",2018,25,21.846864838627
"8119","Kyoto",2018,26,26.0356964105695
"8120","Kyoto",2018,27,25.4687810444042
"8121","Kyoto",2018,28,27.3053514077072
"8122","Kyoto",2018,29,30.0438883509433
"8123","Kyoto",2018,30,29.3262519606329
"8124","Kyoto",2018,31,29.1886334142564
"8125","Kyoto",2018,32,28.2218393336409
"8126","Kyoto",2018,33,27.1451776597419
"8127","Kyoto",2018,34,28.6346251109236
"8128","Kyoto",2018,35,27.0762999489296
"8129","Kyoto",2018,36,25.1567181066883
"8130","Kyoto",2018,37,22.5503129576453
"8131","Kyoto",2018,38,22.5260646137004
"8132","Kyoto",2018,39,20.0380095641932
"8133","Kyoto",2018,40,21.3236375188235
"8134","Kyoto",2018,41,18.630444354347
"8135","Kyoto",2018,42,16.7866538387042
"8136","Kyoto",2018,43,16.2174272544027
"8137","Kyoto",2018,44,13.281727153683
"8138","Kyoto",2018,45,16.2888609245407
"8139","Kyoto",2018,46,12.724141592864
"8140","Kyoto",2018,47,9.88005561163435
"8141","Kyoto",2018,48,11.2599103533913
"8142","Kyoto",2018,49,11.3353900839644
"8143","Kyoto",2018,50,5.15641358303844
"8144","Kyoto",2018,51,8.26542957040635
"8145","Kyoto",2018,52,5.356356745831
"8146","Kyoto",2019,1,4.32268015550402
"8147","Kyoto",2019,2,4.35088141902108
"8148","Kyoto",2019,3,5.16814120489973
"8149","Kyoto",2019,4,4.54204818562914
"8150","Kyoto",2019,5,3.90593324669143
"8151","Kyoto",2019,6,6.67058482783682
"8152","Kyoto",2019,7,3.96359960894829
"8153","Kyoto",2019,8,7.1507627452167
"8154","Kyoto",2019,9,8.19012517945749
"8155","Kyoto",2019,10,8.34425131903083
"8156","Kyoto",2019,11,7.47282206550337
"8157","Kyoto",2019,12,9.5401326678812
"8158","Kyoto",2019,13,10.1507149593174
"8159","Kyoto",2019,14,8.82738868444769
"8160","Kyoto",2019,15,10.7537853613577
"8161","Kyoto",2019,16,13.6258590381422
"8162","Kyoto",2019,17,15.9574893200075
"8163","Kyoto",2019,18,15.1538790097245
"8164","Kyoto",2019,19,16.5022861378436
"8165","Kyoto",2019,20,19.7913494130929
"8166","Kyoto",2019,21,20.7361792298722
"8167","Kyoto",2019,22,20.704920194528
"8168","Kyoto",2019,23,22.2154745897864
"8169","Kyoto",2019,24,20.4519395307464
"8170","Kyoto",2019,25,21.8638998320763
"8171","Kyoto",2019,26,23.7920561562372
"8172","Kyoto",2019,27,23.7095317213997
"8173","Kyoto",2019,28,23.391461825141
"8174","Kyoto",2019,29,24.4765954544036
"8175","Kyoto",2019,30,27.0484217464882
"8176","Kyoto",2019,31,29.3861220592914
"8177","Kyoto",2019,32,29.8254258689425
"8178","Kyoto",2019,33,29.3837456141346
"8179","Kyoto",2019,34,26.5348062497891
"8180","Kyoto",2019,35,24.672134214905
"8181","Kyoto",2019,36,26.8922092913544
"8182","Kyoto",2019,37,26.6226083659672
"8183","Kyoto",2019,38,23.059569938696
"8184","Kyoto",2019,39,23.454252537839
"8185","Kyoto",2019,40,23.8112470803187
"8186","Kyoto",2019,41,20.2852960706377
"8187","Kyoto",2019,42,17.3361777088314
"8188","Kyoto",2019,43,17.9626122062388
"8189","Kyoto",2019,44,15.3172900492955
"8190","Kyoto",2019,45,12.9629590481399
"8191","Kyoto",2019,46,12.5732980442357
"8192","Kyoto",2019,47,11.7351960061806
"8193","Kyoto",2019,48,9.82291843857791
"8194","Kyoto",2019,49,7.60424482792419
"8195","Kyoto",2019,50,7.68267331792646
"8196","Kyoto",2019,51,8.63445851550095
"8197","Kyoto",2019,52,7.0840257716463
"8198","Kyoto",2020,1,7.10040609071877
"8199","Kyoto",2020,2,7.09577508738018
"8200","Kyoto",2020,3,5.75144129191229
"8201","Kyoto",2020,4,7.15110804046527
"8202","Kyoto",2020,5,7.26041733818574
"8203","Kyoto",2020,6,4.21556449792838
"8204","Kyoto",2020,7,7.6123771373036
"8205","Kyoto",2020,8,6.8750318714189
"8206","Kyoto",2020,9,6.86940853613061
"8207","Mie",2013,1,3.78382659415804
"8208","Mie",2013,2,5.03287064153659
"8209","Mie",2013,3,4.42133758797944
"8210","Mie",2013,4,5.3515648472589
"8211","Mie",2013,5,6.66204946288132
"8212","Mie",2013,6,5.5118958146682
"8213","Mie",2013,7,4.48354669534625
"8214","Mie",2013,8,4.08073340501449
"8215","Mie",2013,9,6.22485289764934
"8216","Mie",2013,10,9.85615093573711
"8217","Mie",2013,11,8.536353377956
"8218","Mie",2013,12,12.240510635825
"8219","Mie",2013,13,11.2346102300672
"8220","Mie",2013,14,13.8000338189652
"8221","Mie",2013,15,10.4482966591625
"8222","Mie",2013,16,14.5830357287165
"8223","Mie",2013,17,12.9114599400226
"8224","Mie",2013,18,13.7563843916474
"8225","Mie",2013,19,16.4154777946183
"8226","Mie",2013,20,18.6378007543029
"8227","Mie",2013,21,20.1309564082092
"8228","Mie",2013,22,19.7726689501718
"8229","Mie",2013,23,20.2175778184879
"8230","Mie",2013,24,22.3379852340953
"8231","Mie",2013,25,22.7032263835258
"8232","Mie",2013,26,21.8130165590291
"8233","Mie",2013,27,24.0443148343308
"8234","Mie",2013,28,27.8223570027631
"8235","Mie",2013,29,26.0640750607127
"8236","Mie",2013,30,27.0361998134506
"8237","Mie",2013,31,27.4317813151127
"8238","Mie",2013,32,28.2978590300035
"8239","Mie",2013,33,28.2676650342994
"8240","Mie",2013,34,28.1502223915855
"8241","Mie",2013,35,25.6309953189291
"8242","Mie",2013,36,24.3830870343944
"8243","Mie",2013,37,24.9504248910245
"8244","Mie",2013,38,22.8991444829372
"8245","Mie",2013,39,22.3808699723634
"8246","Mie",2013,40,21.9736327824355
"8247","Mie",2013,41,23.0383406328417
"8248","Mie",2013,42,17.6856674017505
"8249","Mie",2013,43,17.8885429408034
"8250","Mie",2013,44,15.9887936500623
"8251","Mie",2013,45,15.881827508092
"8252","Mie",2013,46,11.4545084842351
"8253","Mie",2013,47,10.223024928191
"8254","Mie",2013,48,9.57563216450157
"8255","Mie",2013,49,9.52074501369779
"8256","Mie",2013,50,7.17012092884845
"8257","Mie",2013,51,6.61783083945064
"8258","Mie",2013,52,5.26688790629867
"8259","Mie",2014,1,6.19853102436248
"8260","Mie",2014,2,4.60849846670012
"8261","Mie",2014,3,4.402400549824
"8262","Mie",2014,4,5.40374933777768
"8263","Mie",2014,5,7.40675132942509
"8264","Mie",2014,6,5.2792996452448
"8265","Mie",2014,7,4.06484477573105
"8266","Mie",2014,8,3.98300162879816
"8267","Mie",2014,9,8.99621573497235
"8268","Mie",2014,10,5.8129572255446
"8269","Mie",2014,11,6.93843840160853
"8270","Mie",2014,12,9.8687626919389
"8271","Mie",2014,13,13.3338024341424
"8272","Mie",2014,14,11.6876959157384
"8273","Mie",2014,15,11.7332522394393
"8274","Mie",2014,16,14.0801292445069
"8275","Mie",2014,17,14.2304420507209
"8276","Mie",2014,18,16.618641136259
"8277","Mie",2014,19,15.8855223591431
"8278","Mie",2014,20,17.8632035021039
"8279","Mie",2014,21,18.0976790422825
"8280","Mie",2014,22,20.6191506675947
"8281","Mie",2014,23,20.7471212714446
"8282","Mie",2014,24,21.5405728791326
"8283","Mie",2014,25,21.5536525023492
"8284","Mie",2014,26,21.9255099051424
"8285","Mie",2014,27,22.9216610678809
"8286","Mie",2014,28,25.0233603810989
"8287","Mie",2014,29,26.1483810411426
"8288","Mie",2014,30,27.2100203338455
"8289","Mie",2014,31,25.7312828853061
"8290","Mie",2014,32,25.8284590411023
"8291","Mie",2014,33,26.0105742472763
"8292","Mie",2014,34,26.6261398923999
"8293","Mie",2014,35,24.1328263152885
"8294","Mie",2014,36,23.6450149562081
"8295","Mie",2014,37,22.7010478768252
"8296","Mie",2014,38,21.1515089941592
"8297","Mie",2014,39,21.4989465328303
"8298","Mie",2014,40,22.1118722571664
"8299","Mie",2014,41,19.7292282660969
"8300","Mie",2014,42,17.1724400256208
"8301","Mie",2014,43,17.9721767309534
"8302","Mie",2014,44,16.3566781561719
"8303","Mie",2014,45,15.3488858169769
"8304","Mie",2014,46,12.9478831317276
"8305","Mie",2014,47,10.7611368440988
"8306","Mie",2014,48,13.9197059537741
"8307","Mie",2014,49,7.8957235115084
"8308","Mie",2014,50,7.02353071230031
"8309","Mie",2014,51,4.62644770219258
"8310","Mie",2014,52,5.37826005764611
"8311","Mie",2015,1,6.02898998914131
"8312","Mie",2015,2,5.85092158862288
"8313","Mie",2015,3,6.47421660632946
"8314","Mie",2015,4,5.88312892692256
"8315","Mie",2015,5,5.06483862133164
"8316","Mie",2015,6,4.51447823000811
"8317","Mie",2015,7,6.6226946704088
"8318","Mie",2015,8,9.30455047195
"8319","Mie",2015,9,7.73532688429983
"8320","Mie",2015,10,6.86608675678496
"8321","Mie",2015,11,12.7120003948009
"8322","Mie",2015,12,9.37138126619036
"8323","Mie",2015,13,14.7705593817296
"8324","Mie",2015,14,11.6845444862455
"8325","Mie",2015,15,13.7692489815459
"8326","Mie",2015,16,16.3122966074945
"8327","Mie",2015,17,18.308222849387
"8328","Mie",2015,18,18.3105286945215
"8329","Mie",2015,19,18.9613244559336
"8330","Mie",2015,20,19.3398835718258
"8331","Mie",2015,21,21.7181766182034
"8332","Mie",2015,22,19.9638218036521
"8333","Mie",2015,23,21.0126003056601
"8334","Mie",2015,24,21.1865517515542
"8335","Mie",2015,25,22.0450249229312
"8336","Mie",2015,26,21.4476296285826
"8337","Mie",2015,27,22.6780908518706
"8338","Mie",2015,28,26.0197048827796
"8339","Mie",2015,29,26.235980312397
"8340","Mie",2015,30,28.5223657262248
"8341","Mie",2015,31,28.3187857415499
"8342","Mie",2015,32,27.5005131970857
"8343","Mie",2015,33,25.9132324575954
"8344","Mie",2015,34,25.2894967748802
"8345","Mie",2015,35,24.3580545004256
"8346","Mie",2015,36,22.6431056809267
"8347","Mie",2015,37,21.5471583048643
"8348","Mie",2015,38,21.9399987210887
"8349","Mie",2015,39,20.9778235011471
"8350","Mie",2015,40,18.4808705639456
"8351","Mie",2015,41,17.9906615706552
"8352","Mie",2015,42,18.7109434587788
"8353","Mie",2015,43,15.4177285825011
"8354","Mie",2015,44,15.7021061965117
"8355","Mie",2015,45,16.3824893229141
"8356","Mie",2015,46,16.1752389172241
"8357","Mie",2015,47,11.765109261873
"8358","Mie",2015,48,10.4579234483568
"8359","Mie",2015,49,11.7137889777259
"8360","Mie",2015,50,9.82822319514817
"8361","Mie",2015,51,9.71705643591356
"8362","Mie",2015,52,6.42480538690928
"8363","Mie",2016,1,8.6777369004681
"8364","Mie",2016,2,6.01463110199538
"8365","Mie",2016,3,4.61853487776627
"8366","Mie",2016,4,5.29737564647864
"8367","Mie",2016,5,6.08166338304877
"8368","Mie",2016,6,7.59871772579385
"8369","Mie",2016,7,7.73366094459698
"8370","Mie",2016,8,6.22424649592959
"8371","Mie",2016,9,8.69888309404233
"8372","Mie",2016,10,10.5751754564658
"8373","Mie",2016,11,10.2682755349818
"8374","Mie",2016,12,8.8676061097826
"8375","Mie",2016,13,12.7730945399771
"8376","Mie",2016,14,15.2656318557694
"8377","Mie",2016,15,14.3386992457736
"8378","Mie",2016,16,16.1655919724238
"8379","Mie",2016,17,15.9025369426134
"8380","Mie",2016,18,18.4785075797194
"8381","Mie",2016,19,18.488331955284
"8382","Mie",2016,20,18.7052302663364
"8383","Mie",2016,21,21.5163961136553
"8384","Mie",2016,22,19.7589383697807
"8385","Mie",2016,23,20.8157965870986
"8386","Mie",2016,24,22.6141578624957
"8387","Mie",2016,25,23.2072253728323
"8388","Mie",2016,26,23.8163556354951
"8389","Mie",2016,27,26.2129525403062
"8390","Mie",2016,28,26.0909323101822
"8391","Mie",2016,29,25.8545046870077
"8392","Mie",2016,30,25.1788758849826
"8393","Mie",2016,31,27.0868088459505
"8394","Mie",2016,32,27.6928680316685
"8395","Mie",2016,33,27.4412661079944
"8396","Mie",2016,34,27.0661993390343
"8397","Mie",2016,35,25.0603214046484
"8398","Mie",2016,36,25.3287776442541
"8399","Mie",2016,37,24.622568276965
"8400","Mie",2016,38,22.6634726133079
"8401","Mie",2016,39,23.8624814630004
"8402","Mie",2016,40,23.0248125055722
"8403","Mie",2016,41,17.9661441669123
"8404","Mie",2016,42,20.2458361021067
"8405","Mie",2016,43,17.1578700185584
"8406","Mie",2016,44,13.6305138614652
"8407","Mie",2016,45,12.8313880355277
"8408","Mie",2016,46,14.7573390326846
"8409","Mie",2016,47,12.9871549680551
"8410","Mie",2016,48,10.9938965892779
"8411","Mie",2016,49,10.046115982239
"8412","Mie",2016,50,7.06090441347592
"8413","Mie",2016,51,10.3891659398757
"8414","Mie",2016,52,7.17800568319507
"8415","Mie",2017,1,7.33959901170245
"8416","Mie",2017,2,5.69613285751581
"8417","Mie",2017,3,4.27528834443964
"8418","Mie",2017,4,4.44263668755975
"8419","Mie",2017,5,6.46519850595943
"8420","Mie",2017,6,4.10158398343546
"8421","Mie",2017,7,5.99813741742373
"8422","Mie",2017,8,6.96602367755158
"8423","Mie",2017,9,7.41481325303157
"8424","Mie",2017,10,7.04239983951103
"8425","Mie",2017,11,8.05912874955497
"8426","Mie",2017,12,9.10657629731709
"8427","Mie",2017,13,9.09928343004849
"8428","Mie",2017,14,14.0408098741787
"8429","Mie",2017,15,13.5865938274701
"8430","Mie",2017,16,15.625530644466
"8431","Mie",2017,17,15.0413860807247
"8432","Mie",2017,18,17.9161426392744
"8433","Mie",2017,19,18.5763696720133
"8434","Mie",2017,20,19.1674932490483
"8435","Mie",2017,21,20.1720613738454
"8436","Mie",2017,22,20.7624218333984
"8437","Mie",2017,23,20.3119164288217
"8438","Mie",2017,24,20.3859100119203
"8439","Mie",2017,25,22.2591661634595
"8440","Mie",2017,26,23.2326569151372
"8441","Mie",2017,27,26.0027345756158
"8442","Mie",2017,28,26.3087116151263
"8443","Mie",2017,29,26.7829826865223
"8444","Mie",2017,30,27.0996254967158
"8445","Mie",2017,31,26.7245883572236
"8446","Mie",2017,32,27.4565922345642
"8447","Mie",2017,33,26.4564734766206
"8448","Mie",2017,34,28.1863922992546
"8449","Mie",2017,35,26.1078772054744
"8450","Mie",2017,36,24.0969229120511
"8451","Mie",2017,37,23.5208530743705
"8452","Mie",2017,38,22.7216966414214
"8453","Mie",2017,39,21.6857924693278
"8454","Mie",2017,40,19.8195782952007
"8455","Mie",2017,41,21.4352726134272
"8456","Mie",2017,42,16.2971935837803
"8457","Mie",2017,43,16.1077242180887
"8458","Mie",2017,44,14.5933648646483
"8459","Mie",2017,45,14.4966778247388
"8460","Mie",2017,46,11.1615824903289
"8461","Mie",2017,47,8.36319162847893
"8462","Mie",2017,48,11.2530369281077
"8463","Mie",2017,49,6.67470842332897
"8464","Mie",2017,50,5.81742002090458
"8465","Mie",2017,51,5.6026226395362
"8466","Mie",2017,52,6.33923467049011
"8467","Mie",2018,1,4.84287688935288
"8468","Mie",2018,2,4.4665102476804
"8469","Mie",2018,3,7.91222266156883
"8470","Mie",2018,4,2.27667090307055
"8471","Mie",2018,5,3.57573621715926
"8472","Mie",2018,6,2.82927037583027
"8473","Mie",2018,7,4.69676494326818
"8474","Mie",2018,8,5.93342707375733
"8475","Mie",2018,9,8.98185960410733
"8476","Mie",2018,10,9.19013961969369
"8477","Mie",2018,11,10.6668199163699
"8478","Mie",2018,12,10.3272491454928
"8479","Mie",2018,13,13.8307357447621
"8480","Mie",2018,14,15.1906513393492
"8481","Mie",2018,15,14.1620799308977
"8482","Mie",2018,16,15.2126359567566
"8483","Mie",2018,17,17.4377525651794
"8484","Mie",2018,18,17.683487148528
"8485","Mie",2018,19,16.613574621418
"8486","Mie",2018,20,20.1691625195973
"8487","Mie",2018,21,19.0970114102931
"8488","Mie",2018,22,20.0128508040204
"8489","Mie",2018,23,21.1452185483543
"8490","Mie",2018,24,20.9167665714182
"8491","Mie",2018,25,21.2717849916403
"8492","Mie",2018,26,25.4590314461392
"8493","Mie",2018,27,25.1415572319248
"8494","Mie",2018,28,27.0639112634634
"8495","Mie",2018,29,29.0049679646498
"8496","Mie",2018,30,28.3408144842635
"8497","Mie",2018,31,27.9975780216391
"8498","Mie",2018,32,28.4176097531548
"8499","Mie",2018,33,26.3450770916686
"8500","Mie",2018,34,26.723578329267
"8501","Mie",2018,35,27.472978687757
"8502","Mie",2018,36,25.299464721723
"8503","Mie",2018,37,22.862789559087
"8504","Mie",2018,38,23.6148420953539
"8505","Mie",2018,39,20.9951339757503
"8506","Mie",2018,40,21.8654536361158
"8507","Mie",2018,41,20.0005521472936
"8508","Mie",2018,42,17.1232739646662
"8509","Mie",2018,43,17.2556030021781
"8510","Mie",2018,44,14.4599527226787
"8511","Mie",2018,45,17.1623744488017
"8512","Mie",2018,46,14.0010735658847
"8513","Mie",2018,47,10.9544398782965
"8514","Mie",2018,48,12.4405996491953
"8515","Mie",2018,49,12.8783889842965
"8516","Mie",2018,50,6.66649825887138
"8517","Mie",2018,51,9.64583367254679
"8518","Mie",2018,52,6.66079679879584
"8519","Mie",2019,1,5.63081538524645
"8520","Mie",2019,2,5.65580398755913
"8521","Mie",2019,3,6.4016320994555
"8522","Mie",2019,4,5.72783735108184
"8523","Mie",2019,5,5.19559858157786
"8524","Mie",2019,6,8.08473201601607
"8525","Mie",2019,7,5.29792528664534
"8526","Mie",2019,8,8.52907297195115
"8527","Mie",2019,9,9.70484422548166
"8528","Mie",2019,10,9.48817695441429
"8529","Mie",2019,11,8.86110188878746
"8530","Mie",2019,12,10.2919162668521
"8531","Mie",2019,13,11.508930387977
"8532","Mie",2019,14,9.85513780853753
"8533","Mie",2019,15,11.9949199412506
"8534","Mie",2019,16,14.2488449169517
"8535","Mie",2019,17,16.8869294082149
"8536","Mie",2019,18,16.2333933460287
"8537","Mie",2019,19,16.8640720730485
"8538","Mie",2019,20,18.6699885839556
"8539","Mie",2019,21,20.2115550803453
"8540","Mie",2019,22,20.7527944050786
"8541","Mie",2019,23,21.488637030154
"8542","Mie",2019,24,19.9531409198879
"8543","Mie",2019,25,22.0567374146084
"8544","Mie",2019,26,23.6145038641699
"8545","Mie",2019,27,23.3772569242887
"8546","Mie",2019,28,22.9671249721278
"8547","Mie",2019,29,24.1373343902412
"8548","Mie",2019,30,26.2003337655125
"8549","Mie",2019,31,28.4951342633687
"8550","Mie",2019,32,27.7601914886787
"8551","Mie",2019,33,27.7009390010026
"8552","Mie",2019,34,26.9626358482004
"8553","Mie",2019,35,25.4064413270459
"8554","Mie",2019,36,26.2596795639245
"8555","Mie",2019,37,26.7834277877981
"8556","Mie",2019,38,23.8277892100637
"8557","Mie",2019,39,23.8582049532974
"8558","Mie",2019,40,23.9213143872813
"8559","Mie",2019,41,21.2099126546509
"8560","Mie",2019,42,19.1320670275065
"8561","Mie",2019,43,18.8279577122185
"8562","Mie",2019,44,16.6652270676083
"8563","Mie",2019,45,14.419304881988
"8564","Mie",2019,46,13.8007191289957
"8565","Mie",2019,47,13.6149098612376
"8566","Mie",2019,48,11.5233908822943
"8567","Mie",2019,49,9.03813493945062
"8568","Mie",2019,50,9.56150724918344
"8569","Mie",2019,51,10.4074008960167
"8570","Mie",2019,52,8.25292709854762
"8571","Mie",2020,1,8.17704554840856
"8572","Mie",2020,2,8.46117662022891
"8573","Mie",2020,3,6.61444470902435
"8574","Mie",2020,4,8.479054582649
"8575","Mie",2020,5,8.28778004206302
"8576","Mie",2020,6,5.661873726191
"8577","Mie",2020,7,8.88938148583667
"8578","Mie",2020,8,8.03645712005432
"8579","Mie",2020,9,8.31352610630217
"8580","Miyagi",2013,1,-1.42641897965686
"8581","Miyagi",2013,2,-1.03922190683133
"8582","Miyagi",2013,3,-1.91995209284975
"8583","Miyagi",2013,4,-0.0408339832638376
"8584","Miyagi",2013,5,1.05818937523442
"8585","Miyagi",2013,6,-0.171592432240353
"8586","Miyagi",2013,7,-0.264962155130555
"8587","Miyagi",2013,8,-1.04188422569134
"8588","Miyagi",2013,9,0.575871279119269
"8589","Miyagi",2013,10,4.51805107005664
"8590","Miyagi",2013,11,3.24062954992655
"8591","Miyagi",2013,12,6.26341566968165
"8592","Miyagi",2013,13,5.06084562539198
"8593","Miyagi",2013,14,8.22647916594276
"8594","Miyagi",2013,15,7.3067898016764
"8595","Miyagi",2013,16,9.21929276320801
"8596","Miyagi",2013,17,9.43528798785695
"8597","Miyagi",2013,18,10.37411837742
"8598","Miyagi",2013,19,11.9208441303033
"8599","Miyagi",2013,20,13.908597893062
"8600","Miyagi",2013,21,15.7124852574299
"8601","Miyagi",2013,22,17.4837790687295
"8602","Miyagi",2013,23,17.1378678387214
"8603","Miyagi",2013,24,20.0133847913833
"8604","Miyagi",2013,25,19.9852873057077
"8605","Miyagi",2013,26,19.5771399836116
"8606","Miyagi",2013,27,21.5836890431584
"8607","Miyagi",2013,28,23.8469670457817
"8608","Miyagi",2013,29,20.3812152205594
"8609","Miyagi",2013,30,21.0860445483843
"8610","Miyagi",2013,31,21.83112266606
"8611","Miyagi",2013,32,25.5738209987292
"8612","Miyagi",2013,33,26.4895550982598
"8613","Miyagi",2013,34,25.2593550388262
"8614","Miyagi",2013,35,23.4777169294359
"8615","Miyagi",2013,36,22.8770538254778
"8616","Miyagi",2013,37,22.328658786664
"8617","Miyagi",2013,38,20.3612742514273
"8618","Miyagi",2013,39,18.54953640905
"8619","Miyagi",2013,40,18.3724453233824
"8620","Miyagi",2013,41,20.3583781495616
"8621","Miyagi",2013,42,13.2703005873528
"8622","Miyagi",2013,43,14.1837367305698
"8623","Miyagi",2013,44,11.7099669548077
"8624","Miyagi",2013,45,11.1834634029926
"8625","Miyagi",2013,46,5.69383588297697
"8626","Miyagi",2013,47,6.96686000992475
"8627","Miyagi",2013,48,6.29711871027123
"8628","Miyagi",2013,49,4.9576305294781
"8629","Miyagi",2013,50,3.3539191875863
"8630","Miyagi",2013,51,2.55492904041548
"8631","Miyagi",2013,52,1.34922919805576
"8632","Miyagi",2014,1,1.57333684696154
"8633","Miyagi",2014,2,-0.322922588870093
"8634","Miyagi",2014,3,-0.897448376183904
"8635","Miyagi",2014,4,1.21526817494237
"8636","Miyagi",2014,5,1.32852279123485
"8637","Miyagi",2014,6,-0.445388382624823
"8638","Miyagi",2014,7,-1.18881836824332
"8639","Miyagi",2014,8,-0.714186870287782
"8640","Miyagi",2014,9,2.82261227589085
"8641","Miyagi",2014,10,0.638543903104164
"8642","Miyagi",2014,11,2.1331850916225
"8643","Miyagi",2014,12,4.4108941672972
"8644","Miyagi",2014,13,9.23151458169444
"8645","Miyagi",2014,14,8.02185134715171
"8646","Miyagi",2014,15,7.4532595278538
"8647","Miyagi",2014,16,8.65241968914725
"8648","Miyagi",2014,17,11.1757244724506
"8649","Miyagi",2014,18,14.2447281571798
"8650","Miyagi",2014,19,13.292585287392
"8651","Miyagi",2014,20,15.7401052
"8652","Miyagi",2014,21,14.39975996047
"8653","Miyagi",2014,22,18.8900226607911
"8654","Miyagi",2014,23,19.0537967772858
"8655","Miyagi",2014,24,18.9081611161373
"8656","Miyagi",2014,25,20.1372721471848
"8657","Miyagi",2014,26,20.6135994330019
"8658","Miyagi",2014,27,20.7054663277081
"8659","Miyagi",2014,28,22.8493977156558
"8660","Miyagi",2014,29,22.0519811979322
"8661","Miyagi",2014,30,24.5274048071163
"8662","Miyagi",2014,31,24.9578476579274
"8663","Miyagi",2014,32,25.9809290429441
"8664","Miyagi",2014,33,22.8441039954161
"8665","Miyagi",2014,34,24.7776570121554
"8666","Miyagi",2014,35,21.2361098771862
"8667","Miyagi",2014,36,21.4547716002113
"8668","Miyagi",2014,37,19.6504041658906
"8669","Miyagi",2014,38,17.6619623880122
"8670","Miyagi",2014,39,18.0609722183472
"8671","Miyagi",2014,40,18.127991211353
"8672","Miyagi",2014,41,14.3986765490256
"8673","Miyagi",2014,42,13.7516990602019
"8674","Miyagi",2014,43,13.0775651452165
"8675","Miyagi",2014,44,12.6195288540504
"8676","Miyagi",2014,45,10.6942887218239
"8677","Miyagi",2014,46,8.50798834003203
"8678","Miyagi",2014,47,6.58278349394931
"8679","Miyagi",2014,48,7.7092281481026
"8680","Miyagi",2014,49,4.75416336032265
"8681","Miyagi",2014,50,2.34140890867925
"8682","Miyagi",2014,51,0.78472133110649
"8683","Miyagi",2014,52,0.245145702245562
"8684","Miyagi",2015,1,1.39382364718921
"8685","Miyagi",2015,2,2.12796305741779
"8686","Miyagi",2015,3,0.972278753249595
"8687","Miyagi",2015,4,1.60243217985672
"8688","Miyagi",2015,5,0.497105064942397
"8689","Miyagi",2015,6,0.256678372513761
"8690","Miyagi",2015,7,2.14177807426989
"8691","Miyagi",2015,8,3.98270899778051
"8692","Miyagi",2015,9,3.91911799299118
"8693","Miyagi",2015,10,3.2695228148011
"8694","Miyagi",2015,11,7.34349255591275
"8695","Miyagi",2015,12,6.08767034663932
"8696","Miyagi",2015,13,9.60898755501442
"8697","Miyagi",2015,14,7.05963573150635
"8698","Miyagi",2015,15,10.3522199578531
"8699","Miyagi",2015,16,12.5576820067562
"8700","Miyagi",2015,17,16.2108910811812
"8701","Miyagi",2015,18,15.3569909906107
"8702","Miyagi",2015,19,15.7907333361009
"8703","Miyagi",2015,20,16.9376118830059
"8704","Miyagi",2015,21,18.7421104793954
"8705","Miyagi",2015,22,17.7829692940317
"8706","Miyagi",2015,23,19.3276235461573
"8707","Miyagi",2015,24,19.90133723873
"8708","Miyagi",2015,25,20.390242969593
"8709","Miyagi",2015,26,19.4513003107496
"8710","Miyagi",2015,27,20.8095073578942
"8711","Miyagi",2015,28,24.911116915731
"8712","Miyagi",2015,29,25.3489734590782
"8713","Miyagi",2015,30,26.988680223753
"8714","Miyagi",2015,31,27.3568552238798
"8715","Miyagi",2015,32,24.2096119864535
"8716","Miyagi",2015,33,23.6021213349142
"8717","Miyagi",2015,34,19.8133069511642
"8718","Miyagi",2015,35,21.6236066258836
"8719","Miyagi",2015,36,20.4000175417333
"8720","Miyagi",2015,37,19.1260946129719
"8721","Miyagi",2015,38,18.6427854832673
"8722","Miyagi",2015,39,17.5622217133602
"8723","Miyagi",2015,40,14.882811841453
"8724","Miyagi",2015,41,13.519225671331
"8725","Miyagi",2015,42,13.7519754421887
"8726","Miyagi",2015,43,11.2217326841803
"8727","Miyagi",2015,44,10.6813918528936
"8728","Miyagi",2015,45,11.3614369624099
"8729","Miyagi",2015,46,11.5273725069478
"8730","Miyagi",2015,47,6.77928257178034
"8731","Miyagi",2015,48,5.8545026755657
"8732","Miyagi",2015,49,4.58493284886093
"8733","Miyagi",2015,50,5.55823057574873
"8734","Miyagi",2015,51,4.52621600427653
"8735","Miyagi",2015,52,1.91769567484809
"8736","Miyagi",2016,1,3.29564052344758
"8737","Miyagi",2016,2,0.543764133240026
"8738","Miyagi",2016,3,0.239778946720142
"8739","Miyagi",2016,4,0.347695511053684
"8740","Miyagi",2016,5,0.211858819432694
"8741","Miyagi",2016,6,2.08853793885327
"8742","Miyagi",2016,7,3.55170607184425
"8743","Miyagi",2016,8,1.79666893096575
"8744","Miyagi",2016,9,3.1484509648404
"8745","Miyagi",2016,10,4.97503294231689
"8746","Miyagi",2016,11,7.38523855795509
"8747","Miyagi",2016,12,4.88390509287135
"8748","Miyagi",2016,13,8.17891279327505
"8749","Miyagi",2016,14,10.4918139566556
"8750","Miyagi",2016,15,9.49898092345182
"8751","Miyagi",2016,16,12.7211812349985
"8752","Miyagi",2016,17,11.705916385912
"8753","Miyagi",2016,18,14.3375452269106
"8754","Miyagi",2016,19,14.9228614414435
"8755","Miyagi",2016,20,15.2883533473803
"8756","Miyagi",2016,21,19.0007962035514
"8757","Miyagi",2016,22,17.5018215436495
"8758","Miyagi",2016,23,19.0634289665063
"8759","Miyagi",2016,24,19.4984242769645
"8760","Miyagi",2016,25,20.3269388292083
"8761","Miyagi",2016,26,20.7805444627147
"8762","Miyagi",2016,27,20.9975199226474
"8763","Miyagi",2016,28,22.3281212244422
"8764","Miyagi",2016,29,21.6961310792706
"8765","Miyagi",2016,30,23.9005255565629
"8766","Miyagi",2016,31,25.770878708642
"8767","Miyagi",2016,32,24.377587095431
"8768","Miyagi",2016,33,24.8176785088911
"8769","Miyagi",2016,34,24.590871021746
"8770","Miyagi",2016,35,23.8182881109237
"8771","Miyagi",2016,36,24.0410909188423
"8772","Miyagi",2016,37,21.1116454576109
"8773","Miyagi",2016,38,18.6208443356481
"8774","Miyagi",2016,39,19.9974989978331
"8775","Miyagi",2016,40,18.6370156490859
"8776","Miyagi",2016,41,12.6087980980729
"8777","Miyagi",2016,42,14.5749044678295
"8778","Miyagi",2016,43,11.5988900360129
"8779","Miyagi",2016,44,9.20588866274969
"8780","Miyagi",2016,45,6.69189242195335
"8781","Miyagi",2016,46,8.61849518987367
"8782","Miyagi",2016,47,5.9539329560425
"8783","Miyagi",2016,48,6.55864965949056
"8784","Miyagi",2016,49,4.87279698281317
"8785","Miyagi",2016,50,1.98909583908535
"8786","Miyagi",2016,51,6.68215415088647
"8787","Miyagi",2016,52,1.99919407494772
"8788","Miyagi",2017,1,2.67049903123797
"8789","Miyagi",2017,2,0.0986070714569352
"8790","Miyagi",2017,3,0.0372526351066623
"8791","Miyagi",2017,4,0.212501858478244
"8792","Miyagi",2017,5,1.67730653878715
"8793","Miyagi",2017,6,1.73458817894035
"8794","Miyagi",2017,7,2.78692075824927
"8795","Miyagi",2017,8,1.87913096096414
"8796","Miyagi",2017,9,3.10824633716358
"8797","Miyagi",2017,10,2.94763317978753
"8798","Miyagi",2017,11,4.03717364347651
"8799","Miyagi",2017,12,4.84153843999899
"8800","Miyagi",2017,13,5.06647131324998
"8801","Miyagi",2017,14,9.43461300189292
"8802","Miyagi",2017,15,9.15599541000024
"8803","Miyagi",2017,16,11.5106069608378
"8804","Miyagi",2017,17,11.2942699564284
"8805","Miyagi",2017,18,14.7194828364505
"8806","Miyagi",2017,19,14.435585702285
"8807","Miyagi",2017,20,15.1324920199736
"8808","Miyagi",2017,21,18.035940743365
"8809","Miyagi",2017,22,18.0407692433752
"8810","Miyagi",2017,23,16.2626857554252
"8811","Miyagi",2017,24,16.4968541761431
"8812","Miyagi",2017,25,19.1954886247934
"8813","Miyagi",2017,26,20.6698152560865
"8814","Miyagi",2017,27,23.3738430553733
"8815","Miyagi",2017,28,26.2295475641773
"8816","Miyagi",2017,29,24.6925866805275
"8817","Miyagi",2017,30,23.0027263730255
"8818","Miyagi",2017,31,22.8741621273064
"8819","Miyagi",2017,32,22.9895901954378
"8820","Miyagi",2017,33,21.9017379416983
"8821","Miyagi",2017,34,24.1119700350992
"8822","Miyagi",2017,35,20.7756798198259
"8823","Miyagi",2017,36,20.4337262322698
"8824","Miyagi",2017,37,20.6388447397659
"8825","Miyagi",2017,38,19.8850549765913
"8826","Miyagi",2017,39,17.7763540092539
"8827","Miyagi",2017,40,16.0413901073321
"8828","Miyagi",2017,41,16.0966508335906
"8829","Miyagi",2017,42,12.5999004795493
"8830","Miyagi",2017,43,12.6280826879543
"8831","Miyagi",2017,44,11.6803064816688
"8832","Miyagi",2017,45,10.6716124580036
"8833","Miyagi",2017,46,7.52978033418631
"8834","Miyagi",2017,47,3.69892820224686
"8835","Miyagi",2017,48,4.40950899603108
"8836","Miyagi",2017,49,3.49857886001057
"8837","Miyagi",2017,50,2.2132570073118
"8838","Miyagi",2017,51,2.00244005618971
"8839","Miyagi",2017,52,1.04633053442218
"8840","Miyagi",2018,1,1.16447928010825
"8841","Miyagi",2018,2,0.374101925365989
"8842","Miyagi",2018,3,2.12691252575543
"8843","Miyagi",2018,4,-2.5094818610925
"8844","Miyagi",2018,5,-0.933899962502502
"8845","Miyagi",2018,6,0.703340032398679
"8846","Miyagi",2018,7,-0.7746656552465
"8847","Miyagi",2018,8,-0.504805247919161
"8848","Miyagi",2018,9,2.39475583584765
"8849","Miyagi",2018,10,4.2385238268923
"8850","Miyagi",2018,11,6.01100596126253
"8851","Miyagi",2018,12,5.36653411827436
"8852","Miyagi",2018,13,9.91943934322696
"8853","Miyagi",2018,14,9.66561259914856
"8854","Miyagi",2018,15,9.16388301068964
"8855","Miyagi",2018,16,12.3680040085109
"8856","Miyagi",2018,17,12.966044872705
"8857","Miyagi",2018,18,15.4873210484052
"8858","Miyagi",2018,19,13.2362501169399
"8859","Miyagi",2018,20,16.1227906032475
"8860","Miyagi",2018,21,16.9590382176127
"8861","Miyagi",2018,22,18.110261839867
"8862","Miyagi",2018,23,20.5891704831564
"8863","Miyagi",2018,24,15.3539572651044
"8864","Miyagi",2018,25,19.3036357137139
"8865","Miyagi",2018,26,23.4605539562081
"8866","Miyagi",2018,27,23.6282081737087
"8867","Miyagi",2018,28,24.3779107375888
"8868","Miyagi",2018,29,26.731628292464
"8869","Miyagi",2018,30,25.1319856465639
"8870","Miyagi",2018,31,26.7934010758307
"8871","Miyagi",2018,32,23.2289567113276
"8872","Miyagi",2018,33,23.9285270830037
"8873","Miyagi",2018,34,26.1329683580801
"8874","Miyagi",2018,35,22.4361251347252
"8875","Miyagi",2018,36,23.513907531982
"8876","Miyagi",2018,37,19.6263076826048
"8877","Miyagi",2018,38,19.5932268302873
"8878","Miyagi",2018,39,18.0931031013441
"8879","Miyagi",2018,40,19.4702209063775
"8880","Miyagi",2018,41,16.976241953205
"8881","Miyagi",2018,42,13.3163412507719
"8882","Miyagi",2018,43,13.809093546791
"8883","Miyagi",2018,44,10.7395123286045
"8884","Miyagi",2018,45,13.4358843020048
"8885","Miyagi",2018,46,9.14433072468336
"8886","Miyagi",2018,47,6.09023603946787
"8887","Miyagi",2018,48,7.075835624357
"8888","Miyagi",2018,49,6.17180687681574
"8889","Miyagi",2018,50,1.57977026951537
"8890","Miyagi",2018,51,4.01652007991134
"8891","Miyagi",2018,52,1.54588154197104
"8892","Miyagi",2019,1,0.60194512128911
"8893","Miyagi",2019,2,1.44501703168124
"8894","Miyagi",2019,3,1.10012305401617
"8895","Miyagi",2019,4,0.0415926664688219
"8896","Miyagi",2019,5,1.15116420627304
"8897","Miyagi",2019,6,1.98400762786253
"8898","Miyagi",2019,7,0.307762403864209
"8899","Miyagi",2019,8,4.12992882038205
"8900","Miyagi",2019,9,4.56963670027615
"8901","Miyagi",2019,10,5.19332729674336
"8902","Miyagi",2019,11,5.83320990240554
"8903","Miyagi",2019,12,6.55040018632626
"8904","Miyagi",2019,13,4.6996853926989
"8905","Miyagi",2019,14,5.4588263055637
"8906","Miyagi",2019,15,6.04921381600548
"8907","Miyagi",2019,16,11.167059431553
"8908","Miyagi",2019,17,11.3635135708392
"8909","Miyagi",2019,18,12.8811399963709
"8910","Miyagi",2019,19,14.59361987796
"8911","Miyagi",2019,20,14.608314497986
"8912","Miyagi",2019,21,17.8422652604635
"8913","Miyagi",2019,22,19.4759347699699
"8914","Miyagi",2019,23,19.0824484997747
"8915","Miyagi",2019,24,16.6492426966796
"8916","Miyagi",2019,25,18.4074299090445
"8917","Miyagi",2019,26,19.2731299023495
"8918","Miyagi",2019,27,20.225007638535
"8919","Miyagi",2019,28,18.6419102897003
"8920","Miyagi",2019,29,21.4852612979555
"8921","Miyagi",2019,30,23.5421268438961
"8922","Miyagi",2019,31,27.8389816285425
"8923","Miyagi",2019,32,26.9242775099515
"8924","Miyagi",2019,33,26.2425738429034
"8925","Miyagi",2019,34,24.3390631114832
"8926","Miyagi",2019,35,23.0708452937257
"8927","Miyagi",2019,36,23.1568524547615
"8928","Miyagi",2019,37,23.0364396135881
"8929","Miyagi",2019,38,19.9628736898432
"8930","Miyagi",2019,39,19.3673822519212
"8931","Miyagi",2019,40,20.5498398337792
"8932","Miyagi",2019,41,16.971542860099
"8933","Miyagi",2019,42,13.6057697829728
"8934","Miyagi",2019,43,15.3370839444236
"8935","Miyagi",2019,44,12.7502682830775
"8936","Miyagi",2019,45,10.0891144528662
"8937","Miyagi",2019,46,9.82859619264279
"8938","Miyagi",2019,47,7.58946022240013
"8939","Miyagi",2019,48,5.1232613930201
"8940","Miyagi",2019,49,4.16579465554519
"8941","Miyagi",2019,50,4.55808108740789
"8942","Miyagi",2019,51,4.10014233443699
"8943","Miyagi",2019,52,3.38956942650348
"8944","Miyagi",2020,1,2.81480406762316
"8945","Miyagi",2020,2,2.94924866471768
"8946","Miyagi",2020,3,2.36718764332272
"8947","Miyagi",2020,4,2.51146127431438
"8948","Miyagi",2020,5,4.25204606561284
"8949","Miyagi",2020,6,0.986999663638414
"8950","Miyagi",2020,7,3.83791917117436
"8951","Miyagi",2020,8,4.38155661896623
"8952","Miyagi",2020,9,3.90564717308346
"8953","Miyazaki",2013,1,3.18550959888806
"8954","Miyazaki",2013,2,4.66211985296012
"8955","Miyazaki",2013,3,4.63894087320987
"8956","Miyazaki",2013,4,5.9148311803126
"8957","Miyazaki",2013,5,6.76160322132805
"8958","Miyazaki",2013,6,7.59994880849775
"8959","Miyazaki",2013,7,5.85761227411764
"8960","Miyazaki",2013,8,6.53481209904476
"8961","Miyazaki",2013,9,9.06039855230824
"8962","Miyazaki",2013,10,11.1470682895698
"8963","Miyazaki",2013,11,11.3110875863848
"8964","Miyazaki",2013,12,13.168603998801
"8965","Miyazaki",2013,13,12.895170247684
"8966","Miyazaki",2013,14,13.8728856378218
"8967","Miyazaki",2013,15,10.3156137365828
"8968","Miyazaki",2013,16,16.2082508425667
"8969","Miyazaki",2013,17,13.8810031222837
"8970","Miyazaki",2013,18,15.060468841788
"8971","Miyazaki",2013,19,17.939189722542
"8972","Miyazaki",2013,20,19.301417933689
"8973","Miyazaki",2013,21,21.1082755024786
"8974","Miyazaki",2013,22,20.7237578460519
"8975","Miyazaki",2013,23,19.9218290454997
"8976","Miyazaki",2013,24,22.8135077761803
"8977","Miyazaki",2013,25,24.6072312099811
"8978","Miyazaki",2013,26,21.6630646242652
"8979","Miyazaki",2013,27,25.1221705668272
"8980","Miyazaki",2013,28,27.2986058077119
"8981","Miyazaki",2013,29,27.5013308964886
"8982","Miyazaki",2013,30,28.4800436718919
"8983","Miyazaki",2013,31,28.8896029075812
"8984","Miyazaki",2013,32,28.4884729339396
"8985","Miyazaki",2013,33,28.360394634183
"8986","Miyazaki",2013,34,28.119271653764
"8987","Miyazaki",2013,35,26.3020419819551
"8988","Miyazaki",2013,36,22.6994998934798
"8989","Miyazaki",2013,37,25.4085386787052
"8990","Miyazaki",2013,38,23.3794118627559
"8991","Miyazaki",2013,39,22.7558682289295
"8992","Miyazaki",2013,40,21.906607493369
"8993","Miyazaki",2013,41,22.9007311688225
"8994","Miyazaki",2013,42,17.7431381453226
"8995","Miyazaki",2013,43,18.0125980285724
"8996","Miyazaki",2013,44,15.4144674343607
"8997","Miyazaki",2013,45,15.7139800419004
"8998","Miyazaki",2013,46,11.7526878107075
"8999","Miyazaki",2013,47,8.31987826212908
"9000","Miyazaki",2013,48,8.56752047596665
"9001","Miyazaki",2013,49,7.57225717452863
"9002","Miyazaki",2013,50,6.72228680579879
"9003","Miyazaki",2013,51,5.11464540671569
"9004","Miyazaki",2013,52,4.78025208318125
"9005","Miyazaki",2014,1,6.41429579851282
"9006","Miyazaki",2014,2,5.33195994167606
"9007","Miyazaki",2014,3,4.13953719010982
"9008","Miyazaki",2014,4,5.550041055528
"9009","Miyazaki",2014,5,9.60343955093931
"9010","Miyazaki",2014,6,7.36927258346157
"9011","Miyazaki",2014,7,3.96113673648313
"9012","Miyazaki",2014,8,4.83185212177111
"9013","Miyazaki",2014,9,10.3533424641032
"9014","Miyazaki",2014,10,7.17449320772779
"9015","Miyazaki",2014,11,7.7279643250013
"9016","Miyazaki",2014,12,11.3390858977501
"9017","Miyazaki",2014,13,14.7619769011506
"9018","Miyazaki",2014,14,12.5198797203936
"9019","Miyazaki",2014,15,13.1732802364746
"9020","Miyazaki",2014,16,15.1231471912055
"9021","Miyazaki",2014,17,15.4564688314082
"9022","Miyazaki",2014,18,16.697774695837
"9023","Miyazaki",2014,19,16.4281531910245
"9024","Miyazaki",2014,20,18.6780881457235
"9025","Miyazaki",2014,21,18.9711309428774
"9026","Miyazaki",2014,22,20.9206545302901
"9027","Miyazaki",2014,23,20.6499097309298
"9028","Miyazaki",2014,24,21.4604826769183
"9029","Miyazaki",2014,25,20.0922418287343
"9030","Miyazaki",2014,26,20.975309148031
"9031","Miyazaki",2014,27,22.9290907831952
"9032","Miyazaki",2014,28,24.9702010779812
"9033","Miyazaki",2014,29,25.8525900086936
"9034","Miyazaki",2014,30,27.414000248521
"9035","Miyazaki",2014,31,25.8699151133434
"9036","Miyazaki",2014,32,25.2889625274869
"9037","Miyazaki",2014,33,25.7945249969084
"9038","Miyazaki",2014,34,26.0494014307135
"9039","Miyazaki",2014,35,24.8968854825342
"9040","Miyazaki",2014,36,24.2927060292208
"9041","Miyazaki",2014,37,22.8773745241842
"9042","Miyazaki",2014,38,20.5382857973132
"9043","Miyazaki",2014,39,21.9602477121426
"9044","Miyazaki",2014,40,21.9469613154435
"9045","Miyazaki",2014,41,19.9848685333329
"9046","Miyazaki",2014,42,17.0877921511167
"9047","Miyazaki",2014,43,18.247844346246
"9048","Miyazaki",2014,44,17.4158560767528
"9049","Miyazaki",2014,45,13.8978291063069
"9050","Miyazaki",2014,46,11.8834679026071
"9051","Miyazaki",2014,47,10.9860745070081
"9052","Miyazaki",2014,48,14.3376460429302
"9053","Miyazaki",2014,49,6.91415840305891
"9054","Miyazaki",2014,50,6.56772203715534
"9055","Miyazaki",2014,51,4.10881798739864
"9056","Miyazaki",2014,52,4.41568549069949
"9057","Miyazaki",2015,1,5.89665619661735
"9058","Miyazaki",2015,2,6.55173715278463
"9059","Miyazaki",2015,3,6.08197967292395
"9060","Miyazaki",2015,4,6.9637744946403
"9061","Miyazaki",2015,5,4.56754990841296
"9062","Miyazaki",2015,6,3.7554902429156
"9063","Miyazaki",2015,7,7.81877377611255
"9064","Miyazaki",2015,8,8.51543248795852
"9065","Miyazaki",2015,9,7.07770107967873
"9066","Miyazaki",2015,10,7.20424089486131
"9067","Miyazaki",2015,11,14.1975690631785
"9068","Miyazaki",2015,12,10.2334298232814
"9069","Miyazaki",2015,13,17.6614330700089
"9070","Miyazaki",2015,14,14.9260586347335
"9071","Miyazaki",2015,15,14.6510816387621
"9072","Miyazaki",2015,16,16.7592895812422
"9073","Miyazaki",2015,17,17.7613083099949
"9074","Miyazaki",2015,18,17.3648721198346
"9075","Miyazaki",2015,19,19.1393366449544
"9076","Miyazaki",2015,20,19.4450238461369
"9077","Miyazaki",2015,21,20.6049302567272
"9078","Miyazaki",2015,22,20.6548354184669
"9079","Miyazaki",2015,23,21.0032347376716
"9080","Miyazaki",2015,24,20.2542068531989
"9081","Miyazaki",2015,25,21.5196764945211
"9082","Miyazaki",2015,26,21.0762161668772
"9083","Miyazaki",2015,27,23.4467146007618
"9084","Miyazaki",2015,28,25.0786287517301
"9085","Miyazaki",2015,29,24.9572334644229
"9086","Miyazaki",2015,30,27.6123990338269
"9087","Miyazaki",2015,31,27.0658761601953
"9088","Miyazaki",2015,32,26.5806836484651
"9089","Miyazaki",2015,33,25.8752488249832
"9090","Miyazaki",2015,34,24.305516825645
"9091","Miyazaki",2015,35,23.2638997307969
"9092","Miyazaki",2015,36,22.9516668890946
"9093","Miyazaki",2015,37,21.1624997167332
"9094","Miyazaki",2015,38,22.4761286568099
"9095","Miyazaki",2015,39,20.9400141210629
"9096","Miyazaki",2015,40,17.6112101218317
"9097","Miyazaki",2015,41,16.2440856998565
"9098","Miyazaki",2015,42,18.2335858585175
"9099","Miyazaki",2015,43,15.0725252528191
"9100","Miyazaki",2015,44,15.9189258926552
"9101","Miyazaki",2015,45,17.5829717401737
"9102","Miyazaki",2015,46,17.1034290804786
"9103","Miyazaki",2015,47,11.94653911383
"9104","Miyazaki",2015,48,9.6588784438864
"9105","Miyazaki",2015,49,11.1722934183656
"9106","Miyazaki",2015,50,7.51033335219428
"9107","Miyazaki",2015,51,10.192960431038
"9108","Miyazaki",2015,52,6.14468022807807
"9109","Miyazaki",2016,1,7.95875143647548
"9110","Miyazaki",2016,2,4.9975430132068
"9111","Miyazaki",2016,3,3.66932746627638
"9112","Miyazaki",2016,4,5.03945712125658
"9113","Miyazaki",2016,5,5.19784435890924
"9114","Miyazaki",2016,6,9.05933542770435
"9115","Miyazaki",2016,7,5.992669624675
"9116","Miyazaki",2016,8,5.93300710900871
"9117","Miyazaki",2016,9,8.87141169859908
"9118","Miyazaki",2016,10,11.4065397991026
"9119","Miyazaki",2016,11,10.8434216598695
"9120","Miyazaki",2016,12,10.1417846181949
"9121","Miyazaki",2016,13,12.3705234188556
"9122","Miyazaki",2016,14,16.4888645895387
"9123","Miyazaki",2016,15,15.8820409553453
"9124","Miyazaki",2016,16,15.580751641509
"9125","Miyazaki",2016,17,16.3197141498536
"9126","Miyazaki",2016,18,18.5904667320259
"9127","Miyazaki",2016,19,19.0039391406147
"9128","Miyazaki",2016,20,19.0481416848877
"9129","Miyazaki",2016,21,21.2694687705789
"9130","Miyazaki",2016,22,20.3659457844219
"9131","Miyazaki",2016,23,21.898181938594
"9132","Miyazaki",2016,24,22.7012068616008
"9133","Miyazaki",2016,25,24.1445067766059
"9134","Miyazaki",2016,26,23.2656568718858
"9135","Miyazaki",2016,27,26.1146608650736
"9136","Miyazaki",2016,28,25.9363905303412
"9137","Miyazaki",2016,29,26.4747339528731
"9138","Miyazaki",2016,30,25.9713165803168
"9139","Miyazaki",2016,31,26.4731794273886
"9140","Miyazaki",2016,32,27.6447025336485
"9141","Miyazaki",2016,33,27.8931130189976
"9142","Miyazaki",2016,34,26.89769606448
"9143","Miyazaki",2016,35,23.8654910168603
"9144","Miyazaki",2016,36,24.8816762225102
"9145","Miyazaki",2016,37,24.824595852966
"9146","Miyazaki",2016,38,23.1295559676346
"9147","Miyazaki",2016,39,25.1652692875435
"9148","Miyazaki",2016,40,24.2430960068719
"9149","Miyazaki",2016,41,18.4792927097872
"9150","Miyazaki",2016,42,21.0162944685372
"9151","Miyazaki",2016,43,19.0739852508739
"9152","Miyazaki",2016,44,13.0309863280306
"9153","Miyazaki",2016,45,13.3150163901256
"9154","Miyazaki",2016,46,16.109984169338
"9155","Miyazaki",2016,47,12.9911501006307
"9156","Miyazaki",2016,48,10.1285018120914
"9157","Miyazaki",2016,49,9.02705906476136
"9158","Miyazaki",2016,50,7.4626319484099
"9159","Miyazaki",2016,51,10.6147391834011
"9160","Miyazaki",2016,52,7.03010328865249
"9161","Miyazaki",2017,1,8.06728236063665
"9162","Miyazaki",2017,2,5.67713552429572
"9163","Miyazaki",2017,3,4.1618553045211
"9164","Miyazaki",2017,4,3.31091202254843
"9165","Miyazaki",2017,5,7.25898213138815
"9166","Miyazaki",2017,6,4.60961694542757
"9167","Miyazaki",2017,7,6.39332999643674
"9168","Miyazaki",2017,8,7.65819569317624
"9169","Miyazaki",2017,9,7.28070388784088
"9170","Miyazaki",2017,10,7.38845919281395
"9171","Miyazaki",2017,11,9.08057720937053
"9172","Miyazaki",2017,12,9.42587475677948
"9173","Miyazaki",2017,13,10.0435052265227
"9174","Miyazaki",2017,14,14.1539914860831
"9175","Miyazaki",2017,15,15.6335422651516
"9176","Miyazaki",2017,16,16.4267951129377
"9177","Miyazaki",2017,17,15.365942212581
"9178","Miyazaki",2017,18,18.6317160336068
"9179","Miyazaki",2017,19,18.4971769604159
"9180","Miyazaki",2017,20,18.212890222981
"9181","Miyazaki",2017,21,19.604139986501
"9182","Miyazaki",2017,22,21.7268179878502
"9183","Miyazaki",2017,23,20.3632933123049
"9184","Miyazaki",2017,24,20.3383199396641
"9185","Miyazaki",2017,25,22.0492292592075
"9186","Miyazaki",2017,26,23.7181379387293
"9187","Miyazaki",2017,27,25.9515079204857
"9188","Miyazaki",2017,28,26.6896169196305
"9189","Miyazaki",2017,29,27.1629931839724
"9190","Miyazaki",2017,30,27.7271909697321
"9191","Miyazaki",2017,31,27.5679642699372
"9192","Miyazaki",2017,32,27.835657468932
"9193","Miyazaki",2017,33,27.1156303587015
"9194","Miyazaki",2017,34,27.6229451141707
"9195","Miyazaki",2017,35,25.9168728244082
"9196","Miyazaki",2017,36,24.1723946516745
"9197","Miyazaki",2017,37,23.6677226958338
"9198","Miyazaki",2017,38,21.8236851307673
"9199","Miyazaki",2017,39,20.8640494754372
"9200","Miyazaki",2017,40,21.3435411106535
"9201","Miyazaki",2017,41,21.5327075440197
"9202","Miyazaki",2017,42,17.5986795136667
"9203","Miyazaki",2017,43,16.3175982012161
"9204","Miyazaki",2017,44,14.3528152437371
"9205","Miyazaki",2017,45,14.5118425835502
"9206","Miyazaki",2017,46,11.3000413405108
"9207","Miyazaki",2017,47,7.11707900247196
"9208","Miyazaki",2017,48,10.8278949763745
"9209","Miyazaki",2017,49,5.753471038239
"9210","Miyazaki",2017,50,4.81341408315653
"9211","Miyazaki",2017,51,3.87503500666574
"9212","Miyazaki",2017,52,5.32072010264114
"9213","Miyazaki",2018,1,4.52312205357223
"9214","Miyazaki",2018,2,3.21182163176975
"9215","Miyazaki",2018,3,7.57173366886004
"9216","Miyazaki",2018,4,2.54170042283494
"9217","Miyazaki",2018,5,2.68776001569219
"9218","Miyazaki",2018,6,2.02830383794374
"9219","Miyazaki",2018,7,4.66552497100817
"9220","Miyazaki",2018,8,7.15791251997906
"9221","Miyazaki",2018,9,9.10960708542491
"9222","Miyazaki",2018,10,10.6373133914455
"9223","Miyazaki",2018,11,11.6524456698141
"9224","Miyazaki",2018,12,10.5491366635268
"9225","Miyazaki",2018,13,14.7125492437066
"9226","Miyazaki",2018,14,15.120871008982
"9227","Miyazaki",2018,15,16.1240846069106
"9228","Miyazaki",2018,16,15.1457032048453
"9229","Miyazaki",2018,17,17.3909186618745
"9230","Miyazaki",2018,18,17.0163085907729
"9231","Miyazaki",2018,19,17.4824705116399
"9232","Miyazaki",2018,20,21.8925144683518
"9233","Miyazaki",2018,21,19.0811295943073
"9234","Miyazaki",2018,22,20.2964579743457
"9235","Miyazaki",2018,23,21.8478077570166
"9236","Miyazaki",2018,24,21.4242416375324
"9237","Miyazaki",2018,25,21.6209540815052
"9238","Miyazaki",2018,26,25.2229486176502
"9239","Miyazaki",2018,27,24.6110296647726
"9240","Miyazaki",2018,28,26.1830670658731
"9241","Miyazaki",2018,29,26.9062769917551
"9242","Miyazaki",2018,30,27.5626530517928
"9243","Miyazaki",2018,31,26.2175728671039
"9244","Miyazaki",2018,32,27.4500056504069
"9245","Miyazaki",2018,33,25.8786147246102
"9246","Miyazaki",2018,34,25.9836399197265
"9247","Miyazaki",2018,35,26.1093864622692
"9248","Miyazaki",2018,36,24.4662095554357
"9249","Miyazaki",2018,37,23.541105481535
"9250","Miyazaki",2018,38,24.8151065757234
"9251","Miyazaki",2018,39,20.8998870255014
"9252","Miyazaki",2018,40,20.8998288876904
"9253","Miyazaki",2018,41,18.493251719161
"9254","Miyazaki",2018,42,16.4399462952976
"9255","Miyazaki",2018,43,15.8348199489725
"9256","Miyazaki",2018,44,12.9320442390065
"9257","Miyazaki",2018,45,15.7817719322352
"9258","Miyazaki",2018,46,12.3813573153724
"9259","Miyazaki",2018,47,9.75432043444089
"9260","Miyazaki",2018,48,12.2039785486143
"9261","Miyazaki",2018,49,12.9967672075431
"9262","Miyazaki",2018,50,6.083008477744
"9263","Miyazaki",2018,51,9.94237370361543
"9264","Miyazaki",2018,52,6.07522312912519
"9265","Miyazaki",2019,1,4.96510733725493
"9266","Miyazaki",2019,2,7.13500312044884
"9267","Miyazaki",2019,3,6.67335556517507
"9268","Miyazaki",2019,4,5.68679504980278
"9269","Miyazaki",2019,5,6.06675550187324
"9270","Miyazaki",2019,6,9.62076139766677
"9271","Miyazaki",2019,7,6.14954300801292
"9272","Miyazaki",2019,8,9.64332066772874
"9273","Miyazaki",2019,9,10.0010561465644
"9274","Miyazaki",2019,10,9.85135493696189
"9275","Miyazaki",2019,11,9.47926212987417
"9276","Miyazaki",2019,12,11.915517126813
"9277","Miyazaki",2019,13,12.257402439461
"9278","Miyazaki",2019,14,10.3319413192075
"9279","Miyazaki",2019,15,14.3685063409958
"9280","Miyazaki",2019,16,15.371438335446
"9281","Miyazaki",2019,17,17.9488930201951
"9282","Miyazaki",2019,18,16.8264751988566
"9283","Miyazaki",2019,19,16.9277465182023
"9284","Miyazaki",2019,20,19.3763708034382
"9285","Miyazaki",2019,21,20.2702001409336
"9286","Miyazaki",2019,22,20.2986483763189
"9287","Miyazaki",2019,23,21.5707008589275
"9288","Miyazaki",2019,24,20.7740074951377
"9289","Miyazaki",2019,25,21.6925889456892
"9290","Miyazaki",2019,26,23.4588414784038
"9291","Miyazaki",2019,27,22.9408400753912
"9292","Miyazaki",2019,28,23.9011195057111
"9293","Miyazaki",2019,29,24.8121812425302
"9294","Miyazaki",2019,30,26.264052398241
"9295","Miyazaki",2019,31,27.2880214115295
"9296","Miyazaki",2019,32,26.5410210140759
"9297","Miyazaki",2019,33,26.614435786063
"9298","Miyazaki",2019,34,25.6783629026675
"9299","Miyazaki",2019,35,24.1195034458937
"9300","Miyazaki",2019,36,25.2053025315389
"9301","Miyazaki",2019,37,26.1420015378279
"9302","Miyazaki",2019,38,23.6307443088465
"9303","Miyazaki",2019,39,23.1708409955198
"9304","Miyazaki",2019,40,23.5670552235485
"9305","Miyazaki",2019,41,20.8675742581875
"9306","Miyazaki",2019,42,19.1154707742846
"9307","Miyazaki",2019,43,19.2920120622703
"9308","Miyazaki",2019,44,15.9253363657765
"9309","Miyazaki",2019,45,13.7634205839669
"9310","Miyazaki",2019,46,12.7767409980351
"9311","Miyazaki",2019,47,12.8139016664911
"9312","Miyazaki",2019,48,12.2597119461011
"9313","Miyazaki",2019,49,7.70752803897722
"9314","Miyazaki",2019,50,8.42589213333023
"9315","Miyazaki",2019,51,10.645852763158
"9316","Miyazaki",2019,52,7.75472880005308
"9317","Miyazaki",2020,1,6.71172549120745
"9318","Miyazaki",2020,2,9.43682903845141
"9319","Miyazaki",2020,3,5.22839518298564
"9320","Miyazaki",2020,4,9.45997044001522
"9321","Miyazaki",2020,5,8.05480078385538
"9322","Miyazaki",2020,6,5.53992077239445
"9323","Miyazaki",2020,7,10.5590487747066
"9324","Miyazaki",2020,8,6.99562492458823
"9325","Miyazaki",2020,9,10.6269858328243
"9326","Nagano",2013,1,-5.58339220306514
"9327","Nagano",2013,2,-3.2990121031059
"9328","Nagano",2013,3,-4.76942428815246
"9329","Nagano",2013,4,-3.77779855083621
"9330","Nagano",2013,5,-2.62523454439736
"9331","Nagano",2013,6,-2.24084285315809
"9332","Nagano",2013,7,-3.91920223597039
"9333","Nagano",2013,8,-5.21849107412301
"9334","Nagano",2013,9,-2.42515271525686
"9335","Nagano",2013,10,2.61884228500247
"9336","Nagano",2013,11,2.11127225697471
"9337","Nagano",2013,12,6.07744144063429
"9338","Nagano",2013,13,5.06014646805311
"9339","Nagano",2013,14,7.37032451474721
"9340","Nagano",2013,15,3.48248941423185
"9341","Nagano",2013,16,8.53034150728675
"9342","Nagano",2013,17,5.72919742710062
"9343","Nagano",2013,18,7.78100311997217
"9344","Nagano",2013,19,11.1341336833944
"9345","Nagano",2013,20,14.7420801785991
"9346","Nagano",2013,21,15.997688357909
"9347","Nagano",2013,22,16.3691159783836
"9348","Nagano",2013,23,16.2949662885496
"9349","Nagano",2013,24,19.1273017667921
"9350","Nagano",2013,25,17.9614821897654
"9351","Nagano",2013,26,17.4296122539253
"9352","Nagano",2013,27,19.9310068382976
"9353","Nagano",2013,28,22.9871013321433
"9354","Nagano",2013,29,20.6467206028549
"9355","Nagano",2013,30,21.2160330949606
"9356","Nagano",2013,31,21.3757928950729
"9357","Nagano",2013,32,23.3378973368119
"9358","Nagano",2013,33,23.681444537048
"9359","Nagano",2013,34,22.5874500795223
"9360","Nagano",2013,35,20.8218105991931
"9361","Nagano",2013,36,19.7700882858628
"9362","Nagano",2013,37,20.2013949686118
"9363","Nagano",2013,38,17.7344072137322
"9364","Nagano",2013,39,16.1556452779278
"9365","Nagano",2013,40,16.8548853717752
"9366","Nagano",2013,41,18.2642716573858
"9367","Nagano",2013,42,11.149255426597
"9368","Nagano",2013,43,11.7427056075555
"9369","Nagano",2013,44,8.94910537239241
"9370","Nagano",2013,45,8.52074311078707
"9371","Nagano",2013,46,3.16650602225574
"9372","Nagano",2013,47,2.63181466657094
"9373","Nagano",2013,48,2.0895327883133
"9374","Nagano",2013,49,2.07207026705433
"9375","Nagano",2013,50,-1.31016302820603
"9376","Nagano",2013,51,-1.55180350387064
"9377","Nagano",2013,52,-2.74018523259079
"9378","Nagano",2014,1,-2.3451787056402
"9379","Nagano",2014,2,-4.52000725070306
"9380","Nagano",2014,3,-5.07787499465677
"9381","Nagano",2014,4,-3.22584065833577
"9382","Nagano",2014,5,-1.32146923698178
"9383","Nagano",2014,6,-3.01395716801901
"9384","Nagano",2014,7,-3.97405173720023
"9385","Nagano",2014,8,-4.78024010463265
"9386","Nagano",2014,9,0.438368495483871
"9387","Nagano",2014,10,-3.46396263658837
"9388","Nagano",2014,11,-1.40697580903046
"9389","Nagano",2014,12,2.10145065025344
"9390","Nagano",2014,13,6.45339056447456
"9391","Nagano",2014,14,5.44616032723562
"9392","Nagano",2014,15,4.77473501119462
"9393","Nagano",2014,16,8.4858109913581
"9394","Nagano",2014,17,8.49980842166808
"9395","Nagano",2014,18,11.594998127261
"9396","Nagano",2014,19,10.58407090678
"9397","Nagano",2014,20,13.3572052448496
"9398","Nagano",2014,21,13.1911232532082
"9399","Nagano",2014,22,17.4172891286643
"9400","Nagano",2014,23,18.0909475355534
"9401","Nagano",2014,24,16.6149529894357
"9402","Nagano",2014,25,17.6879392556668
"9403","Nagano",2014,26,17.3926668333356
"9404","Nagano",2014,27,18.452187709192
"9405","Nagano",2014,28,20.7509795003348
"9406","Nagano",2014,29,20.7597995185556
"9407","Nagano",2014,30,22.8458651739679
"9408","Nagano",2014,31,22.434221740207
"9409","Nagano",2014,32,22.0031968018085
"9410","Nagano",2014,33,21.0847860929254
"9411","Nagano",2014,34,22.3947505306577
"9412","Nagano",2014,35,18.8054981632247
"9413","Nagano",2014,36,19.2751910449408
"9414","Nagano",2014,37,16.9219655449732
"9415","Nagano",2014,38,15.2277941606977
"9416","Nagano",2014,39,15.7902478247227
"9417","Nagano",2014,40,16.9531098639682
"9418","Nagano",2014,41,13.8383917114685
"9419","Nagano",2014,42,10.8307171858532
"9420","Nagano",2014,43,10.7973226808302
"9421","Nagano",2014,44,9.93729466478369
"9422","Nagano",2014,45,9.08565540098536
"9423","Nagano",2014,46,6.21063056095838
"9424","Nagano",2014,47,3.66179106165701
"9425","Nagano",2014,48,6.78648602298798
"9426","Nagano",2014,49,0.136958892510458
"9427","Nagano",2014,50,-2.32903052847826
"9428","Nagano",2014,51,-4.5128750615573
"9429","Nagano",2014,52,-3.96075046296541
"9430","Nagano",2015,1,-2.58669098007078
"9431","Nagano",2015,2,-2.47561162778688
"9432","Nagano",2015,3,-3.03758021370605
"9433","Nagano",2015,4,-2.20843144526616
"9434","Nagano",2015,5,-3.54534483467644
"9435","Nagano",2015,6,-4.37652364151312
"9436","Nagano",2015,7,-0.986152393335861
"9437","Nagano",2015,8,1.87302955610205
"9438","Nagano",2015,9,0.699863740651649
"9439","Nagano",2015,10,-0.777185253763492
"9440","Nagano",2015,11,6.40638347720335
"9441","Nagano",2015,12,2.48967854114403
"9442","Nagano",2015,13,9.05315874741176
"9443","Nagano",2015,14,5.89821945230755
"9444","Nagano",2015,15,7.6727724151007
"9445","Nagano",2015,16,11.2854748796741
"9446","Nagano",2015,17,15.2165256389981
"9447","Nagano",2015,18,14.0167840031379
"9448","Nagano",2015,19,14.6125476226172
"9449","Nagano",2015,20,15.1287305729133
"9450","Nagano",2015,21,18.2637796478908
"9451","Nagano",2015,22,15.8208982721364
"9452","Nagano",2015,23,17.5475921518754
"9453","Nagano",2015,24,17.3065588293576
"9454","Nagano",2015,25,17.7316911641617
"9455","Nagano",2015,26,17.8642506506097
"9456","Nagano",2015,27,18.6720908425905
"9457","Nagano",2015,28,22.6459776154075
"9458","Nagano",2015,29,22.9127952860728
"9459","Nagano",2015,30,24.4500058394775
"9460","Nagano",2015,31,24.2790120339129
"9461","Nagano",2015,32,22.5483570903209
"9462","Nagano",2015,33,21.6200127283289
"9463","Nagano",2015,34,19.5320933594803
"9464","Nagano",2015,35,19.173107451652
"9465","Nagano",2015,36,17.5011255196424
"9466","Nagano",2015,37,16.5228915140094
"9467","Nagano",2015,38,16.2811132053517
"9468","Nagano",2015,39,14.7591902960785
"9469","Nagano",2015,40,11.9917543444004
"9470","Nagano",2015,41,11.2338397438071
"9471","Nagano",2015,42,13.0418563560347
"9472","Nagano",2015,43,8.91990938772633
"9473","Nagano",2015,44,9.06349766368714
"9474","Nagano",2015,45,9.4160917906702
"9475","Nagano",2015,46,10.1399510838237
"9476","Nagano",2015,47,4.91282452336742
"9477","Nagano",2015,48,2.96137564176892
"9478","Nagano",2015,49,3.61878146606744
"9479","Nagano",2015,50,2.95126755245626
"9480","Nagano",2015,51,2.32637887878999
"9481","Nagano",2015,52,-1.4419272049049
"9482","Nagano",2016,1,1.30962743701275
"9483","Nagano",2016,2,-1.67129517582823
"9484","Nagano",2016,3,-4.2039240048625
"9485","Nagano",2016,4,-3.73485616372954
"9486","Nagano",2016,5,-2.97158537822988
"9487","Nagano",2016,6,-0.812193485710525
"9488","Nagano",2016,7,0.366642962839908
"9489","Nagano",2016,8,-0.833963549216532
"9490","Nagano",2016,9,0.936754589778104
"9491","Nagano",2016,10,3.84560664282744
"9492","Nagano",2016,11,3.55943959277061
"9493","Nagano",2016,12,2.39915617992588
"9494","Nagano",2016,13,7.03777607297733
"9495","Nagano",2016,14,9.23170776883582
"9496","Nagano",2016,15,8.66833947071724
"9497","Nagano",2016,16,10.9575044615789
"9498","Nagano",2016,17,11.2349045879658
"9499","Nagano",2016,18,13.817020538816
"9500","Nagano",2016,19,15.0524201617389
"9501","Nagano",2016,20,15.142743579826
"9502","Nagano",2016,21,17.4564103561753
"9503","Nagano",2016,22,14.9171974837292
"9504","Nagano",2016,23,17.7169271119824
"9505","Nagano",2016,24,18.4004688258757
"9506","Nagano",2016,25,18.3909500214877
"9507","Nagano",2016,26,19.3953304808819
"9508","Nagano",2016,27,20.961885958715
"9509","Nagano",2016,28,21.4680283313185
"9510","Nagano",2016,29,21.4300783593304
"9511","Nagano",2016,30,21.5433685376419
"9512","Nagano",2016,31,23.0384422863239
"9513","Nagano",2016,32,23.2677680782425
"9514","Nagano",2016,33,22.7155844567792
"9515","Nagano",2016,34,21.7080345728791
"9516","Nagano",2016,35,20.6328569079452
"9517","Nagano",2016,36,21.2851748747041
"9518","Nagano",2016,37,19.4846870305833
"9519","Nagano",2016,38,16.5730809057677
"9520","Nagano",2016,39,18.6346452533182
"9521","Nagano",2016,40,17.9415435706519
"9522","Nagano",2016,41,11.2875542259822
"9523","Nagano",2016,42,13.9756223441009
"9524","Nagano",2016,43,10.3443965117787
"9525","Nagano",2016,44,6.85912104691524
"9526","Nagano",2016,45,5.27762178648177
"9527","Nagano",2016,46,7.21966778403192
"9528","Nagano",2016,47,4.70901349042198
"9529","Nagano",2016,48,3.67665185859332
"9530","Nagano",2016,49,1.99778282023023
"9531","Nagano",2016,50,-1.08525131252021
"9532","Nagano",2016,51,3.07618297895664
"9533","Nagano",2016,52,-0.566645602079404
"9534","Nagano",2017,1,-0.785524135117466
"9535","Nagano",2017,2,-2.8000109641585
"9536","Nagano",2017,3,-5.08412287606732
"9537","Nagano",2017,4,-4.48683876072562
"9538","Nagano",2017,5,-1.69557134610026
"9539","Nagano",2017,6,-3.52596587905614
"9540","Nagano",2017,7,-2.22701480573906
"9541","Nagano",2017,8,-0.750120412481895
"9542","Nagano",2017,9,0.588165565044294
"9543","Nagano",2017,10,-0.272282920863217
"9544","Nagano",2017,11,1.54923180228862
"9545","Nagano",2017,12,1.6628257893662
"9546","Nagano",2017,13,1.96870917606365
"9547","Nagano",2017,14,7.58207791982918
"9548","Nagano",2017,15,6.24793266058461
"9549","Nagano",2017,16,9.69034133163936
"9550","Nagano",2017,17,9.0495827393372
"9551","Nagano",2017,18,12.88010716845
"9552","Nagano",2017,19,13.5106802305557
"9553","Nagano",2017,20,14.5920413608452
"9554","Nagano",2017,21,16.5273003167626
"9555","Nagano",2017,22,16.0471858923323
"9556","Nagano",2017,23,14.6620381014739
"9557","Nagano",2017,24,15.3768991375848
"9558","Nagano",2017,25,18.457109864928
"9559","Nagano",2017,26,19.2723459810134
"9560","Nagano",2017,27,21.6082789899601
"9561","Nagano",2017,28,23.2503108361351
"9562","Nagano",2017,29,23.1725747289374
"9563","Nagano",2017,30,22.4265564222904
"9564","Nagano",2017,31,22.6391055291678
"9565","Nagano",2017,32,23.0090846184677
"9566","Nagano",2017,33,21.0957944121232
"9567","Nagano",2017,34,22.5061600049659
"9568","Nagano",2017,35,20.3790986489534
"9569","Nagano",2017,36,18.3924475757856
"9570","Nagano",2017,37,17.8210445892159
"9571","Nagano",2017,38,16.8787949243647
"9572","Nagano",2017,39,15.2808823216272
"9573","Nagano",2017,40,13.4576824931495
"9574","Nagano",2017,41,15.9449570549296
"9575","Nagano",2017,42,10.130172882327
"9576","Nagano",2017,43,9.41560247607892
"9577","Nagano",2017,44,7.6775618988897
"9578","Nagano",2017,45,7.44611331887762
"9579","Nagano",2017,46,3.8675831124784
"9580","Nagano",2017,47,0.253571148846423
"9581","Nagano",2017,48,3.14221678864977
"9582","Nagano",2017,49,-0.595238928436832
"9583","Nagano",2017,50,-1.63391811818155
"9584","Nagano",2017,51,-1.9747099406103
"9585","Nagano",2017,52,-2.20653616689737
"9586","Nagano",2018,1,-3.2971457566142
"9587","Nagano",2018,2,-3.61095002218674
"9588","Nagano",2018,3,0.587083830963958
"9589","Nagano",2018,4,-6.51468695768232
"9590","Nagano",2018,5,-3.81729937165177
"9591","Nagano",2018,6,-5.8668959814923
"9592","Nagano",2018,7,-3.5562459264102
"9593","Nagano",2018,8,-2.30852932737119
"9594","Nagano",2018,9,1.25371060410962
"9595","Nagano",2018,10,3.02097138042578
"9596","Nagano",2018,11,4.71983361457289
"9597","Nagano",2018,12,3.25021777842589
"9598","Nagano",2018,13,8.4665422405792
"9599","Nagano",2018,14,10.2456648573786
"9600","Nagano",2018,15,6.91963795093229
"9601","Nagano",2018,16,10.3078349672371
"9602","Nagano",2018,17,13.0467047582584
"9603","Nagano",2018,18,13.0861985641366
"9604","Nagano",2018,19,11.5867168107816
"9605","Nagano",2018,20,16.5146171264369
"9606","Nagano",2018,21,15.2362068745052
"9607","Nagano",2018,22,15.9475622838687
"9608","Nagano",2018,23,18.6388506423218
"9609","Nagano",2018,24,16.0005181658275
"9610","Nagano",2018,25,17.2465462499509
"9611","Nagano",2018,26,21.5888289952072
"9612","Nagano",2018,27,21.0851642161726
"9613","Nagano",2018,28,22.7431061742467
"9614","Nagano",2018,29,25.8233958128083
"9615","Nagano",2018,30,24.6369049386779
"9616","Nagano",2018,31,24.9785806327548
"9617","Nagano",2018,32,23.9916110667407
"9618","Nagano",2018,33,21.3022922076151
"9619","Nagano",2018,34,23.5188112679249
"9620","Nagano",2018,35,21.9599607533331
"9621","Nagano",2018,36,20.2856194965509
"9622","Nagano",2018,37,17.5116862680815
"9623","Nagano",2018,38,17.0190606001331
"9624","Nagano",2018,39,15.301734272609
"9625","Nagano",2018,40,16.8500247299193
"9626","Nagano",2018,41,14.9748263670902
"9627","Nagano",2018,42,10.7310834374632
"9628","Nagano",2018,43,10.6466792147248
"9629","Nagano",2018,44,7.05861152714427
"9630","Nagano",2018,45,10.8443576112271
"9631","Nagano",2018,46,7.05736930560221
"9632","Nagano",2018,47,4.12261780720242
"9633","Nagano",2018,48,5.17835524874681
"9634","Nagano",2018,49,6.54400304182458
"9635","Nagano",2018,50,-1.09614833278801
"9636","Nagano",2018,51,1.5488999463062
"9637","Nagano",2018,52,-1.44238677024052
"9638","Nagano",2019,1,-2.49115339319467
"9639","Nagano",2019,2,-2.20974160720895
"9640","Nagano",2019,3,-1.46015452877603
"9641","Nagano",2019,4,-2.84070382350522
"9642","Nagano",2019,5,-2.95831211777845
"9643","Nagano",2019,6,0.414690428652778
"9644","Nagano",2019,7,-1.9165142604338
"9645","Nagano",2019,8,1.70262218929672
"9646","Nagano",2019,9,3.05102247097464
"9647","Nagano",2019,10,2.32992529131691
"9648","Nagano",2019,11,1.23147624236998
"9649","Nagano",2019,12,4.27214472590323
"9650","Nagano",2019,13,3.77423959599687
"9651","Nagano",2019,14,2.41083546948188
"9652","Nagano",2019,15,3.87438441110834
"9653","Nagano",2019,16,8.97330365633556
"9654","Nagano",2019,17,11.2283463238391
"9655","Nagano",2019,18,10.5453756229882
"9656","Nagano",2019,19,11.991234584168
"9657","Nagano",2019,20,14.6289445679201
"9658","Nagano",2019,21,16.2214324278551
"9659","Nagano",2019,22,16.9826361728612
"9660","Nagano",2019,23,17.3959429148651
"9661","Nagano",2019,24,14.5705533995216
"9662","Nagano",2019,25,16.8148289396841
"9663","Nagano",2019,26,18.6882105312683
"9664","Nagano",2019,27,19.4060889018702
"9665","Nagano",2019,28,18.5452979055406
"9666","Nagano",2019,29,19.8288708449887
"9667","Nagano",2019,30,22.2764611666895
"9668","Nagano",2019,31,24.5375929654302
"9669","Nagano",2019,32,25.2878121543771
"9670","Nagano",2019,33,24.6618882275921
"9671","Nagano",2019,34,21.6591550613897
"9672","Nagano",2019,35,20.2964657162756
"9673","Nagano",2019,36,21.5212351441303
"9674","Nagano",2019,37,21.4584589454176
"9675","Nagano",2019,38,18.358547949484
"9676","Nagano",2019,39,18.4979418263293
"9677","Nagano",2019,40,18.7591858869225
"9678","Nagano",2019,41,15.7034701840022
"9679","Nagano",2019,42,12.9287624809713
"9680","Nagano",2019,43,12.7681912923488
"9681","Nagano",2019,44,9.77939992232349
"9682","Nagano",2019,45,7.4075011584638
"9683","Nagano",2019,46,6.75908913475365
"9684","Nagano",2019,47,5.97158581623254
"9685","Nagano",2019,48,4.63539130773948
"9686","Nagano",2019,49,1.77558341346757
"9687","Nagano",2019,50,2.38461914438164
"9688","Nagano",2019,51,3.04149656819663
"9689","Nagano",2019,52,0.21381390049945
"9690","Nagano",2020,1,0.295682135017484
"9691","Nagano",2020,2,0.698834963949106
"9692","Nagano",2020,3,-0.347909456062512
"9693","Nagano",2020,4,1.25823665376624
"9694","Nagano",2020,5,0.919453221896252
"9695","Nagano",2020,6,-2.09853348641881
"9696","Nagano",2020,7,1.46067390387238
"9697","Nagano",2020,8,1.7629113410045
"9698","Nagano",2020,9,1.16498846063416
"9699","Naoasaki",2013,1,5.59177754792944
"9700","Naoasaki",2013,2,6.93675610118786
"9701","Naoasaki",2013,3,7.46810847890214
"9702","Naoasaki",2013,4,8.49790623715987
"9703","Naoasaki",2013,5,9.48717717278618
"9704","Naoasaki",2013,6,7.70619796321963
"9705","Naoasaki",2013,7,7.00959049170427
"9706","Naoasaki",2013,8,8.36037283720762
"9707","Naoasaki",2013,9,10.2056275456428
"9708","Naoasaki",2013,10,12.7671313017282
"9709","Naoasaki",2013,11,11.6798432489584
"9710","Naoasaki",2013,12,12.9898764724328
"9711","Naoasaki",2013,13,12.5849663239745
"9712","Naoasaki",2013,14,13.8542657589412
"9713","Naoasaki",2013,15,12.0029930778383
"9714","Naoasaki",2013,16,15.0952858505932
"9715","Naoasaki",2013,17,14.9083754544438
"9716","Naoasaki",2013,18,15.8393866554452
"9717","Naoasaki",2013,19,17.8675059966443
"9718","Naoasaki",2013,20,19.5934795352124
"9719","Naoasaki",2013,21,20.715806858156
"9720","Naoasaki",2013,22,21.0381741640188
"9721","Naoasaki",2013,23,21.6614085170892
"9722","Naoasaki",2013,24,22.7223363101756
"9723","Naoasaki",2013,25,24.1076634790046
"9724","Naoasaki",2013,26,22.650719342138
"9725","Naoasaki",2013,27,25.4142870302529
"9726","Naoasaki",2013,28,27.1897833976119
"9727","Naoasaki",2013,29,27.8080576126183
"9728","Naoasaki",2013,30,27.9295686658348
"9729","Naoasaki",2013,31,28.1305172735211
"9730","Naoasaki",2013,32,28.2651828392402
"9731","Naoasaki",2013,33,29.0390220558973
"9732","Naoasaki",2013,34,29.4823800435914
"9733","Naoasaki",2013,35,26.8187583192909
"9734","Naoasaki",2013,36,24.3534554942778
"9735","Naoasaki",2013,37,26.4926710254682
"9736","Naoasaki",2013,38,25.5592535247795
"9737","Naoasaki",2013,39,24.724606484657
"9738","Naoasaki",2013,40,23.4641696450187
"9739","Naoasaki",2013,41,24.0837802267188
"9740","Naoasaki",2013,42,20.3786995164248
"9741","Naoasaki",2013,43,19.8044490375118
"9742","Naoasaki",2013,44,19.0121016139658
"9743","Naoasaki",2013,45,18.835213958525
"9744","Naoasaki",2013,46,14.354184846744
"9745","Naoasaki",2013,47,11.9760729750955
"9746","Naoasaki",2013,48,11.8638278772764
"9747","Naoasaki",2013,49,12.0612149921181
"9748","Naoasaki",2013,50,10.3254418802515
"9749","Naoasaki",2013,51,8.78034912952701
"9750","Naoasaki",2013,52,7.9857796006745
"9751","Naoasaki",2014,1,10.800063925788
"9752","Naoasaki",2014,2,7.987421458014
"9753","Naoasaki",2014,3,7.20185965885253
"9754","Naoasaki",2014,4,9.06346611256403
"9755","Naoasaki",2014,5,11.91709843573
"9756","Naoasaki",2014,6,8.29814142865657
"9757","Naoasaki",2014,7,7.22744239410804
"9758","Naoasaki",2014,8,8.27724114716905
"9759","Naoasaki",2014,9,11.9355113236831
"9760","Naoasaki",2014,10,8.74857867869007
"9761","Naoasaki",2014,11,10.2721176265288
"9762","Naoasaki",2014,12,12.9190118971233
"9763","Naoasaki",2014,13,15.6167596838063
"9764","Naoasaki",2014,14,13.6509817256713
"9765","Naoasaki",2014,15,14.3920484819509
"9766","Naoasaki",2014,16,15.5843387296413
"9767","Naoasaki",2014,17,16.738903824283
"9768","Naoasaki",2014,18,16.8870762906627
"9769","Naoasaki",2014,19,17.0338147529006
"9770","Naoasaki",2014,20,18.7155660289951
"9771","Naoasaki",2014,21,19.4903363677528
"9772","Naoasaki",2014,22,20.6883275316023
"9773","Naoasaki",2014,23,20.8156897111774
"9774","Naoasaki",2014,24,21.2062061981601
"9775","Naoasaki",2014,25,21.3421240726336
"9776","Naoasaki",2014,26,21.8125715958215
"9777","Naoasaki",2014,27,22.9579240391448
"9778","Naoasaki",2014,28,24.7759287322957
"9779","Naoasaki",2014,29,24.7832219928368
"9780","Naoasaki",2014,30,27.0536942623993
"9781","Naoasaki",2014,31,27.3268075860642
"9782","Naoasaki",2014,32,26.447772440483
"9783","Naoasaki",2014,33,25.6149023202073
"9784","Naoasaki",2014,34,25.9287179216096
"9785","Naoasaki",2014,35,25.2749418772069
"9786","Naoasaki",2014,36,25.368898590416
"9787","Naoasaki",2014,37,24.8939948568485
"9788","Naoasaki",2014,38,23.2907587838331
"9789","Naoasaki",2014,39,23.4998940631677
"9790","Naoasaki",2014,40,22.7452537489727
"9791","Naoasaki",2014,41,21.686539393258
"9792","Naoasaki",2014,42,19.1936927641739
"9793","Naoasaki",2014,43,20.2108731045368
"9794","Naoasaki",2014,44,19.2744123680571
"9795","Naoasaki",2014,45,16.8017139584377
"9796","Naoasaki",2014,46,14.6848742129396
"9797","Naoasaki",2014,47,14.6245411891217
"9798","Naoasaki",2014,48,16.8181535353207
"9799","Naoasaki",2014,49,9.63047139151628
"9800","Naoasaki",2014,50,9.84669779262418
"9801","Naoasaki",2014,51,7.2755650156163
"9802","Naoasaki",2014,52,8.43243470247107
"9803","Naoasaki",2015,1,9.18834576952756
"9804","Naoasaki",2015,2,9.00162337660073
"9805","Naoasaki",2015,3,9.30041072437119
"9806","Naoasaki",2015,4,8.77520638452799
"9807","Naoasaki",2015,5,7.62152914782559
"9808","Naoasaki",2015,6,6.73602469900771
"9809","Naoasaki",2015,7,9.91701853502562
"9810","Naoasaki",2015,8,8.98517274644096
"9811","Naoasaki",2015,9,8.38999984356167
"9812","Naoasaki",2015,10,9.03333361308691
"9813","Naoasaki",2015,11,14.0131506335511
"9814","Naoasaki",2015,12,11.7305877073415
"9815","Naoasaki",2015,13,15.9960470144988
"9816","Naoasaki",2015,14,13.4738764807307
"9817","Naoasaki",2015,15,14.7362150076512
"9818","Naoasaki",2015,16,15.7227004316766
"9819","Naoasaki",2015,17,18.2956096968765
"9820","Naoasaki",2015,18,17.6896055428406
"9821","Naoasaki",2015,19,18.8349857903652
"9822","Naoasaki",2015,20,19.0495662344389
"9823","Naoasaki",2015,21,20.8981486234683
"9824","Naoasaki",2015,22,20.3604750048219
"9825","Naoasaki",2015,23,21.3964045421675
"9826","Naoasaki",2015,24,20.9113357665899
"9827","Naoasaki",2015,25,21.9029793572987
"9828","Naoasaki",2015,26,21.9219288497927
"9829","Naoasaki",2015,27,24.1139652734286
"9830","Naoasaki",2015,28,24.041008444017
"9831","Naoasaki",2015,29,25.6643701245979
"9832","Naoasaki",2015,30,26.8639446133118
"9833","Naoasaki",2015,31,28.1070349891174
"9834","Naoasaki",2015,32,27.1251038725409
"9835","Naoasaki",2015,33,26.651997457822
"9836","Naoasaki",2015,34,25.3735525323574
"9837","Naoasaki",2015,35,24.7146565202415
"9838","Naoasaki",2015,36,23.344750864491
"9839","Naoasaki",2015,37,22.5185607269867
"9840","Naoasaki",2015,38,23.3958955913767
"9841","Naoasaki",2015,39,22.4332859230832
"9842","Naoasaki",2015,40,20.3524743366827
"9843","Naoasaki",2015,41,19.5053703387127
"9844","Naoasaki",2015,42,20.7115621538229
"9845","Naoasaki",2015,43,17.4273164104114
"9846","Naoasaki",2015,44,18.249241068281
"9847","Naoasaki",2015,45,18.4949156670491
"9848","Naoasaki",2015,46,18.4142624323268
"9849","Naoasaki",2015,47,13.678707182096
"9850","Naoasaki",2015,48,12.8483953193142
"9851","Naoasaki",2015,49,13.869213674692
"9852","Naoasaki",2015,50,10.4983048355404
"9853","Naoasaki",2015,51,12.549483071232
"9854","Naoasaki",2015,52,9.6097733978784
"9855","Naoasaki",2016,1,10.3079187691838
"9856","Naoasaki",2016,2,8.33797214205141
"9857","Naoasaki",2016,3,5.49772912437476
"9858","Naoasaki",2016,4,8.47359540095287
"9859","Naoasaki",2016,5,6.78880698100342
"9860","Naoasaki",2016,6,11.3110978810591
"9861","Naoasaki",2016,7,8.03044191869302
"9862","Naoasaki",2016,8,8.18745380630855
"9863","Naoasaki",2016,9,11.1852935259642
"9864","Naoasaki",2016,10,10.9893148299604
"9865","Naoasaki",2016,11,12.4992659667551
"9866","Naoasaki",2016,12,11.1361544418692
"9867","Naoasaki",2016,13,14.5242293436259
"9868","Naoasaki",2016,14,16.0178896286328
"9869","Naoasaki",2016,15,16.4006884622556
"9870","Naoasaki",2016,16,16.1029985859829
"9871","Naoasaki",2016,17,16.9346705265765
"9872","Naoasaki",2016,18,18.8695085078141
"9873","Naoasaki",2016,19,18.6035417472934
"9874","Naoasaki",2016,20,19.7886317615325
"9875","Naoasaki",2016,21,21.1535045824866
"9876","Naoasaki",2016,22,20.6651500920483
"9877","Naoasaki",2016,23,22.237170214785
"9878","Naoasaki",2016,24,22.9931597123215
"9879","Naoasaki",2016,25,23.500978109846
"9880","Naoasaki",2016,26,23.3582392660111
"9881","Naoasaki",2016,27,25.9994307377916
"9882","Naoasaki",2016,28,25.9832218814659
"9883","Naoasaki",2016,29,26.3669802986956
"9884","Naoasaki",2016,30,28.00696155509
"9885","Naoasaki",2016,31,28.4680201242994
"9886","Naoasaki",2016,32,29.5685629000982
"9887","Naoasaki",2016,33,29.4241819701374
"9888","Naoasaki",2016,34,28.5838775252888
"9889","Naoasaki",2016,35,25.3764555719712
"9890","Naoasaki",2016,36,25.9426610027913
"9891","Naoasaki",2016,37,25.1661146346218
"9892","Naoasaki",2016,38,23.6126421051398
"9893","Naoasaki",2016,39,25.1714158696508
"9894","Naoasaki",2016,40,24.8646171988944
"9895","Naoasaki",2016,41,20.7107617468038
"9896","Naoasaki",2016,42,21.6375275345918
"9897","Naoasaki",2016,43,20.4584212944908
"9898","Naoasaki",2016,44,16.3086739121965
"9899","Naoasaki",2016,45,16.2753986061477
"9900","Naoasaki",2016,46,18.3796151620506
"9901","Naoasaki",2016,47,14.390118978137
"9902","Naoasaki",2016,48,13.2910433368608
"9903","Naoasaki",2016,49,12.7798760461666
"9904","Naoasaki",2016,50,10.7512210917233
"9905","Naoasaki",2016,51,13.6031426052903
"9906","Naoasaki",2016,52,10.2432470616258
"9907","Naoasaki",2017,1,11.7022157500188
"9908","Naoasaki",2017,2,8.29548786083242
"9909","Naoasaki",2017,3,7.77220395366559
"9910","Naoasaki",2017,4,7.32301134274521
"9911","Naoasaki",2017,5,9.7913369261751
"9912","Naoasaki",2017,6,6.90424548804344
"9913","Naoasaki",2017,7,9.46215663366554
"9914","Naoasaki",2017,8,9.54059005941514
"9915","Naoasaki",2017,9,10.223651269313
"9916","Naoasaki",2017,10,9.74940799420084
"9917","Naoasaki",2017,11,11.1614721757298
"9918","Naoasaki",2017,12,11.88559611209
"9919","Naoasaki",2017,13,11.8860188543142
"9920","Naoasaki",2017,14,15.5499153974132
"9921","Naoasaki",2017,15,15.8097176784103
"9922","Naoasaki",2017,16,16.4250044331927
"9923","Naoasaki",2017,17,17.0183022510539
"9924","Naoasaki",2017,18,18.6882109900408
"9925","Naoasaki",2017,19,18.4370258747863
"9926","Naoasaki",2017,20,18.7903954317489
"9927","Naoasaki",2017,21,20.0986301374438
"9928","Naoasaki",2017,22,21.1418038513506
"9929","Naoasaki",2017,23,21.0050706683949
"9930","Naoasaki",2017,24,21.204609850448
"9931","Naoasaki",2017,25,22.6717759085454
"9932","Naoasaki",2017,26,23.8119261645811
"9933","Naoasaki",2017,27,25.7996657096007
"9934","Naoasaki",2017,28,26.7526309905789
"9935","Naoasaki",2017,29,27.8399107678836
"9936","Naoasaki",2017,30,28.3385182525713
"9937","Naoasaki",2017,31,28.9921624399237
"9938","Naoasaki",2017,32,28.1648998352214
"9939","Naoasaki",2017,33,27.6051647829902
"9940","Naoasaki",2017,34,28.3103528096063
"9941","Naoasaki",2017,35,26.5755594571548
"9942","Naoasaki",2017,36,25.4031000602113
"9943","Naoasaki",2017,37,24.7601712089008
"9944","Naoasaki",2017,38,23.9779068361513
"9945","Naoasaki",2017,39,23.2197166775801
"9946","Naoasaki",2017,40,22.6847222024096
"9947","Naoasaki",2017,41,22.8569442707256
"9948","Naoasaki",2017,42,19.9474383280541
"9949","Naoasaki",2017,43,19.0328631038385
"9950","Naoasaki",2017,44,17.1798067023814
"9951","Naoasaki",2017,45,17.6739089232849
"9952","Naoasaki",2017,46,14.119507194931
"9953","Naoasaki",2017,47,11.5661784738344
"9954","Naoasaki",2017,48,13.5610703497207
"9955","Naoasaki",2017,49,9.77230312834967
"9956","Naoasaki",2017,50,8.0323197885114
"9957","Naoasaki",2017,51,8.77544936374112
"9958","Naoasaki",2017,52,8.83188256691659
"9959","Naoasaki",2018,1,7.83928781734323
"9960","Naoasaki",2018,2,6.29820767895701
"9961","Naoasaki",2018,3,11.0383529642194
"9962","Naoasaki",2018,4,4.65099977374315
"9963","Naoasaki",2018,5,5.46171397859668
"9964","Naoasaki",2018,6,4.75802840488596
"9965","Naoasaki",2018,7,7.39541443270277
"9966","Naoasaki",2018,8,9.15093769998614
"9967","Naoasaki",2018,9,10.5795843584939
"9968","Naoasaki",2018,10,11.2489994552391
"9969","Naoasaki",2018,11,13.267638802924
"9970","Naoasaki",2018,12,11.7084651785034
"9971","Naoasaki",2018,13,15.1419737158096
"9972","Naoasaki",2018,14,15.6652491723279
"9973","Naoasaki",2018,15,16.3745745450302
"9974","Naoasaki",2018,16,15.6725939457926
"9975","Naoasaki",2018,17,16.8718666958983
"9976","Naoasaki",2018,18,17.8910043944362
"9977","Naoasaki",2018,19,17.6585266584034
"9978","Naoasaki",2018,20,20.2013181557057
"9979","Naoasaki",2018,21,20.0353984075804
"9980","Naoasaki",2018,22,21.2318032024711
"9981","Naoasaki",2018,23,22.1166604079739
"9982","Naoasaki",2018,24,21.2760515235107
"9983","Naoasaki",2018,25,22.4651093907408
"9984","Naoasaki",2018,26,24.5355988240756
"9985","Naoasaki",2018,27,24.8385409622019
"9986","Naoasaki",2018,28,26.2052411645445
"9987","Naoasaki",2018,29,27.9991570374993
"9988","Naoasaki",2018,30,28.7157860793034
"9989","Naoasaki",2018,31,28.309027026623
"9990","Naoasaki",2018,32,28.5905632748163
"9991","Naoasaki",2018,33,28.4796691930556
"9992","Naoasaki",2018,34,28.4031838126871
"9993","Naoasaki",2018,35,27.345170340265
"9994","Naoasaki",2018,36,25.8746075931986
"9995","Naoasaki",2018,37,25.1348560098881
"9996","Naoasaki",2018,38,25.2122464045483
"9997","Naoasaki",2018,39,22.959377059888
"9998","Naoasaki",2018,40,22.2673455859571
"9999","Naoasaki",2018,41,19.9235016732329
"10000","Naoasaki",2018,42,18.9326605444195
"10001","Naoasaki",2018,43,18.600796118666
"10002","Naoasaki",2018,44,16.6972253200669
"10003","Naoasaki",2018,45,18.1871508092841
"10004","Naoasaki",2018,46,15.9640261677779
"10005","Naoasaki",2018,47,13.2757311492505
"10006","Naoasaki",2018,48,15.6656011055658
"10007","Naoasaki",2018,49,13.7501174406866
"10008","Naoasaki",2018,50,9.45354915047007
"10009","Naoasaki",2018,51,13.3461713074441
"10010","Naoasaki",2018,52,8.28020294339348
"10011","Naoasaki",2019,1,8.25358945206936
"10012","Naoasaki",2019,2,9.58344928893186
"10013","Naoasaki",2019,3,9.37344779368025
"10014","Naoasaki",2019,4,8.56470076110251
"10015","Naoasaki",2019,5,9.29453495514166
"10016","Naoasaki",2019,6,10.5632429983137
"10017","Naoasaki",2019,7,8.11924943689064
"10018","Naoasaki",2019,8,10.4936062227782
"10019","Naoasaki",2019,9,11.8342858263076
"10020","Naoasaki",2019,10,11.9454035256543
"10021","Naoasaki",2019,11,10.9679905111444
"10022","Naoasaki",2019,12,12.5509915315666
"10023","Naoasaki",2019,13,13.4931238526779
"10024","Naoasaki",2019,14,12.3394836919277
"10025","Naoasaki",2019,15,14.4627282505275
"10026","Naoasaki",2019,16,15.8126093152798
"10027","Naoasaki",2019,17,17.0356302841002
"10028","Naoasaki",2019,18,17.3186916059922
"10029","Naoasaki",2019,19,17.8038551863958
"10030","Naoasaki",2019,20,20.4518998259561
"10031","Naoasaki",2019,21,20.173883053338
"10032","Naoasaki",2019,22,20.6978344329752
"10033","Naoasaki",2019,23,21.8043030727526
"10034","Naoasaki",2019,24,20.7059193276609
"10035","Naoasaki",2019,25,21.7843144478947
"10036","Naoasaki",2019,26,23.1420536366394
"10037","Naoasaki",2019,27,22.958079402262
"10038","Naoasaki",2019,28,23.5934416316767
"10039","Naoasaki",2019,29,24.839767938626
"10040","Naoasaki",2019,30,26.513049775117
"10041","Naoasaki",2019,31,28.2484172418488
"10042","Naoasaki",2019,32,28.3450649118349
"10043","Naoasaki",2019,33,28.2259206964372
"10044","Naoasaki",2019,34,26.6447773604002
"10045","Naoasaki",2019,35,24.7260879521457
"10046","Naoasaki",2019,36,26.5273037619792
"10047","Naoasaki",2019,37,27.1321611122854
"10048","Naoasaki",2019,38,24.4398099315654
"10049","Naoasaki",2019,39,23.9048316233465
"10050","Naoasaki",2019,40,24.4943903099697
"10051","Naoasaki",2019,41,22.1182672545441
"10052","Naoasaki",2019,42,20.1844237328465
"10053","Naoasaki",2019,43,20.4007170706486
"10054","Naoasaki",2019,44,18.5441059929419
"10055","Naoasaki",2019,45,17.5062038586554
"10056","Naoasaki",2019,46,16.2959038214425
"10057","Naoasaki",2019,47,15.4023666603624
"10058","Naoasaki",2019,48,15.06393603207
"10059","Naoasaki",2019,49,11.0505337373284
"10060","Naoasaki",2019,50,12.3842710915772
"10061","Naoasaki",2019,51,12.7661071375449
"10062","Naoasaki",2019,52,11.0564384269756
"10063","Naoasaki",2020,1,9.9408928751159
"10064","Naoasaki",2020,2,12.29385067682
"10065","Naoasaki",2020,3,8.76443156264342
"10066","Naoasaki",2020,4,11.7828101331563
"10067","Naoasaki",2020,5,10.377180377012
"10068","Naoasaki",2020,6,8.24709076000533
"10069","Naoasaki",2020,7,12.6918145766442
"10070","Naoasaki",2020,8,9.21281846223678
"10071","Naoasaki",2020,9,11.7773414938557
"10072","Nara",2013,1,0.693592069814031
"10073","Nara",2013,2,1.75097433373227
"10074","Nara",2013,3,0.683145440142206
"10075","Nara",2013,4,2.48242719321057
"10076","Nara",2013,5,3.71370465425593
"10077","Nara",2013,6,2.88365660400702
"10078","Nara",2013,7,1.49616646937724
"10079","Nara",2013,8,1.12053000609791
"10080","Nara",2013,9,3.54609606731571
"10081","Nara",2013,10,7.6440167799546
"10082","Nara",2013,11,5.78090129719584
"10083","Nara",2013,12,10.2039338608245
"10084","Nara",2013,13,9.10165060299659
"10085","Nara",2013,14,11.7560586207062
"10086","Nara",2013,15,7.47779812494227
"10087","Nara",2013,16,12.8294161029111
"10088","Nara",2013,17,10.4121605067976
"10089","Nara",2013,18,11.5452487290297
"10090","Nara",2013,19,14.4389139651157
"10091","Nara",2013,20,17.7760228141467
"10092","Nara",2013,21,19.1327745019093
"10093","Nara",2013,22,18.7383834287964
"10094","Nara",2013,23,19.3804260275631
"10095","Nara",2013,24,21.5643567977324
"10096","Nara",2013,25,21.3972770548567
"10097","Nara",2013,26,20.5511247521493
"10098","Nara",2013,27,23.2613181836799
"10099","Nara",2013,28,26.7224648183049
"10100","Nara",2013,29,24.5382181562195
"10101","Nara",2013,30,25.8814841438863
"10102","Nara",2013,31,25.8040252059298
"10103","Nara",2013,32,26.9972852922917
"10104","Nara",2013,33,27.6006474247796
"10105","Nara",2013,34,26.7602341824735
"10106","Nara",2013,35,23.5640198872695
"10107","Nara",2013,36,22.3503982239087
"10108","Nara",2013,37,23.7712441290992
"10109","Nara",2013,38,21.1171076495414
"10110","Nara",2013,39,20.5182867010201
"10111","Nara",2013,40,20.131774439084
"10112","Nara",2013,41,21.6204080190442
"10113","Nara",2013,42,15.1234535686553
"10114","Nara",2013,43,15.7085520879371
"10115","Nara",2013,44,13.2300123969782
"10116","Nara",2013,45,13.1603201052086
"10117","Nara",2013,46,8.36742829304573
"10118","Nara",2013,47,6.85378982674398
"10119","Nara",2013,48,6.34006474216994
"10120","Nara",2013,49,6.12660494759038
"10121","Nara",2013,50,4.04754231211794
"10122","Nara",2013,51,3.54727139875813
"10123","Nara",2013,52,2.00449865835441
"10124","Nara",2014,1,3.15991668931608
"10125","Nara",2014,2,1.58836615310033
"10126","Nara",2014,3,1.48685881885131
"10127","Nara",2014,4,2.58971439567839
"10128","Nara",2014,5,4.92725451447836
"10129","Nara",2014,6,2.64850634246043
"10130","Nara",2014,7,0.603659879152376
"10131","Nara",2014,8,0.0549006729571114
"10132","Nara",2014,9,6.46033471420979
"10133","Nara",2014,10,3.0227581735063
"10134","Nara",2014,11,4.09954732666247
"10135","Nara",2014,12,7.58380336465156
"10136","Nara",2014,13,11.4184314084866
"10137","Nara",2014,14,9.65958750959031
"10138","Nara",2014,15,9.55450302834847
"10139","Nara",2014,16,12.1258561949842
"10140","Nara",2014,17,12.4695702091619
"10141","Nara",2014,18,15.1191816974213
"10142","Nara",2014,19,14.1407728604086
"10143","Nara",2014,20,16.424509495165
"10144","Nara",2014,21,16.7277690153126
"10145","Nara",2014,22,19.5534803183427
"10146","Nara",2014,23,19.8357391132351
"10147","Nara",2014,24,20.2694525151502
"10148","Nara",2014,25,20.0413401714621
"10149","Nara",2014,26,20.8055848146769
"10150","Nara",2014,27,21.8479459646619
"10151","Nara",2014,28,23.8490682905334
"10152","Nara",2014,29,25.1491585932652
"10153","Nara",2014,30,26.405582951603
"10154","Nara",2014,31,24.9692818774827
"10155","Nara",2014,32,24.6569313313667
"10156","Nara",2014,33,25.1078331058676
"10157","Nara",2014,34,25.5114460142935
"10158","Nara",2014,35,22.7410955800989
"10159","Nara",2014,36,22.4383001247714
"10160","Nara",2014,37,20.5678109426154
"10161","Nara",2014,38,18.9147584210479
"10162","Nara",2014,39,20.0469001766957
"10163","Nara",2014,40,20.4341721115566
"10164","Nara",2014,41,17.9272995042661
"10165","Nara",2014,42,14.7947705702017
"10166","Nara",2014,43,16.1005993074112
"10167","Nara",2014,44,14.3614920474627
"10168","Nara",2014,45,12.6812467805711
"10169","Nara",2014,46,10.2516663228834
"10170","Nara",2014,47,7.72541231649287
"10171","Nara",2014,48,11.5637837182251
"10172","Nara",2014,49,4.99718671065653
"10173","Nara",2014,50,3.84581573745465
"10174","Nara",2014,51,1.46132724270797
"10175","Nara",2014,52,2.33804262902223
"10176","Nara",2015,1,3.33080245296203
"10177","Nara",2015,2,2.91139983665284
"10178","Nara",2015,3,3.63101993743485
"10179","Nara",2015,4,3.05072537964123
"10180","Nara",2015,5,1.96418730444236
"10181","Nara",2015,6,1.500049880613
"10182","Nara",2015,7,3.91627344557823
"10183","Nara",2015,8,6.65787911306035
"10184","Nara",2015,9,5.07630753701663
"10185","Nara",2015,10,4.09517307386674
"10186","Nara",2015,11,10.8497791027053
"10187","Nara",2015,12,6.82876363042225
"10188","Nara",2015,13,13.5320997818697
"10189","Nara",2015,14,9.93043394996872
"10190","Nara",2015,15,12.1554449695718
"10191","Nara",2015,16,15.0171931570924
"10192","Nara",2015,17,17.1738839437051
"10193","Nara",2015,18,16.7505537148119
"10194","Nara",2015,19,17.5771383067284
"10195","Nara",2015,20,18.0440453225294
"10196","Nara",2015,21,21.0060874233256
"10197","Nara",2015,22,18.4191802216814
"10198","Nara",2015,23,20.1778335287636
"10199","Nara",2015,24,19.8017046508318
"10200","Nara",2015,25,21.0653283390567
"10201","Nara",2015,26,20.1596271914484
"10202","Nara",2015,27,22.1263557798036
"10203","Nara",2015,28,25.31327110748
"10204","Nara",2015,29,24.9023321039655
"10205","Nara",2015,30,27.1610576320984
"10206","Nara",2015,31,27.2157341787211
"10207","Nara",2015,32,25.8293846973576
"10208","Nara",2015,33,24.3428443415089
"10209","Nara",2015,34,24.020414784047
"10210","Nara",2015,35,22.5159777639897
"10211","Nara",2015,36,20.3739095156494
"10212","Nara",2015,37,19.1788940123726
"10213","Nara",2015,38,20.3882914989732
"10214","Nara",2015,39,18.6231006990723
"10215","Nara",2015,40,15.9791894995262
"10216","Nara",2015,41,15.1922589313826
"10217","Nara",2015,42,16.5323879536142
"10218","Nara",2015,43,12.4516171666641
"10219","Nara",2015,44,13.3992987455862
"10220","Nara",2015,45,14.3364280214071
"10221","Nara",2015,46,13.7598825612412
"10222","Nara",2015,47,9.01772038362688
"10223","Nara",2015,48,7.26572195610247
"10224","Nara",2015,49,8.89960880098979
"10225","Nara",2015,50,6.9456530870192
"10226","Nara",2015,51,6.93859506394682
"10227","Nara",2015,52,3.10143444864429
"10228","Nara",2016,1,5.6955622941695
"10229","Nara",2016,2,2.79442062011252
"10230","Nara",2016,3,1.30505794703674
"10231","Nara",2016,4,2.53168935492952
"10232","Nara",2016,5,2.90197979214267
"10233","Nara",2016,6,5.07500770816569
"10234","Nara",2016,7,4.71762385061677
"10235","Nara",2016,8,3.13299916565361
"10236","Nara",2016,9,5.92437216705736
"10237","Nara",2016,10,8.27792269307304
"10238","Nara",2016,11,7.54038919318823
"10239","Nara",2016,12,6.1267169837693
"10240","Nara",2016,13,10.7849642755801
"10241","Nara",2016,14,13.7415280673343
"10242","Nara",2016,15,12.7319384630289
"10243","Nara",2016,16,14.6388449986516
"10244","Nara",2016,17,14.237130265117
"10245","Nara",2016,18,17.1931839666741
"10246","Nara",2016,19,17.1866188956122
"10247","Nara",2016,20,17.56449810365
"10248","Nara",2016,21,20.2746072067297
"10249","Nara",2016,22,18.042178235849
"10250","Nara",2016,23,20.0598502594086
"10251","Nara",2016,24,21.4322685873005
"10252","Nara",2016,25,21.8496490409664
"10253","Nara",2016,26,22.5973826009323
"10254","Nara",2016,27,25.2758682717216
"10255","Nara",2016,28,24.9135710684649
"10256","Nara",2016,29,24.8875379846918
"10257","Nara",2016,30,24.2302610666699
"10258","Nara",2016,31,26.3050944088548
"10259","Nara",2016,32,26.8297132365451
"10260","Nara",2016,33,26.785889358665
"10261","Nara",2016,34,26.3716891111987
"10262","Nara",2016,35,23.3563892516666
"10263","Nara",2016,36,23.9436006197779
"10264","Nara",2016,37,23.4405606685426
"10265","Nara",2016,38,20.9812085658469
"10266","Nara",2016,39,22.7945576769339
"10267","Nara",2016,40,21.62014314045
"10268","Nara",2016,41,15.2105547054047
"10269","Nara",2016,42,18.5751241045059
"10270","Nara",2016,43,14.8321744793223
"10271","Nara",2016,44,10.6352397204337
"10272","Nara",2016,45,9.60228370440694
"10273","Nara",2016,46,12.1836974531976
"10274","Nara",2016,47,10.2747579234167
"10275","Nara",2016,48,7.70424614359929
"10276","Nara",2016,49,6.91302860330932
"10277","Nara",2016,50,3.98852316268406
"10278","Nara",2016,51,7.13964571165607
"10279","Nara",2016,52,3.96476002996996
"10280","Nara",2017,1,4.33484006858279
"10281","Nara",2017,2,2.77573317975689
"10282","Nara",2017,3,1.02599381706928
"10283","Nara",2017,4,1.01641518810279
"10284","Nara",2017,5,3.81872983989849
"10285","Nara",2017,6,1.03299323970245
"10286","Nara",2017,7,2.87820263826714
"10287","Nara",2017,8,4.15788667456618
"10288","Nara",2017,9,4.71969729303208
"10289","Nara",2017,10,4.28174533811231
"10290","Nara",2017,11,5.15049338623674
"10291","Nara",2017,12,6.41874168690305
"10292","Nara",2017,13,6.1618426563624
"10293","Nara",2017,14,12.3438177251951
"10294","Nara",2017,15,11.7187176690857
"10295","Nara",2017,16,13.8266187657876
"10296","Nara",2017,17,12.9644677868905
"10297","Nara",2017,18,16.6258225171331
"10298","Nara",2017,19,17.2204904823124
"10299","Nara",2017,20,17.6932700907714
"10300","Nara",2017,21,18.7790960732649
"10301","Nara",2017,22,19.4295044883882
"10302","Nara",2017,23,18.7518670583785
"10303","Nara",2017,24,18.9195744557822
"10304","Nara",2017,25,21.3457860422559
"10305","Nara",2017,26,22.4359784964038
"10306","Nara",2017,27,24.7839512365787
"10307","Nara",2017,28,25.4378999103509
"10308","Nara",2017,29,25.7799340379751
"10309","Nara",2017,30,26.2711951241253
"10310","Nara",2017,31,26.140901432906
"10311","Nara",2017,32,26.1675905528905
"10312","Nara",2017,33,25.2630559677945
"10313","Nara",2017,34,26.7903736338539
"10314","Nara",2017,35,24.512469055423
"10315","Nara",2017,36,22.1216948738646
"10316","Nara",2017,37,21.337027659092
"10317","Nara",2017,38,20.4726864490486
"10318","Nara",2017,39,19.2355013508789
"10319","Nara",2017,40,17.6394614594052
"10320","Nara",2017,41,19.8336491302496
"10321","Nara",2017,42,13.8796177233969
"10322","Nara",2017,43,13.4653928507622
"10323","Nara",2017,44,11.4304127369566
"10324","Nara",2017,45,11.7327166402119
"10325","Nara",2017,46,7.93315538738088
"10326","Nara",2017,47,5.04399326890829
"10327","Nara",2017,48,8.33083771389668
"10328","Nara",2017,49,3.10945193783603
"10329","Nara",2017,50,2.6579369265321
"10330","Nara",2017,51,1.97334454965316
"10331","Nara",2017,52,3.369169385516
"10332","Nara",2018,1,1.75380740712128
"10333","Nara",2018,2,1.24975013453491
"10334","Nara",2018,3,4.90008735406313
"10335","Nara",2018,4,-0.931602291622783
"10336","Nara",2018,5,0.590127724928932
"10337","Nara",2018,6,-0.511229019462357
"10338","Nara",2018,7,1.92135771004696
"10339","Nara",2018,8,3.04527405128437
"10340","Nara",2018,9,6.70944395199991
"10341","Nara",2018,10,6.90865775958307
"10342","Nara",2018,11,8.59313947414402
"10343","Nara",2018,12,8.03666757754067
"10344","Nara",2018,13,11.8806530227798
"10345","Nara",2018,14,13.7384025797028
"10346","Nara",2018,15,12.3198845564625
"10347","Nara",2018,16,13.6876757759407
"10348","Nara",2018,17,15.9103860677092
"10349","Nara",2018,18,16.1175096975639
"10350","Nara",2018,19,14.8570005750038
"10351","Nara",2018,20,19.0093906347275
"10352","Nara",2018,21,17.6591317075118
"10353","Nara",2018,22,18.4605883346826
"10354","Nara",2018,23,20.107176406832
"10355","Nara",2018,24,19.1817500641841
"10356","Nara",2018,25,19.9560696525152
"10357","Nara",2018,26,24.6434789314286
"10358","Nara",2018,27,24.1273820239583
"10359","Nara",2018,28,26.028444031484
"10360","Nara",2018,29,28.2799333015024
"10361","Nara",2018,30,27.0524244456582
"10362","Nara",2018,31,26.8630819149319
"10363","Nara",2018,32,26.7257338328265
"10364","Nara",2018,33,25.0683421419078
"10365","Nara",2018,34,26.0173946237123
"10366","Nara",2018,35,25.6181057611882
"10367","Nara",2018,36,23.800457569038
"10368","Nara",2018,37,21.279070497655
"10369","Nara",2018,38,21.9085538253356
"10370","Nara",2018,39,18.5196968984201
"10371","Nara",2018,40,20.1089674386443
"10372","Nara",2018,41,17.7109158163357
"10373","Nara",2018,42,14.7134666945545
"10374","Nara",2018,43,14.519870660341
"10375","Nara",2018,44,11.3522965916843
"10376","Nara",2018,45,14.908881167294
"10377","Nara",2018,46,10.8372617419867
"10378","Nara",2018,47,7.50904971636075
"10379","Nara",2018,48,9.46051005986499
"10380","Nara",2018,49,10.520216921933
"10381","Nara",2018,50,3.26337343631018
"10382","Nara",2018,51,7.15919731310519
"10383","Nara",2018,52,3.63962824214832
"10384","Nara",2019,1,2.48736221368063
"10385","Nara",2019,2,2.49826461730609
"10386","Nara",2019,3,3.31303861102517
"10387","Nara",2019,4,2.83976598786733
"10388","Nara",2019,5,1.85779427892628
"10389","Nara",2019,6,5.4908721523448
"10390","Nara",2019,7,2.47150542282505
"10391","Nara",2019,8,5.83594807103641
"10392","Nara",2019,9,7.02969445960525
"10393","Nara",2019,10,6.89016957064861
"10394","Nara",2019,11,6.14304638341963
"10395","Nara",2019,12,7.97392351416882
"10396","Nara",2019,13,9.24001164918512
"10397","Nara",2019,14,7.07900488375706
"10398","Nara",2019,15,9.72745202216004
"10399","Nara",2019,16,12.4922804777553
"10400","Nara",2019,17,15.7056314956738
"10401","Nara",2019,18,14.5906343730755
"10402","Nara",2019,19,14.8990656924466
"10403","Nara",2019,20,17.5870019244452
"10404","Nara",2019,21,19.0293304775155
"10405","Nara",2019,22,19.2041511469952
"10406","Nara",2019,23,20.165839889309
"10407","Nara",2019,24,18.8180981365112
"10408","Nara",2019,25,20.6180518444438
"10409","Nara",2019,26,22.4370227512922
"10410","Nara",2019,27,21.8908489245413
"10411","Nara",2019,28,21.9606775108243
"10412","Nara",2019,29,23.3039678809536
"10413","Nara",2019,30,25.0624011570601
"10414","Nara",2019,31,27.4506740792379
"10415","Nara",2019,32,27.1002674630439
"10416","Nara",2019,33,26.7331848394853
"10417","Nara",2019,34,25.3926595246391
"10418","Nara",2019,35,23.3931490516487
"10419","Nara",2019,36,25.2482718914182
"10420","Nara",2019,37,24.9995604936543
"10421","Nara",2019,38,21.6766432579286
"10422","Nara",2019,39,21.9763499700094
"10423","Nara",2019,40,22.1361326112511
"10424","Nara",2019,41,19.0754287105445
"10425","Nara",2019,42,16.9730960690607
"10426","Nara",2019,43,16.3742219778623
"10427","Nara",2019,44,13.7777219789565
"10428","Nara",2019,45,10.9201116702
"10429","Nara",2019,46,10.6111085096325
"10430","Nara",2019,47,10.6560606366144
"10431","Nara",2019,48,8.50901789837887
"10432","Nara",2019,49,5.77361866760843
"10433","Nara",2019,50,6.24416303313373
"10434","Nara",2019,51,7.39071145467681
"10435","Nara",2019,52,5.00357988246801
"10436","Nara",2020,1,5.2649004128634
"10437","Nara",2020,2,5.35082850471115
"10438","Nara",2020,3,3.28691279580032
"10439","Nara",2020,4,5.72089538630566
"10440","Nara",2020,5,5.6233796040546
"10441","Nara",2020,6,2.56436700001819
"10442","Nara",2020,7,6.19363114356464
"10443","Nara",2020,8,5.04235017780935
"10444","Nara",2020,9,5.73005272281211
"10445","Niigata",2013,1,-1.66858626079431
"10446","Niigata",2013,2,-0.945454973649151
"10447","Niigata",2013,3,-0.00958949594170084
"10448","Niigata",2013,4,0.334437546339911
"10449","Niigata",2013,5,1.10263569910786
"10450","Niigata",2013,6,-0.559504175084872
"10451","Niigata",2013,7,-1.05460067416352
"10452","Niigata",2013,8,-1.61221171886184
"10453","Niigata",2013,9,0.103951144943762
"10454","Niigata",2013,10,4.2429035178571
"10455","Niigata",2013,11,2.07165305536456
"10456","Niigata",2013,12,5.59090049602103
"10457","Niigata",2013,13,4.45606379705678
"10458","Niigata",2013,14,8.27723963619111
"10459","Niigata",2013,15,5.73926232272208
"10460","Niigata",2013,16,8.85431928083783
"10461","Niigata",2013,17,8.33506479212814
"10462","Niigata",2013,18,9.45123208422573
"10463","Niigata",2013,19,12.1280575186482
"10464","Niigata",2013,20,14.9894586608415
"10465","Niigata",2013,21,16.7550218692931
"10466","Niigata",2013,22,19.0954432097053
"10467","Niigata",2013,23,18.0643343591782
"10468","Niigata",2013,24,22.1321699247772
"10469","Niigata",2013,25,19.9075686859745
"10470","Niigata",2013,26,20.7532963350223
"10471","Niigata",2013,27,23.2256396914998
"10472","Niigata",2013,28,24.4252775096649
"10473","Niigata",2013,29,21.7593497040184
"10474","Niigata",2013,30,23.482797456156
"10475","Niigata",2013,31,23.2858727713321
"10476","Niigata",2013,32,25.8873534749592
"10477","Niigata",2013,33,26.5413543172972
"10478","Niigata",2013,34,24.7176216027779
"10479","Niigata",2013,35,23.5463016137032
"10480","Niigata",2013,36,21.9909727528292
"10481","Niigata",2013,37,22.5705672565119
"10482","Niigata",2013,38,19.9807798098507
"10483","Niigata",2013,39,18.971986144712
"10484","Niigata",2013,40,19.1574202509499
"10485","Niigata",2013,41,21.0585614126382
"10486","Niigata",2013,42,13.85759838751
"10487","Niigata",2013,43,14.5260048151046
"10488","Niigata",2013,44,11.9790839826158
"10489","Niigata",2013,45,11.3505563733352
"10490","Niigata",2013,46,5.64111531286743
"10491","Niigata",2013,47,6.74308266088134
"10492","Niigata",2013,48,5.99034682721732
"10493","Niigata",2013,49,5.39335463562875
"10494","Niigata",2013,50,2.45305786813128
"10495","Niigata",2013,51,2.16142689245219
"10496","Niigata",2013,52,0.795273779358516
"10497","Niigata",2014,1,1.32265515634836
"10498","Niigata",2014,2,-0.647467539477816
"10499","Niigata",2014,3,-1.72850925593766
"10500","Niigata",2014,4,0.435717500470982
"10501","Niigata",2014,5,0.706218184108699
"10502","Niigata",2014,6,-1.345777595503
"10503","Niigata",2014,7,-0.678251318341381
"10504","Niigata",2014,8,-0.564176777582661
"10505","Niigata",2014,9,2.87348337591818
"10506","Niigata",2014,10,-0.223589185145378
"10507","Niigata",2014,11,1.62600173191229
"10508","Niigata",2014,12,4.02279692002903
"10509","Niigata",2014,13,8.61168377569843
"10510","Niigata",2014,14,6.87073299582137
"10511","Niigata",2014,15,6.58684975441159
"10512","Niigata",2014,16,8.59645676795258
"10513","Niigata",2014,17,10.5813795238795
"10514","Niigata",2014,18,14.5064870570913
"10515","Niigata",2014,19,12.4998174175456
"10516","Niigata",2014,20,15.4325954356377
"10517","Niigata",2014,21,14.5058111275749
"10518","Niigata",2014,22,19.6427752372726
"10519","Niigata",2014,23,21.445226992197
"10520","Niigata",2014,24,19.6319385496676
"10521","Niigata",2014,25,19.949948428451
"10522","Niigata",2014,26,20.6763712652783
"10523","Niigata",2014,27,21.2370110951452
"10524","Niigata",2014,28,23.2163318327708
"10525","Niigata",2014,29,22.5237789653235
"10526","Niigata",2014,30,24.9953481891636
"10527","Niigata",2014,31,25.3014569560661
"10528","Niigata",2014,32,25.456996954299
"10529","Niigata",2014,33,23.6958071530332
"10530","Niigata",2014,34,25.1915569237302
"10531","Niigata",2014,35,21.6039101130546
"10532","Niigata",2014,36,22.6332696132112
"10533","Niigata",2014,37,20.0590453539435
"10534","Niigata",2014,38,17.992876772564
"10535","Niigata",2014,39,18.4273977066889
"10536","Niigata",2014,40,18.2848970598591
"10537","Niigata",2014,41,15.0305547345091
"10538","Niigata",2014,42,13.8471561059307
"10539","Niigata",2014,43,13.2788814208332
"10540","Niigata",2014,44,12.7796213526601
"10541","Niigata",2014,45,10.8120587653579
"10542","Niigata",2014,46,8.72667129387436
"10543","Niigata",2014,47,6.91681814839689
"10544","Niigata",2014,48,9.13788700717892
"10545","Niigata",2014,49,4.11696731885616
"10546","Niigata",2014,50,1.29977250775216
"10547","Niigata",2014,51,0.174293678778538
"10548","Niigata",2014,52,0.567570221564876
"10549","Niigata",2015,1,1.01323689678802
"10550","Niigata",2015,2,0.989083542254694
"10551","Niigata",2015,3,0.687608794849008
"10552","Niigata",2015,4,0.654465963796546
"10553","Niigata",2015,5,0.264093065455151
"10554","Niigata",2015,6,-0.229932868217004
"10555","Niigata",2015,7,1.96004992563368
"10556","Niigata",2015,8,3.55980810785571
"10557","Niigata",2015,9,3.2380353945709
"10558","Niigata",2015,10,1.98516673346003
"10559","Niigata",2015,11,6.63623673431567
"10560","Niigata",2015,12,4.64729704507647
"10561","Niigata",2015,13,9.05848014728138
"10562","Niigata",2015,14,6.23068894015943
"10563","Niigata",2015,15,10.0369103535761
"10564","Niigata",2015,16,12.0045614234146
"10565","Niigata",2015,17,16.9333177479485
"10566","Niigata",2015,18,15.6182678500482
"10567","Niigata",2015,19,16.1896751910063
"10568","Niigata",2015,20,16.7592192799635
"10569","Niigata",2015,21,19.8700583511923
"10570","Niigata",2015,22,17.2835491112124
"10571","Niigata",2015,23,19.9477621069011
"10572","Niigata",2015,24,20.834490575172
"10573","Niigata",2015,25,20.7036726927289
"10574","Niigata",2015,26,19.8089230090922
"10575","Niigata",2015,27,20.9004514693372
"10576","Niigata",2015,28,25.4191646328311
"10577","Niigata",2015,29,25.5569775408133
"10578","Niigata",2015,30,26.4129636979549
"10579","Niigata",2015,31,27.3594964482831
"10580","Niigata",2015,32,25.1667918475037
"10581","Niigata",2015,33,23.6211120669424
"10582","Niigata",2015,34,22.3703753156109
"10583","Niigata",2015,35,21.4825095172375
"10584","Niigata",2015,36,20.3236704915684
"10585","Niigata",2015,37,18.7909898854863
"10586","Niigata",2015,38,18.5886450569906
"10587","Niigata",2015,39,17.2799846440745
"10588","Niigata",2015,40,14.8243831854614
"10589","Niigata",2015,41,13.8858534442162
"10590","Niigata",2015,42,14.3289546117344
"10591","Niigata",2015,43,11.3924890669811
"10592","Niigata",2015,44,11.5044262896766
"10593","Niigata",2015,45,11.7298074778787
"10594","Niigata",2015,46,11.5155971677945
"10595","Niigata",2015,47,7.1517330425283
"10596","Niigata",2015,48,6.064502511011
"10597","Niigata",2015,49,5.68721884047974
"10598","Niigata",2015,50,5.34311995274332
"10599","Niigata",2015,51,4.58207815314214
"10600","Niigata",2015,52,1.18436250333711
"10601","Niigata",2016,1,3.31693575806655
"10602","Niigata",2016,2,-1.10558776592671
"10603","Niigata",2016,3,0.00114401273028121
"10604","Niigata",2016,4,0.625583631726784
"10605","Niigata",2016,5,0.257051601019076
"10606","Niigata",2016,6,1.40705643587576
"10607","Niigata",2016,7,1.97534636057896
"10608","Niigata",2016,8,0.678341076329332
"10609","Niigata",2016,9,2.95605649245615
"10610","Niigata",2016,10,3.84607279276391
"10611","Niigata",2016,11,6.06589469304696
"10612","Niigata",2016,12,3.78265437441723
"10613","Niigata",2016,13,9.17849015866061
"10614","Niigata",2016,14,10.5928556050657
"10615","Niigata",2016,15,9.67844399886915
"10616","Niigata",2016,16,12.5993124263392
"10617","Niigata",2016,17,11.935769625614
"10618","Niigata",2016,18,15.9312279950911
"10619","Niigata",2016,19,15.5530219628082
"10620","Niigata",2016,20,17.0210425666684
"10621","Niigata",2016,21,19.0945484538956
"10622","Niigata",2016,22,17.3934473271858
"10623","Niigata",2016,23,19.8565030250611
"10624","Niigata",2016,24,21.0290479953759
"10625","Niigata",2016,25,21.0343107636788
"10626","Niigata",2016,26,21.7161159924334
"10627","Niigata",2016,27,21.932221837563
"10628","Niigata",2016,28,23.040912992708
"10629","Niigata",2016,29,22.8833927675264
"10630","Niigata",2016,30,25.1591377311502
"10631","Niigata",2016,31,25.8154411330568
"10632","Niigata",2016,32,25.2677250280427
"10633","Niigata",2016,33,25.7416584112261
"10634","Niigata",2016,34,24.6370978328969
"10635","Niigata",2016,35,24.4397903429602
"10636","Niigata",2016,36,24.0373524915201
"10637","Niigata",2016,37,21.7812045496328
"10638","Niigata",2016,38,18.9532984931682
"10639","Niigata",2016,39,20.3753424068568
"10640","Niigata",2016,40,19.3830666020822
"10641","Niigata",2016,41,12.8288709433487
"10642","Niigata",2016,42,15.5133132444586
"10643","Niigata",2016,43,11.5052773300223
"10644","Niigata",2016,44,9.37926896486254
"10645","Niigata",2016,45,7.38277159147088
"10646","Niigata",2016,46,9.13614415675458
"10647","Niigata",2016,47,6.72737760281806
"10648","Niigata",2016,48,6.67253822480287
"10649","Niigata",2016,49,4.81703459621168
"10650","Niigata",2016,50,1.67088804689897
"10651","Niigata",2016,51,5.79787312201668
"10652","Niigata",2016,52,1.71201065023523
"10653","Niigata",2017,1,2.24128308441314
"10654","Niigata",2017,2,0.249521556258263
"10655","Niigata",2017,3,0.2709694933737
"10656","Niigata",2017,4,0.0758025927149625
"10657","Niigata",2017,5,1.34434413724904
"10658","Niigata",2017,6,0.60725796561165
"10659","Niigata",2017,7,1.64078719974129
"10660","Niigata",2017,8,1.06039839923908
"10661","Niigata",2017,9,2.41424877831219
"10662","Niigata",2017,10,1.70560284697741
"10663","Niigata",2017,11,3.94945520385948
"10664","Niigata",2017,12,3.8527090991666
"10665","Niigata",2017,13,4.47804175113246
"10666","Niigata",2017,14,8.62666348756103
"10667","Niigata",2017,15,8.02686576702443
"10668","Niigata",2017,16,11.1048317773013
"10669","Niigata",2017,17,11.1697416914319
"10670","Niigata",2017,18,14.3331291574621
"10671","Niigata",2017,19,15.2114960673359
"10672","Niigata",2017,20,15.7904200032591
"10673","Niigata",2017,21,18.4622420657921
"10674","Niigata",2017,22,17.4626195288514
"10675","Niigata",2017,23,16.3174688579606
"10676","Niigata",2017,24,16.0134793247997
"10677","Niigata",2017,25,19.9026496573841
"10678","Niigata",2017,26,20.5821738847937
"10679","Niigata",2017,27,22.6810414003411
"10680","Niigata",2017,28,26.1067092087673
"10681","Niigata",2017,29,25.1405627407583
"10682","Niigata",2017,30,23.9767154489657
"10683","Niigata",2017,31,25.3790736060381
"10684","Niigata",2017,32,25.9164866747385
"10685","Niigata",2017,33,23.7355047534099
"10686","Niigata",2017,34,24.891021860336
"10687","Niigata",2017,35,21.7472027431602
"10688","Niigata",2017,36,20.6481723234292
"10689","Niigata",2017,37,20.3751745316499
"10690","Niigata",2017,38,20.0921975014112
"10691","Niigata",2017,39,18.1274817103004
"10692","Niigata",2017,40,16.1679629236155
"10693","Niigata",2017,41,17.3303723984782
"10694","Niigata",2017,42,12.8883600571684
"10695","Niigata",2017,43,12.7100869689521
"10696","Niigata",2017,44,11.1668709074954
"10697","Niigata",2017,45,10.4351034029546
"10698","Niigata",2017,46,7.02026718382928
"10699","Niigata",2017,47,2.7351056247422
"10700","Niigata",2017,48,4.56045433286642
"10701","Niigata",2017,49,2.71967604723144
"10702","Niigata",2017,50,1.51117442958688
"10703","Niigata",2017,51,0.721692980751966
"10704","Niigata",2017,52,0.848181128268071
"10705","Niigata",2018,1,0.666912421925864
"10706","Niigata",2018,2,-0.493262105221553
"10707","Niigata",2018,3,2.10559771288134
"10708","Niigata",2018,4,-2.36106021477553
"10709","Niigata",2018,5,-0.922458084747404
"10710","Niigata",2018,6,-0.926689234085075
"10711","Niigata",2018,7,-0.674393924527546
"10712","Niigata",2018,8,-0.557326633823176
"10713","Niigata",2018,9,2.35783814900549
"10714","Niigata",2018,10,3.26468969212987
"10715","Niigata",2018,11,5.02238498753061
"10716","Niigata",2018,12,4.69660524916501
"10717","Niigata",2018,13,8.80784102382324
"10718","Niigata",2018,14,9.81530745792961
"10719","Niigata",2018,15,8.7670397882889
"10720","Niigata",2018,16,11.6188935476533
"10721","Niigata",2018,17,13.5580284607348
"10722","Niigata",2018,18,15.2668603010885
"10723","Niigata",2018,19,13.5550693728848
"10724","Niigata",2018,20,16.8809603109787
"10725","Niigata",2018,21,16.3580502460045
"10726","Niigata",2018,22,17.8974608323107
"10727","Niigata",2018,23,20.5241744442367
"10728","Niigata",2018,24,16.7252467819678
"10729","Niigata",2018,25,20.4092121879906
"10730","Niigata",2018,26,23.6832873401867
"10731","Niigata",2018,27,23.9614233946946
"10732","Niigata",2018,28,24.6578761811717
"10733","Niigata",2018,29,27.1520988390517
"10734","Niigata",2018,30,27.3747588551051
"10735","Niigata",2018,31,27.7102116473778
"10736","Niigata",2018,32,25.0731981780312
"10737","Niigata",2018,33,23.6042798603128
"10738","Niigata",2018,34,27.0719120390394
"10739","Niigata",2018,35,22.9964197107086
"10740","Niigata",2018,36,23.1759263060957
"10741","Niigata",2018,37,20.5083427625833
"10742","Niigata",2018,38,19.3163983261847
"10743","Niigata",2018,39,17.875739985234
"10744","Niigata",2018,40,19.5253195738056
"10745","Niigata",2018,41,16.6628902140424
"10746","Niigata",2018,42,13.746057768396
"10747","Niigata",2018,43,13.6577909319784
"10748","Niigata",2018,44,10.359369328988
"10749","Niigata",2018,45,13.6030683782282
"10750","Niigata",2018,46,9.74328933080357
"10751","Niigata",2018,47,6.5494549315425
"10752","Niigata",2018,48,7.68433976335673
"10753","Niigata",2018,49,7.48726712798744
"10754","Niigata",2018,50,0.908635595809033
"10755","Niigata",2018,51,4.23556803559039
"10756","Niigata",2018,52,1.26948969888548
"10757","Niigata",2019,1,0.658905939447193
"10758","Niigata",2019,2,0.447398624743268
"10759","Niigata",2019,3,0.709990609061947
"10760","Niigata",2019,4,-0.208382262722856
"10761","Niigata",2019,5,0.5940702582049
"10762","Niigata",2019,6,1.38372194741974
"10763","Niigata",2019,7,-1.0596768498732
"10764","Niigata",2019,8,3.2427531703069
"10765","Niigata",2019,9,3.73565307921797
"10766","Niigata",2019,10,4.66183319995417
"10767","Niigata",2019,11,4.62229587367655
"10768","Niigata",2019,12,5.80016535616673
"10769","Niigata",2019,13,5.04383510472677
"10770","Niigata",2019,14,5.12003354844604
"10771","Niigata",2019,15,5.85614093404456
"10772","Niigata",2019,16,10.4576521383916
"10773","Niigata",2019,17,12.0213263568425
"10774","Niigata",2019,18,12.173456904563
"10775","Niigata",2019,19,14.4450837197806
"10776","Niigata",2019,20,16.7328875683788
"10777","Niigata",2019,21,18.5970884185767
"10778","Niigata",2019,22,19.0035585975669
"10779","Niigata",2019,23,19.4784581708174
"10780","Niigata",2019,24,18.2661669412411
"10781","Niigata",2019,25,18.6535850552197
"10782","Niigata",2019,26,20.7224480186314
"10783","Niigata",2019,27,21.9740456501978
"10784","Niigata",2019,28,21.4825094372469
"10785","Niigata",2019,29,22.9945961835429
"10786","Niigata",2019,30,25.7990646722239
"10787","Niigata",2019,31,27.1070458895213
"10788","Niigata",2019,32,27.7262603413073
"10789","Niigata",2019,33,28.3840522564678
"10790","Niigata",2019,34,24.4409644481439
"10791","Niigata",2019,35,22.69988202959
"10792","Niigata",2019,36,23.8050648819877
"10793","Niigata",2019,37,23.5038751968852
"10794","Niigata",2019,38,20.0504940276728
"10795","Niigata",2019,39,19.9323156962439
"10796","Niigata",2019,40,20.6209444338905
"10797","Niigata",2019,41,17.2975841010018
"10798","Niigata",2019,42,14.1823308605073
"10799","Niigata",2019,43,15.1253051383091
"10800","Niigata",2019,44,12.5635747223774
"10801","Niigata",2019,45,10.0720930746679
"10802","Niigata",2019,46,9.94128327008418
"10803","Niigata",2019,47,8.28275605420012
"10804","Niigata",2019,48,5.71453594391866
"10805","Niigata",2019,49,4.01173625523109
"10806","Niigata",2019,50,4.2704175870143
"10807","Niigata",2019,51,4.45649140931546
"10808","Niigata",2019,52,3.50422205370371
"10809","Niigata",2020,1,2.43144625529767
"10810","Niigata",2020,2,3.28913128172928
"10811","Niigata",2020,3,2.12205624674385
"10812","Niigata",2020,4,2.51024829013574
"10813","Niigata",2020,5,3.6973717313568
"10814","Niigata",2020,6,-0.323317719421547
"10815","Niigata",2020,7,3.19816067681998
"10816","Niigata",2020,8,3.74847133831893
"10817","Niigata",2020,9,3.40966673131413
"10818","Oita",2013,1,2.39334245219396
"10819","Oita",2013,2,3.57990686669639
"10820","Oita",2013,3,3.37120935335378
"10821","Oita",2013,4,4.94183523450395
"10822","Oita",2013,5,5.85924813643828
"10823","Oita",2013,6,5.69760677659911
"10824","Oita",2013,7,4.46347852251594
"10825","Oita",2013,8,5.24299058053225
"10826","Oita",2013,9,7.31016849889769
"10827","Oita",2013,10,10.9887726310184
"10828","Oita",2013,11,9.37987110319131
"10829","Oita",2013,12,12.0814685803493
"10830","Oita",2013,13,11.2233723632312
"10831","Oita",2013,14,12.7854614427115
"10832","Oita",2013,15,10.118970780297
"10833","Oita",2013,16,14.9047843560088
"10834","Oita",2013,17,13.5118093617745
"10835","Oita",2013,18,14.4613387388964
"10836","Oita",2013,19,17.5779482443563
"10837","Oita",2013,20,19.6204136914387
"10838","Oita",2013,21,21.5394404260931
"10839","Oita",2013,22,20.9187896117339
"10840","Oita",2013,23,20.7731068710719
"10841","Oita",2013,24,23.1074009598608
"10842","Oita",2013,25,24.2772011842848
"10843","Oita",2013,26,21.716983873388
"10844","Oita",2013,27,25.4103015158561
"10845","Oita",2013,28,28.3548834449819
"10846","Oita",2013,29,27.9219540435857
"10847","Oita",2013,30,28.8982354326246
"10848","Oita",2013,31,28.8846181670014
"10849","Oita",2013,32,29.1701295756457
"10850","Oita",2013,33,29.2940314761863
"10851","Oita",2013,34,28.9839054272586
"10852","Oita",2013,35,25.9531600384729
"10853","Oita",2013,36,22.12700178438
"10854","Oita",2013,37,25.5443807280874
"10855","Oita",2013,38,23.1238082569209
"10856","Oita",2013,39,22.5260058441151
"10857","Oita",2013,40,21.7023063131587
"10858","Oita",2013,41,22.8811593421063
"10859","Oita",2013,42,17.3505910854469
"10860","Oita",2013,43,17.369284820696
"10861","Oita",2013,44,14.8624933894278
"10862","Oita",2013,45,15.3142033974141
"10863","Oita",2013,46,11.2838357703528
"10864","Oita",2013,47,8.28417333997925
"10865","Oita",2013,48,8.22571093083294
"10866","Oita",2013,49,7.53791049126902
"10867","Oita",2013,50,6.3153443154588
"10868","Oita",2013,51,4.9780960306726
"10869","Oita",2013,52,4.39903743079924
"10870","Oita",2014,1,6.3171172827189
"10871","Oita",2014,2,4.51409309778136
"10872","Oita",2014,3,3.74068815946673
"10873","Oita",2014,4,4.81437954020439
"10874","Oita",2014,5,8.30496198232766
"10875","Oita",2014,6,5.59670654623053
"10876","Oita",2014,7,3.1906008606167
"10877","Oita",2014,8,3.79028859754851
"10878","Oita",2014,9,8.91517354316168
"10879","Oita",2014,10,6.05128395804108
"10880","Oita",2014,11,6.9895712923683
"10881","Oita",2014,12,10.5790541205284
"10882","Oita",2014,13,14.3389615907682
"10883","Oita",2014,14,11.504997437866
"10884","Oita",2014,15,12.5302011999899
"10885","Oita",2014,16,14.2107823190093
"10886","Oita",2014,17,15.0503269463182
"10887","Oita",2014,18,16.7080363822908
"10888","Oita",2014,19,16.4176190255555
"10889","Oita",2014,20,18.8509011757019
"10890","Oita",2014,21,19.4776444206791
"10891","Oita",2014,22,22.2434347654492
"10892","Oita",2014,23,20.5070420114175
"10893","Oita",2014,24,21.7571539907785
"10894","Oita",2014,25,20.6951932427981
"10895","Oita",2014,26,21.4220039326746
"10896","Oita",2014,27,22.7825050911907
"10897","Oita",2014,28,24.9641652632412
"10898","Oita",2014,29,26.1596411650356
"10899","Oita",2014,30,28.2516604211511
"10900","Oita",2014,31,25.9249949170609
"10901","Oita",2014,32,25.4987125015234
"10902","Oita",2014,33,25.7563197883332
"10903","Oita",2014,34,26.4631578603776
"10904","Oita",2014,35,24.315380897374
"10905","Oita",2014,36,24.3376136398531
"10906","Oita",2014,37,23.2523073440225
"10907","Oita",2014,38,20.8059806680082
"10908","Oita",2014,39,21.6935479726381
"10909","Oita",2014,40,21.5037899217008
"10910","Oita",2014,41,19.4748743168328
"10911","Oita",2014,42,16.3901240386909
"10912","Oita",2014,43,17.7467717324854
"10913","Oita",2014,44,16.5674561936987
"10914","Oita",2014,45,13.3616463284234
"10915","Oita",2014,46,11.4511067645604
"10916","Oita",2014,47,10.5718228185678
"10917","Oita",2014,48,13.3667841337484
"10918","Oita",2014,49,6.16411712306431
"10919","Oita",2014,50,6.0456218060099
"10920","Oita",2014,51,3.45390000530277
"10921","Oita",2014,52,3.98006307493303
"10922","Oita",2015,1,5.62441827817487
"10923","Oita",2015,2,5.8211552092285
"10924","Oita",2015,3,5.56739957165787
"10925","Oita",2015,4,5.75550526851505
"10926","Oita",2015,5,3.91234847011293
"10927","Oita",2015,6,3.48919147463689
"10928","Oita",2015,7,6.94321518275401
"10929","Oita",2015,8,7.33062425861002
"10930","Oita",2015,9,5.7221297282247
"10931","Oita",2015,10,6.23809929699007
"10932","Oita",2015,11,12.4237842194311
"10933","Oita",2015,12,9.6349489517207
"10934","Oita",2015,13,16.4014056522029
"10935","Oita",2015,14,12.9528683616484
"10936","Oita",2015,15,13.9287491801543
"10937","Oita",2015,16,15.8413826245633
"10938","Oita",2015,17,18.4176486239948
"10939","Oita",2015,18,17.6865704899031
"10940","Oita",2015,19,19.1001620270016
"10941","Oita",2015,20,19.270065604456
"10942","Oita",2015,21,21.5829079146495
"10943","Oita",2015,22,20.4805914218727
"10944","Oita",2015,23,21.0107677827782
"10945","Oita",2015,24,20.5641620795804
"10946","Oita",2015,25,21.6865891548326
"10947","Oita",2015,26,21.6850494635299
"10948","Oita",2015,27,23.6311525365889
"10949","Oita",2015,28,24.4964603906033
"10950","Oita",2015,29,25.9479160865011
"10951","Oita",2015,30,28.4637173767385
"10952","Oita",2015,31,28.0557978983107
"10953","Oita",2015,32,26.7459918829984
"10954","Oita",2015,33,25.765951705463
"10955","Oita",2015,34,24.3200901632039
"10956","Oita",2015,35,23.2811721824034
"10957","Oita",2015,36,21.7628653085191
"10958","Oita",2015,37,20.6123375926596
"10959","Oita",2015,38,22.0965301954243
"10960","Oita",2015,39,20.7603843142057
"10961","Oita",2015,40,17.3079485087972
"10962","Oita",2015,41,16.0773893272911
"10963","Oita",2015,42,17.9353029546317
"10964","Oita",2015,43,14.3791037100614
"10965","Oita",2015,44,15.2276099025294
"10966","Oita",2015,45,16.6308899662378
"10967","Oita",2015,46,15.940123969172
"10968","Oita",2015,47,11.1426472161704
"10969","Oita",2015,48,9.24127636266757
"10970","Oita",2015,49,10.2499832291192
"10971","Oita",2015,50,7.26019250361408
"10972","Oita",2015,51,9.137998125181
"10973","Oita",2015,52,5.63507658451792
"10974","Oita",2016,1,7.13007615832908
"10975","Oita",2016,2,4.64229186381137
"10976","Oita",2016,3,2.6685056904011
"10977","Oita",2016,4,3.8230134310357
"10978","Oita",2016,5,4.56800458123123
"10979","Oita",2016,6,8.16679131472008
"10980","Oita",2016,7,5.11992698584688
"10981","Oita",2016,8,4.88793781184791
"10982","Oita",2016,9,8.30137482552968
"10983","Oita",2016,10,9.71997804840829
"10984","Oita",2016,11,9.90368220194583
"10985","Oita",2016,12,8.97235448561693
"10986","Oita",2016,13,12.2174760358922
"10987","Oita",2016,14,15.5618799196399
"10988","Oita",2016,15,15.389844227727
"10989","Oita",2016,16,15.5781201415871
"10990","Oita",2016,17,15.9652214429229
"10991","Oita",2016,18,18.759743521971
"10992","Oita",2016,19,18.5517380365551
"10993","Oita",2016,20,19.0307609821982
"10994","Oita",2016,21,21.4161256832574
"10995","Oita",2016,22,20.3840654888161
"10996","Oita",2016,23,21.9727597801664
"10997","Oita",2016,24,23.0917847505105
"10998","Oita",2016,25,23.7703106316741
"10999","Oita",2016,26,23.2969204874842
"11000","Oita",2016,27,26.7834972901582
"11001","Oita",2016,28,26.2803844928095
"11002","Oita",2016,29,26.6537316722796
"11003","Oita",2016,30,27.0911323557053
"11004","Oita",2016,31,27.5850683840236
"11005","Oita",2016,32,28.7669468812776
"11006","Oita",2016,33,28.4760456015875
"11007","Oita",2016,34,27.4004576592152
"11008","Oita",2016,35,23.8953891614102
"11009","Oita",2016,36,25.0937725630513
"11010","Oita",2016,37,24.643206360663
"11011","Oita",2016,38,22.247123896026
"11012","Oita",2016,39,24.5736032514339
"11013","Oita",2016,40,24.1155505064666
"11014","Oita",2016,41,17.8201759660801
"11015","Oita",2016,42,20.1391027999733
"11016","Oita",2016,43,18.1507768577335
"11017","Oita",2016,44,12.4252761907442
"11018","Oita",2016,45,12.4604720977194
"11019","Oita",2016,46,14.9474725940018
"11020","Oita",2016,47,12.0433066112687
"11021","Oita",2016,48,9.5280458935283
"11022","Oita",2016,49,8.41182736099676
"11023","Oita",2016,50,6.76679141168448
"11024","Oita",2016,51,9.74498782238717
"11025","Oita",2016,52,6.41453174777513
"11026","Oita",2017,1,7.15450944609327
"11027","Oita",2017,2,5.34628482316759
"11028","Oita",2017,3,3.74875992048213
"11029","Oita",2017,4,3.01290919360708
"11030","Oita",2017,5,6.56554918628515
"11031","Oita",2017,6,3.97941836272751
"11032","Oita",2017,7,6.10363769962727
"11033","Oita",2017,8,6.7577553419412
"11034","Oita",2017,9,6.80122995551787
"11035","Oita",2017,10,6.76903647566502
"11036","Oita",2017,11,8.023291415082
"11037","Oita",2017,12,8.54800251989215
"11038","Oita",2017,13,9.17053354279558
"11039","Oita",2017,14,13.8811029809408
"11040","Oita",2017,15,14.4519097701879
"11041","Oita",2017,16,16.044602624584
"11042","Oita",2017,17,15.4203425160735
"11043","Oita",2017,18,18.9948737769769
"11044","Oita",2017,19,18.286728594643
"11045","Oita",2017,20,18.7150006866027
"11046","Oita",2017,21,19.8965390639413
"11047","Oita",2017,22,21.9907152791804
"11048","Oita",2017,23,20.485619147386
"11049","Oita",2017,24,21.047482387624
"11050","Oita",2017,25,22.5213796150925
"11051","Oita",2017,26,24.1409866298776
"11052","Oita",2017,27,26.2788303595655
"11053","Oita",2017,28,27.4829232144892
"11054","Oita",2017,29,27.7648916095287
"11055","Oita",2017,30,28.3118100627981
"11056","Oita",2017,31,28.143873161638
"11057","Oita",2017,32,27.6302862144123
"11058","Oita",2017,33,27.0453827875329
"11059","Oita",2017,34,27.9047073161187
"11060","Oita",2017,35,25.444881751766
"11061","Oita",2017,36,23.63843375463
"11062","Oita",2017,37,22.9714103549708
"11063","Oita",2017,38,21.4936796831124
"11064","Oita",2017,39,20.4037244291635
"11065","Oita",2017,40,20.2527240587193
"11066","Oita",2017,41,21.4776021424636
"11067","Oita",2017,42,16.5621446492588
"11068","Oita",2017,43,15.5977666319725
"11069","Oita",2017,44,13.9301703444629
"11070","Oita",2017,45,14.0461883173998
"11071","Oita",2017,46,10.7510366019973
"11072","Oita",2017,47,6.61036962590143
"11073","Oita",2017,48,9.47188767273951
"11074","Oita",2017,49,5.27903437749118
"11075","Oita",2017,50,4.40673660927997
"11076","Oita",2017,51,3.59731256817547
"11077","Oita",2017,52,4.85107317502262
"11078","Oita",2018,1,3.98426208851559
"11079","Oita",2018,2,2.57761697942704
"11080","Oita",2018,3,6.32362877287919
"11081","Oita",2018,4,1.27132886113158
"11082","Oita",2018,5,1.93274803353371
"11083","Oita",2018,6,0.975707811496769
"11084","Oita",2018,7,3.4248384342041
"11085","Oita",2018,8,5.66660981262573
"11086","Oita",2018,9,7.91202577561994
"11087","Oita",2018,10,8.9719410573444
"11088","Oita",2018,11,10.6384727278042
"11089","Oita",2018,12,9.11478469393157
"11090","Oita",2018,13,13.9779070706551
"11091","Oita",2018,14,14.8748517382711
"11092","Oita",2018,15,15.5701511309993
"11093","Oita",2018,16,14.9800453027285
"11094","Oita",2018,17,16.4833314760811
"11095","Oita",2018,18,17.7127083289654
"11096","Oita",2018,19,16.7304417875841
"11097","Oita",2018,20,21.46581188657
"11098","Oita",2018,21,19.60559580344
"11099","Oita",2018,22,21.039582018411
"11100","Oita",2018,23,21.8166922869375
"11101","Oita",2018,24,20.7467416102995
"11102","Oita",2018,25,21.8210033016505
"11103","Oita",2018,26,25.6176964262567
"11104","Oita",2018,27,25.0742211713595
"11105","Oita",2018,28,27.1032061776423
"11106","Oita",2018,29,28.6273340242493
"11107","Oita",2018,30,28.6559928511451
"11108","Oita",2018,31,27.099148047484
"11109","Oita",2018,32,27.9566454337999
"11110","Oita",2018,33,26.7166406109463
"11111","Oita",2018,34,27.3456230336837
"11112","Oita",2018,35,27.292287500829
"11113","Oita",2018,36,24.583278997134
"11114","Oita",2018,37,23.1026784235551
"11115","Oita",2018,38,24.1032001521371
"11116","Oita",2018,39,20.4121302512223
"11117","Oita",2018,40,20.5633810643775
"11118","Oita",2018,41,17.9656486058132
"11119","Oita",2018,42,16.2549693057799
"11120","Oita",2018,43,15.394470277164
"11121","Oita",2018,44,12.6543719043843
"11122","Oita",2018,45,15.0843994340117
"11123","Oita",2018,46,11.9476741794436
"11124","Oita",2018,47,9.26378363954211
"11125","Oita",2018,48,11.509891456389
"11126","Oita",2018,49,11.5818270024806
"11127","Oita",2018,50,5.53272134034115
"11128","Oita",2018,51,9.04416219164038
"11129","Oita",2018,52,5.17023952405138
"11130","Oita",2019,1,4.27288326360684
"11131","Oita",2019,2,6.19952622997622
"11132","Oita",2019,3,5.93512046208345
"11133","Oita",2019,4,5.41811829385234
"11134","Oita",2019,5,5.33210939280951
"11135","Oita",2019,6,7.83759494788621
"11136","Oita",2019,7,5.01808289598053
"11137","Oita",2019,8,8.26303378454277
"11138","Oita",2019,9,8.55923037580036
"11139","Oita",2019,10,8.66602944097649
"11140","Oita",2019,11,8.75522499482292
"11141","Oita",2019,12,10.8937617684635
"11142","Oita",2019,13,12.0349783462478
"11143","Oita",2019,14,9.99289882763351
"11144","Oita",2019,15,13.0311809397423
"11145","Oita",2019,16,14.9726546593932
"11146","Oita",2019,17,17.3717698165481
"11147","Oita",2019,18,16.2772604316625
"11148","Oita",2019,19,17.3112746017727
"11149","Oita",2019,20,19.7577441408409
"11150","Oita",2019,21,20.4559427163119
"11151","Oita",2019,22,20.6097196860163
"11152","Oita",2019,23,21.9671066904971
"11153","Oita",2019,24,20.4076900520347
"11154","Oita",2019,25,22.2381932987923
"11155","Oita",2019,26,23.6232656348037
"11156","Oita",2019,27,22.8320851164094
"11157","Oita",2019,28,23.5864532713723
"11158","Oita",2019,29,24.7458154859178
"11159","Oita",2019,30,27.0942555387078
"11160","Oita",2019,31,28.4198673107244
"11161","Oita",2019,32,27.2489984819931
"11162","Oita",2019,33,27.4334915796086
"11163","Oita",2019,34,25.8483110866159
"11164","Oita",2019,35,23.1332728635815
"11165","Oita",2019,36,25.7281014194856
"11166","Oita",2019,37,26.671559239503
"11167","Oita",2019,38,22.8658392487029
"11168","Oita",2019,39,22.5721002964252
"11169","Oita",2019,40,23.6916586841561
"11170","Oita",2019,41,20.2252382834281
"11171","Oita",2019,42,17.6403311483836
"11172","Oita",2019,43,18.4749559871201
"11173","Oita",2019,44,15.6776529837551
"11174","Oita",2019,45,13.370569521994
"11175","Oita",2019,46,12.3871407491934
"11176","Oita",2019,47,11.8137456861839
"11177","Oita",2019,48,11.321432345556
"11178","Oita",2019,49,7.47931850942523
"11179","Oita",2019,50,7.533179876301
"11180","Oita",2019,51,9.67679983028228
"11181","Oita",2019,52,7.08337262184308
"11182","Oita",2020,1,6.41571406901414
"11183","Oita",2020,2,8.80153711206376
"11184","Oita",2020,3,4.86351678498487
"11185","Oita",2020,4,8.35399565074023
"11186","Oita",2020,5,7.26370463894648
"11187","Oita",2020,6,5.1094684015046
"11188","Oita",2020,7,9.48450526556084
"11189","Oita",2020,8,6.34247935303805
"11190","Oita",2020,9,8.87895112146554
"11191","Okayama",2013,1,1.99695957117298
"11192","Okayama",2013,2,3.68200475532003
"11193","Okayama",2013,3,3.43449537501571
"11194","Okayama",2013,4,4.0104906612246
"11195","Okayama",2013,5,5.62368305488064
"11196","Okayama",2013,6,4.58095948745073
"11197","Okayama",2013,7,3.46955568454306
"11198","Okayama",2013,8,3.40510973525206
"11199","Okayama",2013,9,5.65231541753625
"11200","Okayama",2013,10,10.120073949045
"11201","Okayama",2013,11,7.33569493080747
"11202","Okayama",2013,12,11.1185168793066
"11203","Okayama",2013,13,10.4882538903911
"11204","Okayama",2013,14,12.3477097072316
"11205","Okayama",2013,15,9.6157442218982
"11206","Okayama",2013,16,13.9439027322198
"11207","Okayama",2013,17,12.5871730752686
"11208","Okayama",2013,18,13.5016979618785
"11209","Okayama",2013,19,16.1869369158873
"11210","Okayama",2013,20,19.1853954078051
"11211","Okayama",2013,21,20.6582104733519
"11212","Okayama",2013,22,20.3186883430182
"11213","Okayama",2013,23,21.3387686836484
"11214","Okayama",2013,24,24.1124782924373
"11215","Okayama",2013,25,22.8303097945241
"11216","Okayama",2013,26,22.4846406176739
"11217","Okayama",2013,27,24.7354811716856
"11218","Okayama",2013,28,27.7100386374586
"11219","Okayama",2013,29,26.6072007624028
"11220","Okayama",2013,30,27.6348520178898
"11221","Okayama",2013,31,27.4163099257485
"11222","Okayama",2013,32,28.3986226141874
"11223","Okayama",2013,33,29.1582571828663
"11224","Okayama",2013,34,28.4845900753002
"11225","Okayama",2013,35,25.3504337074359
"11226","Okayama",2013,36,22.1079419280008
"11227","Okayama",2013,37,24.8873214368616
"11228","Okayama",2013,38,22.1880123757531
"11229","Okayama",2013,39,22.2737283778727
"11230","Okayama",2013,40,21.4150000387655
"11231","Okayama",2013,41,22.6726647520529
"11232","Okayama",2013,42,16.812477680782
"11233","Okayama",2013,43,17.158983850341
"11234","Okayama",2013,44,14.2715728085183
"11235","Okayama",2013,45,14.8071242597547
"11236","Okayama",2013,46,10.5980214089436
"11237","Okayama",2013,47,8.41653220227546
"11238","Okayama",2013,48,7.91152596444869
"11239","Okayama",2013,49,7.91442896431818
"11240","Okayama",2013,50,5.95259321899251
"11241","Okayama",2013,51,5.4680880436043
"11242","Okayama",2013,52,3.7343303793179
"11243","Okayama",2014,1,5.10624045576236
"11244","Okayama",2014,2,3.44385274483236
"11245","Okayama",2014,3,3.01597198203804
"11246","Okayama",2014,4,3.88782410240984
"11247","Okayama",2014,5,6.36880227310095
"11248","Okayama",2014,6,4.24693210360785
"11249","Okayama",2014,7,3.01091116243953
"11250","Okayama",2014,8,3.29328997747849
"11251","Okayama",2014,9,8.10293991806175
"11252","Okayama",2014,10,4.64392764174352
"11253","Okayama",2014,11,6.10450903892192
"11254","Okayama",2014,12,9.23305655274393
"11255","Okayama",2014,13,13.2613250363623
"11256","Okayama",2014,14,10.9114736210524
"11257","Okayama",2014,15,11.2542627697934
"11258","Okayama",2014,16,13.1370453995965
"11259","Okayama",2014,17,14.2798529379065
"11260","Okayama",2014,18,16.7031516751303
"11261","Okayama",2014,19,15.1152715397442
"11262","Okayama",2014,20,17.6120243340994
"11263","Okayama",2014,21,18.5490117823972
"11264","Okayama",2014,22,20.8676015103187
"11265","Okayama",2014,23,21.2268614824235
"11266","Okayama",2014,24,21.2667329438858
"11267","Okayama",2014,25,21.4528715330752
"11268","Okayama",2014,26,22.2998306751985
"11269","Okayama",2014,27,23.1561983657806
"11270","Okayama",2014,28,24.808884728497
"11271","Okayama",2014,29,25.3589731583062
"11272","Okayama",2014,30,27.7500551884594
"11273","Okayama",2014,31,26.5525870380772
"11274","Okayama",2014,32,25.4599893246125
"11275","Okayama",2014,33,25.1752116965176
"11276","Okayama",2014,34,26.0598595178568
"11277","Okayama",2014,35,24.2875593084676
"11278","Okayama",2014,36,24.2840033559188
"11279","Okayama",2014,37,22.7169004123276
"11280","Okayama",2014,38,20.5682174002148
"11281","Okayama",2014,39,21.5538731102062
"11282","Okayama",2014,40,21.4872648598495
"11283","Okayama",2014,41,19.013430470816
"11284","Okayama",2014,42,15.741007192052
"11285","Okayama",2014,43,16.456593630305
"11286","Okayama",2014,44,15.217901784192
"11287","Okayama",2014,45,13.3939014912073
"11288","Okayama",2014,46,10.5833224816936
"11289","Okayama",2014,47,10.1455245023988
"11290","Okayama",2014,48,12.7141878372078
"11291","Okayama",2014,49,6.12078993737966
"11292","Okayama",2014,50,4.94505999475561
"11293","Okayama",2014,51,2.43414306841933
"11294","Okayama",2014,52,3.60767310730606
"11295","Okayama",2015,1,5.01652739231272
"11296","Okayama",2015,2,4.68061148672881
"11297","Okayama",2015,3,5.2868844260973
"11298","Okayama",2015,4,4.629601459791
"11299","Okayama",2015,5,3.91524872454927
"11300","Okayama",2015,6,3.13421712333312
"11301","Okayama",2015,7,5.73755006573487
"11302","Okayama",2015,8,7.35890843619253
"11303","Okayama",2015,9,5.55541577398982
"11304","Okayama",2015,10,5.31003584123011
"11305","Okayama",2015,11,11.7329436339672
"11306","Okayama",2015,12,8.75753879949302
"11307","Okayama",2015,13,14.5739093669264
"11308","Okayama",2015,14,10.4916820276517
"11309","Okayama",2015,15,13.0550168040821
"11310","Okayama",2015,16,14.9437194712918
"11311","Okayama",2015,17,18.461880414022
"11312","Okayama",2015,18,17.8388632958798
"11313","Okayama",2015,19,17.8098770658326
"11314","Okayama",2015,20,18.6628487881381
"11315","Okayama",2015,21,21.7821064668633
"11316","Okayama",2015,22,19.4021989304515
"11317","Okayama",2015,23,21.0072754138646
"11318","Okayama",2015,24,21.2081773379879
"11319","Okayama",2015,25,22.2116534835417
"11320","Okayama",2015,26,21.544573379218
"11321","Okayama",2015,27,23.4293307249578
"11322","Okayama",2015,28,25.680584161066
"11323","Okayama",2015,29,25.9438807741894
"11324","Okayama",2015,30,27.7553847873815
"11325","Okayama",2015,31,28.5127829697319
"11326","Okayama",2015,32,26.4082740263813
"11327","Okayama",2015,33,25.1617634573002
"11328","Okayama",2015,34,24.7301382719853
"11329","Okayama",2015,35,23.1605843464584
"11330","Okayama",2015,36,21.5484160984375
"11331","Okayama",2015,37,20.4403170563183
"11332","Okayama",2015,38,21.1645289974976
"11333","Okayama",2015,39,19.9029886024252
"11334","Okayama",2015,40,17.2288315668842
"11335","Okayama",2015,41,16.0056265015147
"11336","Okayama",2015,42,17.326008266174
"11337","Okayama",2015,43,13.7052320966909
"11338","Okayama",2015,44,14.7762984841294
"11339","Okayama",2015,45,15.3297205745899
"11340","Okayama",2015,46,14.338283246374
"11341","Okayama",2015,47,9.95558405107849
"11342","Okayama",2015,48,8.80338077665701
"11343","Okayama",2015,49,9.68687133846679
"11344","Okayama",2015,50,7.47116225012696
"11345","Okayama",2015,51,8.27449908377248
"11346","Okayama",2015,52,5.17651897178932
"11347","Okayama",2016,1,6.6577055061954
"11348","Okayama",2016,2,4.32992962571345
"11349","Okayama",2016,3,2.69756987028108
"11350","Okayama",2016,4,3.25441886714662
"11351","Okayama",2016,5,4.41570239030814
"11352","Okayama",2016,6,6.76183207918827
"11353","Okayama",2016,7,5.49022225303307
"11354","Okayama",2016,8,4.73308572960479
"11355","Okayama",2016,9,7.88180217049567
"11356","Okayama",2016,10,9.12490329454979
"11357","Okayama",2016,11,9.42277528358714
"11358","Okayama",2016,12,7.8978862227408
"11359","Okayama",2016,13,12.3014730310107
"11360","Okayama",2016,14,14.263940776733
"11361","Okayama",2016,15,13.713949828007
"11362","Okayama",2016,16,15.0136002790689
"11363","Okayama",2016,17,14.9804770305603
"11364","Okayama",2016,18,17.6842275433981
"11365","Okayama",2016,19,17.250861402285
"11366","Okayama",2016,20,18.6493140022224
"11367","Okayama",2016,21,20.8683947367707
"11368","Okayama",2016,22,19.3602670207527
"11369","Okayama",2016,23,21.0450465855075
"11370","Okayama",2016,24,22.6724610463027
"11371","Okayama",2016,25,22.7127375291669
"11372","Okayama",2016,26,23.1505997804415
"11373","Okayama",2016,27,26.0803395207821
"11374","Okayama",2016,28,25.4218961378515
"11375","Okayama",2016,29,25.9175214128577
"11376","Okayama",2016,30,26.5858285281195
"11377","Okayama",2016,31,27.5905925249533
"11378","Okayama",2016,32,27.9060845717213
"11379","Okayama",2016,33,27.943600471977
"11380","Okayama",2016,34,27.1274262984494
"11381","Okayama",2016,35,24.6142841643805
"11382","Okayama",2016,36,24.8228378494913
"11383","Okayama",2016,37,24.2718306323456
"11384","Okayama",2016,38,21.309012670451
"11385","Okayama",2016,39,22.5263862484202
"11386","Okayama",2016,40,22.8854258172833
"11387","Okayama",2016,41,16.5862920634352
"11388","Okayama",2016,42,19.0750069374653
"11389","Okayama",2016,43,15.9888086836028
"11390","Okayama",2016,44,12.5025530689739
"11391","Okayama",2016,45,11.0431016145988
"11392","Okayama",2016,46,13.7593302758453
"11393","Okayama",2016,47,11.361478842654
"11394","Okayama",2016,48,9.45418277732695
"11395","Okayama",2016,49,8.6372994446369
"11396","Okayama",2016,50,5.56470310402426
"11397","Okayama",2016,51,9.23045371744598
"11398","Okayama",2016,52,5.34697668161636
"11399","Okayama",2017,1,6.28382082948832
"11400","Okayama",2017,2,4.52462959987402
"11401","Okayama",2017,3,3.18014828671387
"11402","Okayama",2017,4,1.91228735280213
"11403","Okayama",2017,5,4.81752185367371
"11404","Okayama",2017,6,3.19439918320763
"11405","Okayama",2017,7,4.47480491722424
"11406","Okayama",2017,8,5.16654372045222
"11407","Okayama",2017,9,5.92619796168293
"11408","Okayama",2017,10,5.69239788970783
"11409","Okayama",2017,11,7.02157039214809
"11410","Okayama",2017,12,8.15223991033603
"11411","Okayama",2017,13,8.60538434879366
"11412","Okayama",2017,14,13.3901458559144
"11413","Okayama",2017,15,12.8302991077459
"11414","Okayama",2017,16,14.6923781329732
"11415","Okayama",2017,17,14.8365267991323
"11416","Okayama",2017,18,17.8012875346197
"11417","Okayama",2017,19,18.2261613990899
"11418","Okayama",2017,20,18.4178062704204
"11419","Okayama",2017,21,19.4377731009747
"11420","Okayama",2017,22,20.3404437289461
"11421","Okayama",2017,23,19.8566290715142
"11422","Okayama",2017,24,19.5257431023072
"11423","Okayama",2017,25,22.4303969903013
"11424","Okayama",2017,26,23.3484164996065
"11425","Okayama",2017,27,25.418460733031
"11426","Okayama",2017,28,26.4251697579728
"11427","Okayama",2017,29,27.5178455824947
"11428","Okayama",2017,30,27.2868901144673
"11429","Okayama",2017,31,28.2793175698022
"11430","Okayama",2017,32,27.2167515528902
"11431","Okayama",2017,33,26.4374606169129
"11432","Okayama",2017,34,28.2209790081479
"11433","Okayama",2017,35,25.4331138265319
"11434","Okayama",2017,36,23.2892167357807
"11435","Okayama",2017,37,22.9553703958835
"11436","Okayama",2017,38,21.2851120989487
"11437","Okayama",2017,39,20.2366655096451
"11438","Okayama",2017,40,19.0884762747518
"11439","Okayama",2017,41,20.1839246171667
"11440","Okayama",2017,42,15.6956264104948
"11441","Okayama",2017,43,15.1023199170985
"11442","Okayama",2017,44,13.1647105387556
"11443","Okayama",2017,45,12.5953753925461
"11444","Okayama",2017,46,9.72880604106816
"11445","Okayama",2017,47,6.65744952641936
"11446","Okayama",2017,48,8.99236382706945
"11447","Okayama",2017,49,5.18017472937255
"11448","Okayama",2017,50,3.89831088807916
"11449","Okayama",2017,51,3.96979940705454
"11450","Okayama",2017,52,4.93199192939938
"11451","Okayama",2018,1,4.06396998957928
"11452","Okayama",2018,2,2.62952854944225
"11453","Okayama",2018,3,5.84075165689755
"11454","Okayama",2018,4,0.820106375472603
"11455","Okayama",2018,5,1.94199321983565
"11456","Okayama",2018,6,0.400472556293502
"11457","Okayama",2018,7,2.85720754385667
"11458","Okayama",2018,8,4.63906253439551
"11459","Okayama",2018,9,7.36799810109589
"11460","Okayama",2018,10,7.30187230934182
"11461","Okayama",2018,11,9.2877191653486
"11462","Okayama",2018,12,7.95705777043665
"11463","Okayama",2018,13,12.4684545973047
"11464","Okayama",2018,14,13.4611215567936
"11465","Okayama",2018,15,12.8697239808471
"11466","Okayama",2018,16,14.6254727373533
"11467","Okayama",2018,17,16.0512350171195
"11468","Okayama",2018,18,16.9502653691565
"11469","Okayama",2018,19,15.3664566225992
"11470","Okayama",2018,20,19.0522178894983
"11471","Okayama",2018,21,18.9357605505977
"11472","Okayama",2018,22,20.0308481002141
"11473","Okayama",2018,23,20.730429499514
"11474","Okayama",2018,24,19.7327217429533
"11475","Okayama",2018,25,21.6882502438903
"11476","Okayama",2018,26,24.9288704797574
"11477","Okayama",2018,27,24.2921285852122
"11478","Okayama",2018,28,26.6229683169381
"11479","Okayama",2018,29,28.8743040714219
"11480","Okayama",2018,30,29.0211787743984
"11481","Okayama",2018,31,28.3183486885415
"11482","Okayama",2018,32,27.9029288329657
"11483","Okayama",2018,33,26.37974098563
"11484","Okayama",2018,34,28.2002478314796
"11485","Okayama",2018,35,27.2021766239477
"11486","Okayama",2018,36,24.2586715260516
"11487","Okayama",2018,37,22.2353949199736
"11488","Okayama",2018,38,22.6723034976481
"11489","Okayama",2018,39,19.9666846623415
"11490","Okayama",2018,40,20.7779483016647
"11491","Okayama",2018,41,18.4342246225508
"11492","Okayama",2018,42,16.4348928924575
"11493","Okayama",2018,43,15.7722595414943
"11494","Okayama",2018,44,12.7197130402837
"11495","Okayama",2018,45,15.2342312222629
"11496","Okayama",2018,46,12.2332032598509
"11497","Okayama",2018,47,9.3476546477343
"11498","Okayama",2018,48,10.7841210900126
"11499","Okayama",2018,49,10.9010039505336
"11500","Okayama",2018,50,4.79222581025629
"11501","Okayama",2018,51,7.97826581842028
"11502","Okayama",2018,52,5.30236956011928
"11503","Okayama",2019,1,4.20630372197967
"11504","Okayama",2019,2,4.3683808423128
"11505","Okayama",2019,3,5.47803326412491
"11506","Okayama",2019,4,4.86924214301257
"11507","Okayama",2019,5,3.93701883668325
"11508","Okayama",2019,6,6.23094935840564
"11509","Okayama",2019,7,4.14308722565302
"11510","Okayama",2019,8,6.98258171132125
"11511","Okayama",2019,9,7.50356125720177
"11512","Okayama",2019,10,7.9681002693916
"11513","Okayama",2019,11,7.46860391897566
"11514","Okayama",2019,12,8.91084943144203
"11515","Okayama",2019,13,10.2253167031421
"11516","Okayama",2019,14,8.83109075285668
"11517","Okayama",2019,15,10.7254403831098
"11518","Okayama",2019,16,13.1088518006275
"11519","Okayama",2019,17,15.9913826306223
"11520","Okayama",2019,18,15.3872169331389
"11521","Okayama",2019,19,16.1980903420536
"11522","Okayama",2019,20,19.390804717433
"11523","Okayama",2019,21,19.9511489529088
"11524","Okayama",2019,22,19.7832328929125
"11525","Okayama",2019,23,21.7915341189771
"11526","Okayama",2019,24,20.1401433094938
"11527","Okayama",2019,25,21.5937565154294
"11528","Okayama",2019,26,23.1474240717097
"11529","Okayama",2019,27,24.0084531176584
"11530","Okayama",2019,28,23.2086283778673
"11531","Okayama",2019,29,24.283044103637
"11532","Okayama",2019,30,26.679321727675
"11533","Okayama",2019,31,28.5274079953953
"11534","Okayama",2019,32,28.3579744677672
"11535","Okayama",2019,33,28.6092925730101
"11536","Okayama",2019,34,25.9833138241176
"11537","Okayama",2019,35,24.1908015868329
"11538","Okayama",2019,36,26.246567795454
"11539","Okayama",2019,37,26.3968764283058
"11540","Okayama",2019,38,22.7257272602229
"11541","Okayama",2019,39,22.6157345863697
"11542","Okayama",2019,40,23.5831897222468
"11543","Okayama",2019,41,19.9056946857315
"11544","Okayama",2019,42,17.2724301338479
"11545","Okayama",2019,43,17.9430897964919
"11546","Okayama",2019,44,15.3351215344438
"11547","Okayama",2019,45,12.8759672318161
"11548","Okayama",2019,46,12.6841132070137
"11549","Okayama",2019,47,11.235502427581
"11550","Okayama",2019,48,9.79047502937922
"11551","Okayama",2019,49,7.41489833837686
"11552","Okayama",2019,50,7.3862756600745
"11553","Okayama",2019,51,7.62220515119208
"11554","Okayama",2019,52,6.85628146359287
"11555","Okayama",2020,1,6.94534325514095
"11556","Okayama",2020,2,7.24852551105992
"11557","Okayama",2020,3,5.38498970049711
"11558","Okayama",2020,4,7.24590473126223
"11559","Okayama",2020,5,6.87372859842436
"11560","Okayama",2020,6,4.21437882150942
"11561","Okayama",2020,7,7.47253952294173
"11562","Okayama",2020,8,6.11988614825583
"11563","Okayama",2020,9,6.93371128307077
"11564","Okinawa",2013,1,18.8140727023397
"11565","Okinawa",2013,2,19.2771684640711
"11566","Okinawa",2013,3,17.5673704813647
"11567","Okinawa",2013,4,18.502915528094
"11568","Okinawa",2013,5,19.2242274275761
"11569","Okinawa",2013,6,19.7443348852088
"11570","Okinawa",2013,7,19.3719572079311
"11571","Okinawa",2013,8,19.6552575663833
"11572","Okinawa",2013,9,20.0172066582726
"11573","Okinawa",2013,10,19.157255418588
"11574","Okinawa",2013,11,21.0105917345697
"11575","Okinawa",2013,12,22.2312541476489
"11576","Okinawa",2013,13,21.2180095402106
"11577","Okinawa",2013,14,21.1708588453831
"11578","Okinawa",2013,15,19.5697506696206
"11579","Okinawa",2013,16,22.7369644488649
"11580","Okinawa",2013,17,21.628725232872
"11581","Okinawa",2013,18,22.0797642701888
"11582","Okinawa",2013,19,23.3022924465258
"11583","Okinawa",2013,20,24.4364703689372
"11584","Okinawa",2013,21,24.8311064039209
"11585","Okinawa",2013,22,26.5680771592225
"11586","Okinawa",2013,23,26.4441053816882
"11587","Okinawa",2013,24,27.1429584527293
"11588","Okinawa",2013,25,27.6197655913089
"11589","Okinawa",2013,26,28.3373298995705
"11590","Okinawa",2013,27,28.5740334066654
"11591","Okinawa",2013,28,28.32739331092
"11592","Okinawa",2013,29,27.3960449370572
"11593","Okinawa",2013,30,28.234632813287
"11594","Okinawa",2013,31,28.5752934737844
"11595","Okinawa",2013,32,29.2656917246438
"11596","Okinawa",2013,33,28.2139688085
"11597","Okinawa",2013,34,28.2862075231323
"11598","Okinawa",2013,35,28.4645706733554
"11599","Okinawa",2013,36,27.2548697119869
"11600","Okinawa",2013,37,27.8021410961061
"11601","Okinawa",2013,38,27.9051613493155
"11602","Okinawa",2013,39,27.3054643246875
"11603","Okinawa",2013,40,26.8651719614902
"11604","Okinawa",2013,41,26.8441633584101
"11605","Okinawa",2013,42,25.1165661259453
"11606","Okinawa",2013,43,24.1539784095684
"11607","Okinawa",2013,44,24.1515754144595
"11608","Okinawa",2013,45,24.5533376748421
"11609","Okinawa",2013,46,22.5726927889134
"11610","Okinawa",2013,47,20.5833775038337
"11611","Okinawa",2013,48,19.4552760818253
"11612","Okinawa",2013,49,19.8451845755252
"11613","Okinawa",2013,50,19.8802180789552
"11614","Okinawa",2013,51,19.1105442413649
"11615","Okinawa",2013,52,17.3597750045206
"11616","Okinawa",2014,1,18.5715486029142
"11617","Okinawa",2014,2,18.0951034787912
"11618","Okinawa",2014,3,17.2609246179269
"11619","Okinawa",2014,4,17.1488128090234
"11620","Okinawa",2014,5,19.8310330031299
"11621","Okinawa",2014,6,19.7618960147329
"11622","Okinawa",2014,7,16.953442004076
"11623","Okinawa",2014,8,18.1281020945754
"11624","Okinawa",2014,9,20.0398537564063
"11625","Okinawa",2014,10,18.4138995473342
"11626","Okinawa",2014,11,17.2713422440135
"11627","Okinawa",2014,12,19.1528883560921
"11628","Okinawa",2014,13,21.1309514268038
"11629","Okinawa",2014,14,19.6816760570986
"11630","Okinawa",2014,15,20.8585214366586
"11631","Okinawa",2014,16,22.1683454752499
"11632","Okinawa",2014,17,22.8503138514904
"11633","Okinawa",2014,18,21.8438544398844
"11634","Okinawa",2014,19,22.7909738831122
"11635","Okinawa",2014,20,25.0005012116948
"11636","Okinawa",2014,21,24.5124371452895
"11637","Okinawa",2014,22,25.5433113027358
"11638","Okinawa",2014,23,25.6521789609589
"11639","Okinawa",2014,24,25.7383870104968
"11640","Okinawa",2014,25,27.6172041034904
"11641","Okinawa",2014,26,28.0896538158558
"11642","Okinawa",2014,27,28.7351496709062
"11643","Okinawa",2014,28,28.654297580207
"11644","Okinawa",2014,29,28.2109894772015
"11645","Okinawa",2014,30,28.5469366060836
"11646","Okinawa",2014,31,28.3657419033051
"11647","Okinawa",2014,32,28.2716150995115
"11648","Okinawa",2014,33,28.0670399683299
"11649","Okinawa",2014,34,28.0750248872526
"11650","Okinawa",2014,35,28.4196851251533
"11651","Okinawa",2014,36,28.3254839814992
"11652","Okinawa",2014,37,28.3358134418278
"11653","Okinawa",2014,38,28.7681846479958
"11654","Okinawa",2014,39,27.8358281568949
"11655","Okinawa",2014,40,27.0105225439626
"11656","Okinawa",2014,41,26.0060712145229
"11657","Okinawa",2014,42,24.1922339758019
"11658","Okinawa",2014,43,25.1186859406299
"11659","Okinawa",2014,44,25.1347755080719
"11660","Okinawa",2014,45,23.2772435137644
"11661","Okinawa",2014,46,22.376629374074
"11662","Okinawa",2014,47,22.5366711379203
"11663","Okinawa",2014,48,23.9336733131879
"11664","Okinawa",2014,49,19.7265427469912
"11665","Okinawa",2014,50,20.0048355156982
"11666","Okinawa",2014,51,18.2129759523692
"11667","Okinawa",2014,52,17.6816456528467
"11668","Okinawa",2015,1,18.1690863148433
"11669","Okinawa",2015,2,17.8117000366087
"11670","Okinawa",2015,3,17.5488220112432
"11671","Okinawa",2015,4,18.4428852598741
"11672","Okinawa",2015,5,16.7000610248997
"11673","Okinawa",2015,6,16.0329475015551
"11674","Okinawa",2015,7,18.2545907364534
"11675","Okinawa",2015,8,20.9746647028381
"11676","Okinawa",2015,9,18.7994985002964
"11677","Okinawa",2015,10,18.3244824041976
"11678","Okinawa",2015,11,21.7384880493906
"11679","Okinawa",2015,12,19.776466410947
"11680","Okinawa",2015,13,22.6321311099839
"11681","Okinawa",2015,14,22.1761231519267
"11682","Okinawa",2015,15,21.3611059047739
"11683","Okinawa",2015,16,22.3371327816573
"11684","Okinawa",2015,17,23.2254585175178
"11685","Okinawa",2015,18,23.9097291929717
"11686","Okinawa",2015,19,25.2466584535557
"11687","Okinawa",2015,20,25.6362930430943
"11688","Okinawa",2015,21,25.9927008357184
"11689","Okinawa",2015,22,26.8411066160255
"11690","Okinawa",2015,23,27.7240239494464
"11691","Okinawa",2015,24,28.2410081247171
"11692","Okinawa",2015,25,28.4325620923427
"11693","Okinawa",2015,26,28.6732267304542
"11694","Okinawa",2015,27,28.49141919574
"11695","Okinawa",2015,28,27.8412355643631
"11696","Okinawa",2015,29,28.3251535543009
"11697","Okinawa",2015,30,28.5292667994426
"11698","Okinawa",2015,31,28.2735306012334
"11699","Okinawa",2015,32,27.9955252306745
"11700","Okinawa",2015,33,28.1772065545121
"11701","Okinawa",2015,34,27.8110379217488
"11702","Okinawa",2015,35,27.764461136379
"11703","Okinawa",2015,36,26.910568692343
"11704","Okinawa",2015,37,26.6910419459841
"11705","Okinawa",2015,38,27.0133873651902
"11706","Okinawa",2015,39,27.3650296606404
"11707","Okinawa",2015,40,25.7218250958644
"11708","Okinawa",2015,41,25.1669523194073
"11709","Okinawa",2015,42,25.7197775243779
"11710","Okinawa",2015,43,24.6079138072421
"11711","Okinawa",2015,44,24.8779285266064
"11712","Okinawa",2015,45,24.6155905237163
"11713","Okinawa",2015,46,25.3285689091664
"11714","Okinawa",2015,47,22.3253332519032
"11715","Okinawa",2015,48,22.1438792473533
"11716","Okinawa",2015,49,22.285797985085
"11717","Okinawa",2015,50,20.0213642488741
"11718","Okinawa",2015,51,22.4998438321677
"11719","Okinawa",2015,52,20.297192898302
"11720","Okinawa",2016,1,20.9327770644615
"11721","Okinawa",2016,2,19.2435916803196
"11722","Okinawa",2016,3,17.946561140984
"11723","Okinawa",2016,4,17.6194463985942
"11724","Okinawa",2016,5,17.7073673438656
"11725","Okinawa",2016,6,19.2429081329838
"11726","Okinawa",2016,7,17.1303255188358
"11727","Okinawa",2016,8,18.348393643897
"11728","Okinawa",2016,9,18.7733982481362
"11729","Okinawa",2016,10,19.7443747081543
"11730","Okinawa",2016,11,20.5626622764642
"11731","Okinawa",2016,12,19.2447245894508
"11732","Okinawa",2016,13,19.6157958467434
"11733","Okinawa",2016,14,23.365120444474
"11734","Okinawa",2016,15,23.0815492267602
"11735","Okinawa",2016,16,23.7212075106824
"11736","Okinawa",2016,17,23.749343067644
"11737","Okinawa",2016,18,24.6934646935222
"11738","Okinawa",2016,19,25.1931939949571
"11739","Okinawa",2016,20,24.8622940756407
"11740","Okinawa",2016,21,26.692586597532
"11741","Okinawa",2016,22,27.5235391548367
"11742","Okinawa",2016,23,26.947748618087
"11743","Okinawa",2016,24,28.0672872192484
"11744","Okinawa",2016,25,28.6075710608952
"11745","Okinawa",2016,26,28.7591025092756
"11746","Okinawa",2016,27,28.5960496657017
"11747","Okinawa",2016,28,28.9293023243475
"11748","Okinawa",2016,29,28.9115473734754
"11749","Okinawa",2016,30,28.7653421246758
"11750","Okinawa",2016,31,28.6243194638376
"11751","Okinawa",2016,32,28.6202655461365
"11752","Okinawa",2016,33,28.8980691485874
"11753","Okinawa",2016,34,29.4061048508599
"11754","Okinawa",2016,35,28.2796021082986
"11755","Okinawa",2016,36,27.8334133780141
"11756","Okinawa",2016,37,28.1426153023042
"11757","Okinawa",2016,38,27.0615327057171
"11758","Okinawa",2016,39,27.670051968853
"11759","Okinawa",2016,40,27.3007521284451
"11760","Okinawa",2016,41,26.6068204309681
"11761","Okinawa",2016,42,27.5435325424062
"11762","Okinawa",2016,43,27.0249477398207
"11763","Okinawa",2016,44,24.5408433529773
"11764","Okinawa",2016,45,24.1804835998133
"11765","Okinawa",2016,46,25.4340344911303
"11766","Okinawa",2016,47,23.8935807823565
"11767","Okinawa",2016,48,22.9247304212368
"11768","Okinawa",2016,49,22.882702484017
"11769","Okinawa",2016,50,20.5475780803291
"11770","Okinawa",2016,51,22.2681479475347
"11771","Okinawa",2016,52,20.6664997895114
"11772","Okinawa",2017,1,22.5407757339569
"11773","Okinawa",2017,2,19.4728333159215
"11774","Okinawa",2017,3,18.719556789853
"11775","Okinawa",2017,4,18.2462281974652
"11776","Okinawa",2017,5,19.8517073561709
"11777","Okinawa",2017,6,17.0857926818525
"11778","Okinawa",2017,7,18.6022235708724
"11779","Okinawa",2017,8,19.6702648330012
"11780","Okinawa",2017,9,18.3179703053208
"11781","Okinawa",2017,10,18.5807530931845
"11782","Okinawa",2017,11,20.1179295341713
"11783","Okinawa",2017,12,20.6132875316363
"11784","Okinawa",2017,13,19.5014603710592
"11785","Okinawa",2017,14,21.1142093868263
"11786","Okinawa",2017,15,22.3385194326132
"11787","Okinawa",2017,16,23.1720043105321
"11788","Okinawa",2017,17,21.9556443200275
"11789","Okinawa",2017,18,23.7074398922828
"11790","Okinawa",2017,19,24.9725201029906
"11791","Okinawa",2017,20,24.1454683411139
"11792","Okinawa",2017,21,24.8266081015979
"11793","Okinawa",2017,22,25.3045678812945
"11794","Okinawa",2017,23,26.4115164994194
"11795","Okinawa",2017,24,26.3667722601542
"11796","Okinawa",2017,25,27.3003642929142
"11797","Okinawa",2017,26,27.9612947019833
"11798","Okinawa",2017,27,28.0779374426739
"11799","Okinawa",2017,28,28.6635461179198
"11800","Okinawa",2017,29,29.0609874281578
"11801","Okinawa",2017,30,29.074845623065
"11802","Okinawa",2017,31,29.3474207350075
"11803","Okinawa",2017,32,29.3431562981183
"11804","Okinawa",2017,33,29.3723903994379
"11805","Okinawa",2017,34,28.776117599073
"11806","Okinawa",2017,35,28.9682160203958
"11807","Okinawa",2017,36,28.8498364566795
"11808","Okinawa",2017,37,28.6477637005917
"11809","Okinawa",2017,38,27.6805962397231
"11810","Okinawa",2017,39,28.4263766768002
"11811","Okinawa",2017,40,28.0602345354711
"11812","Okinawa",2017,41,27.7743514911045
"11813","Okinawa",2017,42,27.3999889532765
"11814","Okinawa",2017,43,25.2405465791766
"11815","Okinawa",2017,44,24.0735651240666
"11816","Okinawa",2017,45,24.9359508134424
"11817","Okinawa",2017,46,23.765671291735
"11818","Okinawa",2017,47,21.9827259869188
"11819","Okinawa",2017,48,23.3142299452629
"11820","Okinawa",2017,49,19.9027048500171
"11821","Okinawa",2017,50,19.8273808962647
"11822","Okinawa",2017,51,18.744875150609
"11823","Okinawa",2017,52,19.0477061107108
"11824","Okinawa",2018,1,19.4236727462588
"11825","Okinawa",2018,2,16.4539865874593
"11826","Okinawa",2018,3,20.737053373342
"11827","Okinawa",2018,4,18.6726950512509
"11828","Okinawa",2018,5,17.3073066895661
"11829","Okinawa",2018,6,16.1393414142044
"11830","Okinawa",2018,7,17.9056624020092
"11831","Okinawa",2018,8,20.3433559358428
"11832","Okinawa",2018,9,20.3370686354317
"11833","Okinawa",2018,10,19.7252038091215
"11834","Okinawa",2018,11,20.8011467775389
"11835","Okinawa",2018,12,19.5470308896427
"11836","Okinawa",2018,13,21.4370119901324
"11837","Okinawa",2018,14,21.0492644036665
"11838","Okinawa",2018,15,21.8564465577023
"11839","Okinawa",2018,16,21.4142443963358
"11840","Okinawa",2018,17,22.4334624146915
"11841","Okinawa",2018,18,23.5433211095123
"11842","Okinawa",2018,19,24.245771261077
"11843","Okinawa",2018,20,25.8737464514377
"11844","Okinawa",2018,21,26.0225028132772
"11845","Okinawa",2018,22,26.7721018352534
"11846","Okinawa",2018,23,27.2363422888287
"11847","Okinawa",2018,24,26.6148992103668
"11848","Okinawa",2018,25,27.4195723651073
"11849","Okinawa",2018,26,27.7539777541622
"11850","Okinawa",2018,27,27.4652364721541
"11851","Okinawa",2018,28,27.3814280377445
"11852","Okinawa",2018,29,27.5759930511338
"11853","Okinawa",2018,30,27.9695967803825
"11854","Okinawa",2018,31,28.4033317571473
"11855","Okinawa",2018,32,28.4050523516926
"11856","Okinawa",2018,33,27.6982031091036
"11857","Okinawa",2018,34,27.9993614560878
"11858","Okinawa",2018,35,27.396944199215
"11859","Okinawa",2018,36,27.9410590332491
"11860","Okinawa",2018,37,27.7656076647002
"11861","Okinawa",2018,38,28.1017365736719
"11862","Okinawa",2018,39,27.1119987414129
"11863","Okinawa",2018,40,25.6961623027368
"11864","Okinawa",2018,41,24.6231361564699
"11865","Okinawa",2018,42,24.2952954631223
"11866","Okinawa",2018,43,24.2832170782371
"11867","Okinawa",2018,44,23.5529012360559
"11868","Okinawa",2018,45,24.5077456523457
"11869","Okinawa",2018,46,23.5547674681272
"11870","Okinawa",2018,47,22.9426744856216
"11871","Okinawa",2018,48,23.2455129874268
"11872","Okinawa",2018,49,23.6021764827668
"11873","Okinawa",2018,50,21.4003673337974
"11874","Okinawa",2018,51,21.6535103906398
"11875","Okinawa",2018,52,20.5504913931682
"11876","Okinawa",2019,1,20.4062730062766
"11877","Okinawa",2019,2,21.2033218086212
"11878","Okinawa",2019,3,19.6103263907912
"11879","Okinawa",2019,4,17.7465733048659
"11880","Okinawa",2019,5,19.3330272858502
"11881","Okinawa",2019,6,21.5868378593365
"11882","Okinawa",2019,7,20.8307672785329
"11883","Okinawa",2019,8,21.5826007839414
"11884","Okinawa",2019,9,21.6003577598436
"11885","Okinawa",2019,10,20.2750603429162
"11886","Okinawa",2019,11,19.8373114355842
"11887","Okinawa",2019,12,21.4485323901038
"11888","Okinawa",2019,13,21.9691663675531
"11889","Okinawa",2019,14,20.7640418460168
"11890","Okinawa",2019,15,22.7243958945304
"11891","Okinawa",2019,16,22.8839270892694
"11892","Okinawa",2019,17,24.7102495466551
"11893","Okinawa",2019,18,23.9406774451664
"11894","Okinawa",2019,19,24.1158705614526
"11895","Okinawa",2019,20,25.4280666094249
"11896","Okinawa",2019,21,24.6830093829736
"11897","Okinawa",2019,22,25.2422458368561
"11898","Okinawa",2019,23,27.0033007953276
"11899","Okinawa",2019,24,26.380249540781
"11900","Okinawa",2019,25,26.9740270776773
"11901","Okinawa",2019,26,27.0102674755932
"11902","Okinawa",2019,27,28.1176953304099
"11903","Okinawa",2019,28,28.3526276364896
"11904","Okinawa",2019,29,28.2750711379021
"11905","Okinawa",2019,30,28.3122988114559
"11906","Okinawa",2019,31,28.2948943432059
"11907","Okinawa",2019,32,28.447853753917
"11908","Okinawa",2019,33,28.5176229876383
"11909","Okinawa",2019,34,28.1351806593578
"11910","Okinawa",2019,35,28.2765040495215
"11911","Okinawa",2019,36,27.6625312870465
"11912","Okinawa",2019,37,27.9236320809439
"11913","Okinawa",2019,38,27.5182421959766
"11914","Okinawa",2019,39,26.4001141415035
"11915","Okinawa",2019,40,27.0618249004965
"11916","Okinawa",2019,41,26.1451727314568
"11917","Okinawa",2019,42,25.6078668929857
"11918","Okinawa",2019,43,24.8812779966561
"11919","Okinawa",2019,44,25.0635705973823
"11920","Okinawa",2019,45,23.8129100547175
"11921","Okinawa",2019,46,23.1552617827012
"11922","Okinawa",2019,47,23.7940642502216
"11923","Okinawa",2019,48,22.458949175463
"11924","Okinawa",2019,49,20.0657652816561
"11925","Okinawa",2019,50,20.7906849000309
"11926","Okinawa",2019,51,22.1385664197014
"11927","Okinawa",2019,52,21.2670924726374
"11928","Okinawa",2020,1,20.2360545602806
"11929","Okinawa",2020,2,20.5384537898752
"11930","Okinawa",2020,3,19.2357556876161
"11931","Okinawa",2020,4,20.8148774277344
"11932","Okinawa",2020,5,17.5788605839304
"11933","Okinawa",2020,6,18.9326918025039
"11934","Okinawa",2020,7,20.78439642208
"11935","Okinawa",2020,8,18.0791351901184
"11936","Okinawa",2020,9,21.2986006010268
"11937","Osaka",2013,1,3.42608558162245
"11938","Osaka",2013,2,4.37445492229826
"11939","Osaka",2013,3,4.24186633347845
"11940","Osaka",2013,4,5.34831425793698
"11941","Osaka",2013,5,6.48485614907138
"11942","Osaka",2013,6,5.35558723867556
"11943","Osaka",2013,7,4.39356677378877
"11944","Osaka",2013,8,4.05665811838396
"11945","Osaka",2013,9,6.16770365221846
"11946","Osaka",2013,10,10.3739826293287
"11947","Osaka",2013,11,7.93020375559142
"11948","Osaka",2013,12,12.217850210442
"11949","Osaka",2013,13,11.1483903421475
"11950","Osaka",2013,14,13.9764662021256
"11951","Osaka",2013,15,10.7544040541008
"11952","Osaka",2013,16,15.4510778269132
"11953","Osaka",2013,17,13.4220286368149
"11954","Osaka",2013,18,14.6759065456887
"11955","Osaka",2013,19,17.0616184279717
"11956","Osaka",2013,20,20.1276274829776
"11957","Osaka",2013,21,22.1775006957033
"11958","Osaka",2013,22,22.5209482772312
"11959","Osaka",2013,23,23.5770012497999
"11960","Osaka",2013,24,25.7906238611996
"11961","Osaka",2013,25,24.0879647408439
"11962","Osaka",2013,26,23.6733948547919
"11963","Osaka",2013,27,26.2379749232111
"11964","Osaka",2013,28,29.2772818738604
"11965","Osaka",2013,29,27.4269898908857
"11966","Osaka",2013,30,29.3458296286326
"11967","Osaka",2013,31,28.6981007879186
"11968","Osaka",2013,32,30.5628095603526
"11969","Osaka",2013,33,31.5245057260318
"11970","Osaka",2013,34,30.3512543850489
"11971","Osaka",2013,35,26.7150738791277
"11972","Osaka",2013,36,24.3039931497614
"11973","Osaka",2013,37,26.527992371438
"11974","Osaka",2013,38,23.6806006375259
"11975","Osaka",2013,39,23.7278373826216
"11976","Osaka",2013,40,23.6973551750537
"11977","Osaka",2013,41,25.2213770552081
"11978","Osaka",2013,42,18.3834357134583
"11979","Osaka",2013,43,18.2469592834316
"11980","Osaka",2013,44,15.932261032158
"11981","Osaka",2013,45,15.8531097725183
"11982","Osaka",2013,46,11.515632498802
"11983","Osaka",2013,47,10.5548380628371
"11984","Osaka",2013,48,9.55963783135539
"11985","Osaka",2013,49,9.57622245913474
"11986","Osaka",2013,50,7.26750145384234
"11987","Osaka",2013,51,6.85513355721173
"11988","Osaka",2013,52,5.12345552491684
"11989","Osaka",2014,1,6.2118549646616
"11990","Osaka",2014,2,4.37680599910686
"11991","Osaka",2014,3,4.11401911464051
"11992","Osaka",2014,4,5.09776826552914
"11993","Osaka",2014,5,7.0614549833926
"11994","Osaka",2014,6,4.81633872859014
"11995","Osaka",2014,7,3.96430726256056
"11996","Osaka",2014,8,4.12987029312573
"11997","Osaka",2014,9,8.73697371173112
"11998","Osaka",2014,10,5.79734725243956
"11999","Osaka",2014,11,7.04098609537235
"12000","Osaka",2014,12,10.1302862301602
"12001","Osaka",2014,13,14.101840376618
"12002","Osaka",2014,14,12.637545492608
"12003","Osaka",2014,15,12.2035196689867
"12004","Osaka",2014,16,14.4802121666886
"12005","Osaka",2014,17,15.6539384085484
"12006","Osaka",2014,18,18.0586315059234
"12007","Osaka",2014,19,17.0921051637503
"12008","Osaka",2014,20,19.2660637715162
"12009","Osaka",2014,21,19.7742588746756
"12010","Osaka",2014,22,22.2116035611154
"12011","Osaka",2014,23,23.2968986403957
"12012","Osaka",2014,24,23.4486814920034
"12013","Osaka",2014,25,23.6867347572742
"12014","Osaka",2014,26,24.3764293521977
"12015","Osaka",2014,27,25.0333412808733
"12016","Osaka",2014,28,26.4913117406917
"12017","Osaka",2014,29,27.5579193603762
"12018","Osaka",2014,30,29.73609785009
"12019","Osaka",2014,31,29.0907407561571
"12020","Osaka",2014,32,27.5504645450892
"12021","Osaka",2014,33,27.4671649393636
"12022","Osaka",2014,34,28.3729790031592
"12023","Osaka",2014,35,25.7885487387208
"12024","Osaka",2014,36,25.5406336406276
"12025","Osaka",2014,37,23.7763458688089
"12026","Osaka",2014,38,22.3016154080523
"12027","Osaka",2014,39,23.5326951943545
"12028","Osaka",2014,40,23.5529490900624
"12029","Osaka",2014,41,20.9060486165095
"12030","Osaka",2014,42,17.6849612270941
"12031","Osaka",2014,43,18.2869485802037
"12032","Osaka",2014,44,16.8327486316547
"12033","Osaka",2014,45,15.1583864952301
"12034","Osaka",2014,46,12.8617552276513
"12035","Osaka",2014,47,11.0913628985751
"12036","Osaka",2014,48,13.6385675196536
"12037","Osaka",2014,49,8.39156026152003
"12038","Osaka",2014,50,7.20672102108588
"12039","Osaka",2014,51,4.49400162809434
"12040","Osaka",2014,52,5.31167901078596
"12041","Osaka",2015,1,5.97827748095418
"12042","Osaka",2015,2,5.65441019646996
"12043","Osaka",2015,3,6.2916146047203
"12044","Osaka",2015,4,5.52347200344047
"12045","Osaka",2015,5,4.85395830713483
"12046","Osaka",2015,6,4.71704233084591
"12047","Osaka",2015,7,6.63712755967762
"12048","Osaka",2015,8,9.10253514107945
"12049","Osaka",2015,9,7.49693280215118
"12050","Osaka",2015,10,6.90782725839884
"12051","Osaka",2015,11,12.9104703451165
"12052","Osaka",2015,12,9.69050122090213
"12053","Osaka",2015,13,15.7811022591707
"12054","Osaka",2015,14,11.782419858815
"12055","Osaka",2015,15,14.866364069615
"12056","Osaka",2015,16,16.8681770473447
"12057","Osaka",2015,17,20.2766551623062
"12058","Osaka",2015,18,19.8848183365811
"12059","Osaka",2015,19,20.2402231003215
"12060","Osaka",2015,20,20.7728106464441
"12061","Osaka",2015,21,24.2299030508032
"12062","Osaka",2015,22,21.2636090098765
"12063","Osaka",2015,23,22.5841791108208
"12064","Osaka",2015,24,22.9616335733717
"12065","Osaka",2015,25,23.9503964259411
"12066","Osaka",2015,26,22.9667826329566
"12067","Osaka",2015,27,24.6265474667689
"12068","Osaka",2015,28,27.8223344301248
"12069","Osaka",2015,29,27.5275515163678
"12070","Osaka",2015,30,29.623270715814
"12071","Osaka",2015,31,30.6022838579944
"12072","Osaka",2015,32,28.8146819800401
"12073","Osaka",2015,33,26.8981703049708
"12074","Osaka",2015,34,26.6874881772566
"12075","Osaka",2015,35,25.0026113453125
"12076","Osaka",2015,36,22.6924303905033
"12077","Osaka",2015,37,21.7988253391122
"12078","Osaka",2015,38,22.8230985599875
"12079","Osaka",2015,39,21.1403794999347
"12080","Osaka",2015,40,18.7604359222755
"12081","Osaka",2015,41,17.8794639489914
"12082","Osaka",2015,42,19.0878872333513
"12083","Osaka",2015,43,15.6768183522508
"12084","Osaka",2015,44,15.8999124208083
"12085","Osaka",2015,45,16.5613159399412
"12086","Osaka",2015,46,15.87399305673
"12087","Osaka",2015,47,11.8376829417896
"12088","Osaka",2015,48,10.1377123701949
"12089","Osaka",2015,49,11.2007631323263
"12090","Osaka",2015,50,9.39032091351837
"12091","Osaka",2015,51,9.44767553682753
"12092","Osaka",2015,52,5.98369582791126
"12093","Osaka",2016,1,8.50516900906383
"12094","Osaka",2016,2,5.85912437274198
"12095","Osaka",2016,3,4.59987042912197
"12096","Osaka",2016,4,5.29790806540806
"12097","Osaka",2016,5,5.7828077678548
"12098","Osaka",2016,6,7.47620884466565
"12099","Osaka",2016,7,7.38971936884163
"12100","Osaka",2016,8,6.08677810690001
"12101","Osaka",2016,9,8.73880676598622
"12102","Osaka",2016,10,10.4522730291115
"12103","Osaka",2016,11,10.2718399758853
"12104","Osaka",2016,12,8.8992111288255
"12105","Osaka",2016,13,13.6011271511712
"12106","Osaka",2016,14,15.8262542700205
"12107","Osaka",2016,15,15.1954094778456
"12108","Osaka",2016,16,16.9395107458777
"12109","Osaka",2016,17,16.7778078726332
"12110","Osaka",2016,18,19.5589514482842
"12111","Osaka",2016,19,19.4069141125562
"12112","Osaka",2016,20,20.533061238433
"12113","Osaka",2016,21,22.8301294273797
"12114","Osaka",2016,22,20.9135750204126
"12115","Osaka",2016,23,23.0773125807237
"12116","Osaka",2016,24,24.1192098050658
"12117","Osaka",2016,25,24.1622596605449
"12118","Osaka",2016,26,24.9433376755279
"12119","Osaka",2016,27,27.7966639469696
"12120","Osaka",2016,28,27.2544966512123
"12121","Osaka",2016,29,27.4964864345256
"12122","Osaka",2016,30,27.6726680754881
"12123","Osaka",2016,31,29.8574856957349
"12124","Osaka",2016,32,29.7634094058468
"12125","Osaka",2016,33,30.4626637780478
"12126","Osaka",2016,34,30.1078008984339
"12127","Osaka",2016,35,26.5699248601494
"12128","Osaka",2016,36,26.7626664942303
"12129","Osaka",2016,37,26.0055627729304
"12130","Osaka",2016,38,23.0439352865202
"12131","Osaka",2016,39,24.8582761639096
"12132","Osaka",2016,40,24.1508503178445
"12133","Osaka",2016,41,17.5869208433765
"12134","Osaka",2016,42,20.5271795128981
"12135","Osaka",2016,43,16.9448144739309
"12136","Osaka",2016,44,13.4363391317585
"12137","Osaka",2016,45,12.3197718731848
"12138","Osaka",2016,46,14.2966659257132
"12139","Osaka",2016,47,12.8092420244962
"12140","Osaka",2016,48,10.5142256189464
"12141","Osaka",2016,49,9.87002952279667
"12142","Osaka",2016,50,6.81071920939754
"12143","Osaka",2016,51,9.68151121835294
"12144","Osaka",2016,52,6.67748095054258
"12145","Osaka",2017,1,7.15343144218327
"12146","Osaka",2017,2,5.97457206344922
"12147","Osaka",2017,3,4.08250934067083
"12148","Osaka",2017,4,3.9966391876207
"12149","Osaka",2017,5,6.22988583135841
"12150","Osaka",2017,6,4.37825525172465
"12151","Osaka",2017,7,6.03205508416793
"12152","Osaka",2017,8,6.79489527521222
"12153","Osaka",2017,9,7.20621677847881
"12154","Osaka",2017,10,7.31212684312611
"12155","Osaka",2017,11,8.31162537165953
"12156","Osaka",2017,12,9.71068083117358
"12157","Osaka",2017,13,9.67563112724197
"12158","Osaka",2017,14,15.0777937823388
"12159","Osaka",2017,15,14.4552885887958
"12160","Osaka",2017,16,16.4944767282743
"12161","Osaka",2017,17,15.844887147265
"12162","Osaka",2017,18,19.157363038978
"12163","Osaka",2017,19,19.8501334054164
"12164","Osaka",2017,20,20.1273069413467
"12165","Osaka",2017,21,21.5563628271259
"12166","Osaka",2017,22,22.4755861610815
"12167","Osaka",2017,23,21.7051889836705
"12168","Osaka",2017,24,22.2849569796681
"12169","Osaka",2017,25,24.5126111611014
"12170","Osaka",2017,26,25.0642318889627
"12171","Osaka",2017,27,27.2002920538369
"12172","Osaka",2017,28,28.548335244263
"12173","Osaka",2017,29,29.5013296304799
"12174","Osaka",2017,30,29.3927101626796
"12175","Osaka",2017,31,30.2451481961401
"12176","Osaka",2017,32,29.3133513458433
"12177","Osaka",2017,33,27.8349957691354
"12178","Osaka",2017,34,29.5699177466298
"12179","Osaka",2017,35,27.6498921477728
"12180","Osaka",2017,36,25.6157232333121
"12181","Osaka",2017,37,24.5256478767995
"12182","Osaka",2017,38,23.0919590059604
"12183","Osaka",2017,39,22.0396665851164
"12184","Osaka",2017,40,20.297121308914
"12185","Osaka",2017,41,21.6462692483606
"12186","Osaka",2017,42,16.4310420551
"12187","Osaka",2017,43,16.3506813941452
"12188","Osaka",2017,44,14.1785230211845
"12189","Osaka",2017,45,14.1474082159924
"12190","Osaka",2017,46,10.8616466115756
"12191","Osaka",2017,47,8.07276445765822
"12192","Osaka",2017,48,10.6180463746961
"12193","Osaka",2017,49,6.63520172775502
"12194","Osaka",2017,50,5.98032911595085
"12195","Osaka",2017,51,5.04396662012641
"12196","Osaka",2017,52,6.4703055948463
"12197","Osaka",2018,1,4.8871040298343
"12198","Osaka",2018,2,4.18635894306547
"12199","Osaka",2018,3,7.50075557070588
"12200","Osaka",2018,4,2.38695434120542
"12201","Osaka",2018,5,3.2669899582795
"12202","Osaka",2018,6,2.64713308521397
"12203","Osaka",2018,7,4.54702144093557
"12204","Osaka",2018,8,5.82504650875788
"12205","Osaka",2018,9,9.17081020433274
"12206","Osaka",2018,10,9.12415283281106
"12207","Osaka",2018,11,10.980597336955
"12208","Osaka",2018,12,10.1456945426159
"12209","Osaka",2018,13,14.0936502092198
"12210","Osaka",2018,14,15.999114006722
"12211","Osaka",2018,15,14.836365261697
"12212","Osaka",2018,16,16.0830226980196
"12213","Osaka",2018,17,17.9490206319306
"12214","Osaka",2018,18,18.9076073629924
"12215","Osaka",2018,19,17.1711257688832
"12216","Osaka",2018,20,20.80708460117
"12217","Osaka",2018,21,20.5916769515137
"12218","Osaka",2018,22,21.2757402941594
"12219","Osaka",2018,23,22.5997737372124
"12220","Osaka",2018,24,21.1592296057958
"12221","Osaka",2018,25,22.7953123541332
"12222","Osaka",2018,26,26.8157563121184
"12223","Osaka",2018,27,26.9069148266301
"12224","Osaka",2018,28,28.7626670484665
"12225","Osaka",2018,29,30.853714853084
"12226","Osaka",2018,30,30.5620617451907
"12227","Osaka",2018,31,29.9569426571183
"12228","Osaka",2018,32,30.0143386178222
"12229","Osaka",2018,33,28.6869337976498
"12230","Osaka",2018,34,30.1281157150707
"12231","Osaka",2018,35,28.4369886013094
"12232","Osaka",2018,36,26.4517924137827
"12233","Osaka",2018,37,24.0212740732035
"12234","Osaka",2018,38,24.3561829008002
"12235","Osaka",2018,39,21.1214979058934
"12236","Osaka",2018,40,22.6459251603246
"12237","Osaka",2018,41,20.1142651741879
"12238","Osaka",2018,42,18.0444017114679
"12239","Osaka",2018,43,17.2869384307164
"12240","Osaka",2018,44,14.5386770675733
"12241","Osaka",2018,45,17.2387643541982
"12242","Osaka",2018,46,13.733280408683
"12243","Osaka",2018,47,11.0409689675681
"12244","Osaka",2018,48,12.298575549394
"12245","Osaka",2018,49,12.659606423795
"12246","Osaka",2018,50,6.34149601511053
"12247","Osaka",2018,51,9.55311060003623
"12248","Osaka",2018,52,6.71379744765386
"12249","Osaka",2019,1,5.51262445266711
"12250","Osaka",2019,2,5.41867750970726
"12251","Osaka",2019,3,6.06664727520712
"12252","Osaka",2019,4,5.90098551606471
"12253","Osaka",2019,5,4.88966545387817
"12254","Osaka",2019,6,7.86482479541172
"12255","Osaka",2019,7,5.20792442537915
"12256","Osaka",2019,8,8.399992877404
"12257","Osaka",2019,9,9.430426850256
"12258","Osaka",2019,10,9.49773314644694
"12259","Osaka",2019,11,9.04138888544717
"12260","Osaka",2019,12,10.6673458945348
"12261","Osaka",2019,13,11.7407347831423
"12262","Osaka",2019,14,10.2491659814971
"12263","Osaka",2019,15,12.5660279406189
"12264","Osaka",2019,16,15.1177296255591
"12265","Osaka",2019,17,18.1717866500433
"12266","Osaka",2019,18,17.1530734440794
"12267","Osaka",2019,19,18.0414642579102
"12268","Osaka",2019,20,21.8036995078394
"12269","Osaka",2019,21,22.3157788412666
"12270","Osaka",2019,22,22.2764308416184
"12271","Osaka",2019,23,23.7278490576603
"12272","Osaka",2019,24,22.3783214608197
"12273","Osaka",2019,25,23.9594104444066
"12274","Osaka",2019,26,25.6680012001486
"12275","Osaka",2019,27,24.8508730273104
"12276","Osaka",2019,28,24.9807463955243
"12277","Osaka",2019,29,25.8274630772523
"12278","Osaka",2019,30,27.9296373507719
"12279","Osaka",2019,31,30.3710461827886
"12280","Osaka",2019,32,30.9230373032813
"12281","Osaka",2019,33,30.5617229631264
"12282","Osaka",2019,34,27.7913259514649
"12283","Osaka",2019,35,26.0030844914871
"12284","Osaka",2019,36,28.2360630706579
"12285","Osaka",2019,37,27.8098859347143
"12286","Osaka",2019,38,24.3740789689103
"12287","Osaka",2019,39,24.8494395589397
"12288","Osaka",2019,40,25.3603061357787
"12289","Osaka",2019,41,21.9281472038348
"12290","Osaka",2019,42,18.9499004071031
"12291","Osaka",2019,43,18.9948483190955
"12292","Osaka",2019,44,16.4057689027035
"12293","Osaka",2019,45,14.0453894722746
"12294","Osaka",2019,46,13.6086215962447
"12295","Osaka",2019,47,12.8219562260391
"12296","Osaka",2019,48,10.9380058037088
"12297","Osaka",2019,49,8.82491076341409
"12298","Osaka",2019,50,8.41178426359573
"12299","Osaka",2019,51,9.56495604358353
"12300","Osaka",2019,52,7.9792280044879
"12301","Osaka",2020,1,8.12595238560698
"12302","Osaka",2020,2,8.09966211283689
"12303","Osaka",2020,3,6.83068705936379
"12304","Osaka",2020,4,8.27897133731263
"12305","Osaka",2020,5,8.58559181935294
"12306","Osaka",2020,6,5.4202297601114
"12307","Osaka",2020,7,8.5065611820698
"12308","Osaka",2020,8,7.87114548018042
"12309","Osaka",2020,9,8.1251025466561
"12310","Saga",2013,1,4.05801391601565
"12311","Saga",2013,2,5.51360909598217
"12312","Saga",2013,3,5.42653590611051
"12313","Saga",2013,4,6.85137983049667
"12314","Saga",2013,5,7.29246564592636
"12315","Saga",2013,6,6.7039254324777
"12316","Saga",2013,7,5.35362723214288
"12317","Saga",2013,8,6.84456133161275
"12318","Saga",2013,9,8.72038748604913
"12319","Saga",2013,10,11.9727264404297
"12320","Saga",2013,11,10.7029139927456
"12321","Saga",2013,12,12.8566441127232
"12322","Saga",2013,13,11.8885197230748
"12323","Saga",2013,14,13.6658264160156
"12324","Saga",2013,15,10.9836124965123
"12325","Saga",2013,16,15.1624367850168
"12326","Saga",2013,17,14.2013663155692
"12327","Saga",2013,18,15.4086591448103
"12328","Saga",2013,19,18.0097856794085
"12329","Saga",2013,20,20.4333347865514
"12330","Saga",2013,21,21.9153403145927
"12331","Saga",2013,22,21.9893759591239
"12332","Saga",2013,23,22.5583304268973
"12333","Saga",2013,24,24.2987021309989
"12334","Saga",2013,25,24.92640511649
"12335","Saga",2013,26,23.1300009591239
"12336","Saga",2013,27,26.1432543073382
"12337","Saga",2013,28,28.3314169747489
"12338","Saga",2013,29,28.3551356724331
"12339","Saga",2013,30,28.4921988351005
"12340","Saga",2013,31,28.4867732456752
"12341","Saga",2013,32,28.4459014892578
"12342","Saga",2013,33,29.4256988525391
"12343","Saga",2013,34,29.7197727748326
"12344","Saga",2013,35,26.0014238630023
"12345","Saga",2013,36,23.19349496024
"12346","Saga",2013,37,26.5191131591797
"12347","Saga",2013,38,24.6149078369141
"12348","Saga",2013,39,23.8549329485212
"12349","Saga",2013,40,22.2236070905413
"12350","Saga",2013,41,23.6306897844587
"12351","Saga",2013,42,18.7917223249163
"12352","Saga",2013,43,18.7552342006139
"12353","Saga",2013,44,16.602685546875
"12354","Saga",2013,45,16.6500684465681
"12355","Saga",2013,46,12.6315856933594
"12356","Saga",2013,47,10.2122545514788
"12357","Saga",2013,48,9.8945491245815
"12358","Saga",2013,49,9.49051600864958
"12359","Saga",2013,50,8.37346801757815
"12360","Saga",2013,51,6.50631539481029
"12361","Saga",2013,52,5.77666625976565
"12362","Saga",2014,1,8.38332519531252
"12363","Saga",2014,2,6.00612792968752
"12364","Saga",2014,3,5.36012311662949
"12365","Saga",2014,4,6.73969421386721
"12366","Saga",2014,5,10.2079951695034
"12367","Saga",2014,6,6.83832048688618
"12368","Saga",2014,7,5.14496329171319
"12369","Saga",2014,8,6.02551967075895
"12370","Saga",2014,9,10.305322265625
"12371","Saga",2014,10,7.46189488002234
"12372","Saga",2014,11,8.5665222167969
"12373","Saga",2014,12,12.1489698137556
"12374","Saga",2014,13,15.3882625034877
"12375","Saga",2014,14,12.6132446289063
"12376","Saga",2014,15,13.7966312953404
"12377","Saga",2014,16,14.9889705113002
"12378","Saga",2014,17,16.1679277692523
"12379","Saga",2014,18,16.8777797154018
"12380","Saga",2014,19,16.9945879255023
"12381","Saga",2014,20,19.3428000313895
"12382","Saga",2014,21,20.2131591796875
"12383","Saga",2014,22,21.9245762416295
"12384","Saga",2014,23,21.221808733259
"12385","Saga",2014,24,22.1994742257255
"12386","Saga",2014,25,21.7183166503906
"12387","Saga",2014,26,22.3625688825335
"12388","Saga",2014,27,23.2336255754744
"12389","Saga",2014,28,25.282120186942
"12390","Saga",2014,29,25.8359837123326
"12391","Saga",2014,30,28.3876979282924
"12392","Saga",2014,31,27.9100716727121
"12393","Saga",2014,32,26.7308768136161
"12394","Saga",2014,33,25.9276541573661
"12395","Saga",2014,34,26.1024784633092
"12396","Saga",2014,35,24.8013244628906
"12397","Saga",2014,36,25.2707720075335
"12398","Saga",2014,37,24.3213221958706
"12399","Saga",2014,38,22.1081874302456
"12400","Saga",2014,39,22.6147334507534
"12401","Saga",2014,40,22.1560041155134
"12402","Saga",2014,41,20.7970955984933
"12403","Saga",2014,42,17.4233729771206
"12404","Saga",2014,43,18.8096775599889
"12405","Saga",2014,44,17.5629189627511
"12406","Saga",2014,45,14.5617309570313
"12407","Saga",2014,46,13.0242335728237
"12408","Saga",2014,47,12.2715131487165
"12409","Saga",2014,48,14.826791381836
"12410","Saga",2014,49,7.92534354073663
"12411","Saga",2014,50,7.7494576590402
"12412","Saga",2014,51,5.02935180664065
"12413","Saga",2014,52,6.07731781005862
"12414","Saga",2015,1,7.36099940708708
"12415","Saga",2015,2,7.24013889857703
"12416","Saga",2015,3,7.44114292689734
"12417","Saga",2015,4,7.09383108956476
"12418","Saga",2015,5,5.69607369559154
"12419","Saga",2015,6,5.10568934849333
"12420","Saga",2015,7,8.34221365792413
"12421","Saga",2015,8,7.82644696916855
"12422","Saga",2015,9,6.98933672223775
"12423","Saga",2015,10,7.98709150041855
"12424","Saga",2015,11,13.8908848353795
"12425","Saga",2015,12,10.8946908133371
"12426","Saga",2015,13,16.6915658133371
"12427","Saga",2015,14,13.2851784842355
"12428","Saga",2015,15,14.7093967982701
"12429","Saga",2015,16,15.7670052664621
"12430","Saga",2015,17,19.3122628348215
"12431","Saga",2015,18,18.0521200997489
"12432","Saga",2015,19,19.3824009486607
"12433","Saga",2015,20,19.7021336146764
"12434","Saga",2015,21,22.0616088867188
"12435","Saga",2015,22,20.6986131940569
"12436","Saga",2015,23,21.9150612967355
"12437","Saga",2015,24,21.0168221609933
"12438","Saga",2015,25,22.4426055908203
"12439","Saga",2015,26,22.052632359096
"12440","Saga",2015,27,25.1813271658761
"12441","Saga",2015,28,24.9094329833985
"12442","Saga",2015,29,26.6438908168248
"12443","Saga",2015,30,27.9497576032366
"12444","Saga",2015,31,29.1939047677177
"12445","Saga",2015,32,27.1740966796875
"12446","Saga",2015,33,26.3632206508092
"12447","Saga",2015,34,24.6482025146485
"12448","Saga",2015,35,23.9266165597098
"12449","Saga",2015,36,22.5757973807199
"12450","Saga",2015,37,21.3437002999442
"12451","Saga",2015,38,22.806039428711
"12452","Saga",2015,39,21.5033726283482
"12453","Saga",2015,40,18.4677106584822
"12454","Saga",2015,41,17.5428928920201
"12455","Saga",2015,42,18.8978973388672
"12456","Saga",2015,43,15.68154296875
"12457","Saga",2015,44,16.2772831508092
"12458","Saga",2015,45,17.2081281389509
"12459","Saga",2015,46,16.8603694370815
"12460","Saga",2015,47,12.3469242640904
"12461","Saga",2015,48,10.5655282156808
"12462","Saga",2015,49,11.6037994384766
"12463","Saga",2015,50,8.571675327846
"12464","Saga",2015,51,10.1417785644531
"12465","Saga",2015,52,7.48494219098775
"12466","Saga",2016,1,8.63499494280136
"12467","Saga",2016,2,6.22075805664065
"12468","Saga",2016,3,3.78374197823663
"12469","Saga",2016,4,5.95982186453685
"12470","Saga",2016,5,5.56975272042413
"12471","Saga",2016,6,9.69490094866074
"12472","Saga",2016,7,6.44216308593752
"12473","Saga",2016,8,6.38012302943641
"12474","Saga",2016,9,9.86077052525114
"12475","Saga",2016,10,10.5947117396764
"12476","Saga",2016,11,11.3601645333427
"12477","Saga",2016,12,9.85602940150672
"12478","Saga",2016,13,13.4358677455357
"12479","Saga",2016,14,16.1564161028181
"12480","Saga",2016,15,16.4107474190848
"12481","Saga",2016,16,15.7554587227958
"12482","Saga",2016,17,16.9059757777623
"12483","Saga",2016,18,19.3041843959264
"12484","Saga",2016,19,19.2189880371094
"12485","Saga",2016,20,20.0788774762835
"12486","Saga",2016,21,22.5966190883092
"12487","Saga",2016,22,20.9549063546317
"12488","Saga",2016,23,23.6237295968192
"12489","Saga",2016,24,23.7375078473773
"12490","Saga",2016,25,24.0203295026507
"12491","Saga",2016,26,23.7180659702846
"12492","Saga",2016,27,27.0649462018694
"12493","Saga",2016,28,26.421295601981
"12494","Saga",2016,29,27.2550946916853
"12495","Saga",2016,30,28.7344233921596
"12496","Saga",2016,31,28.8317483084543
"12497","Saga",2016,32,29.9304552350726
"12498","Saga",2016,33,29.6188816615514
"12499","Saga",2016,34,29.2379547119141
"12500","Saga",2016,35,24.7586521693639
"12501","Saga",2016,36,26.0485190255302
"12502","Saga",2016,37,24.9145228794643
"12503","Saga",2016,38,23.0336547851563
"12504","Saga",2016,39,25.2211482456752
"12505","Saga",2016,40,24.9877541678293
"12506","Saga",2016,41,18.8579389299665
"12507","Saga",2016,42,20.5547947474889
"12508","Saga",2016,43,19.0621734619141
"12509","Saga",2016,44,13.9630131312779
"12510","Saga",2016,45,13.9705466134208
"12511","Saga",2016,46,15.9914424351284
"12512","Saga",2016,47,12.7260986328125
"12513","Saga",2016,48,11.0166870117188
"12514","Saga",2016,49,10.1276641845703
"12515","Saga",2016,50,8.33789978027346
"12516","Saga",2016,51,11.2486271449498
"12517","Saga",2016,52,8.08476300920761
"12518","Saga",2017,1,8.68852713448663
"12519","Saga",2017,2,6.87249363490516
"12520","Saga",2017,3,5.36742989676342
"12521","Saga",2017,4,4.91998552594868
"12522","Saga",2017,5,8.03043082101007
"12523","Saga",2017,6,5.20169110979355
"12524","Saga",2017,7,7.47580871582034
"12525","Saga",2017,8,8.10310843331476
"12526","Saga",2017,9,8.42124110630583
"12527","Saga",2017,10,8.07131783621654
"12528","Saga",2017,11,9.50042550223217
"12529","Saga",2017,12,10.2443350655692
"12530","Saga",2017,13,10.5463108607701
"12531","Saga",2017,14,15.1885467529297
"12532","Saga",2017,15,15.3285614013672
"12533","Saga",2017,16,16.5466509137835
"12534","Saga",2017,17,16.7943904331752
"12535","Saga",2017,18,19.8097342354911
"12536","Saga",2017,19,18.5728153773717
"12537","Saga",2017,20,19.2339961460659
"12538","Saga",2017,21,20.7455361502511
"12539","Saga",2017,22,22.3227238246373
"12540","Saga",2017,23,21.1227748325893
"12541","Saga",2017,24,22.0292515345982
"12542","Saga",2017,25,23.5747423444476
"12543","Saga",2017,26,24.6887516566686
"12544","Saga",2017,27,26.4991328648159
"12545","Saga",2017,28,27.5968065534319
"12546","Saga",2017,29,28.4982565743583
"12547","Saga",2017,30,29.1314701625279
"12548","Saga",2017,31,29.8302791050502
"12549","Saga",2017,32,28.4275713239398
"12550","Saga",2017,33,27.5510955810547
"12551","Saga",2017,34,28.3990068708148
"12552","Saga",2017,35,26.3020307268415
"12553","Saga",2017,36,24.4384464808873
"12554","Saga",2017,37,23.7434958321708
"12555","Saga",2017,38,22.6789467947824
"12556","Saga",2017,39,21.6225263323103
"12557","Saga",2017,40,21.0939771379744
"12558","Saga",2017,41,22.2260920933315
"12559","Saga",2017,42,18.0277670724052
"12560","Saga",2017,43,16.9736790248326
"12561","Saga",2017,44,15.5227970668248
"12562","Saga",2017,45,15.3977120535715
"12563","Saga",2017,46,12.0289768763951
"12564","Saga",2017,47,8.62999441964288
"12565","Saga",2017,48,10.7808144705636
"12566","Saga",2017,49,7.07141374860493
"12567","Saga",2017,50,5.93033098493306
"12568","Saga",2017,51,6.09613952636721
"12569","Saga",2017,52,6.83201860700337
"12570","Saga",2018,1,5.68223833356587
"12571","Saga",2018,2,3.89477146693641
"12572","Saga",2018,3,8.24712960379467
"12573","Saga",2018,4,3.00070452008931
"12574","Saga",2018,5,3.49444841657368
"12575","Saga",2018,6,2.58196411132815
"12576","Saga",2018,7,4.92532174246654
"12577","Saga",2018,8,7.20287039620538
"12578","Saga",2018,9,8.41477355957034
"12579","Saga",2018,10,10.1299050467355
"12580","Saga",2018,11,11.8510877336775
"12581","Saga",2018,12,10.1438559395927
"12582","Saga",2018,13,14.6707659040179
"12583","Saga",2018,14,15.7021074567523
"12584","Saga",2018,15,16.5836120605469
"12585","Saga",2018,16,15.5740142822266
"12586","Saga",2018,17,16.796293422154
"12587","Saga",2018,18,17.9680071149554
"12588","Saga",2018,19,17.4490447998047
"12589","Saga",2018,20,21.2737082345145
"12590","Saga",2018,21,20.7256517682757
"12591","Saga",2018,22,21.960580444336
"12592","Saga",2018,23,22.8997000558036
"12593","Saga",2018,24,21.5189714704241
"12594","Saga",2018,25,23.2460963657924
"12595","Saga",2018,26,25.480597795759
"12596","Saga",2018,27,25.5749777657645
"12597","Saga",2018,28,28.0415043422154
"12598","Saga",2018,29,29.6617239815848
"12599","Saga",2018,30,29.5883619035994
"12600","Saga",2018,31,29.3050519670759
"12601","Saga",2018,32,29.4748495919364
"12602","Saga",2018,33,29.3709503173828
"12603","Saga",2018,34,29.7262839181083
"12604","Saga",2018,35,27.9258034842355
"12605","Saga",2018,36,25.5543696812221
"12606","Saga",2018,37,24.5289725167411
"12607","Saga",2018,38,24.7256168910436
"12608","Saga",2018,39,21.6337960379464
"12609","Saga",2018,40,21.3556631905692
"12610","Saga",2018,41,18.6364968436105
"12611","Saga",2018,42,17.1307726178851
"12612","Saga",2018,43,16.4745487758092
"12613","Saga",2018,44,14.3460697719029
"12614","Saga",2018,45,16.1570024762835
"12615","Saga",2018,46,13.2194675990514
"12616","Saga",2018,47,10.6404030936105
"12617","Saga",2018,48,13.1101579938616
"12618","Saga",2018,49,12.3822963169643
"12619","Saga",2018,50,6.90067443847659
"12620","Saga",2018,51,10.4821999686105
"12621","Saga",2018,52,6.6350276402065
"12622","Saga",2019,1,6.05251464843752
"12623","Saga",2019,2,7.69579685756141
"12624","Saga",2019,3,7.36599339076453
"12625","Saga",2019,4,6.66524004255025
"12626","Saga",2019,5,6.91707763671877
"12627","Saga",2019,6,8.84151393345426
"12628","Saga",2019,7,6.37764674595426
"12629","Saga",2019,8,9.17259259905136
"12630","Saga",2019,9,10.0498944963728
"12631","Saga",2019,10,10.1108272007534
"12632","Saga",2019,11,9.72003435407368
"12633","Saga",2019,12,11.8873055594308
"12634","Saga",2019,13,12.9365892682757
"12635","Saga",2019,14,11.0825243268694
"12636","Saga",2019,15,14.1312064034598
"12637","Saga",2019,16,15.5699859619141
"12638","Saga",2019,17,17.6098615373884
"12639","Saga",2019,18,17.1845794677735
"12640","Saga",2019,19,18.109765625
"12641","Saga",2019,20,21.8418278285436
"12642","Saga",2019,21,20.8470463344029
"12643","Saga",2019,22,21.3704315185547
"12644","Saga",2019,23,22.9444562639509
"12645","Saga",2019,24,21.1746677943639
"12646","Saga",2019,25,22.8239750453404
"12647","Saga",2019,26,24.1445033482143
"12648","Saga",2019,27,23.4475995744978
"12649","Saga",2019,28,24.2769714355469
"12650","Saga",2019,29,25.5429691859654
"12651","Saga",2019,30,27.3347215924944
"12652","Saga",2019,31,29.4356563023159
"12653","Saga",2019,32,29.0657047816686
"12654","Saga",2019,33,28.6679626464844
"12655","Saga",2019,34,26.2507132393973
"12656","Saga",2019,35,23.556769670759
"12657","Saga",2019,36,26.6839516775949
"12658","Saga",2019,37,27.679328264509
"12659","Saga",2019,38,23.8616838727679
"12660","Saga",2019,39,23.3870548793248
"12661","Saga",2019,40,24.2686074393136
"12662","Saga",2019,41,21.0414193289621
"12663","Saga",2019,42,18.5103502546038
"12664","Saga",2019,43,19.033345249721
"12665","Saga",2019,44,16.5427272251674
"12666","Saga",2019,45,15.0259251185826
"12667","Saga",2019,46,13.8684871128627
"12668","Saga",2019,47,12.7307111467634
"12669","Saga",2019,48,12.8421962193081
"12670","Saga",2019,49,9.21663382393976
"12671","Saga",2019,50,9.24053126743864
"12672","Saga",2019,51,10.720601109096
"12673","Saga",2019,52,8.25642220633373
"12674","Saga",2020,1,7.6608346121652
"12675","Saga",2020,2,10.2326184953962
"12676","Saga",2020,3,6.67051522391185
"12677","Saga",2020,4,9.67726832798551
"12678","Saga",2020,5,8.46858040945873
"12679","Saga",2020,6,6.34160330636163
"12680","Saga",2020,7,10.9376573835101
"12681","Saga",2020,8,7.59436296735493
"12682","Saga",2020,9,9.72151881626676
"12683","Saitama",2013,1,0.947685546875016
"12684","Saitama",2013,2,1.92325701032369
"12685","Saitama",2013,3,-0.620816476004458
"12686","Saitama",2013,4,1.15788661411832
"12687","Saitama",2013,5,3.49443446568082
"12688","Saitama",2013,6,3.05444946289064
"12689","Saitama",2013,7,1.51456996372771
"12690","Saitama",2013,8,1.00874285016742
"12691","Saitama",2013,9,3.69378574916297
"12692","Saitama",2013,10,8.19950125558039
"12693","Saitama",2013,11,7.7323172433036
"12694","Saitama",2013,12,11.8820469447545
"12695","Saitama",2013,13,8.51008475167413
"12696","Saitama",2013,14,10.9109697614398
"12697","Saitama",2013,15,9.14332536969869
"12698","Saitama",2013,16,12.4359767368862
"12699","Saitama",2013,17,10.7776593889509
"12700","Saitama",2013,18,12.595463344029
"12701","Saitama",2013,19,15.6922040666853
"12702","Saitama",2013,20,17.8423706054688
"12703","Saitama",2013,21,18.9738185337612
"12704","Saitama",2013,22,19.2949506487165
"12705","Saitama",2013,23,19.2397844587054
"12706","Saitama",2013,24,20.9474443708148
"12707","Saitama",2013,25,21.340958077567
"12708","Saitama",2013,26,20.2709437779018
"12709","Saitama",2013,27,22.9959655761719
"12710","Saitama",2013,28,27.2134172712054
"12711","Saitama",2013,29,23.7354954310826
"12712","Saitama",2013,30,23.9283499581473
"12713","Saitama",2013,31,24.1794250488281
"12714","Saitama",2013,32,27.0818097795759
"12715","Saitama",2013,33,27.4849469866072
"12716","Saitama",2013,34,26.5417628696987
"12717","Saitama",2013,35,24.9742780412947
"12718","Saitama",2013,36,24.1040666852679
"12719","Saitama",2013,37,23.2985700334822
"12720","Saitama",2013,38,21.2589181082589
"12721","Saitama",2013,39,19.018350655692
"12722","Saitama",2013,40,19.185688999721
"12723","Saitama",2013,41,21.5755955287389
"12724","Saitama",2013,42,14.8393580845424
"12725","Saitama",2013,43,14.2390642438616
"12726","Saitama",2013,44,12.9485473632813
"12727","Saitama",2013,45,11.9313188825335
"12728","Saitama",2013,46,7.27900129045761
"12729","Saitama",2013,47,7.59423392159601
"12730","Saitama",2013,48,7.23967633928574
"12731","Saitama",2013,49,6.65117187500002
"12732","Saitama",2013,50,4.25706089564734
"12733","Saitama",2013,51,3.59109933035716
"12734","Saitama",2013,52,2.4758475167411
"12735","Saitama",2014,1,2.81354195731029
"12736","Saitama",2014,2,1.58428955078127
"12737","Saitama",2014,3,0.82954275948662
"12738","Saitama",2014,4,2.36453683035718
"12739","Saitama",2014,5,4.26353149414066
"12740","Saitama",2014,6,1.01634608677457
"12741","Saitama",2014,7,0.229933384486628
"12742","Saitama",2014,8,0.51449323381699
"12743","Saitama",2014,9,4.73921160016743
"12744","Saitama",2014,10,1.69349190848217
"12745","Saitama",2014,11,3.60069231305805
"12746","Saitama",2014,12,6.92069091796877
"12747","Saitama",2014,13,11.1607936314174
"12748","Saitama",2014,14,10.4870849609375
"12749","Saitama",2014,15,9.95714024135047
"12750","Saitama",2014,16,12.0090305873326
"12751","Saitama",2014,17,12.5369149344308
"12752","Saitama",2014,18,16.2744838169643
"12753","Saitama",2014,19,14.8399448939732
"12754","Saitama",2014,20,18.6317164829799
"12755","Saitama",2014,21,17.4911342075893
"12756","Saitama",2014,22,20.8008196149554
"12757","Saitama",2014,23,20.3350446428572
"12758","Saitama",2014,24,20.072855922154
"12759","Saitama",2014,25,21.2208844866072
"12760","Saitama",2014,26,20.2870893205916
"12761","Saitama",2014,27,21.0985621861049
"12762","Saitama",2014,28,23.8645812988282
"12763","Saitama",2014,29,23.9124241420201
"12764","Saitama",2014,30,25.9295139857701
"12765","Saitama",2014,31,25.7370849609375
"12766","Saitama",2014,32,26.9586844308036
"12767","Saitama",2014,33,24.7370099748884
"12768","Saitama",2014,34,26.4650966099331
"12769","Saitama",2014,35,21.1457693917411
"12770","Saitama",2014,36,22.2601527622768
"12771","Saitama",2014,37,19.9885524204799
"12772","Saitama",2014,38,19.0090550013951
"12773","Saitama",2014,39,19.0681422642299
"12774","Saitama",2014,40,20.2211809430804
"12775","Saitama",2014,41,17.0236912318639
"12776","Saitama",2014,42,14.2709193638393
"12777","Saitama",2014,43,13.861066545759
"12778","Saitama",2014,44,13.8017464773996
"12779","Saitama",2014,45,13.3889317103795
"12780","Saitama",2014,46,10.3860508510045
"12781","Saitama",2014,47,7.76020769391742
"12782","Saitama",2014,48,9.81759643554689
"12783","Saitama",2014,49,6.04292253766744
"12784","Saitama",2014,50,4.08571166992189
"12785","Saitama",2014,51,1.25025373186386
"12786","Saitama",2014,52,1.50695931570873
"12787","Saitama",2015,1,3.29600742885047
"12788","Saitama",2015,2,3.05969063895092
"12789","Saitama",2015,3,2.06040039062503
"12790","Saitama",2015,4,2.82651977539064
"12791","Saitama",2015,5,1.7462602887835
"12792","Saitama",2015,6,1.37455793108261
"12793","Saitama",2015,7,3.09001464843752
"12794","Saitama",2015,8,6.11639317103797
"12795","Saitama",2015,9,4.96659109933039
"12796","Saitama",2015,10,4.89744611467635
"12797","Saitama",2015,11,9.78223440987726
"12798","Saitama",2015,12,7.61757638113841
"12799","Saitama",2015,13,12.494859967913
"12800","Saitama",2015,14,7.83822980608262
"12801","Saitama",2015,15,11.5784345354353
"12802","Saitama",2015,16,14.8563328334264
"12803","Saitama",2015,17,17.6086600167411
"12804","Saitama",2015,18,17.4583583286831
"12805","Saitama",2015,19,19.0630754743304
"12806","Saitama",2015,20,19.0227879115514
"12807","Saitama",2015,21,20.7417184012277
"12808","Saitama",2015,22,19.8184430803572
"12809","Saitama",2015,23,20.1822692871094
"12810","Saitama",2015,24,19.9551112583706
"12811","Saitama",2015,25,20.6881670270648
"12812","Saitama",2015,26,20.4423941476005
"12813","Saitama",2015,27,20.510831124442
"12814","Saitama",2015,28,26.0357386997768
"12815","Saitama",2015,29,27.1065107073103
"12816","Saitama",2015,30,27.7984157017299
"12817","Saitama",2015,31,27.6168178013393
"12818","Saitama",2015,32,25.5343636648996
"12819","Saitama",2015,33,24.7846409388951
"12820","Saitama",2015,34,20.4355773925781
"12821","Saitama",2015,35,22.3116341727121
"12822","Saitama",2015,36,20.7634774344308
"12823","Saitama",2015,37,19.6123814174107
"12824","Saitama",2015,38,19.0996041434152
"12825","Saitama",2015,39,19.078254045759
"12826","Saitama",2015,40,15.9274928501674
"12827","Saitama",2015,41,15.5967677525112
"12828","Saitama",2015,42,15.6644757952009
"12829","Saitama",2015,43,13.4957536969866
"12830","Saitama",2015,44,12.0958504813058
"12831","Saitama",2015,45,12.5051906040737
"12832","Saitama",2015,46,13.6326851981027
"12833","Saitama",2015,47,7.98072771344868
"12834","Saitama",2015,48,7.5317574637277
"12835","Saitama",2015,49,7.29710780552457
"12836","Saitama",2015,50,6.99289114815851
"12837","Saitama",2015,51,6.1764857700893
"12838","Saitama",2015,52,3.07707519531253
"12839","Saitama",2016,1,5.42813023158485
"12840","Saitama",2016,2,2.72552490234377
"12841","Saitama",2016,3,-0.290829903738817
"12842","Saitama",2016,4,0.543859863281276
"12843","Saitama",2016,5,2.07996041434153
"12844","Saitama",2016,6,3.06114676339288
"12845","Saitama",2016,7,5.18659755161833
"12846","Saitama",2016,8,3.89032854352681
"12847","Saitama",2016,9,5.81739501953128
"12848","Saitama",2016,10,7.3670131138393
"12849","Saitama",2016,11,7.44343784877235
"12850","Saitama",2016,12,6.49203752790182
"12851","Saitama",2016,13,10.1296657017299
"12852","Saitama",2016,14,12.3873264857701
"12853","Saitama",2016,15,12.0502947126116
"12854","Saitama",2016,16,15.035294015067
"12855","Saitama",2016,17,14.1294241768973
"12856","Saitama",2016,18,17.9736502511161
"12857","Saitama",2016,19,17.9490792410715
"12858","Saitama",2016,20,16.6548400878907
"12859","Saitama",2016,21,20.0818533761161
"12860","Saitama",2016,22,18.4427124023438
"12861","Saitama",2016,23,20.1629647391183
"12862","Saitama",2016,24,20.8700456891741
"12863","Saitama",2016,25,21.6618835449219
"12864","Saitama",2016,26,22.1222769601005
"12865","Saitama",2016,27,23.4003034319197
"12866","Saitama",2016,28,23.9025251116072
"12867","Saitama",2016,29,23.0179181780134
"12868","Saitama",2016,30,23.5652927943639
"12869","Saitama",2016,31,25.8998500279018
"12870","Saitama",2016,32,25.8872837611607
"12871","Saitama",2016,33,25.1854553222656
"12872","Saitama",2016,34,24.466734967913
"12873","Saitama",2016,35,23.6089006696429
"12874","Saitama",2016,36,24.8111223493304
"12875","Saitama",2016,37,21.9524248395647
"12876","Saitama",2016,38,19.1054016113282
"12877","Saitama",2016,39,21.5769417898996
"12878","Saitama",2016,40,20.9430027553014
"12879","Saitama",2016,41,14.591898890904
"12880","Saitama",2016,42,17.0749162946429
"12881","Saitama",2016,43,13.5936357770648
"12882","Saitama",2016,44,10.6964381626674
"12883","Saitama",2016,45,8.50170898437502
"12884","Saitama",2016,46,10.5750723702567
"12885","Saitama",2016,47,7.17090192522323
"12886","Saitama",2016,48,7.57962559291297
"12887","Saitama",2016,49,6.54436122349334
"12888","Saitama",2016,50,3.64054827008931
"12889","Saitama",2016,51,7.2316336495536
"12890","Saitama",2016,52,3.50892421177458
"12891","Saitama",2017,1,3.45940638950896
"12892","Saitama",2017,2,2.60003138950895
"12893","Saitama",2017,3,1.62361188616075
"12894","Saitama",2017,4,2.03014526367191
"12895","Saitama",2017,5,4.20906023297993
"12896","Saitama",2017,6,2.32313058035716
"12897","Saitama",2017,7,4.25858590262279
"12898","Saitama",2017,8,5.01310337611609
"12899","Saitama",2017,9,4.79331229073664
"12900","Saitama",2017,10,4.67626168387279
"12901","Saitama",2017,11,5.90403180803574
"12902","Saitama",2017,12,6.92372262137279
"12903","Saitama",2017,13,5.56023908342637
"12904","Saitama",2017,14,11.4294250488282
"12905","Saitama",2017,15,10.7656398228237
"12906","Saitama",2017,16,14.7084507533482
"12907","Saitama",2017,17,13.1057765415737
"12908","Saitama",2017,18,16.6315734863282
"12909","Saitama",2017,19,17.6659929547991
"12910","Saitama",2017,20,16.982368687221
"12911","Saitama",2017,21,19.6319423130581
"12912","Saitama",2017,22,20.0322230747768
"12913","Saitama",2017,23,19.3283534458706
"12914","Saitama",2017,24,18.7465750558036
"12915","Saitama",2017,25,21.3477547781808
"12916","Saitama",2017,26,22.1364484514509
"12917","Saitama",2017,27,25.3468872070313
"12918","Saitama",2017,28,26.6675641741072
"12919","Saitama",2017,29,26.5625261579241
"12920","Saitama",2017,30,25.0385820661273
"12921","Saitama",2017,31,24.2349984305246
"12922","Saitama",2017,32,25.2996555873326
"12923","Saitama",2017,33,23.0330548967634
"12924","Saitama",2017,34,26.2460048130581
"12925","Saitama",2017,35,22.4704659598214
"12926","Saitama",2017,36,21.0827872140067
"12927","Saitama",2017,37,21.7646004813058
"12928","Saitama",2017,38,20.7596958705357
"12929","Saitama",2017,39,19.0875165666853
"12930","Saitama",2017,40,16.844908796038
"12931","Saitama",2017,41,18.4225263323103
"12932","Saitama",2017,42,12.2511814662389
"12933","Saitama",2017,43,12.7249171665737
"12934","Saitama",2017,44,12.0691109793527
"12935","Saitama",2017,45,11.1770298549107
"12936","Saitama",2017,46,8.34264090401788
"12937","Saitama",2017,47,5.28258928571431
"12938","Saitama",2017,48,7.80196794782369
"12939","Saitama",2017,49,4.28953421456476
"12940","Saitama",2017,50,3.77976684570315
"12941","Saitama",2017,51,2.40488194056922
"12942","Saitama",2017,52,3.4358346121652
"12943","Saitama",2018,1,2.22548828125002
"12944","Saitama",2018,2,2.70174124581475
"12945","Saitama",2018,3,4.22055402483261
"12946","Saitama",2018,4,-1.6096261160714
"12947","Saitama",2018,5,1.05565621512279
"12948","Saitama",2018,6,0.865140206473232
"12949","Saitama",2018,7,3.21604091099332
"12950","Saitama",2018,8,3.02015555245539
"12951","Saitama",2018,9,6.07426060267859
"12952","Saitama",2018,10,7.19827357700895
"12953","Saitama",2018,11,9.16089564732146
"12954","Saitama",2018,12,7.47929949079243
"12955","Saitama",2018,13,12.705171421596
"12956","Saitama",2018,14,14.7935049874442
"12957","Saitama",2018,15,12.2939243861607
"12958","Saitama",2018,16,14.3356419154576
"12959","Saitama",2018,17,16.7794442313058
"12960","Saitama",2018,18,17.7907741001674
"12961","Saitama",2018,19,14.2830217633929
"12962","Saitama",2018,20,20.1815804617746
"12963","Saitama",2018,21,18.5973127092634
"12964","Saitama",2018,22,19.4858258928572
"12965","Saitama",2018,23,21.5698434012277
"12966","Saitama",2018,24,17.6862470354353
"12967","Saitama",2018,25,19.587397984096
"12968","Saitama",2018,26,25.4008736746652
"12969","Saitama",2018,27,24.6901794433594
"12970","Saitama",2018,28,26.157160295759
"12971","Saitama",2018,29,28.8124398367746
"12972","Saitama",2018,30,26.6054722377232
"12973","Saitama",2018,31,27.6855477469308
"12974","Saitama",2018,32,25.9983851841518
"12975","Saitama",2018,33,24.9729221888951
"12976","Saitama",2018,34,26.2911612374442
"12977","Saitama",2018,35,25.743102155413
"12978","Saitama",2018,36,24.1906154087612
"12979","Saitama",2018,37,20.5388680594308
"12980","Saitama",2018,38,20.2823992047991
"12981","Saitama",2018,39,18.0517368861607
"12982","Saitama",2018,40,20.3091151646206
"12983","Saitama",2018,41,18.6325692313058
"12984","Saitama",2018,42,14.5481454031808
"12985","Saitama",2018,43,14.6066624232701
"12986","Saitama",2018,44,12.2390625
"12987","Saitama",2018,45,14.4918805803572
"12988","Saitama",2018,46,11.2713710239956
"12989","Saitama",2018,47,8.70465349469869
"12990","Saitama",2018,48,9.59066074916297
"12991","Saitama",2018,49,10.0550528390067
"12992","Saitama",2018,50,3.30773664202012
"12993","Saitama",2018,51,5.77990461077011
"12994","Saitama",2018,52,3.71329607282369
"12995","Saitama",2019,1,2.72448817661832
"12996","Saitama",2019,2,2.38463919503351
"12997","Saitama",2019,3,3.20894775390627
"12998","Saitama",2019,4,2.88511788504467
"12999","Saitama",2019,5,2.5625706263951
"13000","Saitama",2019,6,4.71851806640627
"13001","Saitama",2019,7,2.43631330217636
"13002","Saitama",2019,8,6.45862513950894
"13003","Saitama",2019,9,6.96306326729913
"13004","Saitama",2019,10,6.55596749441967
"13005","Saitama",2019,11,7.13369402204244
"13006","Saitama",2019,12,9.1636683872768
"13007","Saitama",2019,13,8.42920445033483
"13008","Saitama",2019,14,8.40506591796877
"13009","Saitama",2019,15,7.8727704729353
"13010","Saitama",2019,16,13.6175493512835
"13011","Saitama",2019,17,14.9603367396764
"13012","Saitama",2019,18,14.5446088518415
"13013","Saitama",2019,19,15.9990958077567
"13014","Saitama",2019,20,17.1611807686942
"13015","Saitama",2019,21,19.1711495535714
"13016","Saitama",2019,22,20.9370387486049
"13017","Saitama",2019,23,20.4340541294643
"13018","Saitama",2019,24,16.9959045410156
"13019","Saitama",2019,25,21.0586643763951
"13020","Saitama",2019,26,21.0653503417969
"13021","Saitama",2019,27,21.4732299804688
"13022","Saitama",2019,28,19.1366524832589
"13023","Saitama",2019,29,22.4091256277902
"13024","Saitama",2019,30,24.8060852050781
"13025","Saitama",2019,31,28.0313241141183
"13026","Saitama",2019,32,28.1744079589844
"13027","Saitama",2019,33,27.3120317731585
"13028","Saitama",2019,34,24.9958295549665
"13029","Saitama",2019,35,24.2009216308594
"13030","Saitama",2019,36,24.4645167759487
"13031","Saitama",2019,37,24.1811767578125
"13032","Saitama",2019,38,21.2563668387277
"13033","Saitama",2019,39,21.5722342354911
"13034","Saitama",2019,40,22.139359828404
"13035","Saitama",2019,41,18.9404523577009
"13036","Saitama",2019,42,15.6640991210938
"13037","Saitama",2019,43,15.6213762555804
"13038","Saitama",2019,44,13.6406729561942
"13039","Saitama",2019,45,11.4656093052456
"13040","Saitama",2019,46,10.845703125
"13041","Saitama",2019,47,9.91629725864958
"13042","Saitama",2019,48,7.79521571568083
"13043","Saitama",2019,49,6.0968235560826
"13044","Saitama",2019,50,6.71235613141743
"13045","Saitama",2019,51,6.38324236188618
"13046","Saitama",2019,52,4.23307669503351
"13047","Saitama",2020,1,4.0110517229353
"13048","Saitama",2020,2,4.59300449916298
"13049","Saitama",2020,3,4.14087524414064
"13050","Saitama",2020,4,4.46684483119422
"13051","Saitama",2020,5,4.84252929687502
"13052","Saitama",2020,6,2.9950378417969
"13053","Saitama",2020,7,5.89001116071431
"13054","Saitama",2020,8,6.46655622209823
"13055","Saitama",2020,9,5.75042463030136
"13056","Shiga",2013,1,1.25057024929083
"13057","Shiga",2013,2,2.89713767836809
"13058","Shiga",2013,3,2.77124181083557
"13059","Shiga",2013,4,3.18675028872861
"13060","Shiga",2013,5,4.01954668519889
"13061","Shiga",2013,6,2.85236602193426
"13062","Shiga",2013,7,2.36315110098668
"13063","Shiga",2013,8,1.58630715751872
"13064","Shiga",2013,9,4.12138873581204
"13065","Shiga",2013,10,8.19039215674161
"13066","Shiga",2013,11,6.15787544223749
"13067","Shiga",2013,12,9.93246092215121
"13068","Shiga",2013,13,8.86691391693636
"13069","Shiga",2013,14,12.2681181166972
"13070","Shiga",2013,15,8.46876758473921
"13071","Shiga",2013,16,13.3268657932883
"13072","Shiga",2013,17,11.1696021408323
"13073","Shiga",2013,18,12.0503105242224
"13074","Shiga",2013,19,14.3808372958565
"13075","Shiga",2013,20,18.5082090568253
"13076","Shiga",2013,21,19.3248935761039
"13077","Shiga",2013,22,19.5839441084208
"13078","Shiga",2013,23,20.7924029379103
"13079","Shiga",2013,24,23.4811748896419
"13080","Shiga",2013,25,22.3457086731934
"13081","Shiga",2013,26,22.0672088787267
"13082","Shiga",2013,27,24.396459311899
"13083","Shiga",2013,28,28.1392354836451
"13084","Shiga",2013,29,25.5121508949625
"13085","Shiga",2013,30,26.7409554352189
"13086","Shiga",2013,31,26.0317604737468
"13087","Shiga",2013,32,28.1386078442967
"13088","Shiga",2013,33,28.3730311172152
"13089","Shiga",2013,34,28.6432896078219
"13090","Shiga",2013,35,25.3718493140362
"13091","Shiga",2013,36,22.942266286333
"13092","Shiga",2013,37,24.8579721746619
"13093","Shiga",2013,38,22.1232750924758
"13094","Shiga",2013,39,21.8813000796914
"13095","Shiga",2013,40,21.3042280398541
"13096","Shiga",2013,41,22.9508518645539
"13097","Shiga",2013,42,16.4044545264561
"13098","Shiga",2013,43,16.6950867619046
"13099","Shiga",2013,44,14.2639474146892
"13100","Shiga",2013,45,14.0169156600277
"13101","Shiga",2013,46,9.47198585085286
"13102","Shiga",2013,47,8.45390930171412
"13103","Shiga",2013,48,7.60597829717292
"13104","Shiga",2013,49,7.77714269753898
"13105","Shiga",2013,50,5.29196645514443
"13106","Shiga",2013,51,4.96553235501188
"13107","Shiga",2013,52,3.47431892487727
"13108","Shiga",2014,1,3.89555108262082
"13109","Shiga",2014,2,2.35950307077516
"13110","Shiga",2014,3,2.1219565309
"13111","Shiga",2014,4,3.06698697302822
"13112","Shiga",2014,5,4.91659524601119
"13113","Shiga",2014,6,3.22570160532236
"13114","Shiga",2014,7,2.32528128646839
"13115","Shiga",2014,8,2.51069413311315
"13116","Shiga",2014,9,6.66548061385926
"13117","Shiga",2014,10,3.6565431336058
"13118","Shiga",2014,11,4.81878837530208
"13119","Shiga",2014,12,7.69398310553698
"13120","Shiga",2014,13,12.23650594567
"13121","Shiga",2014,14,10.488507065188
"13122","Shiga",2014,15,9.88808442293628
"13123","Shiga",2014,16,12.8922003074638
"13124","Shiga",2014,17,13.27580840658
"13125","Shiga",2014,18,15.7880316364734
"13126","Shiga",2014,19,14.8108058151642
"13127","Shiga",2014,20,17.1914057056971
"13128","Shiga",2014,21,17.6514035749646
"13129","Shiga",2014,22,21.2403084108991
"13130","Shiga",2014,23,21.6138834079197
"13131","Shiga",2014,24,21.694181536616
"13132","Shiga",2014,25,22.7525408016419
"13133","Shiga",2014,26,22.3962660122993
"13134","Shiga",2014,27,23.1572846220413
"13135","Shiga",2014,28,25.0726119143551
"13136","Shiga",2014,29,25.7790270800779
"13137","Shiga",2014,30,27.5302749564022
"13138","Shiga",2014,31,26.1753829367078
"13139","Shiga",2014,32,25.992791281463
"13140","Shiga",2014,33,25.7413558538447
"13141","Shiga",2014,34,26.8694580593091
"13142","Shiga",2014,35,23.6498244588295
"13143","Shiga",2014,36,23.4686545858924
"13144","Shiga",2014,37,21.9419868130228
"13145","Shiga",2014,38,20.2196501185676
"13146","Shiga",2014,39,20.9323452314114
"13147","Shiga",2014,40,20.9391704247251
"13148","Shiga",2014,41,18.9492597119676
"13149","Shiga",2014,42,15.7774916237572
"13150","Shiga",2014,43,16.3570289893935
"13151","Shiga",2014,44,14.795756357595
"13152","Shiga",2014,45,13.624783922867
"13153","Shiga",2014,46,11.158801360445
"13154","Shiga",2014,47,9.45686706726979
"13155","Shiga",2014,48,11.8397649525896
"13156","Shiga",2014,49,6.3754073571093
"13157","Shiga",2014,50,5.24410801674022
"13158","Shiga",2014,51,2.35133608343654
"13159","Shiga",2014,52,3.17974899328335
"13160","Shiga",2015,1,3.3478705008777
"13161","Shiga",2015,2,4.02655625457717
"13162","Shiga",2015,3,4.52914648899969
"13163","Shiga",2015,4,3.94830313756411
"13164","Shiga",2015,5,3.25854511360688
"13165","Shiga",2015,6,2.09298472176872
"13166","Shiga",2015,7,4.49078485711606
"13167","Shiga",2015,8,7.02283227495484
"13168","Shiga",2015,9,5.82545662872602
"13169","Shiga",2015,10,4.49549788945829
"13170","Shiga",2015,11,11.4345454382997
"13171","Shiga",2015,12,7.78401151355207
"13172","Shiga",2015,13,13.3929083134991
"13173","Shiga",2015,14,9.42466878810403
"13174","Shiga",2015,15,12.5810894703884
"13175","Shiga",2015,16,14.5952164620206
"13176","Shiga",2015,17,18.9954765626396
"13177","Shiga",2015,18,18.0812179615142
"13178","Shiga",2015,19,18.2127506548658
"13179","Shiga",2015,20,18.5488305815106
"13180","Shiga",2015,21,21.8195847101284
"13181","Shiga",2015,22,19.1694110422885
"13182","Shiga",2015,23,20.5112037258215
"13183","Shiga",2015,24,21.6865312931341
"13184","Shiga",2015,25,22.2604198827204
"13185","Shiga",2015,26,21.318347143808
"13186","Shiga",2015,27,23.0430812715083
"13187","Shiga",2015,28,26.5324691886805
"13188","Shiga",2015,29,26.5527753465961
"13189","Shiga",2015,30,28.4378612577532
"13190","Shiga",2015,31,29.2370065822303
"13191","Shiga",2015,32,26.8320511273551
"13192","Shiga",2015,33,25.5882793047955
"13193","Shiga",2015,34,24.5770773935942
"13194","Shiga",2015,35,23.3552451714546
"13195","Shiga",2015,36,21.469009012458
"13196","Shiga",2015,37,20.6061181143858
"13197","Shiga",2015,38,20.9868647272371
"13198","Shiga",2015,39,19.4356911353498
"13199","Shiga",2015,40,17.307626378919
"13200","Shiga",2015,41,16.2988680711287
"13201","Shiga",2015,42,17.5503721659952
"13202","Shiga",2015,43,13.9855805799628
"13203","Shiga",2015,44,14.1301290616261
"13204","Shiga",2015,45,14.2572368386491
"13205","Shiga",2015,46,14.3652147123197
"13206","Shiga",2015,47,9.9254404179954
"13207","Shiga",2015,48,8.7369691779504
"13208","Shiga",2015,49,9.38547368959401
"13209","Shiga",2015,50,7.92206939020635
"13210","Shiga",2015,51,7.66196374095349
"13211","Shiga",2015,52,4.31137769558652
"13212","Shiga",2016,1,6.65024460661861
"13213","Shiga",2016,2,3.96476147381356
"13214","Shiga",2016,3,2.93891524650437
"13215","Shiga",2016,4,2.33690175216093
"13216","Shiga",2016,5,4.14355904222299
"13217","Shiga",2016,6,5.40164170379628
"13218","Shiga",2016,7,5.2349377673097
"13219","Shiga",2016,8,4.44377790225138
"13220","Shiga",2016,9,6.7894854377853
"13221","Shiga",2016,10,8.65218530498296
"13222","Shiga",2016,11,8.68325960596267
"13223","Shiga",2016,12,7.09146355772143
"13224","Shiga",2016,13,11.901508693684
"13225","Shiga",2016,14,13.7314497177435
"13226","Shiga",2016,15,13.0593825431622
"13227","Shiga",2016,16,15.014539900864
"13228","Shiga",2016,17,14.8517003719717
"13229","Shiga",2016,18,17.8054077151752
"13230","Shiga",2016,19,17.4324852960902
"13231","Shiga",2016,20,18.2204122396018
"13232","Shiga",2016,21,21.5015431367289
"13233","Shiga",2016,22,19.3121190416946
"13234","Shiga",2016,23,21.1989488170205
"13235","Shiga",2016,24,22.2931876088199
"13236","Shiga",2016,25,22.3553365303667
"13237","Shiga",2016,26,23.6045928470265
"13238","Shiga",2016,27,25.7504280004465
"13239","Shiga",2016,28,25.5748378148935
"13240","Shiga",2016,29,25.1322471356034
"13241","Shiga",2016,30,25.838586697572
"13242","Shiga",2016,31,27.825410117882
"13243","Shiga",2016,32,27.397945099201
"13244","Shiga",2016,33,27.9215932847713
"13245","Shiga",2016,34,27.316830489089
"13246","Shiga",2016,35,24.9665480708524
"13247","Shiga",2016,36,24.9643539275198
"13248","Shiga",2016,37,23.9107695541322
"13249","Shiga",2016,38,21.5037951473254
"13250","Shiga",2016,39,23.0223327541982
"13251","Shiga",2016,40,22.2634494494441
"13252","Shiga",2016,41,15.9324194246949
"13253","Shiga",2016,42,18.855307738582
"13254","Shiga",2016,43,15.0597917705444
"13255","Shiga",2016,44,11.8935658776493
"13256","Shiga",2016,45,10.9620674047073
"13257","Shiga",2016,46,12.3674225473156
"13258","Shiga",2016,47,10.8298029813628
"13259","Shiga",2016,48,9.1837676759106
"13260","Shiga",2016,49,8.03135321858581
"13261","Shiga",2016,50,4.77591677761662
"13262","Shiga",2016,51,8.33023103471051
"13263","Shiga",2016,52,4.81428316890415
"13264","Shiga",2017,1,5.3248684848578
"13265","Shiga",2017,2,4.02893050022202
"13266","Shiga",2017,3,1.61569068848417
"13267","Shiga",2017,4,1.68771830224296
"13268","Shiga",2017,5,3.8242711024114
"13269","Shiga",2017,6,2.15003031619228
"13270","Shiga",2017,7,2.92234332575107
"13271","Shiga",2017,8,4.64847192622994
"13272","Shiga",2017,9,5.26193152218509
"13273","Shiga",2017,10,4.95777830542986
"13274","Shiga",2017,11,6.54452509949527
"13275","Shiga",2017,12,7.71726776337018
"13276","Shiga",2017,13,7.88106694418207
"13277","Shiga",2017,14,13.2353175615689
"13278","Shiga",2017,15,11.7917618970835
"13279","Shiga",2017,16,14.3895660492633
"13280","Shiga",2017,17,13.7971367133089
"13281","Shiga",2017,18,17.1473631561569
"13282","Shiga",2017,19,18.1618140976863
"13283","Shiga",2017,20,18.4360662569016
"13284","Shiga",2017,21,20.1582087063926
"13285","Shiga",2017,22,20.2003846958771
"13286","Shiga",2017,23,19.0838547901802
"13287","Shiga",2017,24,19.4540098326307
"13288","Shiga",2017,25,22.4716284947141
"13289","Shiga",2017,26,23.498368542753
"13290","Shiga",2017,27,25.8860650599757
"13291","Shiga",2017,28,27.0947473387432
"13292","Shiga",2017,29,27.2647601404207
"13293","Shiga",2017,30,27.133015160061
"13294","Shiga",2017,31,27.5596912256817
"13295","Shiga",2017,32,27.1752774013675
"13296","Shiga",2017,33,25.6794151004705
"13297","Shiga",2017,34,27.5897143133534
"13298","Shiga",2017,35,25.3777510216668
"13299","Shiga",2017,36,23.2733938459681
"13300","Shiga",2017,37,22.479842457779
"13301","Shiga",2017,38,21.4177375547491
"13302","Shiga",2017,39,20.5471256518091
"13303","Shiga",2017,40,18.3078055027026
"13304","Shiga",2017,41,20.3193812078122
"13305","Shiga",2017,42,15.4413331576295
"13306","Shiga",2017,43,14.6562245681341
"13307","Shiga",2017,44,13.0849695702821
"13308","Shiga",2017,45,12.6449323244944
"13309","Shiga",2017,46,9.10025089986967
"13310","Shiga",2017,47,6.17518980839151
"13311","Shiga",2017,48,8.91688401515862
"13312","Shiga",2017,49,4.84763886931069
"13313","Shiga",2017,50,4.00799707416957
"13314","Shiga",2017,51,3.3590520028004
"13315","Shiga",2017,52,4.39848289079501
"13316","Shiga",2018,1,3.18016929891108
"13317","Shiga",2018,2,2.16881925062451
"13318","Shiga",2018,3,5.49925300600068
"13319","Shiga",2018,4,0.11761579791587
"13320","Shiga",2018,5,0.554732342479691
"13321","Shiga",2018,6,0.154433755615693
"13322","Shiga",2018,7,2.19446759790187
"13323","Shiga",2018,8,3.59794332002885
"13324","Shiga",2018,9,6.99867087694288
"13325","Shiga",2018,10,7.28321326920017
"13326","Shiga",2018,11,9.23903429770217
"13327","Shiga",2018,12,8.27587786689961
"13328","Shiga",2018,13,12.8381725429339
"13329","Shiga",2018,14,14.3637901070712
"13330","Shiga",2018,15,12.3728373482504
"13331","Shiga",2018,16,14.1702921588489
"13332","Shiga",2018,17,16.3539425975217
"13333","Shiga",2018,18,17.2989942515194
"13334","Shiga",2018,19,15.6554128133625
"13335","Shiga",2018,20,19.4194942104216
"13336","Shiga",2018,21,18.9982257615548
"13337","Shiga",2018,22,20.0142048304577
"13338","Shiga",2018,23,21.3604931590957
"13339","Shiga",2018,24,19.6793398882085
"13340","Shiga",2018,25,21.3135277006713
"13341","Shiga",2018,26,25.9541731874587
"13342","Shiga",2018,27,25.1750769288315
"13343","Shiga",2018,28,27.1373904223129
"13344","Shiga",2018,29,30.1794132387718
"13345","Shiga",2018,30,28.8459770826808
"13346","Shiga",2018,31,28.7194055244757
"13347","Shiga",2018,32,28.405922341321
"13348","Shiga",2018,33,26.4807453345958
"13349","Shiga",2018,34,27.6557701113951
"13350","Shiga",2018,35,27.046544821677
"13351","Shiga",2018,36,24.8303710487715
"13352","Shiga",2018,37,22.0586606411407
"13353","Shiga",2018,38,21.6567996125748
"13354","Shiga",2018,39,19.9101337563886
"13355","Shiga",2018,40,20.7845994591647
"13356","Shiga",2018,41,18.3282037931378
"13357","Shiga",2018,42,16.316758005546
"13358","Shiga",2018,43,15.5238377680543
"13359","Shiga",2018,44,12.7219318244253
"13360","Shiga",2018,45,15.794565594197
"13361","Shiga",2018,46,12.330503340093
"13362","Shiga",2018,47,9.61168536438965
"13363","Shiga",2018,48,10.6448381463318
"13364","Shiga",2018,49,10.6958157787088
"13365","Shiga",2018,50,4.69439471481331
"13366","Shiga",2018,51,7.33442723838833
"13367","Shiga",2018,52,4.81625680859776
"13368","Shiga",2019,1,3.72689195623626
"13369","Shiga",2019,2,3.56684075815059
"13370","Shiga",2019,3,4.34222812774125
"13371","Shiga",2019,4,3.80226968796353
"13372","Shiga",2019,5,3.11579382405478
"13373","Shiga",2019,6,5.61880508961553
"13374","Shiga",2019,7,3.3691927233105
"13375","Shiga",2019,8,6.42392540148673
"13376","Shiga",2019,9,7.64093696076019
"13377","Shiga",2019,10,7.75815478937525
"13378","Shiga",2019,11,6.9593495653583
"13379","Shiga",2019,12,8.94680269556112
"13380","Shiga",2019,13,9.63191835167923
"13381","Shiga",2019,14,8.24690385663898
"13382","Shiga",2019,15,10.1660665998695
"13383","Shiga",2019,16,13.073462129312
"13384","Shiga",2019,17,15.5185932549159
"13385","Shiga",2019,18,14.7380187802712
"13386","Shiga",2019,19,16.3008716696155
"13387","Shiga",2019,20,19.2556502201485
"13388","Shiga",2019,21,20.39414112432
"13389","Shiga",2019,22,20.6875396383607
"13390","Shiga",2019,23,21.8007019384824
"13391","Shiga",2019,24,20.0002017691802
"13392","Shiga",2019,25,21.6191357206604
"13393","Shiga",2019,26,23.6200644307751
"13394","Shiga",2019,27,23.5977267836425
"13395","Shiga",2019,28,22.7742580583357
"13396","Shiga",2019,29,24.2310398043036
"13397","Shiga",2019,30,26.4616499244736
"13398","Shiga",2019,31,29.3528521753462
"13399","Shiga",2019,32,29.5658386873543
"13400","Shiga",2019,33,28.7298478913775
"13401","Shiga",2019,34,26.5574987319573
"13402","Shiga",2019,35,24.4285996786176
"13403","Shiga",2019,36,26.6027172782813
"13404","Shiga",2019,37,26.4423925318403
"13405","Shiga",2019,38,23.1367118004872
"13406","Shiga",2019,39,23.1509728211444
"13407","Shiga",2019,40,23.6558060882212
"13408","Shiga",2019,41,19.9900694337691
"13409","Shiga",2019,42,17.2840738699213
"13410","Shiga",2019,43,17.6671932182727
"13411","Shiga",2019,44,14.939745553248
"13412","Shiga",2019,45,12.5808451039678
"13413","Shiga",2019,46,11.897597856203
"13414","Shiga",2019,47,11.4692285776932
"13415","Shiga",2019,48,9.56059646317791
"13416","Shiga",2019,49,7.03007377982403
"13417","Shiga",2019,50,7.36707931795248
"13418","Shiga",2019,51,8.12121189383511
"13419","Shiga",2019,52,6.36010961075583
"13420","Shiga",2020,1,6.12930547944319
"13421","Shiga",2020,2,6.30541155728883
"13422","Shiga",2020,3,5.12638690138677
"13423","Shiga",2020,4,6.58702963777712
"13424","Shiga",2020,5,6.7563747396919
"13425","Shiga",2020,6,3.69102744822903
"13426","Shiga",2020,7,6.73611549946254
"13427","Shiga",2020,8,6.13805883745404
"13428","Shiga",2020,9,6.27469470954349
"13429","Shimane",2013,1,2.25140324900723
"13430","Shimane",2013,2,4.09235925663436
"13431","Shimane",2013,3,3.85277232159196
"13432","Shimane",2013,4,4.06188322122675
"13433","Shimane",2013,5,5.55229093014042
"13434","Shimane",2013,6,4.33874777814884
"13435","Shimane",2013,7,3.44212497420394
"13436","Shimane",2013,8,3.97459216268237
"13437","Shimane",2013,9,6.18525993313043
"13438","Shimane",2013,10,10.4245216739646
"13439","Shimane",2013,11,7.34757590979408
"13440","Shimane",2013,12,10.531201322185
"13441","Shimane",2013,13,9.2992514517873
"13442","Shimane",2013,14,11.5903641319759
"13443","Shimane",2013,15,9.17503777313677
"13444","Shimane",2013,16,12.5324906965901
"13445","Shimane",2013,17,12.2163622831083
"13446","Shimane",2013,18,13.0045564144779
"13447","Shimane",2013,19,15.6020240875839
"13448","Shimane",2013,20,18.2159811465951
"13449","Shimane",2013,21,19.2451647960263
"13450","Shimane",2013,22,19.9607608210715
"13451","Shimane",2013,23,20.3169390861538
"13452","Shimane",2013,24,23.1599581393573
"13453","Shimane",2013,25,22.035941850375
"13454","Shimane",2013,26,22.1284239560039
"13455","Shimane",2013,27,24.9947069672353
"13456","Shimane",2013,28,27.0875233664989
"13457","Shimane",2013,29,26.2134623445707
"13458","Shimane",2013,30,27.2524480131698
"13459","Shimane",2013,31,26.6791992269315
"13460","Shimane",2013,32,27.7243454459246
"13461","Shimane",2013,33,28.1272150539678
"13462","Shimane",2013,34,27.795988108636
"13463","Shimane",2013,35,25.2196884076215
"13464","Shimane",2013,36,21.8041250349532
"13465","Shimane",2013,37,24.6883289205639
"13466","Shimane",2013,38,22.5473257751737
"13467","Shimane",2013,39,21.9106676516545
"13468","Shimane",2013,40,20.9033893000406
"13469","Shimane",2013,41,22.3186689867826
"13470","Shimane",2013,42,17.0308581561432
"13471","Shimane",2013,43,16.9369633285966
"13472","Shimane",2013,44,14.8990522593241
"13473","Shimane",2013,45,15.0394635673874
"13474","Shimane",2013,46,10.9389150136594
"13475","Shimane",2013,47,9.01541041775078
"13476","Shimane",2013,48,8.33225829221984
"13477","Shimane",2013,49,8.75266110518515
"13478","Shimane",2013,50,6.27026544636305
"13479","Shimane",2013,51,5.37322797500321
"13480","Shimane",2013,52,4.07122969568845
"13481","Shimane",2014,1,6.23704713867668
"13482","Shimane",2014,2,4.07732568609476
"13483","Shimane",2014,3,3.14884774826788
"13484","Shimane",2014,4,4.64255126422595
"13485","Shimane",2014,5,7.15354915406041
"13486","Shimane",2014,6,4.04413821350935
"13487","Shimane",2014,7,2.91708672483352
"13488","Shimane",2014,8,3.64822599173986
"13489","Shimane",2014,9,8.04681951063946
"13490","Shimane",2014,10,4.50359155328678
"13491","Shimane",2014,11,6.15830665843884
"13492","Shimane",2014,12,9.21463535925173
"13493","Shimane",2014,13,13.3188064165125
"13494","Shimane",2014,14,10.2636551472837
"13495","Shimane",2014,15,11.2474426346671
"13496","Shimane",2014,16,12.7634943977512
"13497","Shimane",2014,17,14.1803094735245
"13498","Shimane",2014,18,15.9693977736485
"13499","Shimane",2014,19,14.9196344705835
"13500","Shimane",2014,20,17.5140292262305
"13501","Shimane",2014,21,18.2652014498472
"13502","Shimane",2014,22,20.939176522086
"13503","Shimane",2014,23,20.6449801923551
"13504","Shimane",2014,24,20.2942926898394
"13505","Shimane",2014,25,20.7917345406415
"13506","Shimane",2014,26,21.6523703611639
"13507","Shimane",2014,27,22.2335705834147
"13508","Shimane",2014,28,24.5213705251926
"13509","Shimane",2014,29,24.2296758322939
"13510","Shimane",2014,30,27.11304584394
"13511","Shimane",2014,31,26.5165809004916
"13512","Shimane",2014,32,25.3594982528448
"13513","Shimane",2014,33,24.2320138111318
"13514","Shimane",2014,34,25.4765167391124
"13515","Shimane",2014,35,23.3983000801435
"13516","Shimane",2014,36,23.5014096872382
"13517","Shimane",2014,37,22.2380934133075
"13518","Shimane",2014,38,20.7365330028031
"13519","Shimane",2014,39,21.2853281953523
"13520","Shimane",2014,40,20.3697972548323
"13521","Shimane",2014,41,18.5388261571476
"13522","Shimane",2014,42,15.6672500489694
"13523","Shimane",2014,43,16.7006176450253
"13524","Shimane",2014,44,15.3667893232479
"13525","Shimane",2014,45,13.1875561335731
"13526","Shimane",2014,46,10.8351542135669
"13527","Shimane",2014,47,11.0136989967588
"13528","Shimane",2014,48,12.9593394088499
"13529","Shimane",2014,49,5.81545238513473
"13530","Shimane",2014,50,5.38415460558187
"13531","Shimane",2014,51,3.11322585414177
"13532","Shimane",2014,52,4.30501848408295
"13533","Shimane",2015,1,5.73023328440492
"13534","Shimane",2015,2,5.08165254952586
"13535","Shimane",2015,3,5.70291311108845
"13536","Shimane",2015,4,4.63400481899915
"13537","Shimane",2015,5,4.04345698372793
"13538","Shimane",2015,6,3.38574514061952
"13539","Shimane",2015,7,5.78726571321586
"13540","Shimane",2015,8,6.87075831241433
"13541","Shimane",2015,9,4.96316363875126
"13542","Shimane",2015,10,5.32899591248353
"13543","Shimane",2015,11,11.2642799814662
"13544","Shimane",2015,12,8.7921635982808
"13545","Shimane",2015,13,14.1123868349959
"13546","Shimane",2015,14,9.7141050911159
"13547","Shimane",2015,15,12.9379961069664
"13548","Shimane",2015,16,13.9091783419071
"13549","Shimane",2015,17,18.2729394938897
"13550","Shimane",2015,18,16.7197201301015
"13551","Shimane",2015,19,17.6012761467055
"13552","Shimane",2015,20,17.9900541448593
"13553","Shimane",2015,21,20.5658392165703
"13554","Shimane",2015,22,18.9595983106744
"13555","Shimane",2015,23,20.8678420558529
"13556","Shimane",2015,24,20.9454775459274
"13557","Shimane",2015,25,21.5429388478927
"13558","Shimane",2015,26,20.9128460950133
"13559","Shimane",2015,27,23.1306234936916
"13560","Shimane",2015,28,24.4578127292963
"13561","Shimane",2015,29,26.0194526480644
"13562","Shimane",2015,30,26.8713067838859
"13563","Shimane",2015,31,27.7852608699564
"13564","Shimane",2015,32,25.4391461608221
"13565","Shimane",2015,33,24.9108507698915
"13566","Shimane",2015,34,23.7527525499179
"13567","Shimane",2015,35,22.7913202411544
"13568","Shimane",2015,36,20.7846430692093
"13569","Shimane",2015,37,19.9981654843701
"13570","Shimane",2015,38,20.9883829618368
"13571","Shimane",2015,39,19.7230041160064
"13572","Shimane",2015,40,17.1918924652052
"13573","Shimane",2015,41,16.1359711117924
"13574","Shimane",2015,42,17.3814451057664
"13575","Shimane",2015,43,13.6768001775755
"13576","Shimane",2015,44,14.9305519037438
"13577","Shimane",2015,45,15.1907239976636
"13578","Shimane",2015,46,14.5441423822606
"13579","Shimane",2015,47,10.0899330125239
"13580","Shimane",2015,48,9.28108088297765
"13581","Shimane",2015,49,9.76639863738469
"13582","Shimane",2015,50,7.35756683198282
"13583","Shimane",2015,51,8.47267862949725
"13584","Shimane",2015,52,5.94145516868244
"13585","Shimane",2016,1,6.89291349317585
"13586","Shimane",2016,2,4.34889713497954
"13587","Shimane",2016,3,2.10776191931828
"13588","Shimane",2016,4,3.31622930154463
"13589","Shimane",2016,5,4.25334697453677
"13590","Shimane",2016,6,7.50372235133325
"13591","Shimane",2016,7,4.93003086874742
"13592","Shimane",2016,8,4.37084768651994
"13593","Shimane",2016,9,7.87380904291155
"13594","Shimane",2016,10,8.08457365008077
"13595","Shimane",2016,11,9.23731594868244
"13596","Shimane",2016,12,7.50627675835744
"13597","Shimane",2016,13,12.5104864428761
"13598","Shimane",2016,14,13.8546215847416
"13599","Shimane",2016,15,13.5467787631161
"13600","Shimane",2016,16,14.4961650185195
"13601","Shimane",2016,17,14.6703421227667
"13602","Shimane",2016,18,17.5672663568278
"13603","Shimane",2016,19,16.5249794983405
"13604","Shimane",2016,20,17.9559398819346
"13605","Shimane",2016,21,20.6251849903398
"13606","Shimane",2016,22,18.9610284286443
"13607","Shimane",2016,23,21.2804967919814
"13608","Shimane",2016,24,22.3742638565108
"13609","Shimane",2016,25,22.3745469619736
"13610","Shimane",2016,26,23.1419801469809
"13611","Shimane",2016,27,25.2966376593052
"13612","Shimane",2016,28,24.7486299515451
"13613","Shimane",2016,29,24.7550283561863
"13614","Shimane",2016,30,27.2157429257601
"13615","Shimane",2016,31,27.1723125786843
"13616","Shimane",2016,32,27.348668683972
"13617","Shimane",2016,33,27.0764689195691
"13618","Shimane",2016,34,26.1290406210782
"13619","Shimane",2016,35,23.6049876190677
"13620","Shimane",2016,36,23.9036980877291
"13621","Shimane",2016,37,23.423022018758
"13622","Shimane",2016,38,20.829521983477
"13623","Shimane",2016,39,22.3275503737551
"13624","Shimane",2016,40,22.571074798286
"13625","Shimane",2016,41,16.4766941121479
"13626","Shimane",2016,42,18.6904551889542
"13627","Shimane",2016,43,16.0036907853437
"13628","Shimane",2016,44,12.9910709563799
"13629","Shimane",2016,45,11.4128027205872
"13630","Shimane",2016,46,14.2767300760188
"13631","Shimane",2016,47,11.2847962475689
"13632","Shimane",2016,48,9.99774213682323
"13633","Shimane",2016,49,9.02495914827053
"13634","Shimane",2016,50,6.30956769857119
"13635","Shimane",2016,51,10.1869308083727
"13636","Shimane",2016,52,6.17645913974163
"13637","Shimane",2017,1,7.27763826131598
"13638","Shimane",2017,2,4.85014143257601
"13639","Shimane",2017,3,3.54855024496663
"13640","Shimane",2017,4,2.29291884826697
"13641","Shimane",2017,5,5.82932072952363
"13642","Shimane",2017,6,3.20651834984225
"13643","Shimane",2017,7,5.32467876672523
"13644","Shimane",2017,8,5.81052302720992
"13645","Shimane",2017,9,6.29819207600708
"13646","Shimane",2017,10,5.88667341266977
"13647","Shimane",2017,11,7.31264146274028
"13648","Shimane",2017,12,8.083049124036
"13649","Shimane",2017,13,8.2749874783197
"13650","Shimane",2017,14,13.7241992719614
"13651","Shimane",2017,15,13.1662471768175
"13652","Shimane",2017,16,14.4076286075485
"13653","Shimane",2017,17,15.0206391116419
"13654","Shimane",2017,18,17.9092921354505
"13655","Shimane",2017,19,17.6595816198759
"13656","Shimane",2017,20,17.7991688584082
"13657","Shimane",2017,21,18.665392306864
"13658","Shimane",2017,22,19.6941382035991
"13659","Shimane",2017,23,19.1508580212428
"13660","Shimane",2017,24,18.7676163584909
"13661","Shimane",2017,25,21.5661217353973
"13662","Shimane",2017,26,23.1973152019347
"13663","Shimane",2017,27,24.7761532701197
"13664","Shimane",2017,28,26.3280090451946
"13665","Shimane",2017,29,27.1296844628817
"13666","Shimane",2017,30,26.7284989419231
"13667","Shimane",2017,31,27.9978082498425
"13668","Shimane",2017,32,26.5367070212494
"13669","Shimane",2017,33,25.3761747650701
"13670","Shimane",2017,34,27.2262493325132
"13671","Shimane",2017,35,24.1122960754119
"13672","Shimane",2017,36,22.6319915708356
"13673","Shimane",2017,37,22.2880782765503
"13674","Shimane",2017,38,20.9844546708861
"13675","Shimane",2017,39,20.3639492154025
"13676","Shimane",2017,40,18.8645602325298
"13677","Shimane",2017,41,19.8298851319552
"13678","Shimane",2017,42,16.0331513989305
"13679","Shimane",2017,43,15.2440113730095
"13680","Shimane",2017,44,13.6880291393091
"13681","Shimane",2017,45,13.5934161909012
"13682","Shimane",2017,46,10.4707174652574
"13683","Shimane",2017,47,7.46754595121081
"13684","Shimane",2017,48,9.62851719824643
"13685","Shimane",2017,49,5.70774174878398
"13686","Shimane",2017,50,4.16538756126156
"13687","Shimane",2017,51,4.90503959422435
"13688","Shimane",2017,52,5.44357586055842
"13689","Shimane",2018,1,4.54297879368038
"13690","Shimane",2018,2,2.48124000580741
"13691","Shimane",2018,3,6.76589342804894
"13692","Shimane",2018,4,0.972210705911371
"13693","Shimane",2018,5,2.25836178327644
"13694","Shimane",2018,6,0.0581316002543821
"13695","Shimane",2018,7,3.01610111868393
"13696","Shimane",2018,8,4.93090881989973
"13697","Shimane",2018,9,7.66963532557959
"13698","Shimane",2018,10,7.3070405434329
"13699","Shimane",2018,11,9.82762463696269
"13700","Shimane",2018,12,8.06721545076295
"13701","Shimane",2018,13,12.7343667224052
"13702","Shimane",2018,14,13.2706924156516
"13703","Shimane",2018,15,13.0657745400587
"13704","Shimane",2018,16,14.236569003052
"13705","Shimane",2018,17,14.858126114532
"13706","Shimane",2018,18,16.9153722938853
"13707","Shimane",2018,19,15.0011406531023
"13708","Shimane",2018,20,19.0257438782229
"13709","Shimane",2018,21,18.4864489084542
"13710","Shimane",2018,22,20.1405312327137
"13711","Shimane",2018,23,20.6977271880691
"13712","Shimane",2018,24,18.8000195943489
"13713","Shimane",2018,25,21.6773142334723
"13714","Shimane",2018,26,24.2545232873779
"13715","Shimane",2018,27,23.8499260001587
"13716","Shimane",2018,28,26.0361367821838
"13717","Shimane",2018,29,28.5472870484662
"13718","Shimane",2018,30,28.157771944029
"13719","Shimane",2018,31,28.2289457694206
"13720","Shimane",2018,32,26.6711952340377
"13721","Shimane",2018,33,26.5126943345367
"13722","Shimane",2018,34,28.4572391438286
"13723","Shimane",2018,35,25.9833753060953
"13724","Shimane",2018,36,24.1686898625377
"13725","Shimane",2018,37,22.4199779349244
"13726","Shimane",2018,38,22.2499182726757
"13727","Shimane",2018,39,19.8812951314578
"13728","Shimane",2018,40,20.4615690957872
"13729","Shimane",2018,41,17.6395306171149
"13730","Shimane",2018,42,16.0320240693219
"13731","Shimane",2018,43,15.7824864347429
"13732","Shimane",2018,44,12.7425701025746
"13733","Shimane",2018,45,15.188315047714
"13734","Shimane",2018,46,12.300120271218
"13735","Shimane",2018,47,9.80515509180764
"13736","Shimane",2018,48,11.3950049636272
"13737","Shimane",2018,49,10.9648664233774
"13738","Shimane",2018,50,5.23422528342232
"13739","Shimane",2018,51,9.12576845547964
"13740","Shimane",2018,52,5.42803711052842
"13741","Shimane",2019,1,4.81812909934085
"13742","Shimane",2019,2,5.47269908613004
"13743","Shimane",2019,3,6.27969598772545
"13744","Shimane",2019,4,5.42833619292467
"13745","Shimane",2019,5,5.00025216947004
"13746","Shimane",2019,6,6.90213448333242
"13747","Shimane",2019,7,4.40393954583479
"13748","Shimane",2019,8,7.2415939538394
"13749","Shimane",2019,9,7.92418329385925
"13750","Shimane",2019,10,8.31554138411108
"13751","Shimane",2019,11,7.62787327910313
"13752","Shimane",2019,12,9.62285951082987
"13753","Shimane",2019,13,10.8245148341255
"13754","Shimane",2019,14,9.13770936476379
"13755","Shimane",2019,15,10.424380146858
"13756","Shimane",2019,16,13.6613650157009
"13757","Shimane",2019,17,15.1957435843342
"13758","Shimane",2019,18,14.8400154635037
"13759","Shimane",2019,19,16.0900706865065
"13760","Shimane",2019,20,19.5561366986685
"13761","Shimane",2019,21,19.845527614325
"13762","Shimane",2019,22,19.4170241300447
"13763","Shimane",2019,23,21.1658335946492
"13764","Shimane",2019,24,19.1106478432472
"13765","Shimane",2019,25,20.6213257946545
"13766","Shimane",2019,26,22.1447220606411
"13767","Shimane",2019,27,22.7071390816889
"13768","Shimane",2019,28,22.6212643905527
"13769","Shimane",2019,29,23.8531029916896
"13770","Shimane",2019,30,26.3145096091983
"13771","Shimane",2019,31,28.0126159234416
"13772","Shimane",2019,32,28.4028331340606
"13773","Shimane",2019,33,28.2894720719811
"13774","Shimane",2019,34,25.3290479438527
"13775","Shimane",2019,35,23.6113421072613
"13776","Shimane",2019,36,26.0132837743244
"13777","Shimane",2019,37,25.9724127212619
"13778","Shimane",2019,38,21.7412925853466
"13779","Shimane",2019,39,21.7602627808752
"13780","Shimane",2019,40,22.8238237984818
"13781","Shimane",2019,41,18.992394244482
"13782","Shimane",2019,42,16.3629311118726
"13783","Shimane",2019,43,17.6758240007061
"13784","Shimane",2019,44,15.7081364316445
"13785","Shimane",2019,45,13.2898740430435
"13786","Shimane",2019,46,13.0395264026223
"13787","Shimane",2019,47,11.4922921399869
"13788","Shimane",2019,48,10.1437627662378
"13789","Shimane",2019,49,7.59607158980606
"13790","Shimane",2019,50,8.46512676790646
"13791","Shimane",2019,51,8.80163035376003
"13792","Shimane",2019,52,7.57054621700878
"13793","Shimane",2020,1,7.34489232646574
"13794","Shimane",2020,2,8.04024504378473
"13795","Shimane",2020,3,5.63511373345911
"13796","Shimane",2020,4,7.70012974886953
"13797","Shimane",2020,5,6.89630953168626
"13798","Shimane",2020,6,4.57227383672875
"13799","Shimane",2020,7,8.66716741035126
"13800","Shimane",2020,8,6.32800783812467
"13801","Shimane",2020,9,7.4642367028398
"13802","Shizuoka",2013,1,2.18012861323692
"13803","Shizuoka",2013,2,3.73297733100148
"13804","Shizuoka",2013,3,2.26440061963531
"13805","Shizuoka",2013,4,2.90909909925586
"13806","Shizuoka",2013,5,4.4460469873663
"13807","Shizuoka",2013,6,4.35507756241747
"13808","Shizuoka",2013,7,3.10686913348791
"13809","Shizuoka",2013,8,2.54624689692804
"13810","Shizuoka",2013,9,4.43426463820456
"13811","Shizuoka",2013,10,8.53476062731379
"13812","Shizuoka",2013,11,8.42305421756029
"13813","Shizuoka",2013,12,11.5373554921342
"13814","Shizuoka",2013,13,10.243120267096
"13815","Shizuoka",2013,14,11.6432509071118
"13816","Shizuoka",2013,15,9.19348114245785
"13817","Shizuoka",2013,16,13.4422933181692
"13818","Shizuoka",2013,17,11.5368383180174
"13819","Shizuoka",2013,18,13.0941174637245
"13820","Shizuoka",2013,19,15.3218041625845
"13821","Shizuoka",2013,20,17.3938571521178
"13822","Shizuoka",2013,21,18.4139853240443
"13823","Shizuoka",2013,22,18.2675376911645
"13824","Shizuoka",2013,23,18.6125113675805
"13825","Shizuoka",2013,24,20.7026816060594
"13826","Shizuoka",2013,25,20.98137174825
"13827","Shizuoka",2013,26,20.2020418797858
"13828","Shizuoka",2013,27,22.1087802791265
"13829","Shizuoka",2013,28,26.7078167828804
"13830","Shizuoka",2013,29,24.1412844784747
"13831","Shizuoka",2013,30,24.9390588085782
"13832","Shizuoka",2013,31,25.2219873627781
"13833","Shizuoka",2013,32,26.844650218496
"13834","Shizuoka",2013,33,26.9941944277372
"13835","Shizuoka",2013,34,26.4809629227245
"13836","Shizuoka",2013,35,24.6066073643553
"13837","Shizuoka",2013,36,23.9313611125671
"13838","Shizuoka",2013,37,23.8229943238275
"13839","Shizuoka",2013,38,22.1209792889814
"13840","Shizuoka",2013,39,20.9631958985361
"13841","Shizuoka",2013,40,20.939266375105
"13842","Shizuoka",2013,41,21.647771065252
"13843","Shizuoka",2013,42,16.6144788086111
"13844","Shizuoka",2013,43,16.443754842885
"13845","Shizuoka",2013,44,14.6550637464898
"13846","Shizuoka",2013,45,13.9768077859932
"13847","Shizuoka",2013,46,9.65663919937875
"13848","Shizuoka",2013,47,8.65351843848811
"13849","Shizuoka",2013,48,7.88398177200918
"13850","Shizuoka",2013,49,7.79427579610442
"13851","Shizuoka",2013,50,5.3064183612275
"13852","Shizuoka",2013,51,4.84753485800685
"13853","Shizuoka",2013,52,4.29621718198666
"13854","Shizuoka",2014,1,4.49547264755797
"13855","Shizuoka",2014,2,3.48549060664766
"13856","Shizuoka",2014,3,3.0506098408564
"13857","Shizuoka",2014,4,4.03083994634773
"13858","Shizuoka",2014,5,5.73680479317695
"13859","Shizuoka",2014,6,3.87922906307602
"13860","Shizuoka",2014,7,3.52473912551406
"13861","Shizuoka",2014,8,3.09963490201003
"13862","Shizuoka",2014,9,7.06250243740461
"13863","Shizuoka",2014,10,3.77071076379488
"13864","Shizuoka",2014,11,5.45268222412246
"13865","Shizuoka",2014,12,7.94237893680298
"13866","Shizuoka",2014,13,11.5059646628356
"13867","Shizuoka",2014,14,10.7414106585292
"13868","Shizuoka",2014,15,10.7045008802214
"13869","Shizuoka",2014,16,12.6696180239129
"13870","Shizuoka",2014,17,12.2792940811042
"13871","Shizuoka",2014,18,15.0456404272311
"13872","Shizuoka",2014,19,14.4368139043396
"13873","Shizuoka",2014,20,16.5491440426445
"13874","Shizuoka",2014,21,16.7136265085523
"13875","Shizuoka",2014,22,19.5523386183201
"13876","Shizuoka",2014,23,19.698963985739
"13877","Shizuoka",2014,24,20.1826351402984
"13878","Shizuoka",2014,25,20.3781546149853
"13879","Shizuoka",2014,26,20.4269881187958
"13880","Shizuoka",2014,27,21.3230586198571
"13881","Shizuoka",2014,28,23.6649730563496
"13882","Shizuoka",2014,29,24.6358483571646
"13883","Shizuoka",2014,30,25.6463960251808
"13884","Shizuoka",2014,31,24.8463769920369
"13885","Shizuoka",2014,32,24.6605916829534
"13886","Shizuoka",2014,33,24.2473248975972
"13887","Shizuoka",2014,34,25.3084433002761
"13888","Shizuoka",2014,35,22.5638419932879
"13889","Shizuoka",2014,36,22.4741343801518
"13890","Shizuoka",2014,37,21.1252621471396
"13891","Shizuoka",2014,38,20.0162570413284
"13892","Shizuoka",2014,39,20.0704301298581
"13893","Shizuoka",2014,40,20.951625507555
"13894","Shizuoka",2014,41,18.4400372752725
"13895","Shizuoka",2014,42,16.1019690315428
"13896","Shizuoka",2014,43,15.9766518533121
"13897","Shizuoka",2014,44,15.2855644292241
"13898","Shizuoka",2014,45,15.0254064656621
"13899","Shizuoka",2014,46,12.0939390932921
"13900","Shizuoka",2014,47,9.55331103931331
"13901","Shizuoka",2014,48,12.0794701551988
"13902","Shizuoka",2014,49,6.34586034720569
"13903","Shizuoka",2014,50,5.4942420002176
"13904","Shizuoka",2014,51,2.43501800506245
"13905","Shizuoka",2014,52,3.41408799546574
"13906","Shizuoka",2015,1,4.46591560701916
"13907","Shizuoka",2015,2,4.34266633073759
"13908","Shizuoka",2015,3,4.70685284892315
"13909","Shizuoka",2015,4,4.80177571034177
"13910","Shizuoka",2015,5,3.51441183339525
"13911","Shizuoka",2015,6,2.33481631993754
"13912","Shizuoka",2015,7,5.24127521280006
"13913","Shizuoka",2015,8,7.78216948382497
"13914","Shizuoka",2015,9,6.71440102468899
"13915","Shizuoka",2015,10,5.50196951241197
"13916","Shizuoka",2015,11,11.1996535087595
"13917","Shizuoka",2015,12,8.35920008642222
"13918","Shizuoka",2015,13,12.8058590948466
"13919","Shizuoka",2015,14,10.5764376585204
"13920","Shizuoka",2015,15,12.0357498131941
"13921","Shizuoka",2015,16,15.5264531016114
"13922","Shizuoka",2015,17,17.0734052305114
"13923","Shizuoka",2015,18,16.8511066645952
"13924","Shizuoka",2015,19,18.0233183395345
"13925","Shizuoka",2015,20,18.4324824648113
"13926","Shizuoka",2015,21,20.4243838922852
"13927","Shizuoka",2015,22,19.678717263521
"13928","Shizuoka",2015,23,19.8050655343047
"13929","Shizuoka",2015,24,19.9470989112181
"13930","Shizuoka",2015,25,20.618739147144
"13931","Shizuoka",2015,26,20.4849232616505
"13932","Shizuoka",2015,27,21.2582576924111
"13933","Shizuoka",2015,28,25.0058512243126
"13934","Shizuoka",2015,29,25.6448360233755
"13935","Shizuoka",2015,30,27.4930868058
"13936","Shizuoka",2015,31,27.2353971485847
"13937","Shizuoka",2015,32,26.428173999923
"13938","Shizuoka",2015,33,25.1398948206204
"13939","Shizuoka",2015,34,22.94037664332
"13940","Shizuoka",2015,35,23.0613254313686
"13941","Shizuoka",2015,36,21.7289704164128
"13942","Shizuoka",2015,37,20.6104234139187
"13943","Shizuoka",2015,38,20.4385848410713
"13944","Shizuoka",2015,39,19.8646481715559
"13945","Shizuoka",2015,40,17.168971139119
"13946","Shizuoka",2015,41,16.6513291103452
"13947","Shizuoka",2015,42,17.4272024896553
"13948","Shizuoka",2015,43,14.845404629386
"13949","Shizuoka",2015,44,13.9965877968917
"13950","Shizuoka",2015,45,14.4587709034701
"13951","Shizuoka",2015,46,15.1573564839664
"13952","Shizuoka",2015,47,10.7497410772669
"13953","Shizuoka",2015,48,9.16577858211548
"13954","Shizuoka",2015,49,10.2315717018861
"13955","Shizuoka",2015,50,8.89717987802842
"13956","Shizuoka",2015,51,8.54869769208375
"13957","Shizuoka",2015,52,5.28169672115836
"13958","Shizuoka",2016,1,7.35972457243075
"13959","Shizuoka",2016,2,4.89748368147791
"13960","Shizuoka",2016,3,3.25726451084773
"13961","Shizuoka",2016,4,3.54072335577104
"13962","Shizuoka",2016,5,4.74988663416571
"13963","Shizuoka",2016,6,5.9537191991527
"13964","Shizuoka",2016,7,6.61362311210556
"13965","Shizuoka",2016,8,5.37007451810428
"13966","Shizuoka",2016,9,7.05985788663961
"13967","Shizuoka",2016,10,9.33235422708494
"13968","Shizuoka",2016,11,9.02023041489826
"13969","Shizuoka",2016,12,8.30384363115036
"13970","Shizuoka",2016,13,11.0816319485696
"13971","Shizuoka",2016,14,13.4899297371001
"13972","Shizuoka",2016,15,13.4244764594991
"13973","Shizuoka",2016,16,15.3558282441348
"13974","Shizuoka",2016,17,15.137119902562
"13975","Shizuoka",2016,18,17.4107729027254
"13976","Shizuoka",2016,19,17.6912080069172
"13977","Shizuoka",2016,20,17.8109793322522
"13978","Shizuoka",2016,21,20.1756262832678
"13979","Shizuoka",2016,22,18.539437658067
"13980","Shizuoka",2016,23,19.6856247156712
"13981","Shizuoka",2016,24,21.1548467161179
"13982","Shizuoka",2016,25,21.8674948423219
"13983","Shizuoka",2016,26,22.3536005246152
"13984","Shizuoka",2016,27,24.4300565773473
"13985","Shizuoka",2016,28,24.7911797523284
"13986","Shizuoka",2016,29,24.3688261007433
"13987","Shizuoka",2016,30,23.5438893306244
"13988","Shizuoka",2016,31,25.6142968095328
"13989","Shizuoka",2016,32,26.6785664169007
"13990","Shizuoka",2016,33,25.6429261741326
"13991","Shizuoka",2016,34,25.2540878509388
"13992","Shizuoka",2016,35,24.4051694960325
"13993","Shizuoka",2016,36,24.598516143172
"13994","Shizuoka",2016,37,23.3252410688183
"13995","Shizuoka",2016,38,20.900566649743
"13996","Shizuoka",2016,39,22.7538359214118
"13997","Shizuoka",2016,40,22.1072056207994
"13998","Shizuoka",2016,41,17.1862776002704
"13999","Shizuoka",2016,42,18.9869231498958
"14000","Shizuoka",2016,43,16.6391240511167
"14001","Shizuoka",2016,44,12.7799051133459
"14002","Shizuoka",2016,45,11.891519347142
"14003","Shizuoka",2016,46,13.350592866858
"14004","Shizuoka",2016,47,10.7112968191323
"14005","Shizuoka",2016,48,10.0685421966544
"14006","Shizuoka",2016,49,8.70154214607616
"14007","Shizuoka",2016,50,6.12008709521422
"14008","Shizuoka",2016,51,9.05355217436534
"14009","Shizuoka",2016,52,6.39093948215787
"14010","Shizuoka",2017,1,5.85025198187041
"14011","Shizuoka",2017,2,3.77563760376052
"14012","Shizuoka",2017,3,3.06486962696234
"14013","Shizuoka",2017,4,3.29817396996042
"14014","Shizuoka",2017,5,5.58288328172802
"14015","Shizuoka",2017,6,3.16624806404788
"14016","Shizuoka",2017,7,5.18056607172166
"14017","Shizuoka",2017,8,5.9482910639679
"14018","Shizuoka",2017,9,6.08011303217407
"14019","Shizuoka",2017,10,5.70399467216365
"14020","Shizuoka",2017,11,7.0852905069413
"14021","Shizuoka",2017,12,7.58990440365536
"14022","Shizuoka",2017,13,7.06516152605025
"14023","Shizuoka",2017,14,11.8368873318241
"14024","Shizuoka",2017,15,12.1138555225554
"14025","Shizuoka",2017,16,14.4191107026588
"14026","Shizuoka",2017,17,13.3656198793059
"14027","Shizuoka",2017,18,16.3753792585601
"14028","Shizuoka",2017,19,17.4321358330239
"14029","Shizuoka",2017,20,17.4872276218556
"14030","Shizuoka",2017,21,19.2589957689436
"14031","Shizuoka",2017,22,19.5862702012078
"14032","Shizuoka",2017,23,18.6624586933918
"14033","Shizuoka",2017,24,19.2517210152677
"14034","Shizuoka",2017,25,20.7057661191059
"14035","Shizuoka",2017,26,21.9331318722584
"14036","Shizuoka",2017,27,25.0303764899299
"14037","Shizuoka",2017,28,25.372367466804
"14038","Shizuoka",2017,29,25.7858651159798
"14039","Shizuoka",2017,30,25.3913038632311
"14040","Shizuoka",2017,31,25.1859602889376
"14041","Shizuoka",2017,32,25.9054627177212
"14042","Shizuoka",2017,33,24.7123571578586
"14043","Shizuoka",2017,34,26.9426205321799
"14044","Shizuoka",2017,35,24.4592140958091
"14045","Shizuoka",2017,36,22.6786271329201
"14046","Shizuoka",2017,37,22.2654579566008
"14047","Shizuoka",2017,38,21.408877124472
"14048","Shizuoka",2017,39,20.4019590216667
"14049","Shizuoka",2017,40,18.6211222058178
"14050","Shizuoka",2017,41,20.3157453528107
"14051","Shizuoka",2017,42,14.768259407472
"14052","Shizuoka",2017,43,14.7430132245573
"14053","Shizuoka",2017,44,14.0825972719732
"14054","Shizuoka",2017,45,13.8163699142592
"14055","Shizuoka",2017,46,10.0409703043129
"14056","Shizuoka",2017,47,7.23750191749113
"14057","Shizuoka",2017,48,9.89419250044353
"14058","Shizuoka",2017,49,5.68458737630059
"14059","Shizuoka",2017,50,4.92985890572422
"14060","Shizuoka",2017,51,4.56389827824735
"14061","Shizuoka",2017,52,4.69589732903628
"14062","Shizuoka",2018,1,3.58529306687044
"14063","Shizuoka",2018,2,3.28512846063391
"14064","Shizuoka",2018,3,6.59397570147292
"14065","Shizuoka",2018,4,1.08748231977712
"14066","Shizuoka",2018,5,2.77873298543156
"14067","Shizuoka",2018,6,1.71075535887806
"14068","Shizuoka",2018,7,3.41954974460274
"14069","Shizuoka",2018,8,4.74417586279514
"14070","Shizuoka",2018,9,7.57434975240843
"14071","Shizuoka",2018,10,9.2698112463012
"14072","Shizuoka",2018,11,9.9868361976569
"14073","Shizuoka",2018,12,8.86481741441982
"14074","Shizuoka",2018,13,13.0801921918243
"14075","Shizuoka",2018,14,14.3887166363671
"14076","Shizuoka",2018,15,12.4232025367565
"14077","Shizuoka",2018,16,14.293880758528
"14078","Shizuoka",2018,17,16.6693035008452
"14079","Shizuoka",2018,18,16.8460121075612
"14080","Shizuoka",2018,19,15.0699107944634
"14081","Shizuoka",2018,20,20.0078018667074
"14082","Shizuoka",2018,21,18.4160073274526
"14083","Shizuoka",2018,22,19.2373265141363
"14084","Shizuoka",2018,23,20.8696243058678
"14085","Shizuoka",2018,24,19.9776911324974
"14086","Shizuoka",2018,25,19.7959548444673
"14087","Shizuoka",2018,26,24.0909092733988
"14088","Shizuoka",2018,27,23.9815445396511
"14089","Shizuoka",2018,28,25.9052336925297
"14090","Shizuoka",2018,29,27.8520473182324
"14091","Shizuoka",2018,30,26.7247836605896
"14092","Shizuoka",2018,31,27.2402278193806
"14093","Shizuoka",2018,32,27.4237234970055
"14094","Shizuoka",2018,33,24.7914891662454
"14095","Shizuoka",2018,34,25.5442491091027
"14096","Shizuoka",2018,35,26.3850776930991
"14097","Shizuoka",2018,36,24.1158602127421
"14098","Shizuoka",2018,37,21.3454828317994
"14099","Shizuoka",2018,38,21.6214339372255
"14100","Shizuoka",2018,39,19.8018984453035
"14101","Shizuoka",2018,40,20.7231070126124
"14102","Shizuoka",2018,41,19.9141983527837
"14103","Shizuoka",2018,42,16.0686534799001
"14104","Shizuoka",2018,43,16.005327273839
"14105","Shizuoka",2018,44,13.4060071742889
"14106","Shizuoka",2018,45,16.0011597095537
"14107","Shizuoka",2018,46,13.267822674003
"14108","Shizuoka",2018,47,10.5994183371811
"14109","Shizuoka",2018,48,11.3808083881282
"14110","Shizuoka",2018,49,12.3009648049832
"14111","Shizuoka",2018,50,6.02577929849776
"14112","Shizuoka",2018,51,7.97864068510011
"14113","Shizuoka",2018,52,5.4409935095083
"14114","Shizuoka",2019,1,4.4581013657575
"14115","Shizuoka",2019,2,4.87709760776744
"14116","Shizuoka",2019,3,5.30703124127302
"14117","Shizuoka",2019,4,4.41106725067231
"14118","Shizuoka",2019,5,4.13877304991123
"14119","Shizuoka",2019,6,6.98899604842567
"14120","Shizuoka",2019,7,4.87925608119956
"14121","Shizuoka",2019,8,7.83589166382315
"14122","Shizuoka",2019,9,8.67066608502236
"14123","Shizuoka",2019,10,8.28587360939689
"14124","Shizuoka",2019,11,7.74888560380497
"14125","Shizuoka",2019,12,9.68567062616074
"14126","Shizuoka",2019,13,9.73957000219882
"14127","Shizuoka",2019,14,8.97368892223842
"14128","Shizuoka",2019,15,10.0771349284775
"14129","Shizuoka",2019,16,13.1560546647338
"14130","Shizuoka",2019,17,15.8463960357519
"14131","Shizuoka",2019,18,14.9170350219587
"14132","Shizuoka",2019,19,15.7774843716399
"14133","Shizuoka",2019,20,17.0700297017052
"14134","Shizuoka",2019,21,19.0402336493042
"14135","Shizuoka",2019,22,19.9658155087925
"14136","Shizuoka",2019,23,20.3442410542587
"14137","Shizuoka",2019,24,17.9310184991823
"14138","Shizuoka",2019,25,20.9840101435757
"14139","Shizuoka",2019,26,21.97824168529
"14140","Shizuoka",2019,27,22.0097218142779
"14141","Shizuoka",2019,28,21.0223126440726
"14142","Shizuoka",2019,29,22.8470172152035
"14143","Shizuoka",2019,30,24.8170989711756
"14144","Shizuoka",2019,31,27.2574625701636
"14145","Shizuoka",2019,32,27.423220802958
"14146","Shizuoka",2019,33,26.9095670055481
"14147","Shizuoka",2019,34,25.7583128794692
"14148","Shizuoka",2019,35,24.3760645335938
"14149","Shizuoka",2019,36,25.361331516864
"14150","Shizuoka",2019,37,25.2234137233599
"14151","Shizuoka",2019,38,22.9475063173679
"14152","Shizuoka",2019,39,22.4760899276713
"14153","Shizuoka",2019,40,22.6278056814693
"14154","Shizuoka",2019,41,20.4881667845589
"14155","Shizuoka",2019,42,18.0482801729671
"14156","Shizuoka",2019,43,17.2672667145332
"14157","Shizuoka",2019,44,15.37141260079
"14158","Shizuoka",2019,45,13.6220677843206
"14159","Shizuoka",2019,46,12.8606107641632
"14160","Shizuoka",2019,47,12.6419333271103
"14161","Shizuoka",2019,48,10.5881052108362
"14162","Shizuoka",2019,49,7.9482723551783
"14163","Shizuoka",2019,50,8.93096628878216
"14164","Shizuoka",2019,51,9.74053825658659
"14165","Shizuoka",2019,52,7.15179331622272
"14166","Shizuoka",2020,1,6.65615476061486
"14167","Shizuoka",2020,2,7.20919849996456
"14168","Shizuoka",2020,3,5.3844413336765
"14169","Shizuoka",2020,4,7.35918810427258
"14170","Shizuoka",2020,5,6.73428487488915
"14171","Shizuoka",2020,6,4.69259666209336
"14172","Shizuoka",2020,7,7.33329267302683
"14173","Shizuoka",2020,8,7.40078626925103
"14174","Shizuoka",2020,9,7.15335186269059
"14175","Tochigi",2013,1,-0.466537184232152
"14176","Tochigi",2013,2,0.50412991989575
"14177","Tochigi",2013,3,-0.670838988871448
"14178","Tochigi",2013,4,0.708009699716984
"14179","Tochigi",2013,5,2.34612075775675
"14180","Tochigi",2013,6,1.23138404231189
"14181","Tochigi",2013,7,0.387982053127571
"14182","Tochigi",2013,8,0.0940961021555933
"14183","Tochigi",2013,9,2.20259663409482
"14184","Tochigi",2013,10,6.67027478466369
"14185","Tochigi",2013,11,5.81726053901871
"14186","Tochigi",2013,12,10.1875500703343
"14187","Tochigi",2013,13,7.07771891142727
"14188","Tochigi",2013,14,10.1576247896501
"14189","Tochigi",2013,15,7.49093088965881
"14190","Tochigi",2013,16,10.9292105205169
"14191","Tochigi",2013,17,9.50475472874288
"14192","Tochigi",2013,18,11.0800293419922
"14193","Tochigi",2013,19,13.9019783507551
"14194","Tochigi",2013,20,16.5429701812258
"14195","Tochigi",2013,21,17.7531089648839
"14196","Tochigi",2013,22,18.5262311530688
"14197","Tochigi",2013,23,18.3702091796944
"14198","Tochigi",2013,24,20.8000724780479
"14199","Tochigi",2013,25,20.5643820241349
"14200","Tochigi",2013,26,19.8460569361445
"14201","Tochigi",2013,27,22.4086552286882
"14202","Tochigi",2013,28,25.63223649641
"14203","Tochigi",2013,29,22.4074396403971
"14204","Tochigi",2013,30,22.9952962085513
"14205","Tochigi",2013,31,23.3786037720846
"14206","Tochigi",2013,32,26.2009904751148
"14207","Tochigi",2013,33,26.7452578459637
"14208","Tochigi",2013,34,25.1661370848212
"14209","Tochigi",2013,35,24.3111352806076
"14210","Tochigi",2013,36,23.2756175025666
"14211","Tochigi",2013,37,22.3989678089623
"14212","Tochigi",2013,38,20.4742246073688
"14213","Tochigi",2013,39,18.5526473448788
"14214","Tochigi",2013,40,18.6704691272329
"14215","Tochigi",2013,41,20.5357262537109
"14216","Tochigi",2013,42,14.0025975523719
"14217","Tochigi",2013,43,13.6787253599266
"14218","Tochigi",2013,44,12.1435814540352
"14219","Tochigi",2013,45,11.2452398601178
"14220","Tochigi",2013,46,6.37207134133009
"14221","Tochigi",2013,47,6.7491527164053
"14222","Tochigi",2013,48,6.15769433899961
"14223","Tochigi",2013,49,5.79483092052428
"14224","Tochigi",2013,50,3.35610523203308
"14225","Tochigi",2013,51,2.61855130423465
"14226","Tochigi",2013,52,1.33621992751256
"14227","Tochigi",2014,1,1.39998994037857
"14228","Tochigi",2014,2,0.170399229164364
"14229","Tochigi",2014,3,-0.482591843351445
"14230","Tochigi",2014,4,0.985322632929394
"14231","Tochigi",2014,5,2.49241816353613
"14232","Tochigi",2014,6,0.116549223181591
"14233","Tochigi",2014,7,-0.0726121779039041
"14234","Tochigi",2014,8,-0.51355484252431
"14235","Tochigi",2014,9,3.93682939539651
"14236","Tochigi",2014,10,0.765492763440997
"14237","Tochigi",2014,11,3.13891623791595
"14238","Tochigi",2014,12,5.69946798883027
"14239","Tochigi",2014,13,10.0254709467514
"14240","Tochigi",2014,14,9.28714975288735
"14241","Tochigi",2014,15,8.24492752689192
"14242","Tochigi",2014,16,10.7206823647841
"14243","Tochigi",2014,17,11.7232079230757
"14244","Tochigi",2014,18,15.2307494598077
"14245","Tochigi",2014,19,13.3080638859029
"14246","Tochigi",2014,20,16.3327750339125
"14247","Tochigi",2014,21,15.8591781119209
"14248","Tochigi",2014,22,20.2319296936905
"14249","Tochigi",2014,23,19.8141848118364
"14250","Tochigi",2014,24,19.5782280361432
"14251","Tochigi",2014,25,20.6184160931778
"14252","Tochigi",2014,26,20.110436283788
"14253","Tochigi",2014,27,20.6978674308408
"14254","Tochigi",2014,28,23.0581997686545
"14255","Tochigi",2014,29,22.9737782582068
"14256","Tochigi",2014,30,25.29120168546
"14257","Tochigi",2014,31,25.1420215937848
"14258","Tochigi",2014,32,26.1050111517601
"14259","Tochigi",2014,33,23.893444069244
"14260","Tochigi",2014,34,25.4627160580208
"14261","Tochigi",2014,35,20.5874453344963
"14262","Tochigi",2014,36,21.6357425099785
"14263","Tochigi",2014,37,19.147000858312
"14264","Tochigi",2014,38,18.2056112626501
"14265","Tochigi",2014,39,18.1177154949327
"14266","Tochigi",2014,40,19.241134318789
"14267","Tochigi",2014,41,16.0748651969656
"14268","Tochigi",2014,42,13.6484639750601
"14269","Tochigi",2014,43,13.2941083936466
"14270","Tochigi",2014,44,12.6523945632189
"14271","Tochigi",2014,45,11.8831385020328
"14272","Tochigi",2014,46,9.31141431321523
"14273","Tochigi",2014,47,6.93236709583054
"14274","Tochigi",2014,48,8.58443324966002
"14275","Tochigi",2014,49,5.25163408787057
"14276","Tochigi",2014,50,2.6957119131307
"14277","Tochigi",2014,51,0.71390900463252
"14278","Tochigi",2014,52,0.766153756443223
"14279","Tochigi",2015,1,2.13070621645243
"14280","Tochigi",2015,2,2.14300378461827
"14281","Tochigi",2015,3,1.26781962723617
"14282","Tochigi",2015,4,1.91235771913368
"14283","Tochigi",2015,5,0.76640709300798
"14284","Tochigi",2015,6,0.700283184170157
"14285","Tochigi",2015,7,1.89821233688035
"14286","Tochigi",2015,8,4.68785328376793
"14287","Tochigi",2015,9,3.79777395245441
"14288","Tochigi",2015,10,3.63397878366702
"14289","Tochigi",2015,11,8.45206232737777
"14290","Tochigi",2015,12,6.37099874547784
"14291","Tochigi",2015,13,11.3013510095482
"14292","Tochigi",2015,14,7.36260161014804
"14293","Tochigi",2015,15,10.8549731097652
"14294","Tochigi",2015,16,13.8342951707176
"14295","Tochigi",2015,17,17.3483766951154
"14296","Tochigi",2015,18,16.644993367648
"14297","Tochigi",2015,19,17.665264384563
"14298","Tochigi",2015,20,18.0928137561985
"14299","Tochigi",2015,21,19.9436765246174
"14300","Tochigi",2015,22,18.4618985382108
"14301","Tochigi",2015,23,19.8478701189206
"14302","Tochigi",2015,24,19.6017077070104
"14303","Tochigi",2015,25,20.1145325264054
"14304","Tochigi",2015,26,19.7730789795246
"14305","Tochigi",2015,27,20.397536661594
"14306","Tochigi",2015,28,25.3365040115409
"14307","Tochigi",2015,29,26.1086061731639
"14308","Tochigi",2015,30,27.1237777902787
"14309","Tochigi",2015,31,26.992515970656
"14310","Tochigi",2015,32,24.5293299986962
"14311","Tochigi",2015,33,23.9680510044682
"14312","Tochigi",2015,34,19.6671414203615
"14313","Tochigi",2015,35,21.5208848011059
"14314","Tochigi",2015,36,20.2389845648819
"14315","Tochigi",2015,37,19.1192062402788
"14316","Tochigi",2015,38,18.433805735681
"14317","Tochigi",2015,39,17.7887815357027
"14318","Tochigi",2015,40,15.1271465464519
"14319","Tochigi",2015,41,14.7849802090385
"14320","Tochigi",2015,42,15.1779928499752
"14321","Tochigi",2015,43,12.5271500660129
"14322","Tochigi",2015,44,11.396030157289
"14323","Tochigi",2015,45,11.8490024131112
"14324","Tochigi",2015,46,12.6754395735382
"14325","Tochigi",2015,47,7.38466912240334
"14326","Tochigi",2015,48,6.83849498728703
"14327","Tochigi",2015,49,6.14899345377313
"14328","Tochigi",2015,50,6.07282796884542
"14329","Tochigi",2015,51,5.12147485448968
"14330","Tochigi",2015,52,1.84837573633331
"14331","Tochigi",2016,1,4.47042470465963
"14332","Tochigi",2016,2,1.66519269044163
"14333","Tochigi",2016,3,0.17327968991933
"14334","Tochigi",2016,4,0.242897144241486
"14335","Tochigi",2016,5,1.22718974632097
"14336","Tochigi",2016,6,2.52928959410213
"14337","Tochigi",2016,7,3.87430426085896
"14338","Tochigi",2016,8,2.61190777675969
"14339","Tochigi",2016,9,4.26904860795839
"14340","Tochigi",2016,10,6.61866480034474
"14341","Tochigi",2016,11,6.94899898409307
"14342","Tochigi",2016,12,5.35274651007819
"14343","Tochigi",2016,13,9.39446549536618
"14344","Tochigi",2016,14,11.334197975034
"14345","Tochigi",2016,15,10.6861210780129
"14346","Tochigi",2016,16,13.6629622905827
"14347","Tochigi",2016,17,13.2604284044702
"14348","Tochigi",2016,18,16.4022265636694
"14349","Tochigi",2016,19,17.022705566992
"14350","Tochigi",2016,20,15.9033406357408
"14351","Tochigi",2016,21,19.5354350089493
"14352","Tochigi",2016,22,17.7293421864592
"14353","Tochigi",2016,23,19.5709204020651
"14354","Tochigi",2016,24,20.1063670888502
"14355","Tochigi",2016,25,20.9401620184322
"14356","Tochigi",2016,26,21.5439911522055
"14357","Tochigi",2016,27,22.1335496231287
"14358","Tochigi",2016,28,23.0038596756574
"14359","Tochigi",2016,29,22.4789631859725
"14360","Tochigi",2016,30,23.2485996714228
"14361","Tochigi",2016,31,25.6722194822748
"14362","Tochigi",2016,32,25.1921629917906
"14363","Tochigi",2016,33,24.7079810413981
"14364","Tochigi",2016,34,23.9721465160184
"14365","Tochigi",2016,35,23.5770916264736
"14366","Tochigi",2016,36,24.1947720349682
"14367","Tochigi",2016,37,21.4584318687073
"14368","Tochigi",2016,38,18.6142738446116
"14369","Tochigi",2016,39,20.6334170461017
"14370","Tochigi",2016,40,19.7445755360837
"14371","Tochigi",2016,41,13.6928841263917
"14372","Tochigi",2016,42,16.1338342953209
"14373","Tochigi",2016,43,12.1999613036612
"14374","Tochigi",2016,44,9.58849813051358
"14375","Tochigi",2016,45,7.4359485613369
"14376","Tochigi",2016,46,9.06578242251915
"14377","Tochigi",2016,47,6.6906691836239
"14378","Tochigi",2016,48,6.73393025704142
"14379","Tochigi",2016,49,5.3914444630437
"14380","Tochigi",2016,50,2.58894678808476
"14381","Tochigi",2016,51,6.65025925352637
"14382","Tochigi",2016,52,2.55664426229223
"14383","Tochigi",2017,1,2.58155552760136
"14384","Tochigi",2017,2,1.54559151371952
"14385","Tochigi",2017,3,0.422307985123317
"14386","Tochigi",2017,4,1.15292366547394
"14387","Tochigi",2017,5,2.49355453867921
"14388","Tochigi",2017,6,1.21718466951645
"14389","Tochigi",2017,7,2.75860646776367
"14390","Tochigi",2017,8,2.97063271352641
"14391","Tochigi",2017,9,3.5760956260992
"14392","Tochigi",2017,10,3.18277336199055
"14393","Tochigi",2017,11,4.53404977650171
"14394","Tochigi",2017,12,5.27163361447067
"14395","Tochigi",2017,13,4.81479327585087
"14396","Tochigi",2017,14,10.2578662392057
"14397","Tochigi",2017,15,9.523475241992
"14398","Tochigi",2017,16,13.3349273468578
"14399","Tochigi",2017,17,11.7525815378376
"14400","Tochigi",2017,18,15.3954462751987
"14401","Tochigi",2017,19,16.3293010977777
"14402","Tochigi",2017,20,16.3453535788265
"14403","Tochigi",2017,21,18.9209101728707
"14404","Tochigi",2017,22,18.9824040464934
"14405","Tochigi",2017,23,17.6263461794032
"14406","Tochigi",2017,24,17.5954606199183
"14407","Tochigi",2017,25,20.6029543171673
"14408","Tochigi",2017,26,21.5037171721901
"14409","Tochigi",2017,27,24.2634966763848
"14410","Tochigi",2017,28,25.9849027641466
"14411","Tochigi",2017,29,25.4858519459165
"14412","Tochigi",2017,30,24.0112492637841
"14413","Tochigi",2017,31,23.8149648066835
"14414","Tochigi",2017,32,24.7716531260664
"14415","Tochigi",2017,33,22.5188232921397
"14416","Tochigi",2017,34,25.1901256765692
"14417","Tochigi",2017,35,21.4721632364412
"14418","Tochigi",2017,36,20.3814560005237
"14419","Tochigi",2017,37,21.0571060963687
"14420","Tochigi",2017,38,19.9278532077617
"14421","Tochigi",2017,39,18.3478177221688
"14422","Tochigi",2017,40,16.1449066116681
"14423","Tochigi",2017,41,17.5530054869359
"14424","Tochigi",2017,42,12.0576013953958
"14425","Tochigi",2017,43,12.270096801074
"14426","Tochigi",2017,44,11.0806974892541
"14427","Tochigi",2017,45,9.83764925598498
"14428","Tochigi",2017,46,7.4072060635793
"14429","Tochigi",2017,47,3.92845592953017
"14430","Tochigi",2017,48,6.61215017043635
"14431","Tochigi",2017,49,3.35669394727705
"14432","Tochigi",2017,50,2.70758532353437
"14433","Tochigi",2017,51,1.40118166554837
"14434","Tochigi",2017,52,2.0800070459633
"14435","Tochigi",2018,1,0.943522815654213
"14436","Tochigi",2018,2,0.983402115245781
"14437","Tochigi",2018,3,3.0954456071174
"14438","Tochigi",2018,4,-2.48522618080952
"14439","Tochigi",2018,5,-0.327821104742408
"14440","Tochigi",2018,6,-0.0919272126620449
"14441","Tochigi",2018,7,1.42445239446784
"14442","Tochigi",2018,8,1.2583029022221
"14443","Tochigi",2018,9,4.50607537354672
"14444","Tochigi",2018,10,5.67799995726788
"14445","Tochigi",2018,11,7.37092483060188
"14446","Tochigi",2018,12,6.56634891105473
"14447","Tochigi",2018,13,11.4297238668184
"14448","Tochigi",2018,14,12.8768876514218
"14449","Tochigi",2018,15,10.4688443128046
"14450","Tochigi",2018,16,12.9193040183027
"14451","Tochigi",2018,17,15.6097577160419
"14452","Tochigi",2018,18,16.3085492428258
"14453","Tochigi",2018,19,13.3649881989567
"14454","Tochigi",2018,20,18.586710352663
"14455","Tochigi",2018,21,17.8490988409329
"14456","Tochigi",2018,22,18.7988503324775
"14457","Tochigi",2018,23,21.0508582127963
"14458","Tochigi",2018,24,16.6907393906309
"14459","Tochigi",2018,25,19.1305014380009
"14460","Tochigi",2018,26,24.4110055155424
"14461","Tochigi",2018,27,23.7709712703869
"14462","Tochigi",2018,28,25.4112785404859
"14463","Tochigi",2018,29,27.9136207778277
"14464","Tochigi",2018,30,25.850999789829
"14465","Tochigi",2018,31,27.1251648332683
"14466","Tochigi",2018,32,24.9989128070132
"14467","Tochigi",2018,33,23.9311827141537
"14468","Tochigi",2018,34,25.4868550842875
"14469","Tochigi",2018,35,24.1044386929327
"14470","Tochigi",2018,36,23.2505355493882
"14471","Tochigi",2018,37,20.1378187253715
"14472","Tochigi",2018,38,19.3744089125784
"14473","Tochigi",2018,39,17.4642570869263
"14474","Tochigi",2018,40,20.0031265289398
"14475","Tochigi",2018,41,17.5211322896688
"14476","Tochigi",2018,42,13.728655176306
"14477","Tochigi",2018,43,13.5744795554391
"14478","Tochigi",2018,44,11.3664238548452
"14479","Tochigi",2018,45,13.9304035755365
"14480","Tochigi",2018,46,10.694416548233
"14481","Tochigi",2018,47,7.49332770097173
"14482","Tochigi",2018,48,8.67927174565082
"14483","Tochigi",2018,49,8.56618353563056
"14484","Tochigi",2018,50,1.99085116099687
"14485","Tochigi",2018,51,4.7503518511406
"14486","Tochigi",2018,52,2.22384060630005
"14487","Tochigi",2019,1,1.3305026264477
"14488","Tochigi",2019,2,1.18382884344301
"14489","Tochigi",2019,3,1.7115974053152
"14490","Tochigi",2019,4,1.15293865732457
"14491","Tochigi",2019,5,1.57091628562237
"14492","Tochigi",2019,6,2.95471888741391
"14493","Tochigi",2019,7,0.615385092587035
"14494","Tochigi",2019,8,5.11074366119273
"14495","Tochigi",2019,9,5.66296733844799
"14496","Tochigi",2019,10,5.40320909867903
"14497","Tochigi",2019,11,6.13936586447852
"14498","Tochigi",2019,12,7.90092243795488
"14499","Tochigi",2019,13,6.64305292862665
"14500","Tochigi",2019,14,6.91632271433899
"14501","Tochigi",2019,15,6.57938937090646
"14502","Tochigi",2019,16,12.4826874142296
"14503","Tochigi",2019,17,13.7361189106547
"14504","Tochigi",2019,18,13.6060382894657
"14505","Tochigi",2019,19,15.3574569676475
"14506","Tochigi",2019,20,16.1906039298992
"14507","Tochigi",2019,21,18.3083013821954
"14508","Tochigi",2019,22,20.0887334402821
"14509","Tochigi",2019,23,19.602714929932
"14510","Tochigi",2019,24,16.6264942659025
"14511","Tochigi",2019,25,19.9717797430733
"14512","Tochigi",2019,26,20.4725867041545
"14513","Tochigi",2019,27,20.9880621652122
"14514","Tochigi",2019,28,18.92968761226
"14515","Tochigi",2019,29,22.1434344468744
"14516","Tochigi",2019,30,23.9354810323984
"14517","Tochigi",2019,31,27.5044780826677
"14518","Tochigi",2019,32,27.5589906172326
"14519","Tochigi",2019,33,26.6760548517068
"14520","Tochigi",2019,34,24.0952602024746
"14521","Tochigi",2019,35,23.3761445934322
"14522","Tochigi",2019,36,23.7736925540315
"14523","Tochigi",2019,37,23.2458399656924
"14524","Tochigi",2019,38,20.4775099491657
"14525","Tochigi",2019,39,20.5991201709611
"14526","Tochigi",2019,40,21.3160563719639
"14527","Tochigi",2019,41,17.9403876157997
"14528","Tochigi",2019,42,14.8201257129137
"14529","Tochigi",2019,43,15.1041496810339
"14530","Tochigi",2019,44,12.8086069706537
"14531","Tochigi",2019,45,10.5244407676842
"14532","Tochigi",2019,46,9.75840884827834
"14533","Tochigi",2019,47,8.60382815652254
"14534","Tochigi",2019,48,6.76201469266938
"14535","Tochigi",2019,49,5.01758478172314
"14536","Tochigi",2019,50,5.55184690822497
"14537","Tochigi",2019,51,4.9705057440589
"14538","Tochigi",2019,52,3.39359656185867
"14539","Tochigi",2020,1,2.57925388700103
"14540","Tochigi",2020,2,3.27398554399403
"14541","Tochigi",2020,3,3.3547752795444
"14542","Tochigi",2020,4,3.28560810347195
"14543","Tochigi",2020,5,4.08506574987759
"14544","Tochigi",2020,6,1.58369000903059
"14545","Tochigi",2020,7,4.94738238561182
"14546","Tochigi",2020,8,5.24309783027059
"14547","Tochigi",2020,9,4.56149860760483
"14548","Tokushima",2013,1,2.87148259625124
"14549","Tokushima",2013,2,4.11428902075412
"14550","Tokushima",2013,3,3.18274519682702
"14551","Tokushima",2013,4,4.69657673960951
"14552","Tokushima",2013,5,6.05169492151229
"14553","Tokushima",2013,6,5.43698006581856
"14554","Tokushima",2013,7,4.13003862702405
"14555","Tokushima",2013,8,4.11571565934422
"14556","Tokushima",2013,9,6.44939299384805
"14557","Tokushima",2013,10,9.95832973074434
"14558","Tokushima",2013,11,8.21147201068408
"14559","Tokushima",2013,12,11.84323088976
"14560","Tokushima",2013,13,11.0878568796249
"14561","Tokushima",2013,14,12.7856452920903
"14562","Tokushima",2013,15,9.83627509972157
"14563","Tokushima",2013,16,14.0966442395656
"14564","Tokushima",2013,17,12.8030496891919
"14565","Tokushima",2013,18,13.5600208358554
"14566","Tokushima",2013,19,16.1165919650776
"14567","Tokushima",2013,20,18.6793196766479
"14568","Tokushima",2013,21,20.4361828269621
"14569","Tokushima",2013,22,19.9820140644593
"14570","Tokushima",2013,23,20.2304660485091
"14571","Tokushima",2013,24,22.7076652577808
"14572","Tokushima",2013,25,22.5552850450135
"14573","Tokushima",2013,26,21.6098905372143
"14574","Tokushima",2013,27,24.2656965181113
"14575","Tokushima",2013,28,27.3315157128877
"14576","Tokushima",2013,29,26.3974991366459
"14577","Tokushima",2013,30,27.0184302682235
"14578","Tokushima",2013,31,27.2063356960288
"14579","Tokushima",2013,32,27.7302137493544
"14580","Tokushima",2013,33,27.8777508239793
"14581","Tokushima",2013,34,27.47415179102
"14582","Tokushima",2013,35,24.8539767670684
"14583","Tokushima",2013,36,22.5243387008614
"14584","Tokushima",2013,37,24.6910515779122
"14585","Tokushima",2013,38,22.3118306820796
"14586","Tokushima",2013,39,21.9864687871206
"14587","Tokushima",2013,40,21.1279967734974
"14588","Tokushima",2013,41,22.7193002390073
"14589","Tokushima",2013,42,16.6816326429963
"14590","Tokushima",2013,43,17.291845783194
"14591","Tokushima",2013,44,14.8761674549572
"14592","Tokushima",2013,45,15.3416167274719
"14593","Tokushima",2013,46,11.2522114226659
"14594","Tokushima",2013,47,8.75706725472021
"14595","Tokushima",2013,48,8.3429506016457
"14596","Tokushima",2013,49,8.36675009012346
"14597","Tokushima",2013,50,6.29000948573493
"14598","Tokushima",2013,51,5.2326242403707
"14599","Tokushima",2013,52,4.27877480224743
"14600","Tokushima",2014,1,5.90850679247069
"14601","Tokushima",2014,2,4.30150259057958
"14602","Tokushima",2014,3,3.9011174227849
"14603","Tokushima",2014,4,4.76262078386712
"14604","Tokushima",2014,5,7.36207977962599
"14605","Tokushima",2014,6,4.85052054549962
"14606","Tokushima",2014,7,2.52183049238407
"14607","Tokushima",2014,8,3.51189775301203
"14608","Tokushima",2014,9,8.64402790371745
"14609","Tokushima",2014,10,5.3561911786942
"14610","Tokushima",2014,11,6.5319993399775
"14611","Tokushima",2014,12,9.86527671297744
"14612","Tokushima",2014,13,13.444379609805
"14613","Tokushima",2014,14,11.2082782906949
"14614","Tokushima",2014,15,11.5603922579455
"14615","Tokushima",2014,16,13.4290416727168
"14616","Tokushima",2014,17,14.3083942529164
"14617","Tokushima",2014,18,16.5552593800219
"14618","Tokushima",2014,19,15.4190161164012
"14619","Tokushima",2014,20,17.7915340242145
"14620","Tokushima",2014,21,18.280468963854
"14621","Tokushima",2014,22,20.5876843812258
"14622","Tokushima",2014,23,20.5633928334278
"14623","Tokushima",2014,24,21.1107272494186
"14624","Tokushima",2014,25,20.3334011159411
"14625","Tokushima",2014,26,21.4417890132299
"14626","Tokushima",2014,27,22.6150317808573
"14627","Tokushima",2014,28,24.4546311941968
"14628","Tokushima",2014,29,25.5256626078499
"14629","Tokushima",2014,30,27.1549411265243
"14630","Tokushima",2014,31,25.5072637367982
"14631","Tokushima",2014,32,25.1099422231246
"14632","Tokushima",2014,33,25.5886181785543
"14633","Tokushima",2014,34,26.283096483268
"14634","Tokushima",2014,35,24.0445359404355
"14635","Tokushima",2014,36,23.9061782554926
"14636","Tokushima",2014,37,22.5220490367078
"14637","Tokushima",2014,38,20.4722453739789
"14638","Tokushima",2014,39,21.7548468126716
"14639","Tokushima",2014,40,21.3021576403724
"14640","Tokushima",2014,41,19.2654782454913
"14641","Tokushima",2014,42,16.3290348721758
"14642","Tokushima",2014,43,17.0838033110584
"14643","Tokushima",2014,44,15.8764570554806
"14644","Tokushima",2014,45,13.8862456401178
"14645","Tokushima",2014,46,11.3954719717616
"14646","Tokushima",2014,47,10.4589068058509
"14647","Tokushima",2014,48,13.393739241303
"14648","Tokushima",2014,49,6.62758682342431
"14649","Tokushima",2014,50,5.97808049516207
"14650","Tokushima",2014,51,3.47362618121848
"14651","Tokushima",2014,52,4.32386655238332
"14652","Tokushima",2015,1,5.91371260583491
"14653","Tokushima",2015,2,5.3982193657987
"14654","Tokushima",2015,3,5.92753773471578
"14655","Tokushima",2015,4,5.19629852764457
"14656","Tokushima",2015,5,4.32394575735567
"14657","Tokushima",2015,6,3.88606517733538
"14658","Tokushima",2015,7,6.38794402046586
"14659","Tokushima",2015,8,7.89787370752366
"14660","Tokushima",2015,9,6.46156963055479
"14661","Tokushima",2015,10,5.87072078495794
"14662","Tokushima",2015,11,12.2634241663014
"14663","Tokushima",2015,12,9.17114279751547
"14664","Tokushima",2015,13,15.3357245968554
"14665","Tokushima",2015,14,11.3886351831638
"14666","Tokushima",2015,15,13.677300269627
"14667","Tokushima",2015,16,15.7809693735377
"14668","Tokushima",2015,17,17.7945837966327
"14669","Tokushima",2015,18,17.4308129061024
"14670","Tokushima",2015,19,18.5948061342667
"14671","Tokushima",2015,20,18.7557318069784
"14672","Tokushima",2015,21,21.2158641704996
"14673","Tokushima",2015,22,19.3818349296812
"14674","Tokushima",2015,23,20.7897560980823
"14675","Tokushima",2015,24,20.4983600356544
"14676","Tokushima",2015,25,21.9076113592064
"14677","Tokushima",2015,26,21.3160067720285
"14678","Tokushima",2015,27,23.1095126068527
"14679","Tokushima",2015,28,25.1792128062116
"14680","Tokushima",2015,29,25.3176170063552
"14681","Tokushima",2015,30,27.6041813888425
"14682","Tokushima",2015,31,27.6582539216701
"14683","Tokushima",2015,32,26.3676924455234
"14684","Tokushima",2015,33,25.2143314579115
"14685","Tokushima",2015,34,24.6595499124906
"14686","Tokushima",2015,35,23.0691303706124
"14687","Tokushima",2015,36,21.7398230158236
"14688","Tokushima",2015,37,20.5168422683617
"14689","Tokushima",2015,38,21.3771172076593
"14690","Tokushima",2015,39,20.2379991740634
"14691","Tokushima",2015,40,17.4266955428493
"14692","Tokushima",2015,41,16.2963127013936
"14693","Tokushima",2015,42,17.5348924706925
"14694","Tokushima",2015,43,14.3334794628485
"14695","Tokushima",2015,44,15.0987405915782
"14696","Tokushima",2015,45,16.0329874166842
"14697","Tokushima",2015,46,15.318698961235
"14698","Tokushima",2015,47,10.6742252055294
"14699","Tokushima",2015,48,9.45020221428723
"14700","Tokushima",2015,49,10.7279129559323
"14701","Tokushima",2015,50,8.01257615435282
"14702","Tokushima",2015,51,9.11762122577384
"14703","Tokushima",2015,52,6.04930935862868
"14704","Tokushima",2016,1,7.65171245387487
"14705","Tokushima",2016,2,5.1919138994636
"14706","Tokushima",2016,3,3.51364635182434
"14707","Tokushima",2016,4,4.56659485356274
"14708","Tokushima",2016,5,5.43422478322675
"14709","Tokushima",2016,6,7.51825878234756
"14710","Tokushima",2016,7,6.41727851802589
"14711","Tokushima",2016,8,5.17998240290536
"14712","Tokushima",2016,9,7.88672747452218
"14713","Tokushima",2016,10,9.75203328965602
"14714","Tokushima",2016,11,9.65458388395829
"14715","Tokushima",2016,12,8.58194842617564
"14716","Tokushima",2016,13,12.1887071322516
"14717","Tokushima",2016,14,15.1101256878292
"14718","Tokushima",2016,15,14.2548982745053
"14719","Tokushima",2016,16,15.7828303529396
"14720","Tokushima",2016,17,15.5919772448172
"14721","Tokushima",2016,18,18.1908278440398
"14722","Tokushima",2016,19,17.9403432252698
"14723","Tokushima",2016,20,18.8605978065791
"14724","Tokushima",2016,21,20.6966140316706
"14725","Tokushima",2016,22,19.4960191374245
"14726","Tokushima",2016,23,20.9605521377314
"14727","Tokushima",2016,24,22.4093161546524
"14728","Tokushima",2016,25,22.8675460571721
"14729","Tokushima",2016,26,23.047700699585
"14730","Tokushima",2016,27,26.0236547000207
"14731","Tokushima",2016,28,25.5211554085213
"14732","Tokushima",2016,29,25.7198099736284
"14733","Tokushima",2016,30,25.9603917864935
"14734","Tokushima",2016,31,26.9739031772973
"14735","Tokushima",2016,32,27.5155354589946
"14736","Tokushima",2016,33,27.3772283909813
"14737","Tokushima",2016,34,26.6776637418742
"14738","Tokushima",2016,35,24.2680540224836
"14739","Tokushima",2016,36,24.6551909704301
"14740","Tokushima",2016,37,24.1818173745349
"14741","Tokushima",2016,38,21.9168396525337
"14742","Tokushima",2016,39,23.3986632378188
"14743","Tokushima",2016,40,23.1323428824368
"14744","Tokushima",2016,41,17.0064597050258
"14745","Tokushima",2016,42,19.7290393400724
"14746","Tokushima",2016,43,16.9585132095453
"14747","Tokushima",2016,44,12.8435809469298
"14748","Tokushima",2016,45,11.7040483781794
"14749","Tokushima",2016,46,14.4437445025861
"14750","Tokushima",2016,47,12.2751583770393
"14751","Tokushima",2016,48,10.3220013259496
"14752","Tokushima",2016,49,9.17676723528098
"14753","Tokushima",2016,50,6.55783509202167
"14754","Tokushima",2016,51,9.82871459350996
"14755","Tokushima",2016,52,6.4013834276968
"14756","Tokushima",2017,1,6.90912586818402
"14757","Tokushima",2017,2,4.88980966301904
"14758","Tokushima",2017,3,3.69903886493076
"14759","Tokushima",2017,4,3.61093396741424
"14760","Tokushima",2017,5,6.17241574876013
"14761","Tokushima",2017,6,3.52485785821544
"14762","Tokushima",2017,7,5.79315698727151
"14763","Tokushima",2017,8,6.48884341605587
"14764","Tokushima",2017,9,6.7187216820746
"14765","Tokushima",2017,10,6.7085836342903
"14766","Tokushima",2017,11,7.41739404724033
"14767","Tokushima",2017,12,8.1298235532751
"14768","Tokushima",2017,13,8.28270931438192
"14769","Tokushima",2017,14,13.7911928844774
"14770","Tokushima",2017,15,13.6184635012199
"14771","Tokushima",2017,16,15.5167906555264
"14772","Tokushima",2017,17,14.4653553176707
"14773","Tokushima",2017,18,17.9638242009533
"14774","Tokushima",2017,19,18.1808447635837
"14775","Tokushima",2017,20,18.2099319147243
"14776","Tokushima",2017,21,19.1877604966528
"14777","Tokushima",2017,22,20.1431696605306
"14778","Tokushima",2017,23,19.7054493210638
"14779","Tokushima",2017,24,19.437670643856
"14780","Tokushima",2017,25,21.8283361344557
"14781","Tokushima",2017,26,22.8816410337355
"14782","Tokushima",2017,27,24.963676237637
"14783","Tokushima",2017,28,25.9651942552626
"14784","Tokushima",2017,29,26.5478661241002
"14785","Tokushima",2017,30,27.0231470827933
"14786","Tokushima",2017,31,27.3638482223265
"14787","Tokushima",2017,32,26.9883150133227
"14788","Tokushima",2017,33,26.3411237921756
"14789","Tokushima",2017,34,27.5210164779336
"14790","Tokushima",2017,35,24.8785575778725
"14791","Tokushima",2017,36,23.1205184501435
"14792","Tokushima",2017,37,22.5238375611025
"14793","Tokushima",2017,38,21.6127586884166
"14794","Tokushima",2017,39,20.4794229143326
"14795","Tokushima",2017,40,19.1264301044671
"14796","Tokushima",2017,41,20.4955706782965
"14797","Tokushima",2017,42,15.2318778999332
"14798","Tokushima",2017,43,15.197557632529
"14799","Tokushima",2017,44,13.6490166009918
"14800","Tokushima",2017,45,13.3270172274745
"14801","Tokushima",2017,46,10.2659830484228
"14802","Tokushima",2017,47,7.24009293254239
"14803","Tokushima",2017,48,10.2491872627578
"14804","Tokushima",2017,49,5.56635609626087
"14805","Tokushima",2017,50,4.46946729316681
"14806","Tokushima",2017,51,4.43746913706972
"14807","Tokushima",2017,52,5.34531123027687
"14808","Tokushima",2018,1,4.24548437019109
"14809","Tokushima",2018,2,3.22093811819834
"14810","Tokushima",2018,3,6.94037839224602
"14811","Tokushima",2018,4,1.24655159727908
"14812","Tokushima",2018,5,2.13012163614993
"14813","Tokushima",2018,6,1.2093292934876
"14814","Tokushima",2018,7,3.42843127541602
"14815","Tokushima",2018,8,5.37009859441396
"14816","Tokushima",2018,9,8.44394293927785
"14817","Tokushima",2018,10,8.4786140922957
"14818","Tokushima",2018,11,10.0604756147954
"14819","Tokushima",2018,12,9.11535872725949
"14820","Tokushima",2018,13,13.1422300386492
"14821","Tokushima",2018,14,14.2968682886111
"14822","Tokushima",2018,15,14.1060136019804
"14823","Tokushima",2018,16,14.9282828666142
"14824","Tokushima",2018,17,16.405588739393
"14825","Tokushima",2018,18,17.0478388135357
"14826","Tokushima",2018,19,15.9072837460208
"14827","Tokushima",2018,20,19.9681225787682
"14828","Tokushima",2018,21,18.7260747503991
"14829","Tokushima",2018,22,19.4564568323538
"14830","Tokushima",2018,23,20.7106546191589
"14831","Tokushima",2018,24,19.701593581562
"14832","Tokushima",2018,25,21.2533537216135
"14833","Tokushima",2018,26,24.8658319034013
"14834","Tokushima",2018,27,24.3580338194472
"14835","Tokushima",2018,28,26.1381201512063
"14836","Tokushima",2018,29,28.161222452577
"14837","Tokushima",2018,30,28.0080444443048
"14838","Tokushima",2018,31,27.1211808201366
"14839","Tokushima",2018,32,27.1995855998965
"14840","Tokushima",2018,33,25.5111596847371
"14841","Tokushima",2018,34,26.623916176844
"14842","Tokushima",2018,35,26.4261596103651
"14843","Tokushima",2018,36,24.1725042791307
"14844","Tokushima",2018,37,22.414812838674
"14845","Tokushima",2018,38,23.3868110213572
"14846","Tokushima",2018,39,20.0467037794562
"14847","Tokushima",2018,40,21.1571128141058
"14848","Tokushima",2018,41,18.5214033531567
"14849","Tokushima",2018,42,16.4658428435092
"14850","Tokushima",2018,43,16.1232805954656
"14851","Tokushima",2018,44,12.9622633920526
"14852","Tokushima",2018,45,15.5729782278504
"14853","Tokushima",2018,46,12.4235307872747
"14854","Tokushima",2018,47,9.57723959147917
"14855","Tokushima",2018,48,11.4779219570535
"14856","Tokushima",2018,49,11.8590065521938
"14857","Tokushima",2018,50,5.64911200392699
"14858","Tokushima",2018,51,9.11273046839658
"14859","Tokushima",2018,52,5.9523594286961
"14860","Tokushima",2019,1,4.97719714411825
"14861","Tokushima",2019,2,5.24008723302248
"14862","Tokushima",2019,3,5.8910781433957
"14863","Tokushima",2019,4,5.41570268345778
"14864","Tokushima",2019,5,4.64026155237861
"14865","Tokushima",2019,6,7.68295818558542
"14866","Tokushima",2019,7,4.61749798514123
"14867","Tokushima",2019,8,7.7898752322689
"14868","Tokushima",2019,9,8.10812538845011
"14869","Tokushima",2019,10,8.22071498004628
"14870","Tokushima",2019,11,8.26627960776096
"14871","Tokushima",2019,12,9.8706448717695
"14872","Tokushima",2019,13,11.0828127835853
"14873","Tokushima",2019,14,9.29651255074305
"14874","Tokushima",2019,15,11.5831891671375
"14875","Tokushima",2019,16,13.9384512439754
"14876","Tokushima",2019,17,16.8234685982528
"14877","Tokushima",2019,18,15.3542692331669
"14878","Tokushima",2019,19,15.8434219873268
"14879","Tokushima",2019,20,18.4399556273675
"14880","Tokushima",2019,21,19.7150479486588
"14881","Tokushima",2019,22,19.8627903262834
"14882","Tokushima",2019,23,21.1399858846288
"14883","Tokushima",2019,24,19.7008581711
"14884","Tokushima",2019,25,21.3941856945979
"14885","Tokushima",2019,26,22.6542557033629
"14886","Tokushima",2019,27,22.8045119628099
"14887","Tokushima",2019,28,22.8531091483318
"14888","Tokushima",2019,29,23.9101674817948
"14889","Tokushima",2019,30,25.9660123193013
"14890","Tokushima",2019,31,27.8562788901696
"14891","Tokushima",2019,32,27.0503258568351
"14892","Tokushima",2019,33,27.2791737155306
"14893","Tokushima",2019,34,25.8648731965669
"14894","Tokushima",2019,35,24.040013648741
"14895","Tokushima",2019,36,25.7369343259637
"14896","Tokushima",2019,37,25.8863959646052
"14897","Tokushima",2019,38,22.5232107456005
"14898","Tokushima",2019,39,22.9353740784209
"14899","Tokushima",2019,40,23.3937040528545
"14900","Tokushima",2019,41,20.2280645801287
"14901","Tokushima",2019,42,17.9833427689851
"14902","Tokushima",2019,43,17.9387886388808
"14903","Tokushima",2019,44,15.6676573797391
"14904","Tokushima",2019,45,13.1339783977665
"14905","Tokushima",2019,46,12.8466821729014
"14906","Tokushima",2019,47,11.7314395156097
"14907","Tokushima",2019,48,10.2364388208324
"14908","Tokushima",2019,49,7.88711185366431
"14909","Tokushima",2019,50,7.92678075536663
"14910","Tokushima",2019,51,8.94256757424822
"14911","Tokushima",2019,52,7.33557958916769
"14912","Tokushima",2020,1,7.5014714780781
"14913","Tokushima",2020,2,8.00471678113843
"14914","Tokushima",2020,3,5.64042245559369
"14915","Tokushima",2020,4,8.05831089438326
"14916","Tokushima",2020,5,7.22894319344925
"14917","Tokushima",2020,6,4.90376803440219
"14918","Tokushima",2020,7,8.40687662223324
"14919","Tokushima",2020,8,6.81914069599169
"14920","Tokushima",2020,9,8.01884099087792
"14921","Tokyo",2013,1,1.65523529052737
"14922","Tokyo",2013,2,2.55879581996375
"14923","Tokyo",2013,3,-0.240081351143951
"14924","Tokyo",2013,4,1.77520904541018
"14925","Tokyo",2013,5,4.2390315464565
"14926","Tokyo",2013,6,3.67064710344589
"14927","Tokyo",2013,7,2.05886775425504
"14928","Tokyo",2013,8,1.79348035539902
"14929","Tokyo",2013,9,4.27058018275672
"14930","Tokyo",2013,10,8.64905155726844
"14931","Tokyo",2013,11,8.33344421386721
"14932","Tokyo",2013,12,12.2597518920899
"14933","Tokyo",2013,13,8.69229496547156
"14934","Tokyo",2013,14,11.2958618164063
"14935","Tokyo",2013,15,9.71291721888953
"14936","Tokyo",2013,16,12.817516217913
"14937","Tokyo",2013,17,11.6125808715821
"14938","Tokyo",2013,18,12.929099382673
"14939","Tokyo",2013,19,15.970231628418
"14940","Tokyo",2013,20,17.7677082606725
"14941","Tokyo",2013,21,18.9459712437221
"14942","Tokyo",2013,22,19.2565028599331
"14943","Tokyo",2013,23,19.2076049804688
"14944","Tokyo",2013,24,20.8955191476005
"14945","Tokyo",2013,25,21.5026118687221
"14946","Tokyo",2013,26,20.5422258649554
"14947","Tokyo",2013,27,23.1820868355888
"14948","Tokyo",2013,28,27.5369768415179
"14949","Tokyo",2013,29,23.9328007289342
"14950","Tokyo",2013,30,24.2593159266881
"14951","Tokyo",2013,31,24.3914036342076
"14952","Tokyo",2013,32,27.3194410051619
"14953","Tokyo",2013,33,27.6122942243304
"14954","Tokyo",2013,34,26.8376153128488
"14955","Tokyo",2013,35,25.1448150634766
"14956","Tokyo",2013,36,24.7250087193081
"14957","Tokyo",2013,37,23.6570580618722
"14958","Tokyo",2013,38,21.6684999738421
"14959","Tokyo",2013,39,19.5232243129186
"14960","Tokyo",2013,40,19.4441380092076
"14961","Tokyo",2013,41,21.9807580130441
"14962","Tokyo",2013,42,15.5716524396624
"14963","Tokyo",2013,43,14.7607066563198
"14964","Tokyo",2013,44,13.5923052106585
"14965","Tokyo",2013,45,12.5862997872489
"14966","Tokyo",2013,46,8.1144478934152
"14967","Tokyo",2013,47,8.3356621878488
"14968","Tokyo",2013,48,8.26724286760605
"14969","Tokyo",2013,49,7.34903542654857
"14970","Tokyo",2013,50,5.0522890363421
"14971","Tokyo",2013,51,4.11995522635326
"14972","Tokyo",2013,52,3.07581481933596
"14973","Tokyo",2014,1,3.4923525129046
"14974","Tokyo",2014,2,2.45864475795203
"14975","Tokyo",2014,3,1.47787737165181
"14976","Tokyo",2014,4,2.93784702845984
"14977","Tokyo",2014,5,4.81648733956476
"14978","Tokyo",2014,6,1.84087524414065
"14979","Tokyo",2014,7,1.09842943464009
"14980","Tokyo",2014,8,1.28244825090683
"14981","Tokyo",2014,9,5.58178972516743
"14982","Tokyo",2014,10,2.50691375732424
"14983","Tokyo",2014,11,4.4244073050363
"14984","Tokyo",2014,12,7.646624319894
"14985","Tokyo",2014,13,11.518094090053
"14986","Tokyo",2014,14,11.0263872419085
"14987","Tokyo",2014,15,10.4301435198103
"14988","Tokyo",2014,16,12.0145900181362
"14989","Tokyo",2014,17,12.6809969220843
"14990","Tokyo",2014,18,16.1951668875558
"14991","Tokyo",2014,19,14.9345315115793
"14992","Tokyo",2014,20,18.2899784633092
"14993","Tokyo",2014,21,17.3509525844029
"14994","Tokyo",2014,22,20.7820275442941
"14995","Tokyo",2014,23,20.411514718192
"14996","Tokyo",2014,24,20.545913042341
"14997","Tokyo",2014,25,21.4023387363979
"14998","Tokyo",2014,26,20.56507699149
"14999","Tokyo",2014,27,21.3306518554688
"15000","Tokyo",2014,28,24.1833609444755
"15001","Tokyo",2014,29,24.3487226213728
"15002","Tokyo",2014,30,26.0727423531669
"15003","Tokyo",2014,31,25.9286525181362
"15004","Tokyo",2014,32,27.1719506399972
"15005","Tokyo",2014,33,25.2015821184431
"15006","Tokyo",2014,34,27.0076745169504
"15007","Tokyo",2014,35,21.6089209420341
"15008","Tokyo",2014,36,22.6084860665458
"15009","Tokyo",2014,37,20.3578724452428
"15010","Tokyo",2014,38,19.42005746024
"15011","Tokyo",2014,39,19.6005700247629
"15012","Tokyo",2014,40,20.5664742606027
"15013","Tokyo",2014,41,17.5498225620815
"15014","Tokyo",2014,42,14.9413140433175
"15015","Tokyo",2014,43,14.4719155447824
"15016","Tokyo",2014,44,14.6292216709682
"15017","Tokyo",2014,45,14.1042844499861
"15018","Tokyo",2014,46,11.1077743530274
"15019","Tokyo",2014,47,8.55943014962335
"15020","Tokyo",2014,48,10.5547936575754
"15021","Tokyo",2014,49,6.7521432059152
"15022","Tokyo",2014,50,4.84012538364958
"15023","Tokyo",2014,51,1.85178745814734
"15024","Tokyo",2014,52,2.35581577845984
"15025","Tokyo",2015,1,3.96252920968194
"15026","Tokyo",2015,2,3.59143763950895
"15027","Tokyo",2015,3,2.75476008823942
"15028","Tokyo",2015,4,3.5297071184431
"15029","Tokyo",2015,5,2.15518341064455
"15030","Tokyo",2015,6,1.84708121163507
"15031","Tokyo",2015,7,3.64610552106587
"15032","Tokyo",2015,8,6.81563829694478
"15033","Tokyo",2015,9,5.68991350446431
"15034","Tokyo",2015,10,5.58248617989679
"15035","Tokyo",2015,11,10.1777271815709
"15036","Tokyo",2015,12,8.01745540073942
"15037","Tokyo",2015,13,12.7278697422573
"15038","Tokyo",2015,14,8.15310058593752
"15039","Tokyo",2015,15,12.0207087925502
"15040","Tokyo",2015,16,15.1795026506697
"15041","Tokyo",2015,17,17.6445109776088
"15042","Tokyo",2015,18,17.5475490025112
"15043","Tokyo",2015,19,19.2281345912389
"15044","Tokyo",2015,20,19.1878829956055
"15045","Tokyo",2015,21,20.5866006033761
"15046","Tokyo",2015,22,20.0109006609236
"15047","Tokyo",2015,23,20.2139362880162
"15048","Tokyo",2015,24,20.1458199637277
"15049","Tokyo",2015,25,20.9989508492606
"15050","Tokyo",2015,26,20.6520804268973
"15051","Tokyo",2015,27,20.6941162109375
"15052","Tokyo",2015,28,26.2383034842355
"15053","Tokyo",2015,29,27.3571454729353
"15054","Tokyo",2015,30,27.9429151262556
"15055","Tokyo",2015,31,27.9999492100307
"15056","Tokyo",2015,32,26.0153082711356
"15057","Tokyo",2015,33,25.3334551130023
"15058","Tokyo",2015,34,20.8944008963449
"15059","Tokyo",2015,35,22.9050264630999
"15060","Tokyo",2015,36,21.2124507359096
"15061","Tokyo",2015,37,19.9919089181083
"15062","Tokyo",2015,38,19.5000996180943
"15063","Tokyo",2015,39,19.7302828107562
"15064","Tokyo",2015,40,16.2689126150949
"15065","Tokyo",2015,41,16.2286751883371
"15066","Tokyo",2015,42,16.0239916120257
"15067","Tokyo",2015,43,14.2490576607841
"15068","Tokyo",2015,44,12.6739985874721
"15069","Tokyo",2015,45,13.125861467634
"15070","Tokyo",2015,46,14.0074696132115
"15071","Tokyo",2015,47,8.57474888392859
"15072","Tokyo",2015,48,7.99254433768138
"15073","Tokyo",2015,49,8.19288787841799
"15074","Tokyo",2015,50,7.65284772600449
"15075","Tokyo",2015,51,6.93927917480471
"15076","Tokyo",2015,52,3.78220302036833
"15077","Tokyo",2016,1,6.03044607979913
"15078","Tokyo",2016,2,3.24942823137558
"15079","Tokyo",2016,3,0.678176225934732
"15080","Tokyo",2016,4,1.1373720441546
"15081","Tokyo",2016,5,2.89605102539065
"15082","Tokyo",2016,6,4.0812927246094
"15083","Tokyo",2016,7,5.75772247314455
"15084","Tokyo",2016,8,4.26340528215683
"15085","Tokyo",2016,9,6.44194728306364
"15086","Tokyo",2016,10,7.81471840994701
"15087","Tokyo",2016,11,8.06666935512
"15088","Tokyo",2016,12,6.95351998465404
"15089","Tokyo",2016,13,10.4059114728655
"15090","Tokyo",2016,14,12.8548937116351
"15091","Tokyo",2016,15,12.7315438406808
"15092","Tokyo",2016,16,15.40358341762
"15093","Tokyo",2016,17,14.4969399588449
"15094","Tokyo",2016,18,18.5002892630441
"15095","Tokyo",2016,19,18.2417672293527
"15096","Tokyo",2016,20,16.9422622680664
"15097","Tokyo",2016,21,20.2255253383092
"15098","Tokyo",2016,22,18.6766852242606
"15099","Tokyo",2016,23,20.3152818952288
"15100","Tokyo",2016,24,21.1646645682199
"15101","Tokyo",2016,25,22.1236543927874
"15102","Tokyo",2016,26,22.4377467564174
"15103","Tokyo",2016,27,23.8871998378209
"15104","Tokyo",2016,28,24.1500041416713
"15105","Tokyo",2016,29,23.1634667532785
"15106","Tokyo",2016,30,23.7252931867327
"15107","Tokyo",2016,31,25.967922101702
"15108","Tokyo",2016,32,26.2453879220145
"15109","Tokyo",2016,33,25.5629429408482
"15110","Tokyo",2016,34,24.815811593192
"15111","Tokyo",2016,35,24.0667129516602
"15112","Tokyo",2016,36,25.217906842913
"15113","Tokyo",2016,37,22.2920373099191
"15114","Tokyo",2016,38,19.6089928763254
"15115","Tokyo",2016,39,22.1001351492746
"15116","Tokyo",2016,40,21.6754830496652
"15117","Tokyo",2016,41,15.1650798252651
"15118","Tokyo",2016,42,17.6018877301898
"15119","Tokyo",2016,43,14.4774708339146
"15120","Tokyo",2016,44,11.3952248709543
"15121","Tokyo",2016,45,9.32743007114958
"15122","Tokyo",2016,46,11.3607073102679
"15123","Tokyo",2016,47,7.67955496651788
"15124","Tokyo",2016,48,8.25439605712893
"15125","Tokyo",2016,49,7.45234614780973
"15126","Tokyo",2016,50,4.37356284005304
"15127","Tokyo",2016,51,8.22757437569757
"15128","Tokyo",2016,52,4.52246246337893
"15129","Tokyo",2017,1,4.089009312221
"15130","Tokyo",2017,2,2.99286368233819
"15131","Tokyo",2017,3,2.24575631277904
"15132","Tokyo",2017,4,2.64806409563339
"15133","Tokyo",2017,5,4.85210244315013
"15134","Tokyo",2017,6,2.94797232491632
"15135","Tokyo",2017,7,4.60358799525672
"15136","Tokyo",2017,8,5.76567557198663
"15137","Tokyo",2017,9,5.22020329066688
"15138","Tokyo",2017,10,5.15551583426342
"15139","Tokyo",2017,11,6.15961717878071
"15140","Tokyo",2017,12,7.37140045166018
"15141","Tokyo",2017,13,5.64295240129746
"15142","Tokyo",2017,14,11.6559616088867
"15143","Tokyo",2017,15,11.3603389195034
"15144","Tokyo",2017,16,15.1537469046457
"15145","Tokyo",2017,17,13.4293914794922
"15146","Tokyo",2017,18,16.7751905168806
"15147","Tokyo",2017,19,17.8570887974331
"15148","Tokyo",2017,20,17.1453218732562
"15149","Tokyo",2017,21,20.0231044224331
"15150","Tokyo",2017,22,20.3616380964007
"15151","Tokyo",2017,23,19.7345607212612
"15152","Tokyo",2017,24,18.9455418178014
"15153","Tokyo",2017,25,21.3737186976842
"15154","Tokyo",2017,26,22.1873511178153
"15155","Tokyo",2017,27,25.508192225865
"15156","Tokyo",2017,28,26.8710745675223
"15157","Tokyo",2017,29,26.7198359898159
"15158","Tokyo",2017,30,25.3953491210938
"15159","Tokyo",2017,31,24.4808081490653
"15160","Tokyo",2017,32,25.5633004324777
"15161","Tokyo",2017,33,23.5298237391881
"15162","Tokyo",2017,34,26.7442674909319
"15163","Tokyo",2017,35,22.7297847202846
"15164","Tokyo",2017,36,21.4540028163365
"15165","Tokyo",2017,37,22.1266690935408
"15166","Tokyo",2017,38,21.2834378923689
"15167","Tokyo",2017,39,19.620127432687
"15168","Tokyo",2017,40,17.4615319388254
"15169","Tokyo",2017,41,18.7307482038226
"15170","Tokyo",2017,42,12.6681403023856
"15171","Tokyo",2017,43,13.3148513793946
"15172","Tokyo",2017,44,12.8208840506418
"15173","Tokyo",2017,45,12.3343172345843
"15174","Tokyo",2017,46,9.29535282679969
"15175","Tokyo",2017,47,6.07271728515627
"15176","Tokyo",2017,48,8.45366603306364
"15177","Tokyo",2017,49,4.92790919712614
"15178","Tokyo",2017,50,4.4759471348354
"15179","Tokyo",2017,51,3.19189823695594
"15180","Tokyo",2017,52,3.96781093052458
"15181","Tokyo",2018,1,2.65632999965125
"15182","Tokyo",2018,2,3.36000867571152
"15183","Tokyo",2018,3,4.77261287144255
"15184","Tokyo",2018,4,-1.42905491420199
"15185","Tokyo",2018,5,1.35592150006978
"15186","Tokyo",2018,6,1.45084424700058
"15187","Tokyo",2018,7,3.89070608956475
"15188","Tokyo",2018,8,3.4452344621931
"15189","Tokyo",2018,9,6.53255615234377
"15190","Tokyo",2018,10,7.90702100481308
"15191","Tokyo",2018,11,9.64644666399277
"15192","Tokyo",2018,12,7.96948285784042
"15193","Tokyo",2018,13,12.9513521466937
"15194","Tokyo",2018,14,15.1435562133789
"15195","Tokyo",2018,15,13.032483128139
"15196","Tokyo",2018,16,14.7031494140625
"15197","Tokyo",2018,17,17.1830350603376
"15198","Tokyo",2018,18,18.2436451503209
"15199","Tokyo",2018,19,14.5805232456752
"15200","Tokyo",2018,20,20.6106528145927
"15201","Tokyo",2018,21,18.8693154471261
"15202","Tokyo",2018,22,19.7615665980748
"15203","Tokyo",2018,23,21.6140424455915
"15204","Tokyo",2018,24,18.0816611153739
"15205","Tokyo",2018,25,19.7810280936105
"15206","Tokyo",2018,26,25.5872349330357
"15207","Tokyo",2018,27,25.144189453125
"15208","Tokyo",2018,28,26.4859470912389
"15209","Tokyo",2018,29,28.8942799159459
"15210","Tokyo",2018,30,26.8665939331055
"15211","Tokyo",2018,31,27.7952144077846
"15212","Tokyo",2018,32,26.2780722481864
"15213","Tokyo",2018,33,25.3801611764091
"15214","Tokyo",2018,34,26.3681677682059
"15215","Tokyo",2018,35,26.2733387538365
"15216","Tokyo",2018,36,24.898454284668
"15217","Tokyo",2018,37,20.9547036307199
"15218","Tokyo",2018,38,20.7261727469308
"15219","Tokyo",2018,39,18.5536993844169
"15220","Tokyo",2018,40,20.6339780535017
"15221","Tokyo",2018,41,19.2472658429827
"15222","Tokyo",2018,42,15.0636492047991
"15223","Tokyo",2018,43,15.2808460780553
"15224","Tokyo",2018,44,12.8673350742885
"15225","Tokyo",2018,45,15.1065427507673
"15226","Tokyo",2018,46,11.9093926565988
"15227","Tokyo",2018,47,9.48883318219868
"15228","Tokyo",2018,48,10.1738133021764
"15229","Tokyo",2018,49,10.8257341657366
"15230","Tokyo",2018,50,4.02582157679969
"15231","Tokyo",2018,51,6.2889593941825
"15232","Tokyo",2018,52,4.22100001743864
"15233","Tokyo",2019,1,3.36006426130025
"15234","Tokyo",2019,2,2.87764783586777
"15235","Tokyo",2019,3,3.65685315813339
"15236","Tokyo",2019,4,3.3663018362863
"15237","Tokyo",2019,5,3.08824637276788
"15238","Tokyo",2019,6,5.35836508614679
"15239","Tokyo",2019,7,2.88193446568083
"15240","Tokyo",2019,8,6.94978376116074
"15241","Tokyo",2019,9,7.36531110491074
"15242","Tokyo",2019,10,7.16629289899556
"15243","Tokyo",2019,11,7.86861572265627
"15244","Tokyo",2019,12,9.57687748500281
"15245","Tokyo",2019,13,8.8043162754604
"15246","Tokyo",2019,14,8.52627280099054
"15247","Tokyo",2019,15,8.42957240513395
"15248","Tokyo",2019,16,13.6761119297573
"15249","Tokyo",2019,17,14.9836495535715
"15250","Tokyo",2019,18,14.914193725586
"15251","Tokyo",2019,19,16.19922681536
"15252","Tokyo",2019,20,17.2861779349191
"15253","Tokyo",2019,21,19.2922422136579
"15254","Tokyo",2019,22,20.9777226039342
"15255","Tokyo",2019,23,20.561421421596
"15256","Tokyo",2019,24,17.2741736275809
"15257","Tokyo",2019,25,21.509164428711
"15258","Tokyo",2019,26,21.4153959001814
"15259","Tokyo",2019,27,21.9333489554269
"15260","Tokyo",2019,28,19.3625089372908
"15261","Tokyo",2019,29,22.6903407505581
"15262","Tokyo",2019,30,25.072526550293
"15263","Tokyo",2019,31,28.1840356009347
"15264","Tokyo",2019,32,28.2556243896485
"15265","Tokyo",2019,33,27.4918598720006
"15266","Tokyo",2019,34,25.5875935145787
"15267","Tokyo",2019,35,24.7080856323242
"15268","Tokyo",2019,36,24.9221206665039
"15269","Tokyo",2019,37,24.6102549961635
"15270","Tokyo",2019,38,21.6254898071289
"15271","Tokyo",2019,39,22.0008462088449
"15272","Tokyo",2019,40,22.3868815830776
"15273","Tokyo",2019,41,19.5568557739258
"15274","Tokyo",2019,42,16.2381083897182
"15275","Tokyo",2019,43,16.0142150878906
"15276","Tokyo",2019,44,14.1297241210938
"15277","Tokyo",2019,45,12.2022371564593
"15278","Tokyo",2019,46,11.7715600149972
"15279","Tokyo",2019,47,10.8301864624024
"15280","Tokyo",2019,48,8.23546207972938
"15281","Tokyo",2019,49,6.91932176862446
"15282","Tokyo",2019,50,7.38060586111888
"15283","Tokyo",2019,51,7.12095140729634
"15284","Tokyo",2019,52,4.82420937674388
"15285","Tokyo",2020,1,4.79597734723775
"15286","Tokyo",2020,2,5.15254473005025
"15287","Tokyo",2020,3,4.51701398577011
"15288","Tokyo",2020,4,5.03239048549109
"15289","Tokyo",2020,5,5.39930005754746
"15290","Tokyo",2020,6,3.71925288609098
"15291","Tokyo",2020,7,6.49020647321431
"15292","Tokyo",2020,8,7.11390184674946
"15293","Tokyo",2020,9,6.28245152064734
"15294","Tottori",2013,1,1.51152966239433
"15295","Tottori",2013,2,3.81807647037964
"15296","Tottori",2013,3,3.04542332325913
"15297","Tottori",2013,4,3.28355229127604
"15298","Tottori",2013,5,5.26029922526223
"15299","Tottori",2013,6,3.42258647875067
"15300","Tottori",2013,7,2.73328086465986
"15301","Tottori",2013,8,2.66474845350202
"15302","Tottori",2013,9,4.83789678658904
"15303","Tottori",2013,10,9.40352668805867
"15304","Tottori",2013,11,6.31911663773459
"15305","Tottori",2013,12,9.74686219045209
"15306","Tottori",2013,13,8.55758842837638
"15307","Tottori",2013,14,11.204352737012
"15308","Tottori",2013,15,8.49624693472992
"15309","Tottori",2013,16,11.8623422564598
"15310","Tottori",2013,17,11.452530565972
"15311","Tottori",2013,18,12.0239620354556
"15312","Tottori",2013,19,14.6679128457273
"15313","Tottori",2013,20,17.7873607477856
"15314","Tottori",2013,21,18.8209468780683
"15315","Tottori",2013,22,19.507010090131
"15316","Tottori",2013,23,19.7448552974373
"15317","Tottori",2013,24,22.8483796250953
"15318","Tottori",2013,25,21.9377417643052
"15319","Tottori",2013,26,21.8262397194827
"15320","Tottori",2013,27,24.7688635660262
"15321","Tottori",2013,28,26.8116022135378
"15322","Tottori",2013,29,25.3736597063664
"15323","Tottori",2013,30,26.6994157252073
"15324","Tottori",2013,31,26.15141925655
"15325","Tottori",2013,32,27.5427596367812
"15326","Tottori",2013,33,27.8186150803415
"15327","Tottori",2013,34,27.5740735750399
"15328","Tottori",2013,35,24.9215665147545
"15329","Tottori",2013,36,21.551589441494
"15330","Tottori",2013,37,24.3444554885578
"15331","Tottori",2013,38,21.8031336869435
"15332","Tottori",2013,39,21.4524672732412
"15333","Tottori",2013,40,20.4831275253822
"15334","Tottori",2013,41,22.1189575441935
"15335","Tottori",2013,42,16.6220933933972
"15336","Tottori",2013,43,16.5311266703815
"15337","Tottori",2013,44,14.4153417092215
"15338","Tottori",2013,45,14.6396305793673
"15339","Tottori",2013,46,10.2276979693849
"15340","Tottori",2013,47,8.65707122625134
"15341","Tottori",2013,48,8.01798495870528
"15342","Tottori",2013,49,8.33955115486097
"15343","Tottori",2013,50,5.88734069768739
"15344","Tottori",2013,51,5.15208368795065
"15345","Tottori",2013,52,3.35023616422335
"15346","Tottori",2014,1,4.97902280591716
"15347","Tottori",2014,2,3.03635153832876
"15348","Tottori",2014,3,2.05207668494301
"15349","Tottori",2014,4,3.64232487734338
"15350","Tottori",2014,5,6.21168243456088
"15351","Tottori",2014,6,3.17279214473982
"15352","Tottori",2014,7,1.96824051638107
"15353","Tottori",2014,8,2.10403312155848
"15354","Tottori",2014,9,7.00168323869001
"15355","Tottori",2014,10,3.56320026778224
"15356","Tottori",2014,11,5.20363212190443
"15357","Tottori",2014,12,8.19304228778239
"15358","Tottori",2014,13,12.4398501030503
"15359","Tottori",2014,14,9.62929151389077
"15360","Tottori",2014,15,10.2059649789182
"15361","Tottori",2014,16,11.9378805882431
"15362","Tottori",2014,17,13.4871399833102
"15363","Tottori",2014,18,15.5721509646392
"15364","Tottori",2014,19,14.1536008970234
"15365","Tottori",2014,20,16.9451867879412
"15366","Tottori",2014,21,17.3206375440166
"15367","Tottori",2014,22,20.6651882954138
"15368","Tottori",2014,23,20.8639440207629
"15369","Tottori",2014,24,19.9466716110797
"15370","Tottori",2014,25,20.7307144897801
"15371","Tottori",2014,26,21.1301265515132
"15372","Tottori",2014,27,21.973155948945
"15373","Tottori",2014,28,24.4611690246235
"15374","Tottori",2014,29,24.1502805729943
"15375","Tottori",2014,30,26.6834646769163
"15376","Tottori",2014,31,25.9321672094483
"15377","Tottori",2014,32,25.1992088046714
"15378","Tottori",2014,33,24.0950646909085
"15379","Tottori",2014,34,25.6269461451592
"15380","Tottori",2014,35,23.0144772644902
"15381","Tottori",2014,36,23.355740500915
"15382","Tottori",2014,37,21.5414210172022
"15383","Tottori",2014,38,19.885741889284
"15384","Tottori",2014,39,20.6222801015563
"15385","Tottori",2014,40,19.9166937128562
"15386","Tottori",2014,41,17.8014959570557
"15387","Tottori",2014,42,15.2802767147664
"15388","Tottori",2014,43,16.2412207043851
"15389","Tottori",2014,44,15.0327857742874
"15390","Tottori",2014,45,13.0130180746308
"15391","Tottori",2014,46,10.452677433132
"15392","Tottori",2014,47,10.3507670998334
"15393","Tottori",2014,48,12.465988666994
"15394","Tottori",2014,49,5.49258073596405
"15395","Tottori",2014,50,4.72822853633981
"15396","Tottori",2014,51,2.47881392496957
"15397","Tottori",2014,52,3.41073097962511
"15398","Tottori",2015,1,4.65278771598151
"15399","Tottori",2015,2,4.26849965804915
"15400","Tottori",2015,3,5.07693996897178
"15401","Tottori",2015,4,3.9546074533823
"15402","Tottori",2015,5,3.44985978544666
"15403","Tottori",2015,6,2.42081124562721
"15404","Tottori",2015,7,4.89786154695825
"15405","Tottori",2015,8,6.53041920303977
"15406","Tottori",2015,9,4.58482713045077
"15407","Tottori",2015,10,4.13869212084492
"15408","Tottori",2015,11,10.8604543099068
"15409","Tottori",2015,12,7.92545081772571
"15410","Tottori",2015,13,13.3752632643591
"15411","Tottori",2015,14,8.68781474801516
"15412","Tottori",2015,15,12.1680303643692
"15413","Tottori",2015,16,13.4853620016011
"15414","Tottori",2015,17,18.0477853243195
"15415","Tottori",2015,18,16.5685267774024
"15416","Tottori",2015,19,17.0662648689575
"15417","Tottori",2015,20,17.7052269647459
"15418","Tottori",2015,21,20.6075774435599
"15419","Tottori",2015,22,18.3305686346149
"15420","Tottori",2015,23,20.7844970002268
"15421","Tottori",2015,24,20.7307425826485
"15422","Tottori",2015,25,21.2907610341055
"15423","Tottori",2015,26,20.6386241076495
"15424","Tottori",2015,27,22.7021151888541
"15425","Tottori",2015,28,24.8722070145456
"15426","Tottori",2015,29,25.9933449288449
"15427","Tottori",2015,30,26.7203968643732
"15428","Tottori",2015,31,27.5309752595861
"15429","Tottori",2015,32,25.2095221533916
"15430","Tottori",2015,33,24.6909752804661
"15431","Tottori",2015,34,23.7361245204389
"15432","Tottori",2015,35,22.3793018501272
"15433","Tottori",2015,36,20.4520492274884
"15434","Tottori",2015,37,19.4784276743368
"15435","Tottori",2015,38,20.2810736009087
"15436","Tottori",2015,39,19.0489336344893
"15437","Tottori",2015,40,16.8706634419188
"15438","Tottori",2015,41,15.5758210602837
"15439","Tottori",2015,42,16.7177453065888
"15440","Tottori",2015,43,13.3344828659636
"15441","Tottori",2015,44,14.8768925965648
"15442","Tottori",2015,45,14.7709539887568
"15443","Tottori",2015,46,13.8375077226901
"15444","Tottori",2015,47,9.59356512285019
"15445","Tottori",2015,48,8.7903855268814
"15446","Tottori",2015,49,9.36925732042476
"15447","Tottori",2015,50,7.23107574593334
"15448","Tottori",2015,51,8.0471945282356
"15449","Tottori",2015,52,5.35284422664989
"15450","Tottori",2016,1,6.65679242919272
"15451","Tottori",2016,2,3.89161179368559
"15452","Tottori",2016,3,1.78810947997468
"15453","Tottori",2016,4,2.8469084595004
"15454","Tottori",2016,5,3.68946325524672
"15455","Tottori",2016,6,6.49600734983032
"15456","Tottori",2016,7,4.5393384786709
"15457","Tottori",2016,8,3.90732887028785
"15458","Tottori",2016,9,7.36710255507766
"15459","Tottori",2016,10,7.27773375214723
"15460","Tottori",2016,11,8.55225865459181
"15461","Tottori",2016,12,6.65638944391507
"15462","Tottori",2016,13,11.6238744256769
"15463","Tottori",2016,14,13.3139936921573
"15464","Tottori",2016,15,12.5631945847192
"15465","Tottori",2016,16,14.0760454456085
"15466","Tottori",2016,17,13.9526312056446
"15467","Tottori",2016,18,17.0927265222917
"15468","Tottori",2016,19,16.3212175216247
"15469","Tottori",2016,20,17.5375144596599
"15470","Tottori",2016,21,20.230061153848
"15471","Tottori",2016,22,18.4275636783615
"15472","Tottori",2016,23,20.7384606640961
"15473","Tottori",2016,24,21.9846198985874
"15474","Tottori",2016,25,22.0594940660388
"15475","Tottori",2016,26,22.8872273970989
"15476","Tottori",2016,27,24.8639672464014
"15477","Tottori",2016,28,24.5469478598836
"15478","Tottori",2016,29,24.1295253944766
"15479","Tottori",2016,30,26.6574600971982
"15480","Tottori",2016,31,26.5493797777406
"15481","Tottori",2016,32,26.6867471721655
"15482","Tottori",2016,33,26.3658484214648
"15483","Tottori",2016,34,25.4380119729046
"15484","Tottori",2016,35,24.0078701415466
"15485","Tottori",2016,36,23.6851195705766
"15486","Tottori",2016,37,23.0394962121353
"15487","Tottori",2016,38,20.3726500391227
"15488","Tottori",2016,39,21.9184286388979
"15489","Tottori",2016,40,21.9400638886556
"15490","Tottori",2016,41,15.7550920147328
"15491","Tottori",2016,42,18.1169563454075
"15492","Tottori",2016,43,14.9632266393855
"15493","Tottori",2016,44,12.6659031241017
"15494","Tottori",2016,45,10.8968524395256
"15495","Tottori",2016,46,13.4575583317412
"15496","Tottori",2016,47,10.7527248772066
"15497","Tottori",2016,48,9.46265670368392
"15498","Tottori",2016,49,8.50436893813
"15499","Tottori",2016,50,5.68895439321877
"15500","Tottori",2016,51,9.68689669738381
"15501","Tottori",2016,52,5.43527348469282
"15502","Tottori",2017,1,6.55006836265217
"15503","Tottori",2017,2,4.16862059433333
"15504","Tottori",2017,3,2.68998737947904
"15505","Tottori",2017,4,1.67432404252712
"15506","Tottori",2017,5,4.71977890064392
"15507","Tottori",2017,6,2.28914165565716
"15508","Tottori",2017,7,3.9668486032326
"15509","Tottori",2017,8,4.969280556579
"15510","Tottori",2017,9,5.58141275345561
"15511","Tottori",2017,10,5.00733837129884
"15512","Tottori",2017,11,6.67139696425259
"15513","Tottori",2017,12,7.55292910431593
"15514","Tottori",2017,13,7.67921904931146
"15515","Tottori",2017,14,13.1134385771652
"15516","Tottori",2017,15,12.1598169594739
"15517","Tottori",2017,16,13.7024451832615
"15518","Tottori",2017,17,14.1729312218615
"15519","Tottori",2017,18,16.9313463156162
"15520","Tottori",2017,19,17.3714214995446
"15521","Tottori",2017,20,17.3189196301519
"15522","Tottori",2017,21,18.4685788762707
"15523","Tottori",2017,22,19.0892416045222
"15524","Tottori",2017,23,18.6376834427216
"15525","Tottori",2017,24,17.7616789620114
"15526","Tottori",2017,25,21.4979650037101
"15527","Tottori",2017,26,22.7671137278078
"15528","Tottori",2017,27,24.4971147340697
"15529","Tottori",2017,28,26.0634772862714
"15530","Tottori",2017,29,27.0140291909883
"15531","Tottori",2017,30,26.0390063447988
"15532","Tottori",2017,31,27.1655089445597
"15533","Tottori",2017,32,26.2017757898326
"15534","Tottori",2017,33,24.9641672607924
"15535","Tottori",2017,34,26.9914333433605
"15536","Tottori",2017,35,23.6443905779761
"15537","Tottori",2017,36,22.2542387780972
"15538","Tottori",2017,37,21.8914332034482
"15539","Tottori",2017,38,20.6532626602674
"15540","Tottori",2017,39,19.9462221250915
"15541","Tottori",2017,40,18.5370311498214
"15542","Tottori",2017,41,19.3673700471835
"15543","Tottori",2017,42,15.4889698637825
"15544","Tottori",2017,43,14.9205225675499
"15545","Tottori",2017,44,13.2523087995728
"15546","Tottori",2017,45,13.0170463673403
"15547","Tottori",2017,46,9.99575080202996
"15548","Tottori",2017,47,6.9620375926374
"15549","Tottori",2017,48,9.36894873970477
"15550","Tottori",2017,49,5.32484379491254
"15551","Tottori",2017,50,3.87702495012178
"15552","Tottori",2017,51,4.48952751295453
"15553","Tottori",2017,52,4.97790569596122
"15554","Tottori",2018,1,3.89906048717504
"15555","Tottori",2018,2,2.36204187864038
"15556","Tottori",2018,3,6.42756094191386
"15557","Tottori",2018,4,0.34555145317693
"15558","Tottori",2018,5,1.74356781873229
"15559","Tottori",2018,6,-0.190545548331248
"15560","Tottori",2018,7,2.54768700871231
"15561","Tottori",2018,8,4.14359712412366
"15562","Tottori",2018,9,7.1917852757844
"15563","Tottori",2018,10,6.55314770009038
"15564","Tottori",2018,11,9.09613464867484
"15565","Tottori",2018,12,7.42859020748101
"15566","Tottori",2018,13,11.7632926045679
"15567","Tottori",2018,14,12.5079474875275
"15568","Tottori",2018,15,11.9836616972491
"15569","Tottori",2018,16,13.7741490216458
"15570","Tottori",2018,17,14.7495909317729
"15571","Tottori",2018,18,16.5961517525093
"15572","Tottori",2018,19,14.3906528195634
"15573","Tottori",2018,20,18.4490265933862
"15574","Tottori",2018,21,18.1111522507147
"15575","Tottori",2018,22,19.4736364215299
"15576","Tottori",2018,23,20.3687018339076
"15577","Tottori",2018,24,17.861559557047
"15578","Tottori",2018,25,21.3676137937008
"15579","Tottori",2018,26,24.5377150307283
"15580","Tottori",2018,27,23.4613094867517
"15581","Tottori",2018,28,25.8390405108622
"15582","Tottori",2018,29,28.3104508196977
"15583","Tottori",2018,30,27.8268742338783
"15584","Tottori",2018,31,28.0377950715305
"15585","Tottori",2018,32,25.9884536940567
"15586","Tottori",2018,33,25.8435223146889
"15587","Tottori",2018,34,28.032876155065
"15588","Tottori",2018,35,25.9953664506313
"15589","Tottori",2018,36,24.0378312760395
"15590","Tottori",2018,37,21.7697472327061
"15591","Tottori",2018,38,21.8206540068343
"15592","Tottori",2018,39,19.3673752983319
"15593","Tottori",2018,40,20.2408856802693
"15594","Tottori",2018,41,17.4897021945961
"15595","Tottori",2018,42,15.5657546410305
"15596","Tottori",2018,43,15.5163104399157
"15597","Tottori",2018,44,12.4791096533916
"15598","Tottori",2018,45,15.0925120156464
"15599","Tottori",2018,46,11.9411407834914
"15600","Tottori",2018,47,9.36135141078554
"15601","Tottori",2018,48,10.9912571030028
"15602","Tottori",2018,49,10.6896851393242
"15603","Tottori",2018,50,4.74410184695638
"15604","Tottori",2018,51,8.55258380341009
"15605","Tottori",2018,52,4.83160450866038
"15606","Tottori",2019,1,3.83913499800877
"15607","Tottori",2019,2,4.6350944120743
"15608","Tottori",2019,3,5.59280684652363
"15609","Tottori",2019,4,4.68282543198533
"15610","Tottori",2019,5,4.00713309731035
"15611","Tottori",2019,6,6.2539655909867
"15612","Tottori",2019,7,3.63850246436425
"15613","Tottori",2019,8,6.54653328446894
"15614","Tottori",2019,9,7.20142264191864
"15615","Tottori",2019,10,7.75471162881333
"15616","Tottori",2019,11,6.97867564932037
"15617","Tottori",2019,12,8.78562582282764
"15618","Tottori",2019,13,9.68965811939471
"15619","Tottori",2019,14,8.2374379973963
"15620","Tottori",2019,15,9.48593547251482
"15621","Tottori",2019,16,12.7232441142056
"15622","Tottori",2019,17,14.3734158371299
"15623","Tottori",2019,18,14.2666468920701
"15624","Tottori",2019,19,15.6014010369783
"15625","Tottori",2019,20,18.6731784229271
"15626","Tottori",2019,21,19.2875526917633
"15627","Tottori",2019,22,19.0662147745702
"15628","Tottori",2019,23,20.7110045996852
"15629","Tottori",2019,24,18.8439854014131
"15630","Tottori",2019,25,20.0951562360078
"15631","Tottori",2019,26,21.9463058779901
"15632","Tottori",2019,27,22.4845761619856
"15633","Tottori",2019,28,22.4447600612744
"15634","Tottori",2019,29,23.5004462374187
"15635","Tottori",2019,30,26.271587516106
"15636","Tottori",2019,31,27.8093398154194
"15637","Tottori",2019,32,28.2527314981652
"15638","Tottori",2019,33,28.0637974156267
"15639","Tottori",2019,34,25.2344538152565
"15640","Tottori",2019,35,23.57314587266
"15641","Tottori",2019,36,25.7865376514074
"15642","Tottori",2019,37,25.4289868039245
"15643","Tottori",2019,38,21.1736234898786
"15644","Tottori",2019,39,21.5161425745583
"15645","Tottori",2019,40,22.3091376859609
"15646","Tottori",2019,41,18.5382324163862
"15647","Tottori",2019,42,16.0648335683539
"15648","Tottori",2019,43,17.1646787386507
"15649","Tottori",2019,44,15.1926911841071
"15650","Tottori",2019,45,12.6848433649278
"15651","Tottori",2019,46,12.6038571969524
"15652","Tottori",2019,47,11.1112459574924
"15653","Tottori",2019,48,9.36385196629835
"15654","Tottori",2019,49,7.28104613891514
"15655","Tottori",2019,50,7.91950983482645
"15656","Tottori",2019,51,7.96411352892086
"15657","Tottori",2019,52,7.16588919798502
"15658","Tottori",2020,1,7.24272409581452
"15659","Tottori",2020,2,7.38727661639216
"15660","Tottori",2020,3,5.52492658495926
"15661","Tottori",2020,4,7.01668866723352
"15662","Tottori",2020,5,6.35435893458595
"15663","Tottori",2020,6,3.84939350356415
"15664","Tottori",2020,7,7.70232444753985
"15665","Tottori",2020,8,6.11218440508631
"15666","Tottori",2020,9,6.70333123687653
"15667","Toyama",2013,1,-3.64521763733512
"15668","Toyama",2013,2,-1.91102649133057
"15669","Toyama",2013,3,-1.66022660845072
"15670","Toyama",2013,4,-1.16849501335739
"15671","Toyama",2013,5,-0.410976350653909
"15672","Toyama",2013,6,-1.34453408492939
"15673","Toyama",2013,7,-2.72235512196585
"15674","Toyama",2013,8,-2.88206495354498
"15675","Toyama",2013,9,-1.02547956274955
"15676","Toyama",2013,10,3.89063588289261
"15677","Toyama",2013,11,1.48604591298542
"15678","Toyama",2013,12,6.24835999797604
"15679","Toyama",2013,13,4.92839964659193
"15680","Toyama",2013,14,8.62331056353443
"15681","Toyama",2013,15,4.54870510421715
"15682","Toyama",2013,16,9.18045661526137
"15683","Toyama",2013,17,7.08244871392619
"15684","Toyama",2013,18,8.78502109714723
"15685","Toyama",2013,19,11.9343149688155
"15686","Toyama",2013,20,15.5899987170455
"15687","Toyama",2013,21,16.6844725646153
"15688","Toyama",2013,22,18.372641614135
"15689","Toyama",2013,23,17.4328379402537
"15690","Toyama",2013,24,20.9534168744291
"15691","Toyama",2013,25,19.3132957980391
"15692","Toyama",2013,26,19.6205334318496
"15693","Toyama",2013,27,22.9595291098973
"15694","Toyama",2013,28,24.7874605520839
"15695","Toyama",2013,29,22.2231388251025
"15696","Toyama",2013,30,23.4024790024211
"15697","Toyama",2013,31,22.9206944205365
"15698","Toyama",2013,32,25.346907603629
"15699","Toyama",2013,33,25.4316770821227
"15700","Toyama",2013,34,24.2960847813255
"15701","Toyama",2013,35,22.5951723381845
"15702","Toyama",2013,36,20.60607019235
"15703","Toyama",2013,37,21.7396691662585
"15704","Toyama",2013,38,19.1448431563856
"15705","Toyama",2013,39,18.2861383318526
"15706","Toyama",2013,40,18.3183022644624
"15707","Toyama",2013,41,20.1138954427481
"15708","Toyama",2013,42,13.1231453556807
"15709","Toyama",2013,43,13.885465852786
"15710","Toyama",2013,44,10.8862475153272
"15711","Toyama",2013,45,11.0758867343729
"15712","Toyama",2013,46,4.66900165725882
"15713","Toyama",2013,47,5.1487156013192
"15714","Toyama",2013,48,4.60812841746615
"15715","Toyama",2013,49,4.15803468785201
"15716","Toyama",2013,50,1.35845647987628
"15717","Toyama",2013,51,0.91351854420811
"15718","Toyama",2013,52,-1.10317115292422
"15719","Toyama",2014,1,-0.00116835771279154
"15720","Toyama",2014,2,-2.63045451065259
"15721","Toyama",2014,3,-4.00641711659045
"15722","Toyama",2014,4,-1.2180911480952
"15723","Toyama",2014,5,0.412547933272671
"15724","Toyama",2014,6,-1.95895891026308
"15725","Toyama",2014,7,-2.5362226939046
"15726","Toyama",2014,8,-2.89040278695995
"15727","Toyama",2014,9,2.07819523481338
"15728","Toyama",2014,10,-1.54207845145816
"15729","Toyama",2014,11,0.025301890109168
"15730","Toyama",2014,12,2.87148746807915
"15731","Toyama",2014,13,8.06256457498555
"15732","Toyama",2014,14,6.666238648302
"15733","Toyama",2014,15,6.07834819863073
"15734","Toyama",2014,16,9.07338600489987
"15735","Toyama",2014,17,10.0705904282605
"15736","Toyama",2014,18,13.2593819545056
"15737","Toyama",2014,19,11.9762098006659
"15738","Toyama",2014,20,14.9261464759362
"15739","Toyama",2014,21,14.4999029731854
"15740","Toyama",2014,22,19.0365243294925
"15741","Toyama",2014,23,20.5283881216967
"15742","Toyama",2014,24,18.5210062236262
"15743","Toyama",2014,25,19.0446884665519
"15744","Toyama",2014,26,19.3072293884768
"15745","Toyama",2014,27,20.1169457541729
"15746","Toyama",2014,28,22.7575574737024
"15747","Toyama",2014,29,22.2431884567012
"15748","Toyama",2014,30,24.5114512955334
"15749","Toyama",2014,31,24.0112098946585
"15750","Toyama",2014,32,24.1049652942492
"15751","Toyama",2014,33,22.9396721980534
"15752","Toyama",2014,34,24.4804433318512
"15753","Toyama",2014,35,20.6575034555022
"15754","Toyama",2014,36,21.4167432327611
"15755","Toyama",2014,37,18.7588548620907
"15756","Toyama",2014,38,16.844916222926
"15757","Toyama",2014,39,17.5378076870973
"15758","Toyama",2014,40,17.5643919090999
"15759","Toyama",2014,41,15.1933771491622
"15760","Toyama",2014,42,12.6753011616512
"15761","Toyama",2014,43,12.9783726537739
"15762","Toyama",2014,44,11.8903583030735
"15763","Toyama",2014,45,10.0207362313505
"15764","Toyama",2014,46,7.61358078283133
"15765","Toyama",2014,47,5.78474952992242
"15766","Toyama",2014,48,9.13421731496866
"15767","Toyama",2014,49,2.84031150382067
"15768","Toyama",2014,50,0.433005925350252
"15769","Toyama",2014,51,-1.24454489006367
"15770","Toyama",2014,52,-0.877266484353035
"15771","Toyama",2015,1,-0.704263368272044
"15772","Toyama",2015,2,-0.76790518474795
"15773","Toyama",2015,3,-0.0579417774337927
"15774","Toyama",2015,4,-0.6727441863442
"15775","Toyama",2015,5,-1.76761045659156
"15776","Toyama",2015,6,-1.78632069042277
"15777","Toyama",2015,7,0.326045984704544
"15778","Toyama",2015,8,2.86500547505952
"15779","Toyama",2015,9,1.47415000024891
"15780","Toyama",2015,10,0.340085947430509
"15781","Toyama",2015,11,6.00201372572756
"15782","Toyama",2015,12,2.89321078574337
"15783","Toyama",2015,13,9.65656549091742
"15784","Toyama",2015,14,5.9719961139367
"15785","Toyama",2015,15,9.45526912486247
"15786","Toyama",2015,16,11.7576548458952
"15787","Toyama",2015,17,16.7529655530353
"15788","Toyama",2015,18,15.2594240490873
"15789","Toyama",2015,19,16.1659860095337
"15790","Toyama",2015,20,16.1588989732522
"15791","Toyama",2015,21,18.9621951207408
"15792","Toyama",2015,22,16.6989871339172
"15793","Toyama",2015,23,19.1975338015697
"15794","Toyama",2015,24,19.4189791102658
"15795","Toyama",2015,25,19.4907975260513
"15796","Toyama",2015,26,19.1310462979666
"15797","Toyama",2015,27,20.4366261713028
"15798","Toyama",2015,28,25.0079599698395
"15799","Toyama",2015,29,25.3612290473344
"15800","Toyama",2015,30,25.7534309286663
"15801","Toyama",2015,31,25.9726567821531
"15802","Toyama",2015,32,23.8079311880847
"15803","Toyama",2015,33,23.0193873052715
"15804","Toyama",2015,34,22.4014010930373
"15805","Toyama",2015,35,20.8759059422602
"15806","Toyama",2015,36,18.9803369350285
"15807","Toyama",2015,37,17.8677323434165
"15808","Toyama",2015,38,18.3166585440563
"15809","Toyama",2015,39,16.4882693964054
"15810","Toyama",2015,40,13.9382349070185
"15811","Toyama",2015,41,12.8303172879249
"15812","Toyama",2015,42,14.3922926014508
"15813","Toyama",2015,43,10.3767518876673
"15814","Toyama",2015,44,11.2883329442237
"15815","Toyama",2015,45,11.533160104998
"15816","Toyama",2015,46,11.3791414866216
"15817","Toyama",2015,47,6.49836011563247
"15818","Toyama",2015,48,5.12502379002767
"15819","Toyama",2015,49,5.35482031424341
"15820","Toyama",2015,50,3.97345893374275
"15821","Toyama",2015,51,4.19287495129703
"15822","Toyama",2015,52,0.214691107920487
"15823","Toyama",2016,1,2.9641472343812
"15824","Toyama",2016,2,-0.651865887717309
"15825","Toyama",2016,3,-1.60206691972281
"15826","Toyama",2016,4,-0.661842087290056
"15827","Toyama",2016,5,-1.16568057762896
"15828","Toyama",2016,6,1.07857869596241
"15829","Toyama",2016,7,0.996938861948771
"15830","Toyama",2016,8,-0.204957108857944
"15831","Toyama",2016,9,1.81753272480725
"15832","Toyama",2016,10,4.21684757344391
"15833","Toyama",2016,11,5.23314782121758
"15834","Toyama",2016,12,3.0249367401215
"15835","Toyama",2016,13,8.99808901502563
"15836","Toyama",2016,14,10.6609143302641
"15837","Toyama",2016,15,9.80605942989849
"15838","Toyama",2016,16,12.0827680243428
"15839","Toyama",2016,17,11.6798310255047
"15840","Toyama",2016,18,15.8489027628091
"15841","Toyama",2016,19,15.5267419760725
"15842","Toyama",2016,20,16.2406370670055
"15843","Toyama",2016,21,18.9410916479741
"15844","Toyama",2016,22,16.5271299631236
"15845","Toyama",2016,23,19.2129046250847
"15846","Toyama",2016,24,20.537485191345
"15847","Toyama",2016,25,20.2670625078176
"15848","Toyama",2016,26,21.2162209598622
"15849","Toyama",2016,27,22.6726311184221
"15850","Toyama",2016,28,22.9861630534728
"15851","Toyama",2016,29,22.4436046358163
"15852","Toyama",2016,30,24.3549895681881
"15853","Toyama",2016,31,24.8536451675422
"15854","Toyama",2016,32,24.7687170745473
"15855","Toyama",2016,33,24.7232150236071
"15856","Toyama",2016,34,23.8302766796501
"15857","Toyama",2016,35,22.7245454131809
"15858","Toyama",2016,36,22.5932176344134
"15859","Toyama",2016,37,20.9131232953282
"15860","Toyama",2016,38,18.2839001838296
"15861","Toyama",2016,39,20.0166726065164
"15862","Toyama",2016,40,19.7927930702061
"15863","Toyama",2016,41,12.2646068174664
"15864","Toyama",2016,42,15.6734505966085
"15865","Toyama",2016,43,11.5059728867337
"15866","Toyama",2016,44,8.59652418958516
"15867","Toyama",2016,45,7.15764478111963
"15868","Toyama",2016,46,9.01906753250522
"15869","Toyama",2016,47,6.78645226069328
"15870","Toyama",2016,48,5.47892369836891
"15871","Toyama",2016,49,4.03091662095571
"15872","Toyama",2016,50,0.215874522066063
"15873","Toyama",2016,51,5.09290373709002
"15874","Toyama",2016,52,0.750541289557711
"15875","Toyama",2017,1,0.943363962439784
"15876","Toyama",2017,2,-0.610092134434305
"15877","Toyama",2017,3,-1.96131122587203
"15878","Toyama",2017,4,-2.60267433579328
"15879","Toyama",2017,5,-0.371040518153896
"15880","Toyama",2017,6,-1.40658234633581
"15881","Toyama",2017,7,-0.589691301097852
"15882","Toyama",2017,8,0.419504103712549
"15883","Toyama",2017,9,0.796899911003095
"15884","Toyama",2017,10,0.253241137122919
"15885","Toyama",2017,11,2.56588707910092
"15886","Toyama",2017,12,2.83030056708667
"15887","Toyama",2017,13,3.64553318933123
"15888","Toyama",2017,14,8.85860958480718
"15889","Toyama",2017,15,8.19755336571041
"15890","Toyama",2017,16,10.6797255546132
"15891","Toyama",2017,17,11.0989261883427
"15892","Toyama",2017,18,14.1258220903408
"15893","Toyama",2017,19,15.0633567931285
"15894","Toyama",2017,20,15.3510522703292
"15895","Toyama",2017,21,17.5714229243395
"15896","Toyama",2017,22,17.0477239145726
"15897","Toyama",2017,23,15.6866415892006
"15898","Toyama",2017,24,15.5898123282358
"15899","Toyama",2017,25,19.4892436875984
"15900","Toyama",2017,26,20.3510471402632
"15901","Toyama",2017,27,22.6082719741853
"15902","Toyama",2017,28,25.1703183405497
"15903","Toyama",2017,29,25.0361888943775
"15904","Toyama",2017,30,23.7933740876599
"15905","Toyama",2017,31,24.7985847504529
"15906","Toyama",2017,32,24.5969054049159
"15907","Toyama",2017,33,22.9465194682593
"15908","Toyama",2017,34,24.2397195896671
"15909","Toyama",2017,35,21.654168624994
"15910","Toyama",2017,36,19.7263038101812
"15911","Toyama",2017,37,19.5340696033824
"15912","Toyama",2017,38,18.6053063973873
"15913","Toyama",2017,39,16.8006948883067
"15914","Toyama",2017,40,15.278872385766
"15915","Toyama",2017,41,16.994917102177
"15916","Toyama",2017,42,12.4892326235333
"15917","Toyama",2017,43,11.5910240055672
"15918","Toyama",2017,44,9.47674737472948
"15919","Toyama",2017,45,9.72780867045058
"15920","Toyama",2017,46,5.96979081887804
"15921","Toyama",2017,47,2.28393930455201
"15922","Toyama",2017,48,4.72796128221767
"15923","Toyama",2017,49,1.67704639184438
"15924","Toyama",2017,50,-0.275950686976176
"15925","Toyama",2017,51,-0.617841632119215
"15926","Toyama",2017,52,-0.698112768907095
"15927","Toyama",2018,1,-1.38506607707286
"15928","Toyama",2018,2,-1.66067217073174
"15929","Toyama",2018,3,1.20856722737133
"15930","Toyama",2018,4,-4.09760961284478
"15931","Toyama",2018,5,-1.89434757114725
"15932","Toyama",2018,6,-3.40587716332638
"15933","Toyama",2018,7,-2.03458949028208
"15934","Toyama",2018,8,-1.70786681737094
"15935","Toyama",2018,9,1.72995585466278
"15936","Toyama",2018,10,2.68596693793619
"15937","Toyama",2018,11,4.72713950408284
"15938","Toyama",2018,12,4.43926974713711
"15939","Toyama",2018,13,9.12290484049315
"15940","Toyama",2018,14,10.6067118363226
"15941","Toyama",2018,15,8.47878180428921
"15942","Toyama",2018,16,11.3136601168197
"15943","Toyama",2018,17,13.4799471830884
"15944","Toyama",2018,18,14.8639481174928
"15945","Toyama",2018,19,13.0699013772427
"15946","Toyama",2018,20,17.2812218504963
"15947","Toyama",2018,21,16.3386006977101
"15948","Toyama",2018,22,17.2529251767533
"15949","Toyama",2018,23,19.7002964522392
"15950","Toyama",2018,24,16.424494953067
"15951","Toyama",2018,25,19.5538120668209
"15952","Toyama",2018,26,23.6915888943251
"15953","Toyama",2018,27,23.2060350174186
"15954","Toyama",2018,28,24.3451907882871
"15955","Toyama",2018,29,27.030816129889
"15956","Toyama",2018,30,26.3637990223546
"15957","Toyama",2018,31,26.680951898928
"15958","Toyama",2018,32,24.7233802763375
"15959","Toyama",2018,33,23.2179598034616
"15960","Toyama",2018,34,26.2994860137737
"15961","Toyama",2018,35,23.4074188223469
"15962","Toyama",2018,36,22.3826745637334
"15963","Toyama",2018,37,19.5997447690036
"15964","Toyama",2018,38,18.7739112981333
"15965","Toyama",2018,39,17.0506774340132
"15966","Toyama",2018,40,18.5523675811747
"15967","Toyama",2018,41,15.5903115444779
"15968","Toyama",2018,42,12.5173603790345
"15969","Toyama",2018,43,12.8371731679379
"15970","Toyama",2018,44,8.81132333224243
"15971","Toyama",2018,45,12.6672225310219
"15972","Toyama",2018,46,8.92642420374287
"15973","Toyama",2018,47,5.84331858046914
"15974","Toyama",2018,48,7.36836233744285
"15975","Toyama",2018,49,7.58295036349581
"15976","Toyama",2018,50,-0.0436578029063037
"15977","Toyama",2018,51,3.78959461681225
"15978","Toyama",2018,52,-0.210857120957818
"15979","Toyama",2019,1,-1.65836698222563
"15980","Toyama",2019,2,-1.23733892102419
"15981","Toyama",2019,3,-0.464261285801602
"15982","Toyama",2019,4,-1.46948259298227
"15983","Toyama",2019,5,-1.40454457961986
"15984","Toyama",2019,6,0.951653928392375
"15985","Toyama",2019,7,-1.99441358902025
"15986","Toyama",2019,8,1.96741513929708
"15987","Toyama",2019,9,3.5300100654019
"15988","Toyama",2019,10,3.98561379687816
"15989","Toyama",2019,11,2.93453104700067
"15990","Toyama",2019,12,5.39891231737917
"15991","Toyama",2019,13,5.16795890505832
"15992","Toyama",2019,14,3.90271959299816
"15993","Toyama",2019,15,5.57943316309384
"15994","Toyama",2019,16,9.93050066355785
"15995","Toyama",2019,17,11.4423615423057
"15996","Toyama",2019,18,11.4835488254907
"15997","Toyama",2019,19,13.47058073403
"15998","Toyama",2019,20,16.2047560857518
"15999","Toyama",2019,21,17.9208673924046
"16000","Toyama",2019,22,17.9314526438624
"16001","Toyama",2019,23,18.9050669680091
"16002","Toyama",2019,24,17.1048749299561
"16003","Toyama",2019,25,17.9876354604178
"16004","Toyama",2019,26,20.2673757620383
"16005","Toyama",2019,27,21.2097416122005
"16006","Toyama",2019,28,20.9576245084793
"16007","Toyama",2019,29,21.7692883820941
"16008","Toyama",2019,30,24.8654308480775
"16009","Toyama",2019,31,26.2849190514979
"16010","Toyama",2019,32,26.8925336319546
"16011","Toyama",2019,33,26.91045753644
"16012","Toyama",2019,34,23.3359137854765
"16013","Toyama",2019,35,21.8399089673061
"16014","Toyama",2019,36,23.3863177086741
"16015","Toyama",2019,37,23.1715810186613
"16016","Toyama",2019,38,19.2970415059369
"16017","Toyama",2019,39,19.8771869140588
"16018","Toyama",2019,40,20.2646423957466
"16019","Toyama",2019,41,16.6326437164591
"16020","Toyama",2019,42,13.8685386732603
"16021","Toyama",2019,43,14.834056543142
"16022","Toyama",2019,44,11.5926762899206
"16023","Toyama",2019,45,8.96222893129945
"16024","Toyama",2019,46,8.91712219451606
"16025","Toyama",2019,47,7.59339107691758
"16026","Toyama",2019,48,5.69051343851281
"16027","Toyama",2019,49,3.49489438580839
"16028","Toyama",2019,50,3.7475972724595
"16029","Toyama",2019,51,4.64691162569274
"16030","Toyama",2019,52,2.30016867082441
"16031","Toyama",2020,1,2.23438118986119
"16032","Toyama",2020,2,2.62914566810469
"16033","Toyama",2020,3,1.46961266979467
"16034","Toyama",2020,4,2.4479214640853
"16035","Toyama",2020,5,2.69148834677932
"16036","Toyama",2020,6,-1.14674659283429
"16037","Toyama",2020,7,2.74245968140412
"16038","Toyama",2020,8,2.80970480016245
"16039","Toyama",2020,9,2.31155041698432
"16040","Wakayama",2013,1,4.32336147932473
"16041","Wakayama",2013,2,5.17029480742021
"16042","Wakayama",2013,3,4.82123946891391
"16043","Wakayama",2013,4,5.88801436696015
"16044","Wakayama",2013,5,6.93306519070318
"16045","Wakayama",2013,6,6.25084195993831
"16046","Wakayama",2013,7,4.90672906128224
"16047","Wakayama",2013,8,5.04527517398347
"16048","Wakayama",2013,9,6.76388233319898
"16049","Wakayama",2013,10,10.541120582112
"16050","Wakayama",2013,11,8.9260255858531
"16051","Wakayama",2013,12,12.6996328415437
"16052","Wakayama",2013,13,11.8300242677837
"16053","Wakayama",2013,14,13.9756123456693
"16054","Wakayama",2013,15,10.5237075386471
"16055","Wakayama",2013,16,14.7855575041356
"16056","Wakayama",2013,17,13.2147363265067
"16057","Wakayama",2013,18,13.8764347704935
"16058","Wakayama",2013,19,16.4400576493479
"16059","Wakayama",2013,20,18.7738343704442
"16060","Wakayama",2013,21,20.6856497499232
"16061","Wakayama",2013,22,20.4587920648922
"16062","Wakayama",2013,23,20.6835994346667
"16063","Wakayama",2013,24,22.9713314452491
"16064","Wakayama",2013,25,22.7883432341432
"16065","Wakayama",2013,26,22.1840455673695
"16066","Wakayama",2013,27,24.1731300139833
"16067","Wakayama",2013,28,27.1238699376695
"16068","Wakayama",2013,29,26.2025260555373
"16069","Wakayama",2013,30,27.2697158494975
"16070","Wakayama",2013,31,27.7235321759494
"16071","Wakayama",2013,32,28.1784542526189
"16072","Wakayama",2013,33,28.8608277783721
"16073","Wakayama",2013,34,28.1249081260021
"16074","Wakayama",2013,35,25.2189813414088
"16075","Wakayama",2013,36,24.2174393165987
"16076","Wakayama",2013,37,25.4359846992137
"16077","Wakayama",2013,38,23.2004425191225
"16078","Wakayama",2013,39,22.8710227970964
"16079","Wakayama",2013,40,22.497239091447
"16080","Wakayama",2013,41,23.4871515903388
"16081","Wakayama",2013,42,17.9609734764008
"16082","Wakayama",2013,43,18.2373898566785
"16083","Wakayama",2013,44,16.0719260032497
"16084","Wakayama",2013,45,16.3124527794952
"16085","Wakayama",2013,46,11.8680655166059
"16086","Wakayama",2013,47,10.4647542185265
"16087","Wakayama",2013,48,9.82231949300721
"16088","Wakayama",2013,49,9.49573005759116
"16089","Wakayama",2013,50,7.64812537751312
"16090","Wakayama",2013,51,6.66614334400418
"16091","Wakayama",2013,52,5.31880682898575
"16092","Wakayama",2014,1,6.87028568587825
"16093","Wakayama",2014,2,5.07863763446656
"16094","Wakayama",2014,3,4.70961570166683
"16095","Wakayama",2014,4,6.06032513741177
"16096","Wakayama",2014,5,8.16100317268513
"16097","Wakayama",2014,6,5.62779115756982
"16098","Wakayama",2014,7,4.20319862629746
"16099","Wakayama",2014,8,4.32426694109559
"16100","Wakayama",2014,9,9.52250515126029
"16101","Wakayama",2014,10,6.26732583198168
"16102","Wakayama",2014,11,7.16201816232121
"16103","Wakayama",2014,12,10.3922508772934
"16104","Wakayama",2014,13,13.9283440762563
"16105","Wakayama",2014,14,12.1107021778911
"16106","Wakayama",2014,15,11.9714332408392
"16107","Wakayama",2014,16,14.1752561497613
"16108","Wakayama",2014,17,14.681809620988
"16109","Wakayama",2014,18,16.9198275599617
"16110","Wakayama",2014,19,16.3346126154775
"16111","Wakayama",2014,20,18.0672678296611
"16112","Wakayama",2014,21,18.5551245968536
"16113","Wakayama",2014,22,20.5784647382649
"16114","Wakayama",2014,23,21.1902700734779
"16115","Wakayama",2014,24,21.7458670682857
"16116","Wakayama",2014,25,21.2860460653059
"16117","Wakayama",2014,26,22.1917379554251
"16118","Wakayama",2014,27,23.2065818445684
"16119","Wakayama",2014,28,24.9307179047585
"16120","Wakayama",2014,29,26.1014192538614
"16121","Wakayama",2014,30,27.3299632042855
"16122","Wakayama",2014,31,26.4491291053113
"16123","Wakayama",2014,32,25.868649976285
"16124","Wakayama",2014,33,26.1787538623373
"16125","Wakayama",2014,34,26.5529939503502
"16126","Wakayama",2014,35,24.7432593186078
"16127","Wakayama",2014,36,24.4651777629593
"16128","Wakayama",2014,37,23.1038622337218
"16129","Wakayama",2014,38,21.3620105589334
"16130","Wakayama",2014,39,22.1810735298498
"16131","Wakayama",2014,40,22.5460355837443
"16132","Wakayama",2014,41,20.365097524714
"16133","Wakayama",2014,42,17.5909725667215
"16134","Wakayama",2014,43,18.6142868864824
"16135","Wakayama",2014,44,17.0636041347296
"16136","Wakayama",2014,45,15.4453113349717
"16137","Wakayama",2014,46,13.3102613081259
"16138","Wakayama",2014,47,11.1344246141433
"16139","Wakayama",2014,48,14.6271765796542
"16140","Wakayama",2014,49,8.41043651376253
"16141","Wakayama",2014,50,7.43092005695959
"16142","Wakayama",2014,51,5.14361132737472
"16143","Wakayama",2014,52,5.77362214897361
"16144","Wakayama",2015,1,6.7966568027
"16145","Wakayama",2015,2,6.25643286162437
"16146","Wakayama",2015,3,6.98890659165143
"16147","Wakayama",2015,4,6.16878515333752
"16148","Wakayama",2015,5,5.0438133878174
"16149","Wakayama",2015,6,5.03054224542145
"16150","Wakayama",2015,7,6.95503122334474
"16151","Wakayama",2015,8,9.13455111187408
"16152","Wakayama",2015,9,7.92021963972525
"16153","Wakayama",2015,10,7.36858314021555
"16154","Wakayama",2015,11,13.0436247233194
"16155","Wakayama",2015,12,9.66745334144866
"16156","Wakayama",2015,13,15.3449265236083
"16157","Wakayama",2015,14,12.4973714160781
"16158","Wakayama",2015,15,14.5420791861388
"16159","Wakayama",2015,16,16.7238550700116
"16160","Wakayama",2015,17,18.355348570618
"16161","Wakayama",2015,18,18.2840015151859
"16162","Wakayama",2015,19,19.1990948539651
"16163","Wakayama",2015,20,19.6241410460361
"16164","Wakayama",2015,21,21.7386559839454
"16165","Wakayama",2015,22,20.3185369582699
"16166","Wakayama",2015,23,21.7106393363634
"16167","Wakayama",2015,24,21.2409586686778
"16168","Wakayama",2015,25,22.5535778497545
"16169","Wakayama",2015,26,21.6597874231026
"16170","Wakayama",2015,27,23.5113959546716
"16171","Wakayama",2015,28,26.1194902814335
"16172","Wakayama",2015,29,25.6049669303886
"16173","Wakayama",2015,30,28.0266022936272
"16174","Wakayama",2015,31,28.3535722378183
"16175","Wakayama",2015,32,27.3557233451637
"16176","Wakayama",2015,33,25.8587667987895
"16177","Wakayama",2015,34,25.6739303602561
"16178","Wakayama",2015,35,24.1721699489526
"16179","Wakayama",2015,36,22.6218094895864
"16180","Wakayama",2015,37,21.495620742831
"16181","Wakayama",2015,38,22.4165512607465
"16182","Wakayama",2015,39,21.196652289175
"16183","Wakayama",2015,40,18.7007814901595
"16184","Wakayama",2015,41,17.891236902354
"16185","Wakayama",2015,42,18.9437309447971
"16186","Wakayama",2015,43,15.6630524544095
"16187","Wakayama",2015,44,16.1224816647081
"16188","Wakayama",2015,45,16.9993209779638
"16189","Wakayama",2015,46,16.5105019657657
"16190","Wakayama",2015,47,12.2540422389618
"16191","Wakayama",2015,48,10.8253154332163
"16192","Wakayama",2015,49,12.1134437917845
"16193","Wakayama",2015,50,9.78158065338585
"16194","Wakayama",2015,51,10.1448016201784
"16195","Wakayama",2015,52,6.77239963078796
"16196","Wakayama",2016,1,9.01266150468958
"16197","Wakayama",2016,2,6.22994122390498
"16198","Wakayama",2016,3,4.6856296745297
"16199","Wakayama",2016,4,6.2176703013
"16200","Wakayama",2016,5,6.14145175897557
"16201","Wakayama",2016,6,8.18000101658282
"16202","Wakayama",2016,7,7.69959470431785
"16203","Wakayama",2016,8,6.18752101071753
"16204","Wakayama",2016,9,8.92098316743196
"16205","Wakayama",2016,10,10.9254074370645
"16206","Wakayama",2016,11,10.5444550436425
"16207","Wakayama",2016,12,9.15755335473369
"16208","Wakayama",2016,13,13.1592088818485
"16209","Wakayama",2016,14,15.5111040272356
"16210","Wakayama",2016,15,14.9649977355406
"16211","Wakayama",2016,16,16.3545599455848
"16212","Wakayama",2016,17,16.2644058718918
"16213","Wakayama",2016,18,18.678851789331
"16214","Wakayama",2016,19,18.5886898880923
"16215","Wakayama",2016,20,19.1610805322814
"16216","Wakayama",2016,21,21.5086195226513
"16217","Wakayama",2016,22,20.0510087520272
"16218","Wakayama",2016,23,21.5202513959756
"16219","Wakayama",2016,24,22.9292634080754
"16220","Wakayama",2016,25,23.5406169797949
"16221","Wakayama",2016,26,23.8355620379915
"16222","Wakayama",2016,27,26.1600932890184
"16223","Wakayama",2016,28,26.0251079876814
"16224","Wakayama",2016,29,26.3966020753965
"16225","Wakayama",2016,30,25.819418033583
"16226","Wakayama",2016,31,27.5855948744402
"16227","Wakayama",2016,32,28.1965516621584
"16228","Wakayama",2016,33,27.9630787576737
"16229","Wakayama",2016,34,27.6461294955295
"16230","Wakayama",2016,35,25.410129799411
"16231","Wakayama",2016,36,25.4908902084336
"16232","Wakayama",2016,37,25.167387633654
"16233","Wakayama",2016,38,23.1558514888652
"16234","Wakayama",2016,39,24.6457263490121
"16235","Wakayama",2016,40,23.6274285417354
"16236","Wakayama",2016,41,18.2950814597628
"16237","Wakayama",2016,42,20.8878168920314
"16238","Wakayama",2016,43,17.994925838184
"16239","Wakayama",2016,44,13.8828031718537
"16240","Wakayama",2016,45,12.7280364656635
"16241","Wakayama",2016,46,15.1889718443247
"16242","Wakayama",2016,47,13.3937516887599
"16243","Wakayama",2016,48,11.0962650152372
"16244","Wakayama",2016,49,10.4669107941545
"16245","Wakayama",2016,50,7.64385156275914
"16246","Wakayama",2016,51,10.4701014552752
"16247","Wakayama",2016,52,7.5083280740688
"16248","Wakayama",2017,1,7.67558846979294
"16249","Wakayama",2017,2,6.20687451262741
"16250","Wakayama",2017,3,4.577840913276
"16251","Wakayama",2017,4,4.62532538417747
"16252","Wakayama",2017,5,7.11919291376794
"16253","Wakayama",2017,6,4.55501856546358
"16254","Wakayama",2017,7,6.51907525657879
"16255","Wakayama",2017,8,7.24145791904856
"16256","Wakayama",2017,9,7.64563820231473
"16257","Wakayama",2017,10,7.38804763596395
"16258","Wakayama",2017,11,8.01589376548477
"16259","Wakayama",2017,12,9.01590418226449
"16260","Wakayama",2017,13,9.24840157520652
"16261","Wakayama",2017,14,14.3137798360665
"16262","Wakayama",2017,15,14.2405664088976
"16263","Wakayama",2017,16,15.9454619049863
"16264","Wakayama",2017,17,15.3114606886559
"16265","Wakayama",2017,18,18.3054522212468
"16266","Wakayama",2017,19,18.7184135341691
"16267","Wakayama",2017,20,19.0434696198949
"16268","Wakayama",2017,21,20.0322223298178
"16269","Wakayama",2017,22,20.6223775274126
"16270","Wakayama",2017,23,20.5997589098847
"16271","Wakayama",2017,24,20.4144054087992
"16272","Wakayama",2017,25,22.2279172844741
"16273","Wakayama",2017,26,23.328009998884
"16274","Wakayama",2017,27,25.445558053725
"16275","Wakayama",2017,28,26.4370873314103
"16276","Wakayama",2017,29,26.95144136061
"16277","Wakayama",2017,30,27.4371401648091
"16278","Wakayama",2017,31,27.7150196216178
"16279","Wakayama",2017,32,27.7610931607293
"16280","Wakayama",2017,33,26.9699213699665
"16281","Wakayama",2017,34,28.1726434695324
"16282","Wakayama",2017,35,26.3283185534172
"16283","Wakayama",2017,36,24.2508717951378
"16284","Wakayama",2017,37,23.4946397377887
"16285","Wakayama",2017,38,22.77626666418
"16286","Wakayama",2017,39,21.640582115595
"16287","Wakayama",2017,40,20.2508277989477
"16288","Wakayama",2017,41,21.8467471189051
"16289","Wakayama",2017,42,16.5893347207412
"16290","Wakayama",2017,43,16.2370859310909
"16291","Wakayama",2017,44,14.5472563668288
"16292","Wakayama",2017,45,14.7897559005047
"16293","Wakayama",2017,46,11.3945767897366
"16294","Wakayama",2017,47,8.8299707116594
"16295","Wakayama",2017,48,11.5194281037299
"16296","Wakayama",2017,49,6.77361342004981
"16297","Wakayama",2017,50,6.00694029138577
"16298","Wakayama",2017,51,5.5498646903435
"16299","Wakayama",2017,52,6.6620762729878
"16300","Wakayama",2018,1,4.97107797645699
"16301","Wakayama",2018,2,4.63803078327456
"16302","Wakayama",2018,3,8.05249573062909
"16303","Wakayama",2018,4,2.65080372394182
"16304","Wakayama",2018,5,3.60734846504282
"16305","Wakayama",2018,6,2.65355188200592
"16306","Wakayama",2018,7,4.89419897604074
"16307","Wakayama",2018,8,5.85433191191065
"16308","Wakayama",2018,9,9.20666492608386
"16309","Wakayama",2018,10,9.48597579904388
"16310","Wakayama",2018,11,11.0292354944029
"16311","Wakayama",2018,12,10.5635233242719
"16312","Wakayama",2018,13,13.7531467050241
"16313","Wakayama",2018,14,15.0370126473314
"16314","Wakayama",2018,15,14.5291530924825
"16315","Wakayama",2018,16,15.2576565197858
"16316","Wakayama",2018,17,16.9375554221939
"16317","Wakayama",2018,18,17.4078564547359
"16318","Wakayama",2018,19,16.5275723170962
"16319","Wakayama",2018,20,19.8102251226324
"16320","Wakayama",2018,21,19.0954577004306
"16321","Wakayama",2018,22,19.8544907369781
"16322","Wakayama",2018,23,21.4079685247095
"16323","Wakayama",2018,24,20.9114459436965
"16324","Wakayama",2018,25,21.5594721664533
"16325","Wakayama",2018,26,24.7691754770895
"16326","Wakayama",2018,27,25.1401652210806
"16327","Wakayama",2018,28,26.8896806837048
"16328","Wakayama",2018,29,28.3830345219328
"16329","Wakayama",2018,30,28.119058763374
"16330","Wakayama",2018,31,27.76903563972
"16331","Wakayama",2018,32,28.0625943763047
"16332","Wakayama",2018,33,26.4015848372343
"16333","Wakayama",2018,34,27.221944421238
"16334","Wakayama",2018,35,26.705893572613
"16335","Wakayama",2018,36,25.144375689374
"16336","Wakayama",2018,37,23.2661427948723
"16337","Wakayama",2018,38,24.2228293393097
"16338","Wakayama",2018,39,21.1221389452013
"16339","Wakayama",2018,40,22.118263808507
"16340","Wakayama",2018,41,20.1716130141785
"16341","Wakayama",2018,42,17.6222520333197
"16342","Wakayama",2018,43,17.4023754258668
"16343","Wakayama",2018,44,14.4733639846446
"16344","Wakayama",2018,45,17.3405096305567
"16345","Wakayama",2018,46,13.8349037724546
"16346","Wakayama",2018,47,10.8599011049962
"16347","Wakayama",2018,48,12.5924820267611
"16348","Wakayama",2018,49,13.2537977020467
"16349","Wakayama",2018,50,6.86773248685861
"16350","Wakayama",2018,51,10.3928049766978
"16351","Wakayama",2018,52,6.93687010617103
"16352","Wakayama",2019,1,5.94291204299012
"16353","Wakayama",2019,2,6.00482198737662
"16354","Wakayama",2019,3,6.74789223017218
"16355","Wakayama",2019,4,6.10857189989454
"16356","Wakayama",2019,5,5.38399080048719
"16357","Wakayama",2019,6,8.45498968325799
"16358","Wakayama",2019,7,5.53841189021071
"16359","Wakayama",2019,8,8.70812119864758
"16360","Wakayama",2019,9,9.46418815226137
"16361","Wakayama",2019,10,9.53659524303467
"16362","Wakayama",2019,11,8.94605521847279
"16363","Wakayama",2019,12,10.3119864652387
"16364","Wakayama",2019,13,11.6923955723537
"16365","Wakayama",2019,14,9.79046549206035
"16366","Wakayama",2019,15,12.2027719529472
"16367","Wakayama",2019,16,14.4409754954041
"16368","Wakayama",2019,17,17.4417639575441
"16369","Wakayama",2019,18,16.3666811727887
"16370","Wakayama",2019,19,16.4484641546664
"16371","Wakayama",2019,20,19.0628779222648
"16372","Wakayama",2019,21,20.2374482728392
"16373","Wakayama",2019,22,20.3743985611806
"16374","Wakayama",2019,23,21.3890295665564
"16375","Wakayama",2019,24,20.4967892956611
"16376","Wakayama",2019,25,21.9217430504266
"16377","Wakayama",2019,26,23.4966847507937
"16378","Wakayama",2019,27,23.1879347281313
"16379","Wakayama",2019,28,23.5291179597605
"16380","Wakayama",2019,29,24.6511273613668
"16381","Wakayama",2019,30,26.2328051178945
"16382","Wakayama",2019,31,28.0530500819007
"16383","Wakayama",2019,32,27.7434743612055
"16384","Wakayama",2019,33,27.9466805469395
"16385","Wakayama",2019,34,26.5164867076243
"16386","Wakayama",2019,35,24.9919565369002
"16387","Wakayama",2019,36,26.7356021052647
"16388","Wakayama",2019,37,26.6107714001001
"16389","Wakayama",2019,38,23.8229127794577
"16390","Wakayama",2019,39,24.060396765439
"16391","Wakayama",2019,40,23.9346821620579
"16392","Wakayama",2019,41,21.5272762869858
"16393","Wakayama",2019,42,19.5249024206017
"16394","Wakayama",2019,43,19.0767070599387
"16395","Wakayama",2019,44,16.6816238044459
"16396","Wakayama",2019,45,14.3487472739922
"16397","Wakayama",2019,46,13.9360628533384
"16398","Wakayama",2019,47,13.5277230641616
"16399","Wakayama",2019,48,11.6398333697883
"16400","Wakayama",2019,49,9.2878693941143
"16401","Wakayama",2019,50,9.35053730169868
"16402","Wakayama",2019,51,10.4360374318322
"16403","Wakayama",2019,52,8.58015214071522
"16404","Wakayama",2020,1,8.63119054870359
"16405","Wakayama",2020,2,8.74841183051525
"16406","Wakayama",2020,3,6.66091028779569
"16407","Wakayama",2020,4,8.99442373859773
"16408","Wakayama",2020,5,8.71048233055844
"16409","Wakayama",2020,6,5.66489504607215
"16410","Wakayama",2020,7,9.00990647573118
"16411","Wakayama",2020,8,8.00657518916799
"16412","Wakayama",2020,9,8.63461867132455
"16413","Yamagata",2013,1,-3.43267119666258
"16414","Yamagata",2013,2,-2.98020420318257
"16415","Yamagata",2013,3,-2.01000728045688
"16416","Yamagata",2013,4,-1.24567319575971
"16417","Yamagata",2013,5,-0.31653560836939
"16418","Yamagata",2013,6,-2.20274342676885
"16419","Yamagata",2013,7,-2.08895408466374
"16420","Yamagata",2013,8,-3.26746573447313
"16421","Yamagata",2013,9,-1.32887136053349
"16422","Yamagata",2013,10,2.14961716525171
"16423","Yamagata",2013,11,0.318972358755543
"16424","Yamagata",2013,12,3.58088831587648
"16425","Yamagata",2013,13,3.30733116567676
"16426","Yamagata",2013,14,6.93249450796937
"16427","Yamagata",2013,15,4.98431208934613
"16428","Yamagata",2013,16,7.35540104208313
"16429","Yamagata",2013,17,7.7393714341701
"16430","Yamagata",2013,18,8.69613833319211
"16431","Yamagata",2013,19,11.0894161662644
"16432","Yamagata",2013,20,13.6643692848505
"16433","Yamagata",2013,21,15.1898804755517
"16434","Yamagata",2013,22,18.0587046398253
"16435","Yamagata",2013,23,17.464204368337
"16436","Yamagata",2013,24,20.7693349722022
"16437","Yamagata",2013,25,19.3887561838829
"16438","Yamagata",2013,26,19.8721277774346
"16439","Yamagata",2013,27,21.6834905656035
"16440","Yamagata",2013,28,22.7607482408136
"16441","Yamagata",2013,29,20.7336985476715
"16442","Yamagata",2013,30,21.9947139589404
"16443","Yamagata",2013,31,21.9370078813024
"16444","Yamagata",2013,32,25.0191709391382
"16445","Yamagata",2013,33,25.8411772784767
"16446","Yamagata",2013,34,23.8627657603086
"16447","Yamagata",2013,35,22.4498653807667
"16448","Yamagata",2013,36,21.4310681221378
"16449","Yamagata",2013,37,21.5784874103016
"16450","Yamagata",2013,38,18.9842776422561
"16451","Yamagata",2013,39,17.3133190301888
"16452","Yamagata",2013,40,17.5000792435576
"16453","Yamagata",2013,41,19.5915494070963
"16454","Yamagata",2013,42,12.0984753001346
"16455","Yamagata",2013,43,12.9763940130449
"16456","Yamagata",2013,44,10.5655405935063
"16457","Yamagata",2013,45,9.77168930755283
"16458","Yamagata",2013,46,4.08952392696253
"16459","Yamagata",2013,47,5.69456858432815
"16460","Yamagata",2013,48,4.48676659917161
"16461","Yamagata",2013,49,3.68533340425987
"16462","Yamagata",2013,50,1.26699755097206
"16463","Yamagata",2013,51,0.794855478377363
"16464","Yamagata",2013,52,-0.0642397805160125
"16465","Yamagata",2014,1,0.182423444643592
"16466","Yamagata",2014,2,-2.17646990324302
"16467","Yamagata",2014,3,-3.03801047335163
"16468","Yamagata",2014,4,-0.805594109235699
"16469","Yamagata",2014,5,-1.25733433928355
"16470","Yamagata",2014,6,-2.80208272574353
"16471","Yamagata",2014,7,-1.86316062069023
"16472","Yamagata",2014,8,-1.6843402648938
"16473","Yamagata",2014,9,1.21280875498115
"16474","Yamagata",2014,10,-1.6567239939691
"16475","Yamagata",2014,11,0.317086663548399
"16476","Yamagata",2014,12,2.5192952907442
"16477","Yamagata",2014,13,7.59264557964321
"16478","Yamagata",2014,14,6.28124732690951
"16479","Yamagata",2014,15,5.77501738784063
"16480","Yamagata",2014,16,7.57278828781227
"16481","Yamagata",2014,17,10.2222676643133
"16482","Yamagata",2014,18,13.5785789172016
"16483","Yamagata",2014,19,11.6011729366518
"16484","Yamagata",2014,20,14.6588669669448
"16485","Yamagata",2014,21,13.6171921580039
"16486","Yamagata",2014,22,18.9081563123409
"16487","Yamagata",2014,23,19.7699968929101
"16488","Yamagata",2014,24,18.6420848961438
"16489","Yamagata",2014,25,19.3151102788502
"16490","Yamagata",2014,26,20.1227443730051
"16491","Yamagata",2014,27,20.409697424237
"16492","Yamagata",2014,28,22.2313019479778
"16493","Yamagata",2014,29,21.2710012197921
"16494","Yamagata",2014,30,24.0779530457273
"16495","Yamagata",2014,31,24.1609362837366
"16496","Yamagata",2014,32,24.7476942707202
"16497","Yamagata",2014,33,21.9878820412624
"16498","Yamagata",2014,34,24.1011323138062
"16499","Yamagata",2014,35,20.2972781335224
"16500","Yamagata",2014,36,21.0286776479938
"16501","Yamagata",2014,37,19.0889551953544
"16502","Yamagata",2014,38,16.4861565302356
"16503","Yamagata",2014,39,16.7645429456377
"16504","Yamagata",2014,40,16.7914652404546
"16505","Yamagata",2014,41,13.0568948304906
"16506","Yamagata",2014,42,12.490523734792
"16507","Yamagata",2014,43,11.847303847261
"16508","Yamagata",2014,44,11.4578312728989
"16509","Yamagata",2014,45,9.32639055116765
"16510","Yamagata",2014,46,7.11763723947846
"16511","Yamagata",2014,47,5.52204611920691
"16512","Yamagata",2014,48,6.69320756424179
"16513","Yamagata",2014,49,2.78181007241816
"16514","Yamagata",2014,50,0.234983243748916
"16515","Yamagata",2014,51,-1.19482157362877
"16516","Yamagata",2014,52,-1.2749288526651
"16517","Yamagata",2015,1,-0.315627586302071
"16518","Yamagata",2015,2,0.305967897527572
"16519","Yamagata",2015,3,-0.795025813049758
"16520","Yamagata",2015,4,-0.425259042970562
"16521","Yamagata",2015,5,-0.937274639033928
"16522","Yamagata",2015,6,-1.37302087868636
"16523","Yamagata",2015,7,0.865213004358631
"16524","Yamagata",2015,8,1.88895819871778
"16525","Yamagata",2015,9,1.99011947047601
"16526","Yamagata",2015,10,1.35866046139085
"16527","Yamagata",2015,11,5.82320960018937
"16528","Yamagata",2015,12,4.11454971723096
"16529","Yamagata",2015,13,7.62096638747754
"16530","Yamagata",2015,14,5.290387254785
"16531","Yamagata",2015,15,9.06946199233099
"16532","Yamagata",2015,16,11.3081579287306
"16533","Yamagata",2015,17,16.6695824943444
"16534","Yamagata",2015,18,14.9283645186731
"16535","Yamagata",2015,19,14.8659139270521
"16536","Yamagata",2015,20,16.1364631673236
"16537","Yamagata",2015,21,19.0291786522981
"16538","Yamagata",2015,22,16.7347193303173
"16539","Yamagata",2015,23,18.9392480734277
"16540","Yamagata",2015,24,19.9200114485307
"16541","Yamagata",2015,25,20.1348269294558
"16542","Yamagata",2015,26,19.067782249452
"16543","Yamagata",2015,27,20.4149094505095
"16544","Yamagata",2015,28,24.7111584798031
"16545","Yamagata",2015,29,24.4780097732979
"16546","Yamagata",2015,30,25.88387664399
"16547","Yamagata",2015,31,26.6191874354684
"16548","Yamagata",2015,32,23.9279615109801
"16549","Yamagata",2015,33,22.7102162811933
"16550","Yamagata",2015,34,19.4203155623121
"16551","Yamagata",2015,35,20.4629870047961
"16552","Yamagata",2015,36,19.462123988354
"16553","Yamagata",2015,37,17.6749643057467
"16554","Yamagata",2015,38,17.4606205704898
"16555","Yamagata",2015,39,16.1423882968682
"16556","Yamagata",2015,40,13.484800507206
"16557","Yamagata",2015,41,12.3828053715275
"16558","Yamagata",2015,42,12.2509037982783
"16559","Yamagata",2015,43,9.82546079554229
"16560","Yamagata",2015,44,9.69276297636185
"16561","Yamagata",2015,45,9.85411614149824
"16562","Yamagata",2015,46,10.1650828505448
"16563","Yamagata",2015,47,5.19098118606968
"16564","Yamagata",2015,48,4.21489434230568
"16565","Yamagata",2015,49,3.47346209594103
"16566","Yamagata",2015,50,4.06952006665611
"16567","Yamagata",2015,51,2.9927500942658
"16568","Yamagata",2015,52,0.304793445455865
"16569","Yamagata",2016,1,1.56886023547418
"16570","Yamagata",2016,2,-1.99532212853397
"16571","Yamagata",2016,3,-1.19507725649104
"16572","Yamagata",2016,4,-0.398103542546859
"16573","Yamagata",2016,5,-1.50363614610412
"16574","Yamagata",2016,6,-0.499260530181833
"16575","Yamagata",2016,7,0.940154188794119
"16576","Yamagata",2016,8,-0.833926506266493
"16577","Yamagata",2016,9,1.32183136267492
"16578","Yamagata",2016,10,2.69473074186538
"16579","Yamagata",2016,11,5.61939519723016
"16580","Yamagata",2016,12,3.0308388278275
"16581","Yamagata",2016,13,7.14837148737251
"16582","Yamagata",2016,14,9.07926995912569
"16583","Yamagata",2016,15,8.39358972585241
"16584","Yamagata",2016,16,11.8062213120071
"16585","Yamagata",2016,17,10.6010742843266
"16586","Yamagata",2016,18,14.0835464042579
"16587","Yamagata",2016,19,14.2345891282721
"16588","Yamagata",2016,20,15.3649783844075
"16589","Yamagata",2016,21,18.3385938013669
"16590","Yamagata",2016,22,16.4593991436098
"16591","Yamagata",2016,23,18.806045542617
"16592","Yamagata",2016,24,19.3250192978387
"16593","Yamagata",2016,25,20.1052397732282
"16594","Yamagata",2016,26,20.2966449883999
"16595","Yamagata",2016,27,20.2806697039917
"16596","Yamagata",2016,28,21.7837892029284
"16597","Yamagata",2016,29,21.1936172927119
"16598","Yamagata",2016,30,23.9866207445386
"16599","Yamagata",2016,31,25.1167074490969
"16600","Yamagata",2016,32,24.2199693898931
"16601","Yamagata",2016,33,24.7481472688521
"16602","Yamagata",2016,34,23.9377031619603
"16603","Yamagata",2016,35,23.330830632611
"16604","Yamagata",2016,36,23.0432738621349
"16605","Yamagata",2016,37,20.3156790788425
"16606","Yamagata",2016,38,17.6373797685959
"16607","Yamagata",2016,39,19.1492885497201
"16608","Yamagata",2016,40,17.1973783696737
"16609","Yamagata",2016,41,11.6024217088045
"16610","Yamagata",2016,42,13.4595822267694
"16611","Yamagata",2016,43,10.4365950853715
"16612","Yamagata",2016,44,7.88172343160767
"16613","Yamagata",2016,45,5.24010592624268
"16614","Yamagata",2016,46,7.77405504504487
"16615","Yamagata",2016,47,4.61035375240942
"16616","Yamagata",2016,48,5.03616363889561
"16617","Yamagata",2016,49,3.42330895495006
"16618","Yamagata",2016,50,0.357668598408817
"16619","Yamagata",2016,51,4.94324069910931
"16620","Yamagata",2016,52,0.642903677070698
"16621","Yamagata",2017,1,1.23370600759994
"16622","Yamagata",2017,2,-1.9123192693573
"16623","Yamagata",2017,3,-1.3018076200845
"16624","Yamagata",2017,4,-1.1672168404051
"16625","Yamagata",2017,5,0.0678235127343297
"16626","Yamagata",2017,6,-0.259796489525196
"16627","Yamagata",2017,7,0.811859631414921
"16628","Yamagata",2017,8,-0.423322231983588
"16629","Yamagata",2017,9,0.831505421264694
"16630","Yamagata",2017,10,0.859959864973827
"16631","Yamagata",2017,11,2.5204983653729
"16632","Yamagata",2017,12,2.75597977748372
"16633","Yamagata",2017,13,3.56402295844699
"16634","Yamagata",2017,14,7.6217764602511
"16635","Yamagata",2017,15,7.26327238478645
"16636","Yamagata",2017,16,9.80283977989618
"16637","Yamagata",2017,17,10.061157165179
"16638","Yamagata",2017,18,13.8492765899471
"16639","Yamagata",2017,19,13.7814770663735
"16640","Yamagata",2017,20,14.4957189207884
"16641","Yamagata",2017,21,17.96198858189
"16642","Yamagata",2017,22,16.7601860453743
"16643","Yamagata",2017,23,15.2786684822837
"16644","Yamagata",2017,24,15.3722535610215
"16645","Yamagata",2017,25,18.9958533630737
"16646","Yamagata",2017,26,20.1149289143956
"16647","Yamagata",2017,27,21.818652155043
"16648","Yamagata",2017,28,25.8619629440578
"16649","Yamagata",2017,29,24.1812660838263
"16650","Yamagata",2017,30,22.6522313221237
"16651","Yamagata",2017,31,23.4906595849459
"16652","Yamagata",2017,32,23.7275250279373
"16653","Yamagata",2017,33,22.235314551532
"16654","Yamagata",2017,34,23.3961377975563
"16655","Yamagata",2017,35,19.9546464608112
"16656","Yamagata",2017,36,19.5931904951878
"16657","Yamagata",2017,37,19.2172575630174
"16658","Yamagata",2017,38,18.9579383694255
"16659","Yamagata",2017,39,16.4360188777803
"16660","Yamagata",2017,40,14.6849629762613
"16661","Yamagata",2017,41,15.5225531707768
"16662","Yamagata",2017,42,11.0239118838247
"16663","Yamagata",2017,43,11.5256918302469
"16664","Yamagata",2017,44,10.4345494037658
"16665","Yamagata",2017,45,9.51699118994786
"16666","Yamagata",2017,46,5.93338897658033
"16667","Yamagata",2017,47,1.40699283951255
"16668","Yamagata",2017,48,2.30224234909967
"16669","Yamagata",2017,49,1.70206131187568
"16670","Yamagata",2017,50,0.525640113729277
"16671","Yamagata",2017,51,0.244146007851392
"16672","Yamagata",2017,52,-1.02994435254176
"16673","Yamagata",2018,1,-0.4386496541895
"16674","Yamagata",2018,2,-1.54123112923821
"16675","Yamagata",2018,3,0.278138471673255
"16676","Yamagata",2018,4,-3.86647997785705
"16677","Yamagata",2018,5,-2.71114270686011
"16678","Yamagata",2018,6,-1.1869646343269
"16679","Yamagata",2018,7,-2.24687946055707
"16680","Yamagata",2018,8,-2.65873957811536
"16681","Yamagata",2018,9,0.137283749020298
"16682","Yamagata",2018,10,1.92143591974358
"16683","Yamagata",2018,11,4.00732219228092
"16684","Yamagata",2018,12,3.24311365250959
"16685","Yamagata",2018,13,7.86494583660405
"16686","Yamagata",2018,14,7.981822572345
"16687","Yamagata",2018,15,7.20257009005557
"16688","Yamagata",2018,16,10.9253392987911
"16689","Yamagata",2018,17,11.9834502356804
"16690","Yamagata",2018,18,14.4822141397763
"16691","Yamagata",2018,19,12.2083112768893
"16692","Yamagata",2018,20,15.3055207312786
"16693","Yamagata",2018,21,15.6350757559503
"16694","Yamagata",2018,22,17.3647865587378
"16695","Yamagata",2018,23,20.2213038741529
"16696","Yamagata",2018,24,14.6600680395596
"16697","Yamagata",2018,25,19.1067560646814
"16698","Yamagata",2018,26,22.6318678104318
"16699","Yamagata",2018,27,22.8102267326708
"16700","Yamagata",2018,28,23.7127182682965
"16701","Yamagata",2018,29,25.8540209752179
"16702","Yamagata",2018,30,25.5677029920548
"16703","Yamagata",2018,31,26.8097533941026
"16704","Yamagata",2018,32,22.9155265086568
"16705","Yamagata",2018,33,22.5622999615316
"16706","Yamagata",2018,34,25.6795593784683
"16707","Yamagata",2018,35,21.1215506007486
"16708","Yamagata",2018,36,22.4207501698798
"16709","Yamagata",2018,37,18.8649068534656
"16710","Yamagata",2018,38,18.3474218230787
"16711","Yamagata",2018,39,16.7098585107303
"16712","Yamagata",2018,40,18.0548414872389
"16713","Yamagata",2018,41,15.4291798467173
"16714","Yamagata",2018,42,11.9817102852197
"16715","Yamagata",2018,43,12.0785995819943
"16716","Yamagata",2018,44,9.34895164588126
"16717","Yamagata",2018,45,12.3961534555557
"16718","Yamagata",2018,46,8.07910568027579
"16719","Yamagata",2018,47,4.78829992900861
"16720","Yamagata",2018,48,5.92907191694426
"16721","Yamagata",2018,49,5.09821936216598
"16722","Yamagata",2018,50,-0.503979788944061
"16723","Yamagata",2018,51,2.32825324928656
"16724","Yamagata",2018,52,-0.139009397201221
"16725","Yamagata",2019,1,-0.608511406304006
"16726","Yamagata",2019,2,-0.422686005821431
"16727","Yamagata",2019,3,-0.918237230544029
"16728","Yamagata",2019,4,-2.10504049409514
"16729","Yamagata",2019,5,-0.528425222289229
"16730","Yamagata",2019,6,-0.540445215720492
"16731","Yamagata",2019,7,-2.33728181699152
"16732","Yamagata",2019,8,2.4219594531683
"16733","Yamagata",2019,9,2.68841664520004
"16734","Yamagata",2019,10,3.80649639681579
"16735","Yamagata",2019,11,3.92194432860784
"16736","Yamagata",2019,12,4.69785919041145
"16737","Yamagata",2019,13,3.29043891243461
"16738","Yamagata",2019,14,4.07556633710867
"16739","Yamagata",2019,15,4.69448884213934
"16740","Yamagata",2019,16,9.71381149735528
"16741","Yamagata",2019,17,10.9479169357621
"16742","Yamagata",2019,18,11.6028980489683
"16743","Yamagata",2019,19,13.776688397594
"16744","Yamagata",2019,20,15.3647338041374
"16745","Yamagata",2019,21,17.419592120677
"16746","Yamagata",2019,22,18.341274574585
"16747","Yamagata",2019,23,18.8323453677658
"16748","Yamagata",2019,24,16.7903766950573
"16749","Yamagata",2019,25,17.8027104200436
"16750","Yamagata",2019,26,19.5450913537469
"16751","Yamagata",2019,27,20.4873825451583
"16752","Yamagata",2019,28,18.7010000591833
"16753","Yamagata",2019,29,21.855128426077
"16754","Yamagata",2019,30,24.043875259006
"16755","Yamagata",2019,31,26.4558168019246
"16756","Yamagata",2019,32,26.8076829223478
"16757","Yamagata",2019,33,26.5990990800076
"16758","Yamagata",2019,34,23.5876013216388
"16759","Yamagata",2019,35,21.9584992353933
"16760","Yamagata",2019,36,22.5237337839868
"16761","Yamagata",2019,37,22.066577334716
"16762","Yamagata",2019,38,18.9058109063915
"16763","Yamagata",2019,39,18.1370298719779
"16764","Yamagata",2019,40,19.3400830569036
"16765","Yamagata",2019,41,15.8826877224925
"16766","Yamagata",2019,42,12.2452054858996
"16767","Yamagata",2019,43,13.8305566691864
"16768","Yamagata",2019,44,11.5215788173749
"16769","Yamagata",2019,45,8.95132934806178
"16770","Yamagata",2019,46,8.53411688457734
"16771","Yamagata",2019,47,6.00270220261396
"16772","Yamagata",2019,48,3.79551800804412
"16773","Yamagata",2019,49,2.4891091454467
"16774","Yamagata",2019,50,2.63779095620262
"16775","Yamagata",2019,51,2.78334608141055
"16776","Yamagata",2019,52,2.02721008898792
"16777","Yamagata",2020,1,1.21441450558592
"16778","Yamagata",2020,2,1.90028737014941
"16779","Yamagata",2020,3,1.17257651266626
"16780","Yamagata",2020,4,1.02396887472095
"16781","Yamagata",2020,5,2.5700917119797
"16782","Yamagata",2020,6,-1.39254478090133
"16783","Yamagata",2020,7,1.66736823891497
"16784","Yamagata",2020,8,2.54422175335487
"16785","Yamagata",2020,9,2.49732237208557
"16786","Yamaguchi",2013,1,3.54726524804962
"16787","Yamaguchi",2013,2,4.8896420331356
"16788","Yamaguchi",2013,3,5.04834952763749
"16789","Yamaguchi",2013,4,5.72912150737606
"16790","Yamaguchi",2013,5,6.84602846189003
"16791","Yamaguchi",2013,6,5.83171501101488
"16792","Yamaguchi",2013,7,4.93273386558599
"16793","Yamaguchi",2013,8,5.68246985051293
"16794","Yamaguchi",2013,9,7.75900312920947
"16795","Yamaguchi",2013,10,11.4016980287371
"16796","Yamaguchi",2013,11,8.97014023197389
"16797","Yamaguchi",2013,12,11.7766208055258
"16798","Yamaguchi",2013,13,10.881892923256
"16799","Yamaguchi",2013,14,12.6064208179083
"16800","Yamaguchi",2013,15,10.5402889951069
"16801","Yamaguchi",2013,16,13.8737132504538
"16802","Yamaguchi",2013,17,13.541779503371
"16803","Yamaguchi",2013,18,14.3341220911618
"16804","Yamaguchi",2013,19,17.0425465077437
"16805","Yamaguchi",2013,20,19.3770314245278
"16806","Yamaguchi",2013,21,20.526406968113
"16807","Yamaguchi",2013,22,20.4480438672484
"16808","Yamaguchi",2013,23,21.3009884775142
"16809","Yamaguchi",2013,24,23.6166389853638
"16810","Yamaguchi",2013,25,23.090930784122
"16811","Yamaguchi",2013,26,22.4505715968751
"16812","Yamaguchi",2013,27,24.957843641769
"16813","Yamaguchi",2013,28,27.6505902696911
"16814","Yamaguchi",2013,29,27.7603155212822
"16815","Yamaguchi",2013,30,28.6625519885579
"16816","Yamaguchi",2013,31,28.0839829432314
"16817","Yamaguchi",2013,32,28.5742664392316
"16818","Yamaguchi",2013,33,29.0557956079043
"16819","Yamaguchi",2013,34,28.6841292566127
"16820","Yamaguchi",2013,35,25.8239284760358
"16821","Yamaguchi",2013,36,22.8574581734852
"16822","Yamaguchi",2013,37,25.7038355242988
"16823","Yamaguchi",2013,38,23.8211989568069
"16824","Yamaguchi",2013,39,23.2100050569007
"16825","Yamaguchi",2013,40,22.143715044276
"16826","Yamaguchi",2013,41,23.044510811516
"16827","Yamaguchi",2013,42,18.147598026293
"16828","Yamaguchi",2013,43,18.227589644631
"16829","Yamaguchi",2013,44,15.8324915248022
"16830","Yamaguchi",2013,45,16.1739987444268
"16831","Yamaguchi",2013,46,12.3768286394199
"16832","Yamaguchi",2013,47,9.90470620443721
"16833","Yamaguchi",2013,48,9.38457512752374
"16834","Yamaguchi",2013,49,9.52840412253309
"16835","Yamaguchi",2013,50,7.77000713515529
"16836","Yamaguchi",2013,51,6.3619599007315
"16837","Yamaguchi",2013,52,5.38906413265117
"16838","Yamaguchi",2014,1,7.6252120636516
"16839","Yamaguchi",2014,2,5.32933538462014
"16840","Yamaguchi",2014,3,4.82560827551977
"16841","Yamaguchi",2014,4,5.84946516132313
"16842","Yamaguchi",2014,5,8.48062392630798
"16843","Yamaguchi",2014,6,5.69503758080586
"16844","Yamaguchi",2014,7,4.6472107628013
"16845","Yamaguchi",2014,8,5.41242501237011
"16846","Yamaguchi",2014,9,9.40286356058576
"16847","Yamaguchi",2014,10,6.28031951762283
"16848","Yamaguchi",2014,11,7.60165151918117
"16849","Yamaguchi",2014,12,10.8323542497988
"16850","Yamaguchi",2014,13,14.1709901144897
"16851","Yamaguchi",2014,14,11.7897264215095
"16852","Yamaguchi",2014,15,12.523430995862
"16853","Yamaguchi",2014,16,14.2622416740096
"16854","Yamaguchi",2014,17,15.4249624875564
"16855","Yamaguchi",2014,18,16.6794523727494
"16856","Yamaguchi",2014,19,16.2037921955525
"16857","Yamaguchi",2014,20,18.342382320974
"16858","Yamaguchi",2014,21,19.2401222444369
"16859","Yamaguchi",2014,22,21.2006819330912
"16860","Yamaguchi",2014,23,20.8753382090113
"16861","Yamaguchi",2014,24,21.5332237194812
"16862","Yamaguchi",2014,25,21.0895686830854
"16863","Yamaguchi",2014,26,22.1970783338581
"16864","Yamaguchi",2014,27,22.8918271438028
"16865","Yamaguchi",2014,28,24.7805312524348
"16866","Yamaguchi",2014,29,25.1590047827968
"16867","Yamaguchi",2014,30,27.9524641340961
"16868","Yamaguchi",2014,31,26.8687669419459
"16869","Yamaguchi",2014,32,25.9669808456572
"16870","Yamaguchi",2014,33,25.2186909054128
"16871","Yamaguchi",2014,34,26.0016363396543
"16872","Yamaguchi",2014,35,24.5885606669444
"16873","Yamaguchi",2014,36,24.4417957722779
"16874","Yamaguchi",2014,37,23.6774771542145
"16875","Yamaguchi",2014,38,22.0379801266954
"16876","Yamaguchi",2014,39,22.5350800637451
"16877","Yamaguchi",2014,40,21.8684083087175
"16878","Yamaguchi",2014,41,20.0742162294642
"16879","Yamaguchi",2014,42,16.8537941551666
"16880","Yamaguchi",2014,43,17.9770157654771
"16881","Yamaguchi",2014,44,16.7075944322336
"16882","Yamaguchi",2014,45,14.4098352147258
"16883","Yamaguchi",2014,46,12.1934320218824
"16884","Yamaguchi",2014,47,12.1564497782648
"16885","Yamaguchi",2014,48,14.3659595244647
"16886","Yamaguchi",2014,49,7.06532406028628
"16887","Yamaguchi",2014,50,7.01381580593816
"16888","Yamaguchi",2014,51,4.73902203886634
"16889","Yamaguchi",2014,52,5.55487300915977
"16890","Yamaguchi",2015,1,7.08927797492511
"16891","Yamaguchi",2015,2,6.53195886321492
"16892","Yamaguchi",2015,3,6.82472074622481
"16893","Yamaguchi",2015,4,6.22364387511029
"16894","Yamaguchi",2015,5,5.10548169196471
"16895","Yamaguchi",2015,6,4.79253328811711
"16896","Yamaguchi",2015,7,7.41900907625183
"16897","Yamaguchi",2015,8,7.81414872026802
"16898","Yamaguchi",2015,9,6.40973886594195
"16899","Yamaguchi",2015,10,7.04900669890144
"16900","Yamaguchi",2015,11,12.5519325849898
"16901","Yamaguchi",2015,12,10.0096178197849
"16902","Yamaguchi",2015,13,15.2354340784298
"16903","Yamaguchi",2015,14,12.0980983183941
"16904","Yamaguchi",2015,15,13.869721854097
"16905","Yamaguchi",2015,16,15.1393998484649
"16906","Yamaguchi",2015,17,18.739818927838
"16907","Yamaguchi",2015,18,17.4785505141552
"16908","Yamaguchi",2015,19,18.551032150772
"16909","Yamaguchi",2015,20,18.7830714914233
"16910","Yamaguchi",2015,21,21.2343432027372
"16911","Yamaguchi",2015,22,20.1628529879646
"16912","Yamaguchi",2015,23,21.2920299239959
"16913","Yamaguchi",2015,24,21.1884821883353
"16914","Yamaguchi",2015,25,22.1236042873682
"16915","Yamaguchi",2015,26,21.7632076262172
"16916","Yamaguchi",2015,27,23.9814773593903
"16917","Yamaguchi",2015,28,24.7326895816881
"16918","Yamaguchi",2015,29,25.648035187532
"16919","Yamaguchi",2015,30,27.6604306739057
"16920","Yamaguchi",2015,31,28.3508627099154
"16921","Yamaguchi",2015,32,26.587222008561
"16922","Yamaguchi",2015,33,25.640220605142
"16923","Yamaguchi",2015,34,24.5460098630422
"16924","Yamaguchi",2015,35,23.7159000770799
"16925","Yamaguchi",2015,36,22.0475903078016
"16926","Yamaguchi",2015,37,21.3387871697776
"16927","Yamaguchi",2015,38,22.3224925185
"16928","Yamaguchi",2015,39,21.1270954917857
"16929","Yamaguchi",2015,40,18.2328596384153
"16930","Yamaguchi",2015,41,17.1402762260013
"16931","Yamaguchi",2015,42,18.7347406851903
"16932","Yamaguchi",2015,43,15.1114720608218
"16933","Yamaguchi",2015,44,15.9554946199246
"16934","Yamaguchi",2015,45,16.4270529478953
"16935","Yamaguchi",2015,46,15.9416965994816
"16936","Yamaguchi",2015,47,11.5051398431048
"16937","Yamaguchi",2015,48,10.502148127212
"16938","Yamaguchi",2015,49,11.2463173346177
"16939","Yamaguchi",2015,50,8.55633558558659
"16940","Yamaguchi",2015,51,9.8150673862961
"16941","Yamaguchi",2015,52,7.08247591547217
"16942","Yamaguchi",2016,1,8.06824177977996
"16943","Yamaguchi",2016,2,5.64910277992633
"16944","Yamaguchi",2016,3,3.58258987652764
"16945","Yamaguchi",2016,4,5.05641941637999
"16946","Yamaguchi",2016,5,5.58558954623912
"16947","Yamaguchi",2016,6,8.84884480806113
"16948","Yamaguchi",2016,7,6.09854131141934
"16949","Yamaguchi",2016,8,5.91219436564162
"16950","Yamaguchi",2016,9,9.16841654263569
"16951","Yamaguchi",2016,10,9.81633825947292
"16952","Yamaguchi",2016,11,10.5345263216671
"16953","Yamaguchi",2016,12,9.22010991294489
"16954","Yamaguchi",2016,13,13.3105160567927
"16955","Yamaguchi",2016,14,14.7279007902641
"16956","Yamaguchi",2016,15,14.9316908210255
"16957","Yamaguchi",2016,16,15.4953658497541
"16958","Yamaguchi",2016,17,16.069152451089
"16959","Yamaguchi",2016,18,18.3151637026138
"16960","Yamaguchi",2016,19,17.6881229010886
"16961","Yamaguchi",2016,20,19.0430096146986
"16962","Yamaguchi",2016,21,21.3868343276906
"16963","Yamaguchi",2016,22,20.181219474934
"16964","Yamaguchi",2016,23,21.9957532569264
"16965","Yamaguchi",2016,24,23.0404161271446
"16966","Yamaguchi",2016,25,23.1988428582803
"16967","Yamaguchi",2016,26,23.481532962642
"16968","Yamaguchi",2016,27,26.1947144450888
"16969","Yamaguchi",2016,28,25.6280328610932
"16970","Yamaguchi",2016,29,26.1992897477925
"16971","Yamaguchi",2016,30,27.8008856152398
"16972","Yamaguchi",2016,31,28.4096209290818
"16973","Yamaguchi",2016,32,29.2801302333451
"16974","Yamaguchi",2016,33,28.9963908310968
"16975","Yamaguchi",2016,34,28.0549620205043
"16976","Yamaguchi",2016,35,24.3574419745784
"16977","Yamaguchi",2016,36,24.9381877798217
"16978","Yamaguchi",2016,37,24.5797458393108
"16979","Yamaguchi",2016,38,22.3472692705674
"16980","Yamaguchi",2016,39,23.6352643083873
"16981","Yamaguchi",2016,40,23.6981568507434
"16982","Yamaguchi",2016,41,18.2068506067062
"16983","Yamaguchi",2016,42,20.184194812546
"16984","Yamaguchi",2016,43,18.2293929092509
"16985","Yamaguchi",2016,44,13.894211809127
"16986","Yamaguchi",2016,45,13.0035300954589
"16987","Yamaguchi",2016,46,15.7018766465737
"16988","Yamaguchi",2016,47,12.6768475009695
"16989","Yamaguchi",2016,48,11.0085274672724
"16990","Yamaguchi",2016,49,10.2657934066095
"16991","Yamaguchi",2016,50,7.88319923908432
"16992","Yamaguchi",2016,51,11.0741299755847
"16993","Yamaguchi",2016,52,7.49985859656778
"16994","Yamaguchi",2017,1,8.28480659507131
"16995","Yamaguchi",2017,2,6.16193356490621
"16996","Yamaguchi",2017,3,5.0314504239741
"16997","Yamaguchi",2017,4,4.34526385239794
"16998","Yamaguchi",2017,5,7.19860857760735
"16999","Yamaguchi",2017,6,4.69984698021855
"17000","Yamaguchi",2017,7,7.1166241541965
"17001","Yamaguchi",2017,8,7.17916548268775
"17002","Yamaguchi",2017,9,7.52184651381127
"17003","Yamaguchi",2017,10,7.40452517643439
"17004","Yamaguchi",2017,11,8.75711082496349
"17005","Yamaguchi",2017,12,9.36838065919505
"17006","Yamaguchi",2017,13,9.54751259180257
"17007","Yamaguchi",2017,14,14.2640498506964
"17008","Yamaguchi",2017,15,14.2240496132271
"17009","Yamaguchi",2017,16,15.691442716441
"17010","Yamaguchi",2017,17,15.9982155745311
"17011","Yamaguchi",2017,18,18.8615389558209
"17012","Yamaguchi",2017,19,18.2466555419939
"17013","Yamaguchi",2017,20,18.5710812953737
"17014","Yamaguchi",2017,21,19.5908166870422
"17015","Yamaguchi",2017,22,20.9887886345119
"17016","Yamaguchi",2017,23,20.3668131927205
"17017","Yamaguchi",2017,24,20.7896968003954
"17018","Yamaguchi",2017,25,22.31423463393
"17019","Yamaguchi",2017,26,24.0034571693208
"17020","Yamaguchi",2017,27,25.7351083045263
"17021","Yamaguchi",2017,28,26.9969422170035
"17022","Yamaguchi",2017,29,27.9351966675323
"17023","Yamaguchi",2017,30,28.0267353564616
"17024","Yamaguchi",2017,31,29.0074789039184
"17025","Yamaguchi",2017,32,27.7265175142285
"17026","Yamaguchi",2017,33,26.6223760768082
"17027","Yamaguchi",2017,34,27.9743962307187
"17028","Yamaguchi",2017,35,25.6598227182599
"17029","Yamaguchi",2017,36,23.6195296484894
"17030","Yamaguchi",2017,37,23.4658303286411
"17031","Yamaguchi",2017,38,22.0091664712259
"17032","Yamaguchi",2017,39,21.2144861612466
"17033","Yamaguchi",2017,40,20.2500151354426
"17034","Yamaguchi",2017,41,21.1794628259605
"17035","Yamaguchi",2017,42,17.1744383936657
"17036","Yamaguchi",2017,43,16.331998241059
"17037","Yamaguchi",2017,44,14.7215417412571
"17038","Yamaguchi",2017,45,14.7995601744864
"17039","Yamaguchi",2017,46,11.6839703221496
"17040","Yamaguchi",2017,47,8.6283879697509
"17041","Yamaguchi",2017,48,10.6784239720204
"17042","Yamaguchi",2017,49,6.86195079566457
"17043","Yamaguchi",2017,50,5.36294038065612
"17044","Yamaguchi",2017,51,5.75645560653369
"17045","Yamaguchi",2017,52,6.43168026410404
"17046","Yamaguchi",2018,1,5.68862944041025
"17047","Yamaguchi",2018,2,3.7778836312246
"17048","Yamaguchi",2018,3,7.79723710677994
"17049","Yamaguchi",2018,4,2.36747929372005
"17050","Yamaguchi",2018,5,3.13476951970762
"17051","Yamaguchi",2018,6,1.91922363919797
"17052","Yamaguchi",2018,7,4.42157294336749
"17053","Yamaguchi",2018,8,6.52273458294662
"17054","Yamaguchi",2018,9,8.61861619794889
"17055","Yamaguchi",2018,10,8.74190037220727
"17056","Yamaguchi",2018,11,10.8268421060837
"17057","Yamaguchi",2018,12,9.55155288401521
"17058","Yamaguchi",2018,13,13.8497832016389
"17059","Yamaguchi",2018,14,14.697158032622
"17060","Yamaguchi",2018,15,14.719845934719
"17061","Yamaguchi",2018,16,14.9441897629617
"17062","Yamaguchi",2018,17,15.927803312569
"17063","Yamaguchi",2018,18,17.5488801152429
"17064","Yamaguchi",2018,19,16.1173653273171
"17065","Yamaguchi",2018,20,19.8173021246897
"17066","Yamaguchi",2018,21,19.3287968274241
"17067","Yamaguchi",2018,22,20.9987284689907
"17068","Yamaguchi",2018,23,21.577989314256
"17069","Yamaguchi",2018,24,20.6165199691514
"17070","Yamaguchi",2018,25,22.130905163584
"17071","Yamaguchi",2018,26,24.7319357290495
"17072","Yamaguchi",2018,27,24.6394299521201
"17073","Yamaguchi",2018,28,26.7301845895608
"17074","Yamaguchi",2018,29,29.0495986851149
"17075","Yamaguchi",2018,30,29.4179092396576
"17076","Yamaguchi",2018,31,28.7026895576616
"17077","Yamaguchi",2018,32,28.8076030999711
"17078","Yamaguchi",2018,33,27.6201318665815
"17079","Yamaguchi",2018,34,28.6717787868119
"17080","Yamaguchi",2018,35,26.8907030933301
"17081","Yamaguchi",2018,36,24.8827536789923
"17082","Yamaguchi",2018,37,23.6007521352745
"17083","Yamaguchi",2018,38,23.7052823134996
"17084","Yamaguchi",2018,39,21.0123340029651
"17085","Yamaguchi",2018,40,21.0709329651692
"17086","Yamaguchi",2018,41,18.8138593362441
"17087","Yamaguchi",2018,42,17.2665013772143
"17088","Yamaguchi",2018,43,16.7245440322163
"17089","Yamaguchi",2018,44,14.0310749458234
"17090","Yamaguchi",2018,45,16.0011038780743
"17091","Yamaguchi",2018,46,13.2818123494856
"17092","Yamaguchi",2018,47,10.6156429919986
"17093","Yamaguchi",2018,48,12.4827823691058
"17094","Yamaguchi",2018,49,11.9656990045497
"17095","Yamaguchi",2018,50,6.87827333860512
"17096","Yamaguchi",2018,51,10.2842770970993
"17097","Yamaguchi",2018,52,6.47428492487194
"17098","Yamaguchi",2019,1,5.85289278486597
"17099","Yamaguchi",2019,2,6.80312924769656
"17100","Yamaguchi",2019,3,7.31444386209614
"17101","Yamaguchi",2019,4,6.68947758989652
"17102","Yamaguchi",2019,5,6.4211565875671
"17103","Yamaguchi",2019,6,8.11852944159282
"17104","Yamaguchi",2019,7,5.91013319119656
"17105","Yamaguchi",2019,8,8.51672220216695
"17106","Yamaguchi",2019,9,9.16309294007366
"17107","Yamaguchi",2019,10,9.38814014624839
"17108","Yamaguchi",2019,11,8.9700085840212
"17109","Yamaguchi",2019,12,10.8028871459658
"17110","Yamaguchi",2019,13,12.2052766292407
"17111","Yamaguchi",2019,14,10.6242642328782
"17112","Yamaguchi",2019,15,12.349723875814
"17113","Yamaguchi",2019,16,15.0857414291383
"17114","Yamaguchi",2019,17,16.6809670186575
"17115","Yamaguchi",2019,18,16.0533627057792
"17116","Yamaguchi",2019,19,17.0336239180631
"17117","Yamaguchi",2019,20,20.4006189225572
"17118","Yamaguchi",2019,21,20.282959007759
"17119","Yamaguchi",2019,22,20.4260903228248
"17120","Yamaguchi",2019,23,22.0284647322503
"17121","Yamaguchi",2019,24,20.3269611759617
"17122","Yamaguchi",2019,25,21.8648758515655
"17123","Yamaguchi",2019,26,23.1839010106032
"17124","Yamaguchi",2019,27,23.4168114449829
"17125","Yamaguchi",2019,28,23.4617539365543
"17126","Yamaguchi",2019,29,24.7176468350538
"17127","Yamaguchi",2019,30,26.8870787744654
"17128","Yamaguchi",2019,31,28.8261546650134
"17129","Yamaguchi",2019,32,28.2513456867625
"17130","Yamaguchi",2019,33,28.7562753992604
"17131","Yamaguchi",2019,34,26.1116117113772
"17132","Yamaguchi",2019,35,24.096077429066
"17133","Yamaguchi",2019,36,26.3667822053666
"17134","Yamaguchi",2019,37,27.1292818388872
"17135","Yamaguchi",2019,38,23.420779908122
"17136","Yamaguchi",2019,39,22.8654074492662
"17137","Yamaguchi",2019,40,23.8909940490398
"17138","Yamaguchi",2019,41,20.7188476179681
"17139","Yamaguchi",2019,42,18.0362051974558
"17140","Yamaguchi",2019,43,18.888584696863
"17141","Yamaguchi",2019,44,16.5184588560207
"17142","Yamaguchi",2019,45,14.3883170776877
"17143","Yamaguchi",2019,46,13.8228687793337
"17144","Yamaguchi",2019,47,12.793978108245
"17145","Yamaguchi",2019,48,12.1080544120614
"17146","Yamaguchi",2019,49,8.83062379931326
"17147","Yamaguchi",2019,50,9.14763171634641
"17148","Yamaguchi",2019,51,10.4940676141607
"17149","Yamaguchi",2019,52,8.38873672389386
"17150","Yamaguchi",2020,1,8.05298801956058
"17151","Yamaguchi",2020,2,9.30418290492278
"17152","Yamaguchi",2020,3,6.51829391718478
"17153","Yamaguchi",2020,4,9.15466710439467
"17154","Yamaguchi",2020,5,8.24795881472688
"17155","Yamaguchi",2020,6,6.08657102355949
"17156","Yamaguchi",2020,7,9.83162178335953
"17157","Yamaguchi",2020,8,7.23625308522128
"17158","Yamaguchi",2020,9,8.89109813154007
"17159","Yamanashi",2013,1,-1.99517886819575
"17160","Yamanashi",2013,2,-0.0177211879668074
"17161","Yamanashi",2013,3,-4.53715770022148
"17162","Yamanashi",2013,4,-2.52671274037164
"17163","Yamanashi",2013,5,0.590887523113452
"17164","Yamanashi",2013,6,0.613594881051029
"17165","Yamanashi",2013,7,-1.3127345881704
"17166","Yamanashi",2013,8,-2.19696749844988
"17167","Yamanashi",2013,9,0.615099545778451
"17168","Yamanashi",2013,10,5.36088686987514
"17169","Yamanashi",2013,11,5.05328134270759
"17170","Yamanashi",2013,12,8.89227338861797
"17171","Yamanashi",2013,13,7.11163921908799
"17172","Yamanashi",2013,14,8.19044858090207
"17173","Yamanashi",2013,15,5.85525934501254
"17174","Yamanashi",2013,16,9.87883413649436
"17175","Yamanashi",2013,17,7.60558848626074
"17176","Yamanashi",2013,18,9.94485308718312
"17177","Yamanashi",2013,19,12.4339747862621
"17178","Yamanashi",2013,20,15.5300586650031
"17179","Yamanashi",2013,21,16.2659276405576
"17180","Yamanashi",2013,22,15.9405591481412
"17181","Yamanashi",2013,23,16.6340702399905
"17182","Yamanashi",2013,24,18.3410514281577
"17183","Yamanashi",2013,25,18.6227850717645
"17184","Yamanashi",2013,26,17.4273405288465
"17185","Yamanashi",2013,27,19.8855838566715
"17186","Yamanashi",2013,28,24.2712150525475
"17187","Yamanashi",2013,29,21.4901774829464
"17188","Yamanashi",2013,30,21.780072215199
"17189","Yamanashi",2013,31,22.0033644866149
"17190","Yamanashi",2013,32,24.0672404821354
"17191","Yamanashi",2013,33,24.2387068786455
"17192","Yamanashi",2013,34,23.7644570831638
"17193","Yamanashi",2013,35,21.7426315961837
"17194","Yamanashi",2013,36,21.0522231220125
"17195","Yamanashi",2013,37,20.9174372945651
"17196","Yamanashi",2013,38,18.7598187479474
"17197","Yamanashi",2013,39,16.6316760938723
"17198","Yamanashi",2013,40,17.1106237522477
"17199","Yamanashi",2013,41,18.6684530337108
"17200","Yamanashi",2013,42,12.3972085777777
"17201","Yamanashi",2013,43,12.1109774980381
"17202","Yamanashi",2013,44,10.602482365722
"17203","Yamanashi",2013,45,9.66797378269748
"17204","Yamanashi",2013,46,5.32278457088343
"17205","Yamanashi",2013,47,4.16351555202177
"17206","Yamanashi",2013,48,3.78842759349914
"17207","Yamanashi",2013,49,3.82579392190319
"17208","Yamanashi",2013,50,0.971167342014748
"17209","Yamanashi",2013,51,0.0937351983861194
"17210","Yamanashi",2013,52,-0.254638293316962
"17211","Yamanashi",2014,1,0.148962314280717
"17212","Yamanashi",2014,2,-1.26410211026681
"17213","Yamanashi",2014,3,-1.35849392025708
"17214","Yamanashi",2014,4,0.093011491584816
"17215","Yamanashi",2014,5,1.97122630365586
"17216","Yamanashi",2014,6,-1.10129053381323
"17217","Yamanashi",2014,7,-2.31651348133734
"17218","Yamanashi",2014,8,-2.48828300956891
"17219","Yamanashi",2014,9,1.90414919598185
"17220","Yamanashi",2014,10,-1.80147930178361
"17221","Yamanashi",2014,11,0.194345233204785
"17222","Yamanashi",2014,12,3.89723386830345
"17223","Yamanashi",2014,13,7.98694561305148
"17224","Yamanashi",2014,14,7.3042517002792
"17225","Yamanashi",2014,15,7.31459324120449
"17226","Yamanashi",2014,16,9.59785384133255
"17227","Yamanashi",2014,17,9.06336523988509
"17228","Yamanashi",2014,18,12.4041651173222
"17229","Yamanashi",2014,19,11.4175915716394
"17230","Yamanashi",2014,20,14.1630122851104
"17231","Yamanashi",2014,21,14.0360720979086
"17232","Yamanashi",2014,22,17.679009533008
"17233","Yamanashi",2014,23,17.4546049417942
"17234","Yamanashi",2014,24,17.3457401973109
"17235","Yamanashi",2014,25,18.0774785944817
"17236","Yamanashi",2014,26,17.2826249214504
"17237","Yamanashi",2014,27,18.4794314646811
"17238","Yamanashi",2014,28,21.3750037454444
"17239","Yamanashi",2014,29,21.7826077389216
"17240","Yamanashi",2014,30,23.2687411884318
"17241","Yamanashi",2014,31,22.5184145120989
"17242","Yamanashi",2014,32,22.6977596331909
"17243","Yamanashi",2014,33,21.6178503561693
"17244","Yamanashi",2014,34,23.0367525193105
"17245","Yamanashi",2014,35,19.1079485182972
"17246","Yamanashi",2014,36,19.531381547082
"17247","Yamanashi",2014,37,17.5992122054405
"17248","Yamanashi",2014,38,16.3639843954051
"17249","Yamanashi",2014,39,16.5598604915123
"17250","Yamanashi",2014,40,18.118676270315
"17251","Yamanashi",2014,41,14.8410769987917
"17252","Yamanashi",2014,42,11.9237448928375
"17253","Yamanashi",2014,43,11.6317604430537
"17254","Yamanashi",2014,44,11.618455032112
"17255","Yamanashi",2014,45,11.070530106588
"17256","Yamanashi",2014,46,7.85882239933177
"17257","Yamanashi",2014,47,5.41399112440449
"17258","Yamanashi",2014,48,7.85823701225248
"17259","Yamanashi",2014,49,2.0570544004886
"17260","Yamanashi",2014,50,0.972080200555354
"17261","Yamanashi",2014,51,-3.24354524937853
"17262","Yamanashi",2014,52,-2.40259183266467
"17263","Yamanashi",2015,1,0.244585021562354
"17264","Yamanashi",2015,2,-0.317704568221221
"17265","Yamanashi",2015,3,-0.658410793738491
"17266","Yamanashi",2015,4,0.297146925962685
"17267","Yamanashi",2015,5,-0.73887170379276
"17268","Yamanashi",2015,6,-2.49605086600381
"17269","Yamanashi",2015,7,1.19544488728883
"17270","Yamanashi",2015,8,3.98655018747968
"17271","Yamanashi",2015,9,2.2081007113964
"17272","Yamanashi",2015,10,1.3265418660118
"17273","Yamanashi",2015,11,8.15000337194458
"17274","Yamanashi",2015,12,4.88717770603591
"17275","Yamanashi",2015,13,10.223062522051
"17276","Yamanashi",2015,14,6.75143356532938
"17277","Yamanashi",2015,15,8.54074510593228
"17278","Yamanashi",2015,16,12.6295359633347
"17279","Yamanashi",2015,17,14.9283517764564
"17280","Yamanashi",2015,18,14.4863542997482
"17281","Yamanashi",2015,19,15.5874565247687
"17282","Yamanashi",2015,20,15.9707552471771
"17283","Yamanashi",2015,21,18.0679495306249
"17284","Yamanashi",2015,22,17.0172099995248
"17285","Yamanashi",2015,23,17.6238250837414
"17286","Yamanashi",2015,24,17.2463189066664
"17287","Yamanashi",2015,25,17.8804810288136
"17288","Yamanashi",2015,26,18.3086006241795
"17289","Yamanashi",2015,27,18.7616826433118
"17290","Yamanashi",2015,28,22.8409708783651
"17291","Yamanashi",2015,29,23.8012328706406
"17292","Yamanashi",2015,30,25.0200915311524
"17293","Yamanashi",2015,31,24.6984324484978
"17294","Yamanashi",2015,32,23.1230994583854
"17295","Yamanashi",2015,33,22.5934903855105
"17296","Yamanashi",2015,34,19.1244744275306
"17297","Yamanashi",2015,35,20.0016953527044
"17298","Yamanashi",2015,36,18.240512508168
"17299","Yamanashi",2015,37,17.1298943099275
"17300","Yamanashi",2015,38,16.8205727303417
"17301","Yamanashi",2015,39,16.6544345767345
"17302","Yamanashi",2015,40,13.0236440754511
"17303","Yamanashi",2015,41,12.6466226907918
"17304","Yamanashi",2015,42,13.8380850627427
"17305","Yamanashi",2015,43,11.0881338576173
"17306","Yamanashi",2015,44,9.94852914686832
"17307","Yamanashi",2015,45,10.2622220171891
"17308","Yamanashi",2015,46,11.5791278799417
"17309","Yamanashi",2015,47,5.96633283224308
"17310","Yamanashi",2015,48,4.80253868036138
"17311","Yamanashi",2015,49,5.57920540034099
"17312","Yamanashi",2015,50,4.79258697961938
"17313","Yamanashi",2015,51,4.25662124780972
"17314","Yamanashi",2015,52,1.11330363305422
"17315","Yamanashi",2016,1,3.15524530525337
"17316","Yamanashi",2016,2,0.858260758647906
"17317","Yamanashi",2016,3,-3.8406924008414
"17318","Yamanashi",2016,4,-3.1748837681924
"17319","Yamanashi",2016,5,-0.526551151478275
"17320","Yamanashi",2016,6,1.53357639409049
"17321","Yamanashi",2016,7,2.83618984629342
"17322","Yamanashi",2016,8,1.41727274660972
"17323","Yamanashi",2016,9,3.49162458311443
"17324","Yamanashi",2016,10,5.54202752287504
"17325","Yamanashi",2016,11,4.80260398329122
"17326","Yamanashi",2016,12,4.34447303121767
"17327","Yamanashi",2016,13,7.41073563993709
"17328","Yamanashi",2016,14,10.3686745756944
"17329","Yamanashi",2016,15,10.0788522268759
"17330","Yamanashi",2016,16,12.6390072032796
"17331","Yamanashi",2016,17,12.1214465655179
"17332","Yamanashi",2016,18,14.8675084640265
"17333","Yamanashi",2016,19,15.5527572274766
"17334","Yamanashi",2016,20,14.8939035625425
"17335","Yamanashi",2016,21,17.4863847894633
"17336","Yamanashi",2016,22,15.3735329382975
"17337","Yamanashi",2016,23,17.455164611341
"17338","Yamanashi",2016,24,18.7478851295756
"17339","Yamanashi",2016,25,19.2313943819359
"17340","Yamanashi",2016,26,19.9857201972994
"17341","Yamanashi",2016,27,21.9530303541958
"17342","Yamanashi",2016,28,22.1181297123825
"17343","Yamanashi",2016,29,21.543083470473
"17344","Yamanashi",2016,30,21.2274638486637
"17345","Yamanashi",2016,31,23.005322830389
"17346","Yamanashi",2016,32,23.7045099843981
"17347","Yamanashi",2016,33,22.7339313995217
"17348","Yamanashi",2016,34,21.9388614528151
"17349","Yamanashi",2016,35,20.8707899626605
"17350","Yamanashi",2016,36,21.9185481905877
"17351","Yamanashi",2016,37,20.018128332239
"17352","Yamanashi",2016,38,16.9836736269141
"17353","Yamanashi",2016,39,19.6131030520779
"17354","Yamanashi",2016,40,18.9261016870451
"17355","Yamanashi",2016,41,12.9756419167219
"17356","Yamanashi",2016,42,15.1513377149825
"17357","Yamanashi",2016,43,12.5814709189957
"17358","Yamanashi",2016,44,8.68482683185141
"17359","Yamanashi",2016,45,7.36367100979532
"17360","Yamanashi",2016,46,9.46346460798938
"17361","Yamanashi",2016,47,5.33493214524419
"17362","Yamanashi",2016,48,5.80648828729676
"17363","Yamanashi",2016,49,4.27253884158374
"17364","Yamanashi",2016,50,1.53183434049202
"17365","Yamanashi",2016,51,5.14639988494369
"17366","Yamanashi",2016,52,2.07436890958988
"17367","Yamanashi",2017,1,1.59003466083971
"17368","Yamanashi",2017,2,-1.02641206870804
"17369","Yamanashi",2017,3,-1.12223938629527
"17370","Yamanashi",2017,4,-1.00522388569622
"17371","Yamanashi",2017,5,1.82141826498841
"17372","Yamanashi",2017,6,-1.19731649630464
"17373","Yamanashi",2017,7,0.862497326823148
"17374","Yamanashi",2017,8,2.16726087860325
"17375","Yamanashi",2017,9,2.54274043665125
"17376","Yamanashi",2017,10,2.00212373460542
"17377","Yamanashi",2017,11,3.2078612970716
"17378","Yamanashi",2017,12,3.62032236744319
"17379","Yamanashi",2017,13,2.81009121235821
"17380","Yamanashi",2017,14,8.77016681462341
"17381","Yamanashi",2017,15,8.2962338284099
"17382","Yamanashi",2017,16,11.6781167025659
"17383","Yamanashi",2017,17,10.4183870698724
"17384","Yamanashi",2017,18,13.9728029465613
"17385","Yamanashi",2017,19,14.6363952654777
"17386","Yamanashi",2017,20,14.9655546618472
"17387","Yamanashi",2017,21,17.4910481097342
"17388","Yamanashi",2017,22,17.6098766655054
"17389","Yamanashi",2017,23,16.1104578567197
"17390","Yamanashi",2017,24,16.5361918550769
"17391","Yamanashi",2017,25,18.8051235873272
"17392","Yamanashi",2017,26,19.7425024640204
"17393","Yamanashi",2017,27,22.8358319231789
"17394","Yamanashi",2017,28,24.0742836442851
"17395","Yamanashi",2017,29,23.7197628367567
"17396","Yamanashi",2017,30,22.9593749757732
"17397","Yamanashi",2017,31,22.3583792313905
"17398","Yamanashi",2017,32,23.2472400958051
"17399","Yamanashi",2017,33,21.4653360954933
"17400","Yamanashi",2017,34,23.9332472865993
"17401","Yamanashi",2017,35,21.1893508753123
"17402","Yamanashi",2017,36,19.2642327143217
"17403","Yamanashi",2017,37,18.9396270732463
"17404","Yamanashi",2017,38,18.0903252553997
"17405","Yamanashi",2017,39,16.4873162374902
"17406","Yamanashi",2017,40,14.6984692377893
"17407","Yamanashi",2017,41,17.0618026274906
"17408","Yamanashi",2017,42,10.2900875506103
"17409","Yamanashi",2017,43,10.2182577087097
"17410","Yamanashi",2017,44,9.77590960879033
"17411","Yamanashi",2017,45,9.34751788378329
"17412","Yamanashi",2017,46,5.73119519346272
"17413","Yamanashi",2017,47,2.59275734787174
"17414","Yamanashi",2017,48,5.7248431362813
"17415","Yamanashi",2017,49,1.60441139024406
"17416","Yamanashi",2017,50,0.871052369541758
"17417","Yamanashi",2017,51,0.758810783173057
"17418","Yamanashi",2017,52,0.375489640506844
"17419","Yamanashi",2018,1,-0.559355281540466
"17420","Yamanashi",2018,2,-0.588525346226106
"17421","Yamanashi",2018,3,2.43113874819657
"17422","Yamanashi",2018,4,-4.16259175704825
"17423","Yamanashi",2018,5,-1.1103887114842
"17424","Yamanashi",2018,6,-2.30679995042456
"17425","Yamanashi",2018,7,-0.46727581558324
"17426","Yamanashi",2018,8,0.979229458926381
"17427","Yamanashi",2018,9,3.65336727174065
"17428","Yamanashi",2018,10,5.28131866176869
"17429","Yamanashi",2018,11,7.04086108665368
"17430","Yamanashi",2018,12,4.40809263002678
"17431","Yamanashi",2018,13,10.2043775246437
"17432","Yamanashi",2018,14,12.0280435845144
"17433","Yamanashi",2018,15,8.61051989997662
"17434","Yamanashi",2018,16,11.8527359217434
"17435","Yamanashi",2018,17,14.3270355392652
"17436","Yamanashi",2018,18,14.2219509278653
"17437","Yamanashi",2018,19,11.7866806437113
"17438","Yamanashi",2018,20,18.2004160146705
"17439","Yamanashi",2018,21,15.8275146419352
"17440","Yamanashi",2018,22,16.6854320911622
"17441","Yamanashi",2018,23,18.7197662963695
"17442","Yamanashi",2018,24,16.3680603907484
"17443","Yamanashi",2018,25,17.0796656932538
"17444","Yamanashi",2018,26,22.2085781299759
"17445","Yamanashi",2018,27,21.5478538385134
"17446","Yamanashi",2018,28,23.2615471691368
"17447","Yamanashi",2018,29,26.2879210856927
"17448","Yamanashi",2018,30,24.0313525390714
"17449","Yamanashi",2018,31,24.7099111252699
"17450","Yamanashi",2018,32,24.1903012968809
"17451","Yamanashi",2018,33,22.0939740192037
"17452","Yamanashi",2018,34,22.9759857498525
"17453","Yamanashi",2018,35,23.2777887699672
"17454","Yamanashi",2018,36,21.1378991797285
"17455","Yamanashi",2018,37,17.7010594961386
"17456","Yamanashi",2018,38,18.3089065024956
"17457","Yamanashi",2018,39,15.9789807915236
"17458","Yamanashi",2018,40,17.4504529283853
"17459","Yamanashi",2018,41,16.4564117735803
"17460","Yamanashi",2018,42,11.9346309739684
"17461","Yamanashi",2018,43,11.9227861928011
"17462","Yamanashi",2018,44,9.04531989164594
"17463","Yamanashi",2018,45,12.0075199842194
"17464","Yamanashi",2018,46,8.83038199662058
"17465","Yamanashi",2018,47,6.41852611011576
"17466","Yamanashi",2018,48,6.98029724760568
"17467","Yamanashi",2018,49,8.40085870336851
"17468","Yamanashi",2018,50,1.52742398219227
"17469","Yamanashi",2018,51,3.26065473749916
"17470","Yamanashi",2018,52,1.43236756170711
"17471","Yamanashi",2019,1,0.182098764369901
"17472","Yamanashi",2019,2,0.590742677830227
"17473","Yamanashi",2019,3,0.880853818325769
"17474","Yamanashi",2019,4,-0.0379502646290786
"17475","Yamanashi",2019,5,-0.499038937768481
"17476","Yamanashi",2019,6,2.94524755628711
"17477","Yamanashi",2019,7,0.887936776232574
"17478","Yamanashi",2019,8,4.11469953614951
"17479","Yamanashi",2019,9,5.03434486947591
"17480","Yamanashi",2019,10,3.89315081314523
"17481","Yamanashi",2019,11,3.46280769749243
"17482","Yamanashi",2019,12,6.36089880931715
"17483","Yamanashi",2019,13,5.74984311559809
"17484","Yamanashi",2019,14,4.77738232011628
"17485","Yamanashi",2019,15,5.48329265965437
"17486","Yamanashi",2019,16,10.2865706505656
"17487","Yamanashi",2019,17,12.7596976916683
"17488","Yamanashi",2019,18,11.7324909253324
"17489","Yamanashi",2019,19,12.6832469954911
"17490","Yamanashi",2019,20,14.1448416060711
"17491","Yamanashi",2019,21,16.5348926259909
"17492","Yamanashi",2019,22,17.8120686193152
"17493","Yamanashi",2019,23,17.7184683424429
"17494","Yamanashi",2019,24,14.3599970552215
"17495","Yamanashi",2019,25,18.1138884119109
"17496","Yamanashi",2019,26,19.1742134995216
"17497","Yamanashi",2019,27,19.5733252635285
"17498","Yamanashi",2019,28,17.8540080736304
"17499","Yamanashi",2019,29,20.0019818473996
"17500","Yamanashi",2019,30,22.2487991154214
"17501","Yamanashi",2019,31,25.0252085859865
"17502","Yamanashi",2019,32,25.3218849802258
"17503","Yamanashi",2019,33,24.1619853285275
"17504","Yamanashi",2019,34,22.569572410623
"17505","Yamanashi",2019,35,21.2774585689737
"17506","Yamanashi",2019,36,22.2575442477012
"17507","Yamanashi",2019,37,21.8637816020068
"17508","Yamanashi",2019,38,19.34313996256
"17509","Yamanashi",2019,39,19.2386042767838
"17510","Yamanashi",2019,40,19.2943525922362
"17511","Yamanashi",2019,41,16.5931768596668
"17512","Yamanashi",2019,42,13.8680472025176
"17513","Yamanashi",2019,43,13.0480364715428
"17514","Yamanashi",2019,44,11.3454754483713
"17515","Yamanashi",2019,45,9.38717469305615
"17516","Yamanashi",2019,46,8.52464469549156
"17517","Yamanashi",2019,47,8.11300777395946
"17518","Yamanashi",2019,48,6.15669442719322
"17519","Yamanashi",2019,49,3.63544630150104
"17520","Yamanashi",2019,50,4.56166839827889
"17521","Yamanashi",2019,51,5.19349424756959
"17522","Yamanashi",2019,52,2.32788469393332
"17523","Yamanashi",2020,1,2.20104085317779
"17524","Yamanashi",2020,2,2.84413052305199
"17525","Yamanashi",2020,3,1.32608293369958
"17526","Yamanashi",2020,4,3.03123944034175
"17527","Yamanashi",2020,5,2.14083991101403
"17528","Yamanashi",2020,6,0.627229171436081
"17529","Yamanashi",2020,7,3.58465256675358
"17530","Yamanashi",2020,8,3.86250201211906
"17531","Yamanashi",2020,9,3.21014628597166
