"","key","year","week","humidity"
"1","Aichi",2013,1,0.00252735228710526
"2","Aichi",2013,2,0.00291717025669559
"3","Aichi",2013,3,0.00301937312229858
"4","Aichi",2013,4,0.00339377536898996
"5","Aichi",2013,5,0.00367579980863194
"6","Aichi",2013,6,0.00343316561429352
"7","Aichi",2013,7,0.00283912786377855
"8","Aichi",2013,8,0.00279988167727802
"9","Aichi",2013,9,0.00327334059797176
"10","Aichi",2013,10,0.00388580041965033
"11","Aichi",2013,11,0.0038832336375192
"12","Aichi",2013,12,0.0052616010089356
"13","Aichi",2013,13,0.00498170806599814
"14","Aichi",2013,14,0.0069003601849291
"15","Aichi",2013,15,0.004025912608439
"16","Aichi",2013,16,0.00626576143841107
"17","Aichi",2013,17,0.00531118357824936
"18","Aichi",2013,18,0.00516049073138895
"19","Aichi",2013,19,0.00613781988426604
"20","Aichi",2013,20,0.00901928338758468
"21","Aichi",2013,21,0.00930858903836294
"22","Aichi",2013,22,0.0112849204116715
"23","Aichi",2013,23,0.010854567144241
"24","Aichi",2013,24,0.0140470862306969
"25","Aichi",2013,25,0.0143785347765878
"26","Aichi",2013,26,0.0132812286445762
"27","Aichi",2013,27,0.015424024617985
"28","Aichi",2013,28,0.0171006843664569
"29","Aichi",2013,29,0.0150233355236578
"30","Aichi",2013,30,0.0165496538685809
"31","Aichi",2013,31,0.0162697651551732
"32","Aichi",2013,32,0.0174441249318308
"33","Aichi",2013,33,0.0160789488582042
"34","Aichi",2013,34,0.0173989736089432
"35","Aichi",2013,35,0.0153749447240841
"36","Aichi",2013,36,0.0162956651407483
"37","Aichi",2013,37,0.0157238596713115
"38","Aichi",2013,38,0.01267108656736
"39","Aichi",2013,39,0.0113174547468905
"40","Aichi",2013,40,0.01138664587084
"41","Aichi",2013,41,0.013281474825143
"42","Aichi",2013,42,0.00835566783005177
"43","Aichi",2013,43,0.0106570304265033
"44","Aichi",2013,44,0.00751209505070001
"45","Aichi",2013,45,0.00729181342364456
"46","Aichi",2013,46,0.00541645108939702
"47","Aichi",2013,47,0.00472117318948843
"48","Aichi",2013,48,0.0045415950416149
"49","Aichi",2013,49,0.00446301676013644
"50","Aichi",2013,50,0.00359591307478013
"51","Aichi",2013,51,0.00397081222710451
"52","Aichi",2013,52,0.00325100838126022
"53","Aichi",2014,1,0.00315911597223466
"54","Aichi",2014,2,0.00293426132937636
"55","Aichi",2014,3,0.00279425458424687
"56","Aichi",2014,4,0.00308578557875356
"57","Aichi",2014,5,0.0034257232766906
"58","Aichi",2014,6,0.00381453544914366
"59","Aichi",2014,7,0.00295909160721675
"60","Aichi",2014,8,0.00231927437452371
"61","Aichi",2014,9,0.00448046800738854
"62","Aichi",2014,10,0.00346707615188143
"63","Aichi",2014,11,0.00334784193745124
"64","Aichi",2014,12,0.00465244597208182
"65","Aichi",2014,13,0.00591301913143762
"66","Aichi",2014,14,0.00562748359311982
"67","Aichi",2014,15,0.00386440517168612
"68","Aichi",2014,16,0.0058276608729204
"69","Aichi",2014,17,0.00652193588682528
"70","Aichi",2014,18,0.00795463904041509
"71","Aichi",2014,19,0.00630406747184916
"72","Aichi",2014,20,0.00792058913965027
"73","Aichi",2014,21,0.00861110805891073
"74","Aichi",2014,22,0.0109606245088352
"75","Aichi",2014,23,0.0120573287073559
"76","Aichi",2014,24,0.0123768967879849
"77","Aichi",2014,25,0.0115623828732215
"78","Aichi",2014,26,0.0132273265732983
"79","Aichi",2014,27,0.0131742632737062
"80","Aichi",2014,28,0.0162759642568685
"81","Aichi",2014,29,0.0164580406102234
"82","Aichi",2014,30,0.0166089976221381
"83","Aichi",2014,31,0.0154812480266216
"84","Aichi",2014,32,0.0178457919385126
"85","Aichi",2014,33,0.0183860887897394
"86","Aichi",2014,34,0.0178114306436087
"87","Aichi",2014,35,0.0157892477479776
"88","Aichi",2014,36,0.0149632302706382
"89","Aichi",2014,37,0.0124334891577149
"90","Aichi",2014,38,0.0100874532345198
"91","Aichi",2014,39,0.011372033317954
"92","Aichi",2014,40,0.0115965719906134
"93","Aichi",2014,41,0.0108134619062655
"94","Aichi",2014,42,0.00830989051553642
"95","Aichi",2014,43,0.00984580377414669
"96","Aichi",2014,44,0.00816712665350917
"97","Aichi",2014,45,0.0073465791103641
"98","Aichi",2014,46,0.00661469777813187
"99","Aichi",2014,47,0.00477257949795544
"100","Aichi",2014,48,0.00734899173539065
"101","Aichi",2014,49,0.0046256819796511
"102","Aichi",2014,50,0.00388676839971547
"103","Aichi",2014,51,0.00326232898083498
"104","Aichi",2014,52,0.00334915674599977
"105","Aichi",2015,1,0.00348146834709157
"106","Aichi",2015,2,0.00333490233545678
"107","Aichi",2015,3,0.00373856078972611
"108","Aichi",2015,4,0.00384316448693697
"109","Aichi",2015,5,0.00285069865984628
"110","Aichi",2015,6,0.00317270069988932
"111","Aichi",2015,7,0.00369331940471242
"112","Aichi",2015,8,0.004659156308163
"113","Aichi",2015,9,0.00415827230005696
"114","Aichi",2015,10,0.00389136478870351
"115","Aichi",2015,11,0.00700610252725845
"116","Aichi",2015,12,0.0035430126769327
"117","Aichi",2015,13,0.00787011612517982
"118","Aichi",2015,14,0.00731838889069862
"119","Aichi",2015,15,0.00662577149825547
"120","Aichi",2015,16,0.0078056048032598
"121","Aichi",2015,17,0.00885286707837717
"122","Aichi",2015,18,0.0092052288910533
"123","Aichi",2015,19,0.00874540556414117
"124","Aichi",2015,20,0.00871638651039257
"125","Aichi",2015,21,0.0102188277581252
"126","Aichi",2015,22,0.0100710972643776
"127","Aichi",2015,23,0.012174029741813
"128","Aichi",2015,24,0.0132455399534406
"129","Aichi",2015,25,0.0134504849400397
"130","Aichi",2015,26,0.0135575649559582
"131","Aichi",2015,27,0.0156023847148995
"132","Aichi",2015,28,0.0177848476810512
"133","Aichi",2015,29,0.0175535786351838
"134","Aichi",2015,30,0.0182044802493813
"135","Aichi",2015,31,0.0185514080416351
"136","Aichi",2015,32,0.0165715819599126
"137","Aichi",2015,33,0.0173355559691258
"138","Aichi",2015,34,0.0160766314974877
"139","Aichi",2015,35,0.0155848003077281
"140","Aichi",2015,36,0.0141375461773414
"141","Aichi",2015,37,0.012383440522249
"142","Aichi",2015,38,0.0128885429807135
"143","Aichi",2015,39,0.0100864373227898
"144","Aichi",2015,40,0.00854756486356157
"145","Aichi",2015,41,0.00851679737142933
"146","Aichi",2015,42,0.00948411093163837
"147","Aichi",2015,43,0.00635236508501523
"148","Aichi",2015,44,0.00750502296720813
"149","Aichi",2015,45,0.00896752662493936
"150","Aichi",2015,46,0.00904583611758373
"151","Aichi",2015,47,0.00637220298974397
"152","Aichi",2015,48,0.00490513875290653
"153","Aichi",2015,49,0.00559369194595748
"154","Aichi",2015,50,0.00522035142909315
"155","Aichi",2015,51,0.00512414843523628
"156","Aichi",2015,52,0.00332000036990931
"157","Aichi",2016,1,0.0041474578973293
"158","Aichi",2016,2,0.00325882906601866
"159","Aichi",2016,3,0.00304237136513928
"160","Aichi",2016,4,0.00352374018560544
"161","Aichi",2016,5,0.00316377709542168
"162","Aichi",2016,6,0.0041485736374892
"163","Aichi",2016,7,0.00403963377830667
"164","Aichi",2016,8,0.00312747917811158
"165","Aichi",2016,9,0.00386649269414629
"166","Aichi",2016,10,0.00586567382458397
"167","Aichi",2016,11,0.00505203306494497
"168","Aichi",2016,12,0.00340895358568678
"169","Aichi",2016,13,0.00543265201922818
"170","Aichi",2016,14,0.00730359816752048
"171","Aichi",2016,15,0.00598542387679744
"172","Aichi",2016,16,0.00768283988912976
"173","Aichi",2016,17,0.00772561570069978
"174","Aichi",2016,18,0.00778183374889565
"175","Aichi",2016,19,0.00998505891261561
"176","Aichi",2016,20,0.0096402848331929
"177","Aichi",2016,21,0.0112828299292486
"178","Aichi",2016,22,0.00945453676843943
"179","Aichi",2016,23,0.0116515908704921
"180","Aichi",2016,24,0.0134134861237496
"181","Aichi",2016,25,0.0146726437889384
"182","Aichi",2016,26,0.0148466024707613
"183","Aichi",2016,27,0.0164564055501615
"184","Aichi",2016,28,0.0160548433414515
"185","Aichi",2016,29,0.015449511817464
"186","Aichi",2016,30,0.0157923944661462
"187","Aichi",2016,31,0.017775275716046
"188","Aichi",2016,32,0.0161034543284596
"189","Aichi",2016,33,0.0181972126875198
"190","Aichi",2016,34,0.017294720673565
"191","Aichi",2016,35,0.0144484433059851
"192","Aichi",2016,36,0.0161882917566583
"193","Aichi",2016,37,0.015847009723979
"194","Aichi",2016,38,0.0156239388596637
"195","Aichi",2016,39,0.015721854694583
"196","Aichi",2016,40,0.0141099216360945
"197","Aichi",2016,41,0.00852572128432764
"198","Aichi",2016,42,0.0107759455398851
"199","Aichi",2016,43,0.00882274434630251
"200","Aichi",2016,44,0.00614449025342692
"201","Aichi",2016,45,0.00610239088744988
"202","Aichi",2016,46,0.0073887126127305
"203","Aichi",2016,47,0.006767196078364
"204","Aichi",2016,48,0.00524769630051202
"205","Aichi",2016,49,0.00471025623942074
"206","Aichi",2016,50,0.00369812458843151
"207","Aichi",2016,51,0.00530272645987356
"208","Aichi",2016,52,0.00397960901570073
"209","Aichi",2017,1,0.00337765726428407
"210","Aichi",2017,2,0.00368768312738643
"211","Aichi",2017,3,0.00302487800433004
"212","Aichi",2017,4,0.00288665986087484
"213","Aichi",2017,5,0.00328029829092856
"214","Aichi",2017,6,0.00331136656950807
"215","Aichi",2017,7,0.00336028143303598
"216","Aichi",2017,8,0.00353773360828419
"217","Aichi",2017,9,0.00377329462854924
"218","Aichi",2017,10,0.00349060528342356
"219","Aichi",2017,11,0.00366817548039474
"220","Aichi",2017,12,0.00376279322802847
"221","Aichi",2017,13,0.00456882027275762
"222","Aichi",2017,14,0.0074147188459837
"223","Aichi",2017,15,0.00588884503896093
"224","Aichi",2017,16,0.00680490538293821
"225","Aichi",2017,17,0.00615045172175366
"226","Aichi",2017,18,0.0078699096802985
"227","Aichi",2017,19,0.0083891008052606
"228","Aichi",2017,20,0.00892818797012917
"229","Aichi",2017,21,0.0105967320071464
"230","Aichi",2017,22,0.00967000460079411
"231","Aichi",2017,23,0.00938787990476235
"232","Aichi",2017,24,0.00799560872364157
"233","Aichi",2017,25,0.0121551626265373
"234","Aichi",2017,26,0.0154754913134373
"235","Aichi",2017,27,0.0157566082358266
"236","Aichi",2017,28,0.0179166462799344
"237","Aichi",2017,29,0.0166745101886238
"238","Aichi",2017,30,0.0185029820767815
"239","Aichi",2017,31,0.0173590295655697
"240","Aichi",2017,32,0.0183967589857503
"241","Aichi",2017,33,0.0178330576510507
"242","Aichi",2017,34,0.0176065982053787
"243","Aichi",2017,35,0.0150535862302075
"244","Aichi",2017,36,0.0138160296622665
"245","Aichi",2017,37,0.0129730876297808
"246","Aichi",2017,38,0.0122118004732232
"247","Aichi",2017,39,0.0108355014105328
"248","Aichi",2017,40,0.0104600020079265
"249","Aichi",2017,41,0.0128413917298843
"250","Aichi",2017,42,0.0106216727921126
"251","Aichi",2017,43,0.00850304817406273
"252","Aichi",2017,44,0.00675929949060566
"253","Aichi",2017,45,0.00699109792571719
"254","Aichi",2017,46,0.00567527977567381
"255","Aichi",2017,47,0.00435257530469434
"256","Aichi",2017,48,0.00535118407265996
"257","Aichi",2017,49,0.00373059256718478
"258","Aichi",2017,50,0.00328085986570071
"259","Aichi",2017,51,0.00316649633771445
"260","Aichi",2017,52,0.00354767516339399
"261","Aichi",2018,1,0.00323627593356933
"262","Aichi",2018,2,0.00314916838601641
"263","Aichi",2018,3,0.00424843589031656
"264","Aichi",2018,4,0.00266639213544517
"265","Aichi",2018,5,0.0033511848578114
"266","Aichi",2018,6,0.00254809196112692
"267","Aichi",2018,7,0.00281995423481861
"268","Aichi",2018,8,0.0028453668052184
"269","Aichi",2018,9,0.00361717624208507
"270","Aichi",2018,10,0.00548850883025555
"271","Aichi",2018,11,0.0047689904956903
"272","Aichi",2018,12,0.00575032557671577
"273","Aichi",2018,13,0.00547110609248545
"274","Aichi",2018,14,0.0075024262675525
"275","Aichi",2018,15,0.0057477468719552
"276","Aichi",2018,16,0.00698857322245375
"277","Aichi",2018,17,0.00867078837703996
"278","Aichi",2018,18,0.00793695824300413
"279","Aichi",2018,19,0.00850329302193343
"280","Aichi",2018,20,0.0110815269153926
"281","Aichi",2018,21,0.00893277318572972
"282","Aichi",2018,22,0.0110073106965219
"283","Aichi",2018,23,0.0125967164034315
"284","Aichi",2018,24,0.0124596400608452
"285","Aichi",2018,25,0.0128538780697931
"286","Aichi",2018,26,0.0163201549862565
"287","Aichi",2018,27,0.017470054889862
"288","Aichi",2018,28,0.0172874619207957
"289","Aichi",2018,29,0.0192038105786445
"290","Aichi",2018,30,0.0174505852813407
"291","Aichi",2018,31,0.0181167746845377
"292","Aichi",2018,32,0.0183932200576694
"293","Aichi",2018,33,0.0162361506292194
"294","Aichi",2018,34,0.0172880600980753
"295","Aichi",2018,35,0.0173019843890457
"296","Aichi",2018,36,0.0171347721939941
"297","Aichi",2018,37,0.0148446571322856
"298","Aichi",2018,38,0.0132580358624938
"299","Aichi",2018,39,0.0125679518045297
"300","Aichi",2018,40,0.0126813167048397
"301","Aichi",2018,41,0.0109002786224977
"302","Aichi",2018,42,0.00884720250820173
"303","Aichi",2018,43,0.00804088479483041
"304","Aichi",2018,44,0.00619362474042568
"305","Aichi",2018,45,0.00953835926408762
"306","Aichi",2018,46,0.00644390105582933
"307","Aichi",2018,47,0.00499275879929469
"308","Aichi",2018,48,0.00556742565722917
"309","Aichi",2018,49,0.00717383135665433
"310","Aichi",2018,50,0.00356963892965778
"311","Aichi",2018,51,0.00509521762173268
"312","Aichi",2018,52,0.00367793404645308
"313","Aichi",2019,1,0.00319420381104456
"314","Aichi",2019,2,0.0031125335268453
"315","Aichi",2019,3,0.00338409382271576
"316","Aichi",2019,4,0.00319325256259733
"317","Aichi",2019,5,0.00308177934598114
"318","Aichi",2019,6,0.00419291441301493
"319","Aichi",2019,7,0.0030030149251885
"320","Aichi",2019,8,0.00398431257101105
"321","Aichi",2019,9,0.00425685699457798
"322","Aichi",2019,10,0.00486317842522474
"323","Aichi",2019,11,0.00449370926880242
"324","Aichi",2019,12,0.00472482259481166
"325","Aichi",2019,13,0.00432388167963913
"326","Aichi",2019,14,0.00349958067300409
"327","Aichi",2019,15,0.00453791684818828
"328","Aichi",2019,16,0.00633446279268018
"329","Aichi",2019,17,0.00874684268982583
"330","Aichi",2019,18,0.00731825477841473
"331","Aichi",2019,19,0.00635659562355269
"332","Aichi",2019,20,0.00926024570679462
"333","Aichi",2019,21,0.00796779770996536
"334","Aichi",2019,22,0.00993241839948354
"335","Aichi",2019,23,0.0120551123150624
"336","Aichi",2019,24,0.0119273911239856
"337","Aichi",2019,25,0.0116836410957198
"338","Aichi",2019,26,0.0148191066701901
"339","Aichi",2019,27,0.0163693973940266
"340","Aichi",2019,28,0.0145678484979148
"341","Aichi",2019,29,0.0172306114548172
"342","Aichi",2019,30,0.0181142311833086
"343","Aichi",2019,31,0.0197581361219008
"344","Aichi",2019,32,0.0187733307872131
"345","Aichi",2019,33,0.0193119172825785
"346","Aichi",2019,34,0.0181711027627858
"347","Aichi",2019,35,0.0165866559140734
"348","Aichi",2019,36,0.0169442998562043
"349","Aichi",2019,37,0.0165782317051046
"350","Aichi",2019,38,0.0141538313243662
"351","Aichi",2019,39,0.0136040008559439
"352","Aichi",2019,40,0.0138058567777665
"353","Aichi",2019,41,0.0121564397672572
"354","Aichi",2019,42,0.0109617019888762
"355","Aichi",2019,43,0.0108660965396774
"356","Aichi",2019,44,0.00833668923525204
"357","Aichi",2019,45,0.00594813250134747
"358","Aichi",2019,46,0.00645269432596422
"359","Aichi",2019,47,0.00654256881441316
"360","Aichi",2019,48,0.00608698735881403
"361","Aichi",2019,49,0.00467327805749239
"362","Aichi",2019,50,0.00488319265478107
"363","Aichi",2019,51,0.0055751502170335
"364","Aichi",2019,52,0.00431322595646335
"365","Aichi",2020,1,0.00431211479268293
"366","Aichi",2020,2,0.0042956910512769
"367","Aichi",2020,3,0.00399332764088798
"368","Aichi",2020,4,0.0045050794232847
"369","Aichi",2020,5,0.00465168922988937
"370","Aichi",2020,6,0.0028629642181169
"371","Aichi",2020,7,0.00459799667398463
"372","Aichi",2020,8,0.00450973633548875
"373","Aichi",2020,9,0.00408229285308245
"374","Akita",2013,1,0.00235800103843044
"375","Akita",2013,2,0.00232864350726806
"376","Akita",2013,3,0.00242019817694089
"377","Akita",2013,4,0.00268025717447813
"378","Akita",2013,5,0.00285932167903555
"379","Akita",2013,6,0.00252453567885431
"380","Akita",2013,7,0.0026076087213851
"381","Akita",2013,8,0.00219713853673767
"382","Akita",2013,9,0.00272878683595937
"383","Akita",2013,10,0.00329026494711558
"384","Akita",2013,11,0.00269173278153709
"385","Akita",2013,12,0.00352128693287898
"386","Akita",2013,13,0.00320836873718205
"387","Akita",2013,14,0.00458308173401064
"388","Akita",2013,15,0.00398182616613136
"389","Akita",2013,16,0.00428502369409806
"390","Akita",2013,17,0.00496352701802424
"391","Akita",2013,18,0.00539025149262816
"392","Akita",2013,19,0.00582112318934279
"393","Akita",2013,20,0.00737284300947239
"394","Akita",2013,21,0.00816481003304021
"395","Akita",2013,22,0.00968650602685364
"396","Akita",2013,23,0.00909794636261222
"397","Akita",2013,24,0.0120562011898499
"398","Akita",2013,25,0.0118773634393757
"399","Akita",2013,26,0.0113583732052467
"400","Akita",2013,27,0.0140048319711307
"401","Akita",2013,28,0.0156916723692058
"402","Akita",2013,29,0.0131706454495527
"403","Akita",2013,30,0.014964246273662
"404","Akita",2013,31,0.0149008197521024
"405","Akita",2013,32,0.0171583320566979
"406","Akita",2013,33,0.0169462665565814
"407","Akita",2013,34,0.0157304131469203
"408","Akita",2013,35,0.0134681427145433
"409","Akita",2013,36,0.0140659104782528
"410","Akita",2013,37,0.0136601482569473
"411","Akita",2013,38,0.0108849833599418
"412","Akita",2013,39,0.00902437834232244
"413","Akita",2013,40,0.00993048791297545
"414","Akita",2013,41,0.0113928270970442
"415","Akita",2013,42,0.00635932936678246
"416","Akita",2013,43,0.007961281259829
"417","Akita",2013,44,0.00591874518373453
"418","Akita",2013,45,0.0057425845085966
"419","Akita",2013,46,0.00407200304554724
"420","Akita",2013,47,0.00483280286239828
"421","Akita",2013,48,0.0043932905698261
"422","Akita",2013,49,0.00392125292133899
"423","Akita",2013,50,0.00343555942389118
"424","Akita",2013,51,0.00346757166391622
"425","Akita",2013,52,0.00314937368770363
"426","Akita",2014,1,0.00305340375298738
"427","Akita",2014,2,0.00249846839575064
"428","Akita",2014,3,0.00223002434208292
"429","Akita",2014,4,0.00296338594075037
"430","Akita",2014,5,0.00263063123732086
"431","Akita",2014,6,0.00246732931682082
"432","Akita",2014,7,0.0025399552931022
"433","Akita",2014,8,0.00238391239279077
"434","Akita",2014,9,0.00298578786104558
"435","Akita",2014,10,0.00243689571241523
"436","Akita",2014,11,0.00305230610589196
"437","Akita",2014,12,0.00346583033494199
"438","Akita",2014,13,0.00472349853457396
"439","Akita",2014,14,0.00433130677684229
"440","Akita",2014,15,0.00351950887212504
"441","Akita",2014,16,0.00333498314153601
"442","Akita",2014,17,0.00476483635983312
"443","Akita",2014,18,0.00698413965352761
"444","Akita",2014,19,0.00568685273866361
"445","Akita",2014,20,0.00755427837571071
"446","Akita",2014,21,0.00748212591552273
"447","Akita",2014,22,0.00960619226201062
"448","Akita",2014,23,0.0102445400457544
"449","Akita",2014,24,0.0120691000408324
"450","Akita",2014,25,0.0113038765546366
"451","Akita",2014,26,0.011765867873956
"452","Akita",2014,27,0.013075239771025
"453","Akita",2014,28,0.0148333393993223
"454","Akita",2014,29,0.0140398661188063
"455","Akita",2014,30,0.015262774305757
"456","Akita",2014,31,0.0153568996288115
"457","Akita",2014,32,0.0171308208971971
"458","Akita",2014,33,0.0144689684195391
"459","Akita",2014,34,0.0166296345905954
"460","Akita",2014,35,0.0125739237814494
"461","Akita",2014,36,0.0128406021210188
"462","Akita",2014,37,0.0113888120209008
"463","Akita",2014,38,0.00867127083854688
"464","Akita",2014,39,0.00882255937808148
"465","Akita",2014,40,0.0089611577102543
"466","Akita",2014,41,0.0068985261363404
"467","Akita",2014,42,0.0069644880943694
"468","Akita",2014,43,0.00685502622598749
"469","Akita",2014,44,0.00621029565760915
"470","Akita",2014,45,0.00528352549329808
"471","Akita",2014,46,0.00491962968899804
"472","Akita",2014,47,0.00435298773850421
"473","Akita",2014,48,0.00489374350653887
"474","Akita",2014,49,0.00418447193773276
"475","Akita",2014,50,0.00309188512164791
"476","Akita",2014,51,0.00298075695198331
"477","Akita",2014,52,0.00287497059958377
"478","Akita",2015,1,0.00305001032148355
"479","Akita",2015,2,0.0030706572168707
"480","Akita",2015,3,0.00279433185695399
"481","Akita",2015,4,0.00296951349650731
"482","Akita",2015,5,0.00270761150799864
"483","Akita",2015,6,0.00288524193344967
"484","Akita",2015,7,0.0030549743330436
"485","Akita",2015,8,0.00330042434562609
"486","Akita",2015,9,0.00357662262269947
"487","Akita",2015,10,0.00327460320265111
"488","Akita",2015,11,0.00409370604010584
"489","Akita",2015,12,0.00367720323474612
"490","Akita",2015,13,0.0049607972892172
"491","Akita",2015,14,0.00448242883763651
"492","Akita",2015,15,0.00574008480703424
"493","Akita",2015,16,0.00511031920220278
"494","Akita",2015,17,0.00614881131229814
"495","Akita",2015,18,0.00673398694918378
"496","Akita",2015,19,0.00760732296160582
"497","Akita",2015,20,0.00772354611396807
"498","Akita",2015,21,0.00938817425965099
"499","Akita",2015,22,0.00864137529502121
"500","Akita",2015,23,0.0102384600178753
"501","Akita",2015,24,0.0115290314079551
"502","Akita",2015,25,0.0118441878495437
"503","Akita",2015,26,0.0111595665449313
"504","Akita",2015,27,0.0109208410787147
"505","Akita",2015,28,0.0147063065939679
"506","Akita",2015,29,0.0164905365082041
"507","Akita",2015,30,0.0168650124887287
"508","Akita",2015,31,0.0159734602391237
"509","Akita",2015,32,0.0157328772370116
"510","Akita",2015,33,0.0143782398703459
"511","Akita",2015,34,0.0112803712617467
"512","Akita",2015,35,0.0129468814403661
"513","Akita",2015,36,0.0123181983484666
"514","Akita",2015,37,0.0104481186858174
"515","Akita",2015,38,0.0103099164780337
"516","Akita",2015,39,0.00821862987153912
"517","Akita",2015,40,0.00705061523037444
"518","Akita",2015,41,0.00664509728934609
"519","Akita",2015,42,0.00600008638425006
"520","Akita",2015,43,0.00521668293303778
"521","Akita",2015,44,0.00580977030055257
"522","Akita",2015,45,0.00639802031127532
"523","Akita",2015,46,0.00611338036284014
"524","Akita",2015,47,0.00433846558813249
"525","Akita",2015,48,0.00392376537009634
"526","Akita",2015,49,0.00374058166693021
"527","Akita",2015,50,0.00405953998688269
"528","Akita",2015,51,0.00363474340478337
"529","Akita",2015,52,0.00295966436745612
"530","Akita",2016,1,0.00304222333997762
"531","Akita",2016,2,0.00242317650852268
"532","Akita",2016,3,0.00274930207201405
"533","Akita",2016,4,0.00273174577585538
"534","Akita",2016,5,0.00246273370978481
"535","Akita",2016,6,0.00301654070848657
"536","Akita",2016,7,0.00353206042385457
"537","Akita",2016,8,0.00251680057253414
"538","Akita",2016,9,0.00298822708761285
"539","Akita",2016,10,0.00333431014748381
"540","Akita",2016,11,0.0040394269533743
"541","Akita",2016,12,0.00317482036318067
"542","Akita",2016,13,0.00400293115470646
"543","Akita",2016,14,0.00497168992428346
"544","Akita",2016,15,0.00462328101094139
"545","Akita",2016,16,0.00605329565044656
"546","Akita",2016,17,0.00483160489755645
"547","Akita",2016,18,0.00709619261227703
"548","Akita",2016,19,0.00711542173704832
"549","Akita",2016,20,0.00761466410087726
"550","Akita",2016,21,0.00924308247861679
"551","Akita",2016,22,0.00829700470259648
"552","Akita",2016,23,0.0101082870230383
"553","Akita",2016,24,0.0118182476443868
"554","Akita",2016,25,0.0124373123038745
"555","Akita",2016,26,0.0121529082213311
"556","Akita",2016,27,0.0124718916115863
"557","Akita",2016,28,0.0135112331718555
"558","Akita",2016,29,0.0129758685710806
"559","Akita",2016,30,0.0154465780590665
"560","Akita",2016,31,0.0167570431440985
"561","Akita",2016,32,0.0140823723788708
"562","Akita",2016,33,0.0163872009154731
"563","Akita",2016,34,0.0157349792749556
"564","Akita",2016,35,0.0149814162681503
"565","Akita",2016,36,0.0149939572261741
"566","Akita",2016,37,0.0127899189022081
"567","Akita",2016,38,0.0107216480947289
"568","Akita",2016,39,0.0117614166052528
"569","Akita",2016,40,0.00923259351112773
"570","Akita",2016,41,0.0064096892026413
"571","Akita",2016,42,0.00711904665028807
"572","Akita",2016,43,0.00513230622345629
"573","Akita",2016,44,0.00503600114241189
"574","Akita",2016,45,0.00432393568567191
"575","Akita",2016,46,0.00501841308447171
"576","Akita",2016,47,0.00381665556512524
"577","Akita",2016,48,0.00395589859524691
"578","Akita",2016,49,0.0038045183355963
"579","Akita",2016,50,0.00306117426916123
"580","Akita",2016,51,0.00433334608059618
"581","Akita",2016,52,0.0030586063960829
"582","Akita",2017,1,0.00318560286484495
"583","Akita",2017,2,0.00257619660774707
"584","Akita",2017,3,0.002670773655112
"585","Akita",2017,4,0.00259843783548502
"586","Akita",2017,5,0.00273863228257799
"587","Akita",2017,6,0.00314553388800088
"588","Akita",2017,7,0.00337113653590632
"589","Akita",2017,8,0.00290586255032479
"590","Akita",2017,9,0.00279051847954653
"591","Akita",2017,10,0.00308039452490475
"592","Akita",2017,11,0.00334401628616814
"593","Akita",2017,12,0.00330113488797253
"594","Akita",2017,13,0.00389795498087806
"595","Akita",2017,14,0.00488700808847223
"596","Akita",2017,15,0.00442557620715486
"597","Akita",2017,16,0.00536975655202047
"598","Akita",2017,17,0.00543488647553293
"599","Akita",2017,18,0.00606230595485034
"600","Akita",2017,19,0.00733363250406302
"601","Akita",2017,20,0.00756447792819208
"602","Akita",2017,21,0.00968838229373349
"603","Akita",2017,22,0.00952247872509966
"604","Akita",2017,23,0.00860405076200672
"605","Akita",2017,24,0.0087935505816507
"606","Akita",2017,25,0.0110195988453439
"607","Akita",2017,26,0.0116242147232288
"608","Akita",2017,27,0.0137930584951502
"609","Akita",2017,28,0.0165381070485286
"610","Akita",2017,29,0.0161512664932039
"611","Akita",2017,30,0.0145589705797594
"612","Akita",2017,31,0.0149594569812197
"613","Akita",2017,32,0.0154585711416865
"614","Akita",2017,33,0.0148512450827492
"615","Akita",2017,34,0.0155975686276757
"616","Akita",2017,35,0.0111673520953724
"617","Akita",2017,36,0.0119298967868886
"618","Akita",2017,37,0.0114107854514616
"619","Akita",2017,38,0.0110931146495686
"620","Akita",2017,39,0.00952503846715538
"621","Akita",2017,40,0.00829927727063069
"622","Akita",2017,41,0.00895291907713617
"623","Akita",2017,42,0.00637709577231732
"624","Akita",2017,43,0.00675178215783119
"625","Akita",2017,44,0.00638662399006621
"626","Akita",2017,45,0.00584880484652304
"627","Akita",2017,46,0.00460869469600137
"628","Akita",2017,47,0.00362440375967138
"629","Akita",2017,48,0.00338435101702289
"630","Akita",2017,49,0.00353922590141555
"631","Akita",2017,50,0.00348767459929976
"632","Akita",2017,51,0.00325071345377474
"633","Akita",2017,52,0.00291686448703887
"634","Akita",2018,1,0.00315920131477924
"635","Akita",2018,2,0.00281131290869191
"636","Akita",2018,3,0.00317990291571079
"637","Akita",2018,4,0.0021579891567107
"638","Akita",2018,5,0.0024226773238766
"639","Akita",2018,6,0.00294716112278056
"640","Akita",2018,7,0.00251763754045232
"641","Akita",2018,8,0.00227954911530714
"642","Akita",2018,9,0.0028682237545212
"643","Akita",2018,10,0.00344223847358416
"644","Akita",2018,11,0.0038083807049238
"645","Akita",2018,12,0.0034043926979387
"646","Akita",2018,13,0.00427208400859514
"647","Akita",2018,14,0.00488831229850819
"648","Akita",2018,15,0.00441107144018021
"649","Akita",2018,16,0.00569340733856461
"650","Akita",2018,17,0.00624086970632188
"651","Akita",2018,18,0.00708386818265134
"652","Akita",2018,19,0.00644469399545792
"653","Akita",2018,20,0.0086050231967159
"654","Akita",2018,21,0.00745553385117297
"655","Akita",2018,22,0.00958606195550476
"656","Akita",2018,23,0.0105402728577274
"657","Akita",2018,24,0.00839787216024117
"658","Akita",2018,25,0.0108263638543293
"659","Akita",2018,26,0.0134130272479131
"660","Akita",2018,27,0.0145932607345907
"661","Akita",2018,28,0.0152611074270872
"662","Akita",2018,29,0.0165135197843701
"663","Akita",2018,30,0.0163770225439031
"664","Akita",2018,31,0.0159519179466355
"665","Akita",2018,32,0.0149603907268734
"666","Akita",2018,33,0.0140478213274979
"667","Akita",2018,34,0.0163590560310907
"668","Akita",2018,35,0.0143107548110146
"669","Akita",2018,36,0.014277325814451
"670","Akita",2018,37,0.0113752689928761
"671","Akita",2018,38,0.0106313143355431
"672","Akita",2018,39,0.00984824884196408
"673","Akita",2018,40,0.0104771832272443
"674","Akita",2018,41,0.00898094875739378
"675","Akita",2018,42,0.00690312053804419
"676","Akita",2018,43,0.00686350272756273
"677","Akita",2018,44,0.00602119642432147
"678","Akita",2018,45,0.0070847637136628
"679","Akita",2018,46,0.00497130679801771
"680","Akita",2018,47,0.00411204558896672
"681","Akita",2018,48,0.00420211271729708
"682","Akita",2018,49,0.00428039150630684
"683","Akita",2018,50,0.00301661814169439
"684","Akita",2018,51,0.00361250540334097
"685","Akita",2018,52,0.00284030823766313
"686","Akita",2019,1,0.00283905950666951
"687","Akita",2019,2,0.00271148464939445
"688","Akita",2019,3,0.00256398739358223
"689","Akita",2019,4,0.00257534495816098
"690","Akita",2019,5,0.00277731893915762
"691","Akita",2019,6,0.00293334545108838
"692","Akita",2019,7,0.00235999772192818
"693","Akita",2019,8,0.00328945766529804
"694","Akita",2019,9,0.00300134593580896
"695","Akita",2019,10,0.00347396793784384
"696","Akita",2019,11,0.00395942906053205
"697","Akita",2019,12,0.00376539070610523
"698","Akita",2019,13,0.00317943359370167
"699","Akita",2019,14,0.00374615708547284
"700","Akita",2019,15,0.00381107825333301
"701","Akita",2019,16,0.0046887614176014
"702","Akita",2019,17,0.00593129935819436
"703","Akita",2019,18,0.00575261806247117
"704","Akita",2019,19,0.0063088280622317
"705","Akita",2019,20,0.00774965721655769
"706","Akita",2019,21,0.00807003946752354
"707","Akita",2019,22,0.00898388708978811
"708","Akita",2019,23,0.0101922986398629
"709","Akita",2019,24,0.00884398655728597
"710","Akita",2019,25,0.0109527823406751
"711","Akita",2019,26,0.0123517560648998
"712","Akita",2019,27,0.0130011308223044
"713","Akita",2019,28,0.0110939849900721
"714","Akita",2019,29,0.0143545160927583
"715","Akita",2019,30,0.0162791555657164
"716","Akita",2019,31,0.0181307480673623
"717","Akita",2019,32,0.0175611501565043
"718","Akita",2019,33,0.0178394402980014
"719","Akita",2019,34,0.0158570859725677
"720","Akita",2019,35,0.0143416002014092
"721","Akita",2019,36,0.0145616730777457
"722","Akita",2019,37,0.0139219861205631
"723","Akita",2019,38,0.0102897902420182
"724","Akita",2019,39,0.00975655010495645
"725","Akita",2019,40,0.0117837318320767
"726","Akita",2019,41,0.00916340672152705
"727","Akita",2019,42,0.00696600454405745
"728","Akita",2019,43,0.00822905125328398
"729","Akita",2019,44,0.00649567661743065
"730","Akita",2019,45,0.00487371750738438
"731","Akita",2019,46,0.0050990972297635
"732","Akita",2019,47,0.00426890970068189
"733","Akita",2019,48,0.00404808417135058
"734","Akita",2019,49,0.00369097559586764
"735","Akita",2019,50,0.00376278668560527
"736","Akita",2019,51,0.00347778912626441
"737","Akita",2019,52,0.00328949233127908
"738","Akita",2020,1,0.00304453255912316
"739","Akita",2020,2,0.00337060091671342
"740","Akita",2020,3,0.00301314764794001
"741","Akita",2020,4,0.00314057253912413
"742","Akita",2020,5,0.00379741956746334
"743","Akita",2020,6,0.00264714891403851
"744","Akita",2020,7,0.00342522481285139
"745","Akita",2020,8,0.0036685966131017
"746","Akita",2020,9,0.00323974457308812
"747","Aomori",2013,1,0.00218586463109775
"748","Aomori",2013,2,0.00223606663857668
"749","Aomori",2013,3,0.00233052487387461
"750","Aomori",2013,4,0.00260387460497197
"751","Aomori",2013,5,0.00285382459639717
"752","Aomori",2013,6,0.00243907536816071
"753","Aomori",2013,7,0.00251205823701244
"754","Aomori",2013,8,0.00215651888959878
"755","Aomori",2013,9,0.00274933037012814
"756","Aomori",2013,10,0.00320401448552504
"757","Aomori",2013,11,0.00281533104299971
"758","Aomori",2013,12,0.00335879133025295
"759","Aomori",2013,13,0.00312531665111432
"760","Aomori",2013,14,0.00421024973888925
"761","Aomori",2013,15,0.00388174459131573
"762","Aomori",2013,16,0.00408547695962488
"763","Aomori",2013,17,0.00492099137846017
"764","Aomori",2013,18,0.00516578670905916
"765","Aomori",2013,19,0.0057162650500209
"766","Aomori",2013,20,0.0069871107580781
"767","Aomori",2013,21,0.00760688735252915
"768","Aomori",2013,22,0.0093565482947109
"769","Aomori",2013,23,0.00875970925109927
"770","Aomori",2013,24,0.0111703265158006
"771","Aomori",2013,25,0.011164651495022
"772","Aomori",2013,26,0.0106836525628304
"773","Aomori",2013,27,0.0135395581159075
"774","Aomori",2013,28,0.0144586118440183
"775","Aomori",2013,29,0.0121016563254433
"776","Aomori",2013,30,0.0143485560933681
"777","Aomori",2013,31,0.014127887115864
"778","Aomori",2013,32,0.0164797752821869
"779","Aomori",2013,33,0.01659670840171
"780","Aomori",2013,34,0.015594429162206
"781","Aomori",2013,35,0.0129692445420688
"782","Aomori",2013,36,0.0136247027125128
"783","Aomori",2013,37,0.0131911060904019
"784","Aomori",2013,38,0.0107950272973662
"785","Aomori",2013,39,0.00859819999991137
"786","Aomori",2013,40,0.00992444912624414
"787","Aomori",2013,41,0.0105726296336354
"788","Aomori",2013,42,0.00622397166135354
"789","Aomori",2013,43,0.00766182580277585
"790","Aomori",2013,44,0.00580040024499522
"791","Aomori",2013,45,0.00570769987367223
"792","Aomori",2013,46,0.00397816441918991
"793","Aomori",2013,47,0.00479774751360848
"794","Aomori",2013,48,0.00417579279071416
"795","Aomori",2013,49,0.0036987985791792
"796","Aomori",2013,50,0.00337757716140612
"797","Aomori",2013,51,0.00356112832277109
"798","Aomori",2013,52,0.00305485184028826
"799","Aomori",2014,1,0.00279107899867692
"800","Aomori",2014,2,0.00244284540408754
"801","Aomori",2014,3,0.00211948260059848
"802","Aomori",2014,4,0.00287933400296209
"803","Aomori",2014,5,0.00258107484558982
"804","Aomori",2014,6,0.00226374530375084
"805","Aomori",2014,7,0.00252278498197815
"806","Aomori",2014,8,0.00236270226072133
"807","Aomori",2014,9,0.00290941501574328
"808","Aomori",2014,10,0.00231908503620294
"809","Aomori",2014,11,0.00288579515221657
"810","Aomori",2014,12,0.00337280899509819
"811","Aomori",2014,13,0.0044740349740219
"812","Aomori",2014,14,0.00405281391401039
"813","Aomori",2014,15,0.00341672389449751
"814","Aomori",2014,16,0.00326136476633839
"815","Aomori",2014,17,0.00463437725145564
"816","Aomori",2014,18,0.00643806777639266
"817","Aomori",2014,19,0.00553185693657213
"818","Aomori",2014,20,0.00721532987976386
"819","Aomori",2014,21,0.00701467271527433
"820","Aomori",2014,22,0.0087376261543766
"821","Aomori",2014,23,0.00976504049604872
"822","Aomori",2014,24,0.0112763600533205
"823","Aomori",2014,25,0.0106096782961916
"824","Aomori",2014,26,0.0114585222709834
"825","Aomori",2014,27,0.01221895370926
"826","Aomori",2014,28,0.0136713535486944
"827","Aomori",2014,29,0.0138928221614403
"828","Aomori",2014,30,0.014604510353446
"829","Aomori",2014,31,0.0147966540300716
"830","Aomori",2014,32,0.0163461981015026
"831","Aomori",2014,33,0.0136141931393387
"832","Aomori",2014,34,0.0159348056989929
"833","Aomori",2014,35,0.0121471960448075
"834","Aomori",2014,36,0.0128776274537225
"835","Aomori",2014,37,0.0114342077849804
"836","Aomori",2014,38,0.00868241738489946
"837","Aomori",2014,39,0.0087196984605931
"838","Aomori",2014,40,0.00847191677768147
"839","Aomori",2014,41,0.00676837587597313
"840","Aomori",2014,42,0.00687761790902331
"841","Aomori",2014,43,0.00659382037290606
"842","Aomori",2014,44,0.00610578582270035
"843","Aomori",2014,45,0.00524578188117132
"844","Aomori",2014,46,0.00477187376608488
"845","Aomori",2014,47,0.0042246838096393
"846","Aomori",2014,48,0.0047998137052614
"847","Aomori",2014,49,0.00382440832956138
"848","Aomori",2014,50,0.00297770469169392
"849","Aomori",2014,51,0.00295190315856573
"850","Aomori",2014,52,0.00288492757089984
"851","Aomori",2015,1,0.00304686713944202
"852","Aomori",2015,2,0.00303513409373128
"853","Aomori",2015,3,0.00281043513410607
"854","Aomori",2015,4,0.00291182298983568
"855","Aomori",2015,5,0.00270583545730176
"856","Aomori",2015,6,0.00282316995004093
"857","Aomori",2015,7,0.00314194441658284
"858","Aomori",2015,8,0.00323862417324544
"859","Aomori",2015,9,0.00354638595547795
"860","Aomori",2015,10,0.00327502661748227
"861","Aomori",2015,11,0.00398410694462907
"862","Aomori",2015,12,0.00380442805456295
"863","Aomori",2015,13,0.00480356245720309
"864","Aomori",2015,14,0.0042318742135927
"865","Aomori",2015,15,0.00556907778790396
"866","Aomori",2015,16,0.00501268001290528
"867","Aomori",2015,17,0.00628641000189389
"868","Aomori",2015,18,0.00619275604972745
"869","Aomori",2015,19,0.00715385167083624
"870","Aomori",2015,20,0.00733296126304714
"871","Aomori",2015,21,0.00902834461715146
"872","Aomori",2015,22,0.0079917614126106
"873","Aomori",2015,23,0.00984755965651417
"874","Aomori",2015,24,0.0112193311798048
"875","Aomori",2015,25,0.0110209214969607
"876","Aomori",2015,26,0.0105360316454218
"877","Aomori",2015,27,0.0107200071784695
"878","Aomori",2015,28,0.0131313311985003
"879","Aomori",2015,29,0.0159539698188438
"880","Aomori",2015,30,0.0166209735118205
"881","Aomori",2015,31,0.0159413108542278
"882","Aomori",2015,32,0.0158275177839344
"883","Aomori",2015,33,0.0141829890989791
"884","Aomori",2015,34,0.0112615421926743
"885","Aomori",2015,35,0.0124557536602964
"886","Aomori",2015,36,0.0118976876374182
"887","Aomori",2015,37,0.010402976054282
"888","Aomori",2015,38,0.0106505690961982
"889","Aomori",2015,39,0.00797116139905791
"890","Aomori",2015,40,0.00694327165133092
"891","Aomori",2015,41,0.006523948331845
"892","Aomori",2015,42,0.00563358740219723
"893","Aomori",2015,43,0.00491115540486579
"894","Aomori",2015,44,0.00575405836139767
"895","Aomori",2015,45,0.00602833751312665
"896","Aomori",2015,46,0.00569818255200128
"897","Aomori",2015,47,0.00418425664278807
"898","Aomori",2015,48,0.00371466253332078
"899","Aomori",2015,49,0.00387710147209852
"900","Aomori",2015,50,0.0038475837592362
"901","Aomori",2015,51,0.00350842262683515
"902","Aomori",2015,52,0.00285057374038558
"903","Aomori",2016,1,0.00278887498931119
"904","Aomori",2016,2,0.00234499566260725
"905","Aomori",2016,3,0.00281462100496096
"906","Aomori",2016,4,0.00259954748585902
"907","Aomori",2016,5,0.0024078688145753
"908","Aomori",2016,6,0.00318617164905222
"909","Aomori",2016,7,0.0033419291389678
"910","Aomori",2016,8,0.00242741658743122
"911","Aomori",2016,9,0.00284842222641992
"912","Aomori",2016,10,0.00316176716783174
"913","Aomori",2016,11,0.00410435624288654
"914","Aomori",2016,12,0.00315224346388719
"915","Aomori",2016,13,0.0041435702135493
"916","Aomori",2016,14,0.00439819634416641
"917","Aomori",2016,15,0.00454842165614973
"918","Aomori",2016,16,0.00570586251442596
"919","Aomori",2016,17,0.00479164555162251
"920","Aomori",2016,18,0.00674315040296017
"921","Aomori",2016,19,0.00634205764753004
"922","Aomori",2016,20,0.00758980320684185
"923","Aomori",2016,21,0.00882053700001961
"924","Aomori",2016,22,0.00817047753363425
"925","Aomori",2016,23,0.0096143993493451
"926","Aomori",2016,24,0.0113543300439109
"927","Aomori",2016,25,0.0113941679155239
"928","Aomori",2016,26,0.0116217143858405
"929","Aomori",2016,27,0.0114327384915348
"930","Aomori",2016,28,0.0126185121490059
"931","Aomori",2016,29,0.0126472322870939
"932","Aomori",2016,30,0.0154146111344815
"933","Aomori",2016,31,0.0166009123724193
"934","Aomori",2016,32,0.0147331091102425
"935","Aomori",2016,33,0.0166371896791617
"936","Aomori",2016,34,0.0151434063587253
"937","Aomori",2016,35,0.015209113626348
"938","Aomori",2016,36,0.0143450080880634
"939","Aomori",2016,37,0.0121787565029688
"940","Aomori",2016,38,0.0101630400379882
"941","Aomori",2016,39,0.0111849323276546
"942","Aomori",2016,40,0.00871775088054669
"943","Aomori",2016,41,0.00600059332184687
"944","Aomori",2016,42,0.0068401928447988
"945","Aomori",2016,43,0.00472965468575946
"946","Aomori",2016,44,0.00456129088606554
"947","Aomori",2016,45,0.0040742060456176
"948","Aomori",2016,46,0.00468541260947567
"949","Aomori",2016,47,0.00329602712855919
"950","Aomori",2016,48,0.00355078509580496
"951","Aomori",2016,49,0.00361151927732048
"952","Aomori",2016,50,0.00274342968636548
"953","Aomori",2016,51,0.00390248534814485
"954","Aomori",2016,52,0.00287164855739074
"955","Aomori",2017,1,0.00298765631866583
"956","Aomori",2017,2,0.00231850253331738
"957","Aomori",2017,3,0.00264289043374132
"958","Aomori",2017,4,0.00248679717574602
"959","Aomori",2017,5,0.00253770236714722
"960","Aomori",2017,6,0.00303183115911757
"961","Aomori",2017,7,0.00329459711256719
"962","Aomori",2017,8,0.00276045248900313
"963","Aomori",2017,9,0.00264428491282664
"964","Aomori",2017,10,0.00289109856670009
"965","Aomori",2017,11,0.00315149074388528
"966","Aomori",2017,12,0.00336855640435503
"967","Aomori",2017,13,0.00381641143534382
"968","Aomori",2017,14,0.00492401244404021
"969","Aomori",2017,15,0.00428702503905652
"970","Aomori",2017,16,0.00512051936112871
"971","Aomori",2017,17,0.0053856007311173
"972","Aomori",2017,18,0.00586867951666792
"973","Aomori",2017,19,0.00679994575939374
"974","Aomori",2017,20,0.00731891212570378
"975","Aomori",2017,21,0.00900252465915806
"976","Aomori",2017,22,0.00916779249340557
"977","Aomori",2017,23,0.00833586618759908
"978","Aomori",2017,24,0.00862110081684582
"979","Aomori",2017,25,0.0108229599446941
"980","Aomori",2017,26,0.0110305747379909
"981","Aomori",2017,27,0.0132623247510115
"982","Aomori",2017,28,0.0159103630626618
"983","Aomori",2017,29,0.015244130522539
"984","Aomori",2017,30,0.0135387801973071
"985","Aomori",2017,31,0.0141115132179669
"986","Aomori",2017,32,0.0134950085648986
"987","Aomori",2017,33,0.0135871583242187
"988","Aomori",2017,34,0.014718981475261
"989","Aomori",2017,35,0.0108292102945456
"990","Aomori",2017,36,0.0118186774996632
"991","Aomori",2017,37,0.0106993431026524
"992","Aomori",2017,38,0.0108285020058074
"993","Aomori",2017,39,0.00878700441301372
"994","Aomori",2017,40,0.00794487983685876
"995","Aomori",2017,41,0.00817955293778657
"996","Aomori",2017,42,0.00603621471341705
"997","Aomori",2017,43,0.00647819384339497
"998","Aomori",2017,44,0.00616161450603336
"999","Aomori",2017,45,0.00596782796407753
"1000","Aomori",2017,46,0.00437986235871082
"1001","Aomori",2017,47,0.00340920705609091
"1002","Aomori",2017,48,0.00315897017626841
"1003","Aomori",2017,49,0.00328362787397092
"1004","Aomori",2017,50,0.0033432152910959
"1005","Aomori",2017,51,0.00311937762690395
"1006","Aomori",2017,52,0.00285885785835701
"1007","Aomori",2018,1,0.00322030484194416
"1008","Aomori",2018,2,0.00283496022760962
"1009","Aomori",2018,3,0.00309958038221017
"1010","Aomori",2018,4,0.00212532053536429
"1011","Aomori",2018,5,0.00249848671554613
"1012","Aomori",2018,6,0.00288517282708948
"1013","Aomori",2018,7,0.00235891893978906
"1014","Aomori",2018,8,0.00226220431237515
"1015","Aomori",2018,9,0.00285595369856774
"1016","Aomori",2018,10,0.00321065396155446
"1017","Aomori",2018,11,0.00380647900846567
"1018","Aomori",2018,12,0.0033562652451453
"1019","Aomori",2018,13,0.00426032436319849
"1020","Aomori",2018,14,0.00435124766378811
"1021","Aomori",2018,15,0.00419562009009329
"1022","Aomori",2018,16,0.00554429314576188
"1023","Aomori",2018,17,0.00550849120714762
"1024","Aomori",2018,18,0.00671840570257203
"1025","Aomori",2018,19,0.00620005425809295
"1026","Aomori",2018,20,0.00775664325426288
"1027","Aomori",2018,21,0.00707509917642783
"1028","Aomori",2018,22,0.00925240198151655
"1029","Aomori",2018,23,0.0099676098060148
"1030","Aomori",2018,24,0.0076334275005976
"1031","Aomori",2018,25,0.0104246433731751
"1032","Aomori",2018,26,0.0122290010993046
"1033","Aomori",2018,27,0.0130352571950678
"1034","Aomori",2018,28,0.0138680754705566
"1035","Aomori",2018,29,0.0155259987141255
"1036","Aomori",2018,30,0.0153419160025469
"1037","Aomori",2018,31,0.0156921403285139
"1038","Aomori",2018,32,0.0133177466203297
"1039","Aomori",2018,33,0.0136152667110694
"1040","Aomori",2018,34,0.015486932465661
"1041","Aomori",2018,35,0.013651520353411
"1042","Aomori",2018,36,0.0136969657459531
"1043","Aomori",2018,37,0.0109254713927052
"1044","Aomori",2018,38,0.0103799246091619
"1045","Aomori",2018,39,0.00934543539336511
"1046","Aomori",2018,40,0.00986014405229766
"1047","Aomori",2018,41,0.00860767270150739
"1048","Aomori",2018,42,0.00650149524373831
"1049","Aomori",2018,43,0.00695176203896719
"1050","Aomori",2018,44,0.00584922274469082
"1051","Aomori",2018,45,0.00675809518324997
"1052","Aomori",2018,46,0.00491091655594632
"1053","Aomori",2018,47,0.00390766011186627
"1054","Aomori",2018,48,0.00399334085052104
"1055","Aomori",2018,49,0.00407265839133822
"1056","Aomori",2018,50,0.00295428881584939
"1057","Aomori",2018,51,0.00356093429708493
"1058","Aomori",2018,52,0.00275250760361274
"1059","Aomori",2019,1,0.00285203724002152
"1060","Aomori",2019,2,0.00268342218428281
"1061","Aomori",2019,3,0.00256872888427327
"1062","Aomori",2019,4,0.00262045418073899
"1063","Aomori",2019,5,0.00272866519141035
"1064","Aomori",2019,6,0.0027766797254718
"1065","Aomori",2019,7,0.00233458698105739
"1066","Aomori",2019,8,0.00322985877244458
"1067","Aomori",2019,9,0.00298252822070295
"1068","Aomori",2019,10,0.00346938954460553
"1069","Aomori",2019,11,0.00366893746076108
"1070","Aomori",2019,12,0.00372459093088151
"1071","Aomori",2019,13,0.00306479360838026
"1072","Aomori",2019,14,0.00360162501294144
"1073","Aomori",2019,15,0.00393651231232618
"1074","Aomori",2019,16,0.00455730665098832
"1075","Aomori",2019,17,0.00534482719409432
"1076","Aomori",2019,18,0.00555784801163286
"1077","Aomori",2019,19,0.0060571870674189
"1078","Aomori",2019,20,0.00731923827518802
"1079","Aomori",2019,21,0.00775232053733286
"1080","Aomori",2019,22,0.008242483250575
"1081","Aomori",2019,23,0.00942639030108238
"1082","Aomori",2019,24,0.00858792941737235
"1083","Aomori",2019,25,0.0102278846831
"1084","Aomori",2019,26,0.0109342455747099
"1085","Aomori",2019,27,0.0123613731225431
"1086","Aomori",2019,28,0.0109181168116057
"1087","Aomori",2019,29,0.0132584754825015
"1088","Aomori",2019,30,0.0155817897092212
"1089","Aomori",2019,31,0.0172988686290668
"1090","Aomori",2019,32,0.0162352543021797
"1091","Aomori",2019,33,0.0162953000733738
"1092","Aomori",2019,34,0.0148984994241032
"1093","Aomori",2019,35,0.0136603238452195
"1094","Aomori",2019,36,0.0138014329259544
"1095","Aomori",2019,37,0.0130452276596562
"1096","Aomori",2019,38,0.00974419609867763
"1097","Aomori",2019,39,0.00945419438399952
"1098","Aomori",2019,40,0.0116083959324949
"1099","Aomori",2019,41,0.00876115607298439
"1100","Aomori",2019,42,0.00651781065738233
"1101","Aomori",2019,43,0.00822763118217082
"1102","Aomori",2019,44,0.00615847922195477
"1103","Aomori",2019,45,0.00444073836334745
"1104","Aomori",2019,46,0.0046263185275044
"1105","Aomori",2019,47,0.00398817695831801
"1106","Aomori",2019,48,0.00379983741142838
"1107","Aomori",2019,49,0.00345794547828328
"1108","Aomori",2019,50,0.00375779783202982
"1109","Aomori",2019,51,0.00334909056605051
"1110","Aomori",2019,52,0.00304846935208777
"1111","Aomori",2020,1,0.00281532677310854
"1112","Aomori",2020,2,0.00325679775168467
"1113","Aomori",2020,3,0.00280043065701933
"1114","Aomori",2020,4,0.00298724712618068
"1115","Aomori",2020,5,0.00368595530640441
"1116","Aomori",2020,6,0.00247221153622557
"1117","Aomori",2020,7,0.00324647426556745
"1118","Aomori",2020,8,0.00337579131612933
"1119","Aomori",2020,9,0.003161160510627
"1120","Chiba",2013,1,0.00300564585217004
"1121","Chiba",2013,2,0.00367959773164325
"1122","Chiba",2013,3,0.00348899000252688
"1123","Chiba",2013,4,0.00362748211993094
"1124","Chiba",2013,5,0.00394020009756992
"1125","Chiba",2013,6,0.00397169680385166
"1126","Chiba",2013,7,0.00344236353503696
"1127","Chiba",2013,8,0.0031444566688956
"1128","Chiba",2013,9,0.00385910105289943
"1129","Chiba",2013,10,0.00508829877640846
"1130","Chiba",2013,11,0.00499078534137894
"1131","Chiba",2013,12,0.00696527011061763
"1132","Chiba",2013,13,0.00644090968789602
"1133","Chiba",2013,14,0.00770561331416881
"1134","Chiba",2013,15,0.00533560897416733
"1135","Chiba",2013,16,0.00741107933786988
"1136","Chiba",2013,17,0.00615263813539629
"1137","Chiba",2013,18,0.00701066554432778
"1138","Chiba",2013,19,0.00782373821667348
"1139","Chiba",2013,20,0.00975380387503938
"1140","Chiba",2013,21,0.0108814870568152
"1141","Chiba",2013,22,0.0109923635696239
"1142","Chiba",2013,23,0.0107659485359639
"1143","Chiba",2013,24,0.0144928890259468
"1144","Chiba",2013,25,0.0147254920916118
"1145","Chiba",2013,26,0.0135357464593647
"1146","Chiba",2013,27,0.0151304690961252
"1147","Chiba",2013,28,0.0185457592023277
"1148","Chiba",2013,29,0.0147006038245459
"1149","Chiba",2013,30,0.0171581760163775
"1150","Chiba",2013,31,0.0171674797655978
"1151","Chiba",2013,32,0.0195755667445535
"1152","Chiba",2013,33,0.0185405516116864
"1153","Chiba",2013,34,0.0190748590777697
"1154","Chiba",2013,35,0.016744248691834
"1155","Chiba",2013,36,0.0181656686622503
"1156","Chiba",2013,37,0.0159166454565599
"1157","Chiba",2013,38,0.0133918465055077
"1158","Chiba",2013,39,0.0122071579967851
"1159","Chiba",2013,40,0.0130308134241326
"1160","Chiba",2013,41,0.0146782495328421
"1161","Chiba",2013,42,0.00944644050421418
"1162","Chiba",2013,43,0.0104694724257415
"1163","Chiba",2013,44,0.00858983791026599
"1164","Chiba",2013,45,0.00825283722475542
"1165","Chiba",2013,46,0.00618714029832839
"1166","Chiba",2013,47,0.00542667564456945
"1167","Chiba",2013,48,0.00551252176247332
"1168","Chiba",2013,49,0.00562032624091897
"1169","Chiba",2013,50,0.00432279198195951
"1170","Chiba",2013,51,0.00424480697859915
"1171","Chiba",2013,52,0.00361677969587288
"1172","Chiba",2014,1,0.00375499957082683
"1173","Chiba",2014,2,0.00345091433356106
"1174","Chiba",2014,3,0.00299856740262775
"1175","Chiba",2014,4,0.00371153324427367
"1176","Chiba",2014,5,0.00416592795631667
"1177","Chiba",2014,6,0.00423293684795272
"1178","Chiba",2014,7,0.00389070630552979
"1179","Chiba",2014,8,0.00278496608838644
"1180","Chiba",2014,9,0.00496719829774471
"1181","Chiba",2014,10,0.00359836367129499
"1182","Chiba",2014,11,0.00426760517273662
"1183","Chiba",2014,12,0.00500289697546678
"1184","Chiba",2014,13,0.00633401879029515
"1185","Chiba",2014,14,0.00623125319080274
"1186","Chiba",2014,15,0.0051844293165074
"1187","Chiba",2014,16,0.00647454215351617
"1188","Chiba",2014,17,0.00730443396461773
"1189","Chiba",2014,18,0.00901713355230645
"1190","Chiba",2014,19,0.00794590251230375
"1191","Chiba",2014,20,0.00931311640611323
"1192","Chiba",2014,21,0.0100538463929495
"1193","Chiba",2014,22,0.0124193562376276
"1194","Chiba",2014,23,0.0131062985872244
"1195","Chiba",2014,24,0.0140962426462986
"1196","Chiba",2014,25,0.013474573631786
"1197","Chiba",2014,26,0.014488638777718
"1198","Chiba",2014,27,0.014656043887455
"1199","Chiba",2014,28,0.0164393950712728
"1200","Chiba",2014,29,0.016763204412578
"1201","Chiba",2014,30,0.0178170414553991
"1202","Chiba",2014,31,0.0170362528794359
"1203","Chiba",2014,32,0.0179820698806897
"1204","Chiba",2014,33,0.018489786617267
"1205","Chiba",2014,34,0.0184663251938197
"1206","Chiba",2014,35,0.0154279484612399
"1207","Chiba",2014,36,0.0152097449738402
"1208","Chiba",2014,37,0.0133111272745093
"1209","Chiba",2014,38,0.0116037831977345
"1210","Chiba",2014,39,0.0113074215954488
"1211","Chiba",2014,40,0.0126314659578538
"1212","Chiba",2014,41,0.0107044078694756
"1213","Chiba",2014,42,0.00893748737975891
"1214","Chiba",2014,43,0.00967467639218822
"1215","Chiba",2014,44,0.00896011367275866
"1216","Chiba",2014,45,0.00832881281571702
"1217","Chiba",2014,46,0.00709607036206674
"1218","Chiba",2014,47,0.00606610403591448
"1219","Chiba",2014,48,0.00788161569194803
"1220","Chiba",2014,49,0.00553075422128623
"1221","Chiba",2014,50,0.00447193219533913
"1222","Chiba",2014,51,0.00380867348390182
"1223","Chiba",2014,52,0.00361097861046585
"1224","Chiba",2015,1,0.00335057338878047
"1225","Chiba",2015,2,0.00375557629398392
"1226","Chiba",2015,3,0.0038437532641177
"1227","Chiba",2015,4,0.00426801841179528
"1228","Chiba",2015,5,0.00324580344768142
"1229","Chiba",2015,6,0.00338111588050562
"1230","Chiba",2015,7,0.00384893323242754
"1231","Chiba",2015,8,0.00526097874083276
"1232","Chiba",2015,9,0.00472105387397476
"1233","Chiba",2015,10,0.00433131051969239
"1234","Chiba",2015,11,0.00688932770684041
"1235","Chiba",2015,12,0.00432762443231006
"1236","Chiba",2015,13,0.00737689723873959
"1237","Chiba",2015,14,0.006564650350775
"1238","Chiba",2015,15,0.00724707739653763
"1239","Chiba",2015,16,0.00854600185945508
"1240","Chiba",2015,17,0.00959874845290964
"1241","Chiba",2015,18,0.00956740637409354
"1242","Chiba",2015,19,0.00951300391801037
"1243","Chiba",2015,20,0.0108971009558831
"1244","Chiba",2015,21,0.0118566459517015
"1245","Chiba",2015,22,0.0113009372750054
"1246","Chiba",2015,23,0.01288600686866
"1247","Chiba",2015,24,0.013048278726325
"1248","Chiba",2015,25,0.0142428220874806
"1249","Chiba",2015,26,0.0140556397935539
"1250","Chiba",2015,27,0.0145673624303599
"1251","Chiba",2015,28,0.0177986630047801
"1252","Chiba",2015,29,0.018023380137178
"1253","Chiba",2015,30,0.0188680338749445
"1254","Chiba",2015,31,0.0186111115337469
"1255","Chiba",2015,32,0.0186756121065867
"1256","Chiba",2015,33,0.0184965478565641
"1257","Chiba",2015,34,0.0146866437067639
"1258","Chiba",2015,35,0.0164592134212761
"1259","Chiba",2015,36,0.0161279593102986
"1260","Chiba",2015,37,0.0133866732330393
"1261","Chiba",2015,38,0.0123616526872057
"1262","Chiba",2015,39,0.0119179605831295
"1263","Chiba",2015,40,0.00831804265926569
"1264","Chiba",2015,41,0.0102182269935984
"1265","Chiba",2015,42,0.00979280970385081
"1266","Chiba",2015,43,0.00807458070727362
"1267","Chiba",2015,44,0.00825592046149878
"1268","Chiba",2015,45,0.0093403440962636
"1269","Chiba",2015,46,0.00948149764007641
"1270","Chiba",2015,47,0.00657420636357979
"1271","Chiba",2015,48,0.00595700818538976
"1272","Chiba",2015,49,0.00584437089059065
"1273","Chiba",2015,50,0.00593447634067749
"1274","Chiba",2015,51,0.00518952808533217
"1275","Chiba",2015,52,0.00373563553773631
"1276","Chiba",2016,1,0.00501203755927425
"1277","Chiba",2016,2,0.00401709835587951
"1278","Chiba",2016,3,0.00361113145930551
"1279","Chiba",2016,4,0.00346865829751359
"1280","Chiba",2016,5,0.00389974231671174
"1281","Chiba",2016,6,0.00437495558888951
"1282","Chiba",2016,7,0.00504616319522666
"1283","Chiba",2016,8,0.00385244175528545
"1284","Chiba",2016,9,0.00451058159910946
"1285","Chiba",2016,10,0.00627968415397631
"1286","Chiba",2016,11,0.00592941879841586
"1287","Chiba",2016,12,0.00439531574463331
"1288","Chiba",2016,13,0.00600063525138459
"1289","Chiba",2016,14,0.00804162725025788
"1290","Chiba",2016,15,0.00662751576237704
"1291","Chiba",2016,16,0.00866969392749712
"1292","Chiba",2016,17,0.00803141168677324
"1293","Chiba",2016,18,0.00916224894214736
"1294","Chiba",2016,19,0.010227675997215
"1295","Chiba",2016,20,0.00909344496582772
"1296","Chiba",2016,21,0.0111355858334708
"1297","Chiba",2016,22,0.0102130110657109
"1298","Chiba",2016,23,0.0124044189322515
"1299","Chiba",2016,24,0.0136243152802852
"1300","Chiba",2016,25,0.0148921037205091
"1301","Chiba",2016,26,0.0147734787183402
"1302","Chiba",2016,27,0.0159058211196348
"1303","Chiba",2016,28,0.0169625561221725
"1304","Chiba",2016,29,0.0157117195647546
"1305","Chiba",2016,30,0.0158837242474102
"1306","Chiba",2016,31,0.0185811028280488
"1307","Chiba",2016,32,0.0162639705749911
"1308","Chiba",2016,33,0.0181020728582652
"1309","Chiba",2016,34,0.0186115483162441
"1310","Chiba",2016,35,0.0169762260629822
"1311","Chiba",2016,36,0.0182911815348518
"1312","Chiba",2016,37,0.0163771654452905
"1313","Chiba",2016,38,0.0153403594086726
"1314","Chiba",2016,39,0.015821676523622
"1315","Chiba",2016,40,0.014106856997969
"1316","Chiba",2016,41,0.00877129351292817
"1317","Chiba",2016,42,0.0110821837045776
"1318","Chiba",2016,43,0.00849974763618515
"1319","Chiba",2016,44,0.00726615189509985
"1320","Chiba",2016,45,0.00628281604802927
"1321","Chiba",2016,46,0.00784130176753119
"1322","Chiba",2016,47,0.00665210858312179
"1323","Chiba",2016,48,0.0057951179274329
"1324","Chiba",2016,49,0.00534023695011954
"1325","Chiba",2016,50,0.00416001417727198
"1326","Chiba",2016,51,0.00591667244497312
"1327","Chiba",2016,52,0.00444872924918499
"1328","Chiba",2017,1,0.0037943434437284
"1329","Chiba",2017,2,0.00404505498700858
"1330","Chiba",2017,3,0.00331920991467987
"1331","Chiba",2017,4,0.00310579494254494
"1332","Chiba",2017,5,0.00369533508985433
"1333","Chiba",2017,6,0.00347127107974555
"1334","Chiba",2017,7,0.00368292215794826
"1335","Chiba",2017,8,0.00425016695263424
"1336","Chiba",2017,9,0.0043549754855736
"1337","Chiba",2017,10,0.00418496842781487
"1338","Chiba",2017,11,0.00450866605918805
"1339","Chiba",2017,12,0.00416536426947336
"1340","Chiba",2017,13,0.00498836253666864
"1341","Chiba",2017,14,0.00724989884365863
"1342","Chiba",2017,15,0.00646231218110104
"1343","Chiba",2017,16,0.00775655182401047
"1344","Chiba",2017,17,0.00691596333198276
"1345","Chiba",2017,18,0.00875601800276081
"1346","Chiba",2017,19,0.0101273458645813
"1347","Chiba",2017,20,0.0104098847049565
"1348","Chiba",2017,21,0.0116786368413379
"1349","Chiba",2017,22,0.0115469371321403
"1350","Chiba",2017,23,0.0104891535291587
"1351","Chiba",2017,24,0.01102504280281
"1352","Chiba",2017,25,0.0132815569718317
"1353","Chiba",2017,26,0.0155569459599608
"1354","Chiba",2017,27,0.0170704441471991
"1355","Chiba",2017,28,0.0174254528521131
"1356","Chiba",2017,29,0.0176342660849217
"1357","Chiba",2017,30,0.0180505481778521
"1358","Chiba",2017,31,0.01749924130191
"1359","Chiba",2017,32,0.0184498342759683
"1360","Chiba",2017,33,0.0176925868677534
"1361","Chiba",2017,34,0.0188195320403622
"1362","Chiba",2017,35,0.0155210154075989
"1363","Chiba",2017,36,0.0148643783332328
"1364","Chiba",2017,37,0.0144296562728021
"1365","Chiba",2017,38,0.0136702789913618
"1366","Chiba",2017,39,0.0126367556515821
"1367","Chiba",2017,40,0.0109349757439057
"1368","Chiba",2017,41,0.0126644171150353
"1369","Chiba",2017,42,0.0101544458807534
"1370","Chiba",2017,43,0.00920299799365422
"1371","Chiba",2017,44,0.00829495487582995
"1372","Chiba",2017,45,0.00771382848646197
"1373","Chiba",2017,46,0.00671916944426477
"1374","Chiba",2017,47,0.00491533850208467
"1375","Chiba",2017,48,0.00644562762802424
"1376","Chiba",2017,49,0.00489270242872184
"1377","Chiba",2017,50,0.00388999508123344
"1378","Chiba",2017,51,0.00387882540292501
"1379","Chiba",2017,52,0.00359507544016104
"1380","Chiba",2018,1,0.00326665703891091
"1381","Chiba",2018,2,0.00365623867985779
"1382","Chiba",2018,3,0.00474563670120261
"1383","Chiba",2018,4,0.00285055435273911
"1384","Chiba",2018,5,0.00377725616318494
"1385","Chiba",2018,6,0.00303320895449367
"1386","Chiba",2018,7,0.00341004040817559
"1387","Chiba",2018,8,0.0037202984877211
"1388","Chiba",2018,9,0.0046673549066854
"1389","Chiba",2018,10,0.00625131962904267
"1390","Chiba",2018,11,0.0056708911853228
"1391","Chiba",2018,12,0.00623277373720415
"1392","Chiba",2018,13,0.00654248797525235
"1393","Chiba",2018,14,0.00832368219456307
"1394","Chiba",2018,15,0.0065741004655592
"1395","Chiba",2018,16,0.00800269413112667
"1396","Chiba",2018,17,0.00971574471235467
"1397","Chiba",2018,18,0.00985645110210969
"1398","Chiba",2018,19,0.00875231978995047
"1399","Chiba",2018,20,0.0114132984532134
"1400","Chiba",2018,21,0.0100305344417166
"1401","Chiba",2018,22,0.0119598197635439
"1402","Chiba",2018,23,0.0133328934082923
"1403","Chiba",2018,24,0.0125100138032558
"1404","Chiba",2018,25,0.0133263946698269
"1405","Chiba",2018,26,0.0164778544467134
"1406","Chiba",2018,27,0.0173339121783876
"1407","Chiba",2018,28,0.0185871510079066
"1408","Chiba",2018,29,0.0193023665019221
"1409","Chiba",2018,30,0.0178081458757334
"1410","Chiba",2018,31,0.0197139890657295
"1411","Chiba",2018,32,0.0193461650669697
"1412","Chiba",2018,33,0.0168288155975919
"1413","Chiba",2018,34,0.018410268099067
"1414","Chiba",2018,35,0.018707950244744
"1415","Chiba",2018,36,0.0178117814021786
"1416","Chiba",2018,37,0.014519562896078
"1417","Chiba",2018,38,0.0143962931340465
"1418","Chiba",2018,39,0.0132814908193558
"1419","Chiba",2018,40,0.0138850573281347
"1420","Chiba",2018,41,0.0126866047030314
"1421","Chiba",2018,42,0.010135564383677
"1422","Chiba",2018,43,0.00918717016913476
"1423","Chiba",2018,44,0.0074871834272786
"1424","Chiba",2018,45,0.0104678615546406
"1425","Chiba",2018,46,0.00763065761155253
"1426","Chiba",2018,47,0.00646472815549327
"1427","Chiba",2018,48,0.00682579713874182
"1428","Chiba",2018,49,0.00788865425472316
"1429","Chiba",2018,50,0.00404998635363205
"1430","Chiba",2018,51,0.00541985762491644
"1431","Chiba",2018,52,0.00405966789422478
"1432","Chiba",2019,1,0.00319130330280352
"1433","Chiba",2019,2,0.00343759831709589
"1434","Chiba",2019,3,0.00364793430077998
"1435","Chiba",2019,4,0.00326576353361838
"1436","Chiba",2019,5,0.00341829088294192
"1437","Chiba",2019,6,0.00478342179666068
"1438","Chiba",2019,7,0.00353485882416934
"1439","Chiba",2019,8,0.00484469050927862
"1440","Chiba",2019,9,0.00515775331710313
"1441","Chiba",2019,10,0.00555229403432358
"1442","Chiba",2019,11,0.00494493795020351
"1443","Chiba",2019,12,0.00580048380054788
"1444","Chiba",2019,13,0.00519944091315771
"1445","Chiba",2019,14,0.00467945968055943
"1446","Chiba",2019,15,0.00514645619751631
"1447","Chiba",2019,16,0.00708061383544551
"1448","Chiba",2019,17,0.00909657535382742
"1449","Chiba",2019,18,0.00887139517206476
"1450","Chiba",2019,19,0.00845729019879011
"1451","Chiba",2019,20,0.00944286393723061
"1452","Chiba",2019,21,0.0102846032532801
"1453","Chiba",2019,22,0.011436814561998
"1454","Chiba",2019,23,0.0128859569830114
"1455","Chiba",2019,24,0.011266051986043
"1456","Chiba",2019,25,0.0131731436993851
"1457","Chiba",2019,26,0.0148680893600926
"1458","Chiba",2019,27,0.0159641907421495
"1459","Chiba",2019,28,0.0131126390201406
"1460","Chiba",2019,29,0.0164007202949574
"1461","Chiba",2019,30,0.0184727074664904
"1462","Chiba",2019,31,0.0196741476438334
"1463","Chiba",2019,32,0.0191129366649263
"1464","Chiba",2019,33,0.0201756783380278
"1465","Chiba",2019,34,0.018732373415698
"1466","Chiba",2019,35,0.017743979003868
"1467","Chiba",2019,36,0.0178807152475677
"1468","Chiba",2019,37,0.0166338744624417
"1469","Chiba",2019,38,0.0138883176896248
"1470","Chiba",2019,39,0.014258106509244
"1471","Chiba",2019,40,0.0139657430705732
"1472","Chiba",2019,41,0.0131196604496024
"1473","Chiba",2019,42,0.0108340859610875
"1474","Chiba",2019,43,0.010698564873868
"1475","Chiba",2019,44,0.00945082752617073
"1476","Chiba",2019,45,0.00744017542647881
"1477","Chiba",2019,46,0.00770303640706785
"1478","Chiba",2019,47,0.00762942679024374
"1479","Chiba",2019,48,0.00656075344187437
"1480","Chiba",2019,49,0.0057165410095268
"1481","Chiba",2019,50,0.00583787636927908
"1482","Chiba",2019,51,0.00587325686934046
"1483","Chiba",2019,52,0.00484863693343513
"1484","Chiba",2020,1,0.00464390453313151
"1485","Chiba",2020,2,0.00460773060794099
"1486","Chiba",2020,3,0.00478446653179326
"1487","Chiba",2020,4,0.00464055554594174
"1488","Chiba",2020,5,0.0050860353866906
"1489","Chiba",2020,6,0.0035114726710081
"1490","Chiba",2020,7,0.00523584251066644
"1491","Chiba",2020,8,0.00539306713899981
"1492","Chiba",2020,9,0.00458276982905358
"1493","Ehime",2013,1,0.00308339580831697
"1494","Ehime",2013,2,0.00308077838583504
"1495","Ehime",2013,3,0.00348768871819524
"1496","Ehime",2013,4,0.00386310689526552
"1497","Ehime",2013,5,0.00426869836217139
"1498","Ehime",2013,6,0.00430731000645737
"1499","Ehime",2013,7,0.00348238409475072
"1500","Ehime",2013,8,0.00372887766088543
"1501","Ehime",2013,9,0.00438692531550724
"1502","Ehime",2013,10,0.00464172483009322
"1503","Ehime",2013,11,0.00494068904187763
"1504","Ehime",2013,12,0.00654312018912784
"1505","Ehime",2013,13,0.00613274577222823
"1506","Ehime",2013,14,0.00682557279714505
"1507","Ehime",2013,15,0.00427271375431698
"1508","Ehime",2013,16,0.00711413537971873
"1509","Ehime",2013,17,0.00620713551927217
"1510","Ehime",2013,18,0.00660982837273413
"1511","Ehime",2013,19,0.00728068230034198
"1512","Ehime",2013,20,0.00882534881474631
"1513","Ehime",2013,21,0.00993000929652028
"1514","Ehime",2013,22,0.0118767059712548
"1515","Ehime",2013,23,0.0114572604960605
"1516","Ehime",2013,24,0.0146189381657448
"1517","Ehime",2013,25,0.0149792225440336
"1518","Ehime",2013,26,0.0142558872877976
"1519","Ehime",2013,27,0.0165622048810586
"1520","Ehime",2013,28,0.0171176479544398
"1521","Ehime",2013,29,0.0164029272045826
"1522","Ehime",2013,30,0.0164645955975533
"1523","Ehime",2013,31,0.0181476863954619
"1524","Ehime",2013,32,0.0179777266435442
"1525","Ehime",2013,33,0.0170418699486568
"1526","Ehime",2013,34,0.01841916386661
"1527","Ehime",2013,35,0.0165008148209046
"1528","Ehime",2013,36,0.0152172485219641
"1529","Ehime",2013,37,0.0159875226787035
"1530","Ehime",2013,38,0.0123137053335712
"1531","Ehime",2013,39,0.0119937110024656
"1532","Ehime",2013,40,0.0121758746567716
"1533","Ehime",2013,41,0.0143978367554484
"1534","Ehime",2013,42,0.00916579414780506
"1535","Ehime",2013,43,0.0108832261219285
"1536","Ehime",2013,44,0.00766529534346427
"1537","Ehime",2013,45,0.00840491394110714
"1538","Ehime",2013,46,0.00619728510011598
"1539","Ehime",2013,47,0.00472130957725063
"1540","Ehime",2013,48,0.00488291827746309
"1541","Ehime",2013,49,0.00459732986140271
"1542","Ehime",2013,50,0.00425842292745102
"1543","Ehime",2013,51,0.0041197052496075
"1544","Ehime",2013,52,0.00379648143168833
"1545","Ehime",2014,1,0.00387865034792852
"1546","Ehime",2014,2,0.00382832943265161
"1547","Ehime",2014,3,0.00332252220024744
"1548","Ehime",2014,4,0.00387808725305508
"1549","Ehime",2014,5,0.00491745669224376
"1550","Ehime",2014,6,0.00468930300530754
"1551","Ehime",2014,7,0.0033648077903395
"1552","Ehime",2014,8,0.00328675746810535
"1553","Ehime",2014,9,0.00563035251505436
"1554","Ehime",2014,10,0.00364935854143363
"1555","Ehime",2014,11,0.00414615558005365
"1556","Ehime",2014,12,0.00578308701268635
"1557","Ehime",2014,13,0.007282978393491
"1558","Ehime",2014,14,0.00605988176645961
"1559","Ehime",2014,15,0.00544962626856866
"1560","Ehime",2014,16,0.00658965805032235
"1561","Ehime",2014,17,0.00714114324961564
"1562","Ehime",2014,18,0.00837514285946863
"1563","Ehime",2014,19,0.00679067792447885
"1564","Ehime",2014,20,0.00875565640067001
"1565","Ehime",2014,21,0.0096977507149164
"1566","Ehime",2014,22,0.010802623022994
"1567","Ehime",2014,23,0.0126997320360935
"1568","Ehime",2014,24,0.0128453107844671
"1569","Ehime",2014,25,0.0125593750782992
"1570","Ehime",2014,26,0.0136227488655566
"1571","Ehime",2014,27,0.0136983322640506
"1572","Ehime",2014,28,0.016575121586158
"1573","Ehime",2014,29,0.0169443678746266
"1574","Ehime",2014,30,0.0176097603201737
"1575","Ehime",2014,31,0.0169374653445667
"1576","Ehime",2014,32,0.0184838803769169
"1577","Ehime",2014,33,0.0178756054178205
"1578","Ehime",2014,34,0.0182882803098639
"1579","Ehime",2014,35,0.0163076361124158
"1580","Ehime",2014,36,0.0166109526403612
"1581","Ehime",2014,37,0.0125820128661175
"1582","Ehime",2014,38,0.0112497116395335
"1583","Ehime",2014,39,0.0129650121663548
"1584","Ehime",2014,40,0.0123152927338437
"1585","Ehime",2014,41,0.0108941931029123
"1586","Ehime",2014,42,0.00872932853130215
"1587","Ehime",2014,43,0.0103043181710629
"1588","Ehime",2014,44,0.009363522193532
"1589","Ehime",2014,45,0.00732082212660539
"1590","Ehime",2014,46,0.00631531183933084
"1591","Ehime",2014,47,0.00585850733735354
"1592","Ehime",2014,48,0.0082839017206888
"1593","Ehime",2014,49,0.00489945986935667
"1594","Ehime",2014,50,0.00435761208391035
"1595","Ehime",2014,51,0.00358913161470539
"1596","Ehime",2014,52,0.00370525649207222
"1597","Ehime",2015,1,0.0041850474791617
"1598","Ehime",2015,2,0.00409544589582696
"1599","Ehime",2015,3,0.00417824129484714
"1600","Ehime",2015,4,0.00443903971049366
"1601","Ehime",2015,5,0.00344889059323922
"1602","Ehime",2015,6,0.00314736150329746
"1603","Ehime",2015,7,0.00445968115139036
"1604","Ehime",2015,8,0.00496506437357248
"1605","Ehime",2015,9,0.0044997524912024
"1606","Ehime",2015,10,0.00386711028532532
"1607","Ehime",2015,11,0.00792857901780831
"1608","Ehime",2015,12,0.00399161136068095
"1609","Ehime",2015,13,0.00966252343176193
"1610","Ehime",2015,14,0.00804900616659945
"1611","Ehime",2015,15,0.00716062952981506
"1612","Ehime",2015,16,0.00775485213648476
"1613","Ehime",2015,17,0.00884961802105507
"1614","Ehime",2015,18,0.00928077839453852
"1615","Ehime",2015,19,0.0100428316253449
"1616","Ehime",2015,20,0.00912064815700734
"1617","Ehime",2015,21,0.010213289349664
"1618","Ehime",2015,22,0.0115554657013407
"1619","Ehime",2015,23,0.0133089729359126
"1620","Ehime",2015,24,0.0136140975227863
"1621","Ehime",2015,25,0.014376631510753
"1622","Ehime",2015,26,0.0134041952298435
"1623","Ehime",2015,27,0.0167582797881649
"1624","Ehime",2015,28,0.0168267230994306
"1625","Ehime",2015,29,0.0172432418325885
"1626","Ehime",2015,30,0.0183239031370327
"1627","Ehime",2015,31,0.0178834178465293
"1628","Ehime",2015,32,0.0168143136882062
"1629","Ehime",2015,33,0.0177615725665119
"1630","Ehime",2015,34,0.0155513751840531
"1631","Ehime",2015,35,0.0158794521217211
"1632","Ehime",2015,36,0.0136989255325544
"1633","Ehime",2015,37,0.0120735147794835
"1634","Ehime",2015,38,0.0137400774115951
"1635","Ehime",2015,39,0.0111830090467097
"1636","Ehime",2015,40,0.00866127788569432
"1637","Ehime",2015,41,0.00776898153307866
"1638","Ehime",2015,42,0.00910177719432646
"1639","Ehime",2015,43,0.00684336408560964
"1640","Ehime",2015,44,0.0090492273780412
"1641","Ehime",2015,45,0.0101946196996889
"1642","Ehime",2015,46,0.00958251993073309
"1643","Ehime",2015,47,0.00682665734556533
"1644","Ehime",2015,48,0.00557393491032453
"1645","Ehime",2015,49,0.0063869203520567
"1646","Ehime",2015,50,0.00503473688992663
"1647","Ehime",2015,51,0.00606199868108113
"1648","Ehime",2015,52,0.00406732156490285
"1649","Ehime",2016,1,0.00488759336791535
"1650","Ehime",2016,2,0.00362422417945867
"1651","Ehime",2016,3,0.00371583680365529
"1652","Ehime",2016,4,0.00456647065203669
"1653","Ehime",2016,5,0.00378879314926663
"1654","Ehime",2016,6,0.0049645409510246
"1655","Ehime",2016,7,0.00411203829893415
"1656","Ehime",2016,8,0.00366601893990609
"1657","Ehime",2016,9,0.00479338580044514
"1658","Ehime",2016,10,0.00625262706092553
"1659","Ehime",2016,11,0.00586014702042843
"1660","Ehime",2016,12,0.00394466433809231
"1661","Ehime",2016,13,0.00666735098534383
"1662","Ehime",2016,14,0.00898096706358753
"1663","Ehime",2016,15,0.00744046372309877
"1664","Ehime",2016,16,0.00813844135818349
"1665","Ehime",2016,17,0.00875580600357827
"1666","Ehime",2016,18,0.0085641659054297
"1667","Ehime",2016,19,0.010315404607387
"1668","Ehime",2016,20,0.00942042702619461
"1669","Ehime",2016,21,0.0119325983561379
"1670","Ehime",2016,22,0.0109929682876794
"1671","Ehime",2016,23,0.0137065092660203
"1672","Ehime",2016,24,0.0143990326749403
"1673","Ehime",2016,25,0.0162100020994893
"1674","Ehime",2016,26,0.0154373744219507
"1675","Ehime",2016,27,0.0177969331836002
"1676","Ehime",2016,28,0.017977060653616
"1677","Ehime",2016,29,0.0166587956577543
"1678","Ehime",2016,30,0.0170532055499953
"1679","Ehime",2016,31,0.017822104896194
"1680","Ehime",2016,32,0.0171876534231672
"1681","Ehime",2016,33,0.018473575793126
"1682","Ehime",2016,34,0.0174903016062625
"1683","Ehime",2016,35,0.0139056141394023
"1684","Ehime",2016,36,0.0166528005454304
"1685","Ehime",2016,37,0.0169449947126738
"1686","Ehime",2016,38,0.0153712451444631
"1687","Ehime",2016,39,0.0174435231149956
"1688","Ehime",2016,40,0.015197572619834
"1689","Ehime",2016,41,0.00873200069178843
"1690","Ehime",2016,42,0.0129125054757542
"1691","Ehime",2016,43,0.0102229224532917
"1692","Ehime",2016,44,0.00661809757794783
"1693","Ehime",2016,45,0.00687132852989933
"1694","Ehime",2016,46,0.00915027943046364
"1695","Ehime",2016,47,0.00736754065067594
"1696","Ehime",2016,48,0.00592116107393717
"1697","Ehime",2016,49,0.00550825322883124
"1698","Ehime",2016,50,0.00499418008085149
"1699","Ehime",2016,51,0.0062752096958611
"1700","Ehime",2016,52,0.00478047221570478
"1701","Ehime",2017,1,0.00458179819009384
"1702","Ehime",2017,2,0.00393449309290222
"1703","Ehime",2017,3,0.00351289265459087
"1704","Ehime",2017,4,0.00333968499342439
"1705","Ehime",2017,5,0.00424466445146167
"1706","Ehime",2017,6,0.00360477801172893
"1707","Ehime",2017,7,0.00408984367675081
"1708","Ehime",2017,8,0.00439599924464346
"1709","Ehime",2017,9,0.00416646403015225
"1710","Ehime",2017,10,0.00367197829361613
"1711","Ehime",2017,11,0.00417916523689366
"1712","Ehime",2017,12,0.00454294860530298
"1713","Ehime",2017,13,0.00524852136871061
"1714","Ehime",2017,14,0.00799414860582614
"1715","Ehime",2017,15,0.00741419823254559
"1716","Ehime",2017,16,0.00825276935495484
"1717","Ehime",2017,17,0.00699621177461492
"1718","Ehime",2017,18,0.0090827688896009
"1719","Ehime",2017,19,0.0088592570865941
"1720","Ehime",2017,20,0.00827673515794904
"1721","Ehime",2017,21,0.0103069858803325
"1722","Ehime",2017,22,0.0101534036764896
"1723","Ehime",2017,23,0.0100480074860354
"1724","Ehime",2017,24,0.00978782363857119
"1725","Ehime",2017,25,0.013480518037517
"1726","Ehime",2017,26,0.0163325723215306
"1727","Ehime",2017,27,0.0175878207718425
"1728","Ehime",2017,28,0.0176624671337037
"1729","Ehime",2017,29,0.0179632759803587
"1730","Ehime",2017,30,0.0198740523250136
"1731","Ehime",2017,31,0.018987861801777
"1732","Ehime",2017,32,0.0187967811494645
"1733","Ehime",2017,33,0.0176943371946744
"1734","Ehime",2017,34,0.0181875345081073
"1735","Ehime",2017,35,0.0146967815815825
"1736","Ehime",2017,36,0.0146606214765741
"1737","Ehime",2017,37,0.0144386355067509
"1738","Ehime",2017,38,0.0133067699491
"1739","Ehime",2017,39,0.0119685991638334
"1740","Ehime",2017,40,0.0120380042281926
"1741","Ehime",2017,41,0.0130820331623719
"1742","Ehime",2017,42,0.0108812966968488
"1743","Ehime",2017,43,0.00886365975053257
"1744","Ehime",2017,44,0.00750289947493636
"1745","Ehime",2017,45,0.00766624108403018
"1746","Ehime",2017,46,0.00606567865546254
"1747","Ehime",2017,47,0.0045240163868142
"1748","Ehime",2017,48,0.00648437127657085
"1749","Ehime",2017,49,0.00405430484046596
"1750","Ehime",2017,50,0.00366445554331038
"1751","Ehime",2017,51,0.00355649762093171
"1752","Ehime",2017,52,0.00387379000164515
"1753","Ehime",2018,1,0.00356099420148957
"1754","Ehime",2018,2,0.00379447502563608
"1755","Ehime",2018,3,0.00518013362948004
"1756","Ehime",2018,4,0.00295577198380581
"1757","Ehime",2018,5,0.00322422548247125
"1758","Ehime",2018,6,0.00279502483178338
"1759","Ehime",2018,7,0.00344494467206894
"1760","Ehime",2018,8,0.00355614676166551
"1761","Ehime",2018,9,0.00493610972168568
"1762","Ehime",2018,10,0.00560124513511092
"1763","Ehime",2018,11,0.0056833864368409
"1764","Ehime",2018,12,0.00605716193269539
"1765","Ehime",2018,13,0.00572205396466611
"1766","Ehime",2018,14,0.00792852530705329
"1767","Ehime",2018,15,0.00675829605283958
"1768","Ehime",2018,16,0.00690208148083224
"1769","Ehime",2018,17,0.00844374190899711
"1770","Ehime",2018,18,0.00815799968201514
"1771","Ehime",2018,19,0.00914220471089253
"1772","Ehime",2018,20,0.0115533166466607
"1773","Ehime",2018,21,0.00929298078033113
"1774","Ehime",2018,22,0.0115187646273328
"1775","Ehime",2018,23,0.0130601281672933
"1776","Ehime",2018,24,0.0122110387180073
"1777","Ehime",2018,25,0.0138363630133214
"1778","Ehime",2018,26,0.016107383603938
"1779","Ehime",2018,27,0.0178339405727055
"1780","Ehime",2018,28,0.0172430441232516
"1781","Ehime",2018,29,0.0181575306238487
"1782","Ehime",2018,30,0.0188202877208451
"1783","Ehime",2018,31,0.0184189543779074
"1784","Ehime",2018,32,0.0174167216862551
"1785","Ehime",2018,33,0.0171367485294315
"1786","Ehime",2018,34,0.0180642977422826
"1787","Ehime",2018,35,0.0174275260397751
"1788","Ehime",2018,36,0.0158400081731454
"1789","Ehime",2018,37,0.0156357111708244
"1790","Ehime",2018,38,0.0153653305926797
"1791","Ehime",2018,39,0.0125207211172198
"1792","Ehime",2018,40,0.0129511579748267
"1793","Ehime",2018,41,0.0105512883404172
"1794","Ehime",2018,42,0.00859848881382465
"1795","Ehime",2018,43,0.008714174788507
"1796","Ehime",2018,44,0.00610348327159233
"1797","Ehime",2018,45,0.00810450715031993
"1798","Ehime",2018,46,0.00678566454360317
"1799","Ehime",2018,47,0.00556857677592581
"1800","Ehime",2018,48,0.00660011734993522
"1801","Ehime",2018,49,0.00778611142631371
"1802","Ehime",2018,50,0.00430475639613699
"1803","Ehime",2018,51,0.00610526007316805
"1804","Ehime",2018,52,0.00430901766739606
"1805","Ehime",2019,1,0.003677814382778
"1806","Ehime",2019,2,0.00408584948025506
"1807","Ehime",2019,3,0.0040581452526875
"1808","Ehime",2019,4,0.00383040104200152
"1809","Ehime",2019,5,0.00395830160222616
"1810","Ehime",2019,6,0.00543184420886241
"1811","Ehime",2019,7,0.00390231094663307
"1812","Ehime",2019,8,0.00484937604101539
"1813","Ehime",2019,9,0.00504775950916705
"1814","Ehime",2019,10,0.00532136570182758
"1815","Ehime",2019,11,0.0046799853848039
"1816","Ehime",2019,12,0.00590816691989455
"1817","Ehime",2019,13,0.00557966042326934
"1818","Ehime",2019,14,0.00434556118653287
"1819","Ehime",2019,15,0.00589296412789718
"1820","Ehime",2019,16,0.00738561241530066
"1821","Ehime",2019,17,0.0096011888590274
"1822","Ehime",2019,18,0.00865077998708159
"1823","Ehime",2019,19,0.00745203347865726
"1824","Ehime",2019,20,0.00967854169110434
"1825","Ehime",2019,21,0.00889405168278664
"1826","Ehime",2019,22,0.0103280474642875
"1827","Ehime",2019,23,0.0130819007918281
"1828","Ehime",2019,24,0.0117515508112615
"1829","Ehime",2019,25,0.012275660605517
"1830","Ehime",2019,26,0.0152310695374608
"1831","Ehime",2019,27,0.0156501996456943
"1832","Ehime",2019,28,0.0157286440876988
"1833","Ehime",2019,29,0.0174328931911015
"1834","Ehime",2019,30,0.0181467728411186
"1835","Ehime",2019,31,0.0187444599592107
"1836","Ehime",2019,32,0.0178749132971428
"1837","Ehime",2019,33,0.018670219698173
"1838","Ehime",2019,34,0.0179382042321162
"1839","Ehime",2019,35,0.016430448366689
"1840","Ehime",2019,36,0.0177617008318421
"1841","Ehime",2019,37,0.0176200256711631
"1842","Ehime",2019,38,0.013568652028346
"1843","Ehime",2019,39,0.0143577993971478
"1844","Ehime",2019,40,0.0151559051612986
"1845","Ehime",2019,41,0.011397747422293
"1846","Ehime",2019,42,0.0104958696290947
"1847","Ehime",2019,43,0.0111955193837978
"1848","Ehime",2019,44,0.00839437971519778
"1849","Ehime",2019,45,0.00691535229613231
"1850","Ehime",2019,46,0.00671699804125477
"1851","Ehime",2019,47,0.00685590094564231
"1852","Ehime",2019,48,0.00662113757797818
"1853","Ehime",2019,49,0.00483193885905187
"1854","Ehime",2019,50,0.00468735796560305
"1855","Ehime",2019,51,0.00596175974728743
"1856","Ehime",2019,52,0.00541135373604693
"1857","Ehime",2020,1,0.00496065704455775
"1858","Ehime",2020,2,0.00501680962876467
"1859","Ehime",2020,3,0.00406653748620697
"1860","Ehime",2020,4,0.00549505596610269
"1861","Ehime",2020,5,0.00505557096747139
"1862","Ehime",2020,6,0.00360148727495785
"1863","Ehime",2020,7,0.0058136710448861
"1864","Ehime",2020,8,0.00438097427334393
"1865","Ehime",2020,9,0.00495963536401378
"1866","Fukui",2013,1,0.00308212727374753
"1867","Fukui",2013,2,0.00344327139165716
"1868","Fukui",2013,3,0.00351835850472645
"1869","Fukui",2013,4,0.00362684946874637
"1870","Fukui",2013,5,0.00395684068973347
"1871","Fukui",2013,6,0.00344578761500734
"1872","Fukui",2013,7,0.00322385895286082
"1873","Fukui",2013,8,0.00311457261890307
"1874","Fukui",2013,9,0.00355829496286774
"1875","Fukui",2013,10,0.00438827439887381
"1876","Fukui",2013,11,0.00377145847844178
"1877","Fukui",2013,12,0.00514314915846775
"1878","Fukui",2013,13,0.00486789355178416
"1879","Fukui",2013,14,0.00661625856948783
"1880","Fukui",2013,15,0.00433184912473641
"1881","Fukui",2013,16,0.00597948821917966
"1882","Fukui",2013,17,0.00567390299144823
"1883","Fukui",2013,18,0.00552419116817502
"1884","Fukui",2013,19,0.00677783103779865
"1885","Fukui",2013,20,0.00889520694829501
"1886","Fukui",2013,21,0.00972016295274938
"1887","Fukui",2013,22,0.010751442755244
"1888","Fukui",2013,23,0.0111733159485245
"1889","Fukui",2013,24,0.0135496798262263
"1890","Fukui",2013,25,0.0137812067937248
"1891","Fukui",2013,26,0.0133500760324383
"1892","Fukui",2013,27,0.0149491562103202
"1893","Fukui",2013,28,0.0170783300941721
"1894","Fukui",2013,29,0.0158450370815618
"1895","Fukui",2013,30,0.0171206376511631
"1896","Fukui",2013,31,0.017271178087607
"1897","Fukui",2013,32,0.018817381162947
"1898","Fukui",2013,33,0.0176411438211793
"1899","Fukui",2013,34,0.0181750570489774
"1900","Fukui",2013,35,0.0152553325718425
"1901","Fukui",2013,36,0.0151229011296028
"1902","Fukui",2013,37,0.0151834090874468
"1903","Fukui",2013,38,0.0123640934940848
"1904","Fukui",2013,39,0.0114826265681926
"1905","Fukui",2013,40,0.0118398614016915
"1906","Fukui",2013,41,0.0134068391379711
"1907","Fukui",2013,42,0.0084694828691338
"1908","Fukui",2013,43,0.0102541856667721
"1909","Fukui",2013,44,0.00748824643612479
"1910","Fukui",2013,45,0.0072984084546155
"1911","Fukui",2013,46,0.00566922515620383
"1912","Fukui",2013,47,0.00511874716522084
"1913","Fukui",2013,48,0.00492878171152735
"1914","Fukui",2013,49,0.00516079343955539
"1915","Fukui",2013,50,0.00410877050124599
"1916","Fukui",2013,51,0.0043597277905782
"1917","Fukui",2013,52,0.00368726278410533
"1918","Fukui",2014,1,0.00375410922693766
"1919","Fukui",2014,2,0.00335784947903976
"1920","Fukui",2014,3,0.00307870724374445
"1921","Fukui",2014,4,0.00361422760732464
"1922","Fukui",2014,5,0.0038224448809061
"1923","Fukui",2014,6,0.00394322430919226
"1924","Fukui",2014,7,0.0032866373723208
"1925","Fukui",2014,8,0.00278981274958349
"1926","Fukui",2014,9,0.00446344322685147
"1927","Fukui",2014,10,0.00352835150587131
"1928","Fukui",2014,11,0.00368938869852325
"1929","Fukui",2014,12,0.0048162057712659
"1930","Fukui",2014,13,0.00603449168995638
"1931","Fukui",2014,14,0.00558827000383552
"1932","Fukui",2014,15,0.00451527625336904
"1933","Fukui",2014,16,0.00570258838596365
"1934","Fukui",2014,17,0.00673769906106749
"1935","Fukui",2014,18,0.0079713997391297
"1936","Fukui",2014,19,0.00645929866929864
"1937","Fukui",2014,20,0.00818007454438383
"1938","Fukui",2014,21,0.00874623441237663
"1939","Fukui",2014,22,0.0105030271404104
"1940","Fukui",2014,23,0.0118709222432638
"1941","Fukui",2014,24,0.0126512490044604
"1942","Fukui",2014,25,0.0123182910079871
"1943","Fukui",2014,26,0.0128240841392139
"1944","Fukui",2014,27,0.0139688847229532
"1945","Fukui",2014,28,0.0161549832272168
"1946","Fukui",2014,29,0.0159100897805911
"1947","Fukui",2014,30,0.0170578659773762
"1948","Fukui",2014,31,0.016268025603256
"1949","Fukui",2014,32,0.0175261504920223
"1950","Fukui",2014,33,0.0174575522877282
"1951","Fukui",2014,34,0.0174926182242346
"1952","Fukui",2014,35,0.0149632839031765
"1953","Fukui",2014,36,0.0146359658490875
"1954","Fukui",2014,37,0.0120824224753855
"1955","Fukui",2014,38,0.0102474420702932
"1956","Fukui",2014,39,0.0116279325669239
"1957","Fukui",2014,40,0.0116383882364603
"1958","Fukui",2014,41,0.0105432808638935
"1959","Fukui",2014,42,0.00792120949489263
"1960","Fukui",2014,43,0.00908926850638353
"1961","Fukui",2014,44,0.00826269687908528
"1962","Fukui",2014,45,0.00701136725685918
"1963","Fukui",2014,46,0.00637896607645668
"1964","Fukui",2014,47,0.00511997670932956
"1965","Fukui",2014,48,0.0072031872005217
"1966","Fukui",2014,49,0.00482183384138087
"1967","Fukui",2014,50,0.00416360626883157
"1968","Fukui",2014,51,0.00376786412577442
"1969","Fukui",2014,52,0.00384599368661615
"1970","Fukui",2015,1,0.00392006220530508
"1971","Fukui",2015,2,0.00380667485665212
"1972","Fukui",2015,3,0.00399141876513447
"1973","Fukui",2015,4,0.00396885849164266
"1974","Fukui",2015,5,0.00329503384585129
"1975","Fukui",2015,6,0.00352739218380003
"1976","Fukui",2015,7,0.00395071505126935
"1977","Fukui",2015,8,0.00463128781344133
"1978","Fukui",2015,9,0.004097841163628
"1979","Fukui",2015,10,0.00398891775722093
"1980","Fukui",2015,11,0.00619923222165938
"1981","Fukui",2015,12,0.0038374758482161
"1982","Fukui",2015,13,0.00719927807994742
"1983","Fukui",2015,14,0.00598002509150131
"1984","Fukui",2015,15,0.00627785658990897
"1985","Fukui",2015,16,0.00705493827679418
"1986","Fukui",2015,17,0.00834282390272844
"1987","Fukui",2015,18,0.00855850151561814
"1988","Fukui",2015,19,0.00852367548244314
"1989","Fukui",2015,20,0.00864836299410846
"1990","Fukui",2015,21,0.010308703127111
"1991","Fukui",2015,22,0.0102327823768223
"1992","Fukui",2015,23,0.0118653224570559
"1993","Fukui",2015,24,0.0132188176590434
"1994","Fukui",2015,25,0.0134325494422427
"1995","Fukui",2015,26,0.0130122085908278
"1996","Fukui",2015,27,0.0150808800499202
"1997","Fukui",2015,28,0.0167555556042846
"1998","Fukui",2015,29,0.0168519748635642
"1999","Fukui",2015,30,0.0177544306207228
"2000","Fukui",2015,31,0.0188600640807072
"2001","Fukui",2015,32,0.0167995602739235
"2002","Fukui",2015,33,0.0167342491750463
"2003","Fukui",2015,34,0.0153486977497096
"2004","Fukui",2015,35,0.0150332788058685
"2005","Fukui",2015,36,0.0135739906222757
"2006","Fukui",2015,37,0.0119194549422864
"2007","Fukui",2015,38,0.0121712437096369
"2008","Fukui",2015,39,0.00997114532858827
"2009","Fukui",2015,40,0.0086394087660303
"2010","Fukui",2015,41,0.00814579283595285
"2011","Fukui",2015,42,0.00929171299401555
"2012","Fukui",2015,43,0.00659125604361187
"2013","Fukui",2015,44,0.00785807377310025
"2014","Fukui",2015,45,0.00839885450542373
"2015","Fukui",2015,46,0.00843744826603465
"2016","Fukui",2015,47,0.0062414030130424
"2017","Fukui",2015,48,0.00520178522412729
"2018","Fukui",2015,49,0.00556264866900715
"2019","Fukui",2015,50,0.00524412048859967
"2020","Fukui",2015,51,0.00528348013716154
"2021","Fukui",2015,52,0.00395487716113416
"2022","Fukui",2016,1,0.00476192831887294
"2023","Fukui",2016,2,0.00375539634266466
"2024","Fukui",2016,3,0.00349150460982235
"2025","Fukui",2016,4,0.00366423894278134
"2026","Fukui",2016,5,0.00350568508988726
"2027","Fukui",2016,6,0.00433466015976738
"2028","Fukui",2016,7,0.0041900617540481
"2029","Fukui",2016,8,0.00342344378597437
"2030","Fukui",2016,9,0.00438426785466151
"2031","Fukui",2016,10,0.00522931183992691
"2032","Fukui",2016,11,0.00497948562942921
"2033","Fukui",2016,12,0.00372758080489855
"2034","Fukui",2016,13,0.00566242962855309
"2035","Fukui",2016,14,0.00685886792954327
"2036","Fukui",2016,15,0.0061448111889966
"2037","Fukui",2016,16,0.00741261439978051
"2038","Fukui",2016,17,0.00754785766388729
"2039","Fukui",2016,18,0.00775166229243569
"2040","Fukui",2016,19,0.00930633729581014
"2041","Fukui",2016,20,0.00913318523280745
"2042","Fukui",2016,21,0.0109918913096656
"2043","Fukui",2016,22,0.00969110267571496
"2044","Fukui",2016,23,0.0118972523185663
"2045","Fukui",2016,24,0.0134985007438209
"2046","Fukui",2016,25,0.0142119363711169
"2047","Fukui",2016,26,0.0144144757633506
"2048","Fukui",2016,27,0.0165716984363593
"2049","Fukui",2016,28,0.0162918215634701
"2050","Fukui",2016,29,0.0150578450888956
"2051","Fukui",2016,30,0.0164345252852146
"2052","Fukui",2016,31,0.0179946972663607
"2053","Fukui",2016,32,0.0166985782050442
"2054","Fukui",2016,33,0.018624439313105
"2055","Fukui",2016,34,0.0172118951741055
"2056","Fukui",2016,35,0.0145373790607843
"2057","Fukui",2016,36,0.0159816718778556
"2058","Fukui",2016,37,0.0151438146981447
"2059","Fukui",2016,38,0.0141029497469584
"2060","Fukui",2016,39,0.0146671079612303
"2061","Fukui",2016,40,0.0135474053814971
"2062","Fukui",2016,41,0.00778592963572281
"2063","Fukui",2016,42,0.0105187280576564
"2064","Fukui",2016,43,0.00810370357906689
"2065","Fukui",2016,44,0.00608696136977347
"2066","Fukui",2016,45,0.00595319581848948
"2067","Fukui",2016,46,0.00739230987404132
"2068","Fukui",2016,47,0.00645587708328167
"2069","Fukui",2016,48,0.00547231411614217
"2070","Fukui",2016,49,0.00512397487414585
"2071","Fukui",2016,50,0.00425765561959557
"2072","Fukui",2016,51,0.00573420325965565
"2073","Fukui",2016,52,0.00423535197946448
"2074","Fukui",2017,1,0.00402429611241304
"2075","Fukui",2017,2,0.00412064603325971
"2076","Fukui",2017,3,0.00356939521269544
"2077","Fukui",2017,4,0.00334907145324755
"2078","Fukui",2017,5,0.00373505936839601
"2079","Fukui",2017,6,0.00368415687745855
"2080","Fukui",2017,7,0.00369965874623693
"2081","Fukui",2017,8,0.00383406613957706
"2082","Fukui",2017,9,0.00377544944429185
"2083","Fukui",2017,10,0.00383862662938562
"2084","Fukui",2017,11,0.00407648093310745
"2085","Fukui",2017,12,0.00409792067060325
"2086","Fukui",2017,13,0.00449700088737627
"2087","Fukui",2017,14,0.00691378942334821
"2088","Fukui",2017,15,0.00582664320190566
"2089","Fukui",2017,16,0.00689516178641118
"2090","Fukui",2017,17,0.00637036139800082
"2091","Fukui",2017,18,0.00791779159015735
"2092","Fukui",2017,19,0.00890332304261574
"2093","Fukui",2017,20,0.00846852907653932
"2094","Fukui",2017,21,0.0105840115940883
"2095","Fukui",2017,22,0.00999191139631776
"2096","Fukui",2017,23,0.00972622837715369
"2097","Fukui",2017,24,0.00903045134006043
"2098","Fukui",2017,25,0.0121759731557328
"2099","Fukui",2017,26,0.0149602089614457
"2100","Fukui",2017,27,0.0158455582653613
"2101","Fukui",2017,28,0.0176276138402544
"2102","Fukui",2017,29,0.0176639919071285
"2103","Fukui",2017,30,0.0184962748913916
"2104","Fukui",2017,31,0.0180867732112827
"2105","Fukui",2017,32,0.018120852383641
"2106","Fukui",2017,33,0.0172033588723807
"2107","Fukui",2017,34,0.0176563142940819
"2108","Fukui",2017,35,0.0140449336294212
"2109","Fukui",2017,36,0.0137480068877006
"2110","Fukui",2017,37,0.0132833186749324
"2111","Fukui",2017,38,0.0124362863204317
"2112","Fukui",2017,39,0.0111701968113215
"2113","Fukui",2017,40,0.0102451549091909
"2114","Fukui",2017,41,0.0119688497322522
"2115","Fukui",2017,42,0.0095162264621749
"2116","Fukui",2017,43,0.00865905337901065
"2117","Fukui",2017,44,0.00702787786675866
"2118","Fukui",2017,45,0.00681055079830667
"2119","Fukui",2017,46,0.00577959108963166
"2120","Fukui",2017,47,0.00473615719925787
"2121","Fukui",2017,48,0.00566030219865009
"2122","Fukui",2017,49,0.00429478631348528
"2123","Fukui",2017,50,0.00392583678922686
"2124","Fukui",2017,51,0.00383988477550128
"2125","Fukui",2017,52,0.00406609172977367
"2126","Fukui",2018,1,0.00389891426284345
"2127","Fukui",2018,2,0.00357547043176219
"2128","Fukui",2018,3,0.00441045959376259
"2129","Fukui",2018,4,0.00312258463811078
"2130","Fukui",2018,5,0.00341693274151126
"2131","Fukui",2018,6,0.0030055764617125
"2132","Fukui",2018,7,0.0032018088271632
"2133","Fukui",2018,8,0.00319711386127844
"2134","Fukui",2018,9,0.00389466085999003
"2135","Fukui",2018,10,0.00478944640801257
"2136","Fukui",2018,11,0.00468247970691247
"2137","Fukui",2018,12,0.0052745224028703
"2138","Fukui",2018,13,0.00524380703071844
"2139","Fukui",2018,14,0.00692784292516091
"2140","Fukui",2018,15,0.00605549701518842
"2141","Fukui",2018,16,0.00673641688012661
"2142","Fukui",2018,17,0.00829955129817278
"2143","Fukui",2018,18,0.00792379666608045
"2144","Fukui",2018,19,0.00806178870653414
"2145","Fukui",2018,20,0.0103223951985447
"2146","Fukui",2018,21,0.00896775118153882
"2147","Fukui",2018,22,0.0105629118641332
"2148","Fukui",2018,23,0.0122846736693294
"2149","Fukui",2018,24,0.0112218576518996
"2150","Fukui",2018,25,0.0123189733572738
"2151","Fukui",2018,26,0.015446130686282
"2152","Fukui",2018,27,0.0163159969533282
"2153","Fukui",2018,28,0.0166956904990381
"2154","Fukui",2018,29,0.0183243707648798
"2155","Fukui",2018,30,0.0183317804420389
"2156","Fukui",2018,31,0.0173772413463608
"2157","Fukui",2018,32,0.0177010574444124
"2158","Fukui",2018,33,0.0163103378541234
"2159","Fukui",2018,34,0.0168254455435733
"2160","Fukui",2018,35,0.0171271384422128
"2161","Fukui",2018,36,0.0155321795451541
"2162","Fukui",2018,37,0.0141958691460961
"2163","Fukui",2018,38,0.0129762448420407
"2164","Fukui",2018,39,0.011841993785096
"2165","Fukui",2018,40,0.0119200435792001
"2166","Fukui",2018,41,0.0103917815283829
"2167","Fukui",2018,42,0.00873822176170907
"2168","Fukui",2018,43,0.00807605549898695
"2169","Fukui",2018,44,0.00649185955019768
"2170","Fukui",2018,45,0.00884399783356596
"2171","Fukui",2018,46,0.00676601670612882
"2172","Fukui",2018,47,0.00543960169715913
"2173","Fukui",2018,48,0.00611050453852023
"2174","Fukui",2018,49,0.00680703731266545
"2175","Fukui",2018,50,0.00408698458862923
"2176","Fukui",2018,51,0.00534907534420944
"2177","Fukui",2018,52,0.00428306627670591
"2178","Fukui",2019,1,0.00380944153635663
"2179","Fukui",2019,2,0.00363291249828431
"2180","Fukui",2019,3,0.00391044118145765
"2181","Fukui",2019,4,0.00381085736100737
"2182","Fukui",2019,5,0.00358421340564432
"2183","Fukui",2019,6,0.00431278758241759
"2184","Fukui",2019,7,0.00341644269902046
"2185","Fukui",2019,8,0.00428721729225455
"2186","Fukui",2019,9,0.00435965874714373
"2187","Fukui",2019,10,0.00473258306626543
"2188","Fukui",2019,11,0.00479080222776729
"2189","Fukui",2019,12,0.00497430294524765
"2190","Fukui",2019,13,0.00469865075529664
"2191","Fukui",2019,14,0.00449716594709352
"2192","Fukui",2019,15,0.00482671350381068
"2193","Fukui",2019,16,0.00627071467828239
"2194","Fukui",2019,17,0.00835381785567175
"2195","Fukui",2019,18,0.00758427265321352
"2196","Fukui",2019,19,0.00689731855091623
"2197","Fukui",2019,20,0.00952782337664712
"2198","Fukui",2019,21,0.00848135283065907
"2199","Fukui",2019,22,0.0095533738688316
"2200","Fukui",2019,23,0.0121442403399345
"2201","Fukui",2019,24,0.0117115652254156
"2202","Fukui",2019,25,0.0119628773366207
"2203","Fukui",2019,26,0.0141978795824807
"2204","Fukui",2019,27,0.0154510901279835
"2205","Fukui",2019,28,0.0142797508828488
"2206","Fukui",2019,29,0.016274149301
"2207","Fukui",2019,30,0.0176659670876741
"2208","Fukui",2019,31,0.0192954794503783
"2209","Fukui",2019,32,0.0189264556596208
"2210","Fukui",2019,33,0.0189395958051834
"2211","Fukui",2019,34,0.0175837236706449
"2212","Fukui",2019,35,0.0158291189299914
"2213","Fukui",2019,36,0.0167718286050479
"2214","Fukui",2019,37,0.0160970235293023
"2215","Fukui",2019,38,0.0128766472540095
"2216","Fukui",2019,39,0.0132847278977148
"2217","Fukui",2019,40,0.0137900613537352
"2218","Fukui",2019,41,0.0112593952291036
"2219","Fukui",2019,42,0.00987844829132182
"2220","Fukui",2019,43,0.0107132286502729
"2221","Fukui",2019,44,0.00817816439833005
"2222","Fukui",2019,45,0.00636619645064856
"2223","Fukui",2019,46,0.00648678045539182
"2224","Fukui",2019,47,0.00640099488306392
"2225","Fukui",2019,48,0.00574000042877448
"2226","Fukui",2019,49,0.00501927722174923
"2227","Fukui",2019,50,0.00476064325488424
"2228","Fukui",2019,51,0.00539837097890457
"2229","Fukui",2019,52,0.00470225958415034
"2230","Fukui",2020,1,0.00474786041214766
"2231","Fukui",2020,2,0.00469290734919005
"2232","Fukui",2020,3,0.00429194638336486
"2233","Fukui",2020,4,0.00455287964982772
"2234","Fukui",2020,5,0.00476234341576334
"2235","Fukui",2020,6,0.00350105966208721
"2236","Fukui",2020,7,0.00504979125383732
"2237","Fukui",2020,8,0.00444113686660495
"2238","Fukui",2020,9,0.00435436138485065
"2239","Fukuoka",2013,1,0.00308089292619097
"2240","Fukuoka",2013,2,0.00323991954783873
"2241","Fukuoka",2013,3,0.00370019968532233
"2242","Fukuoka",2013,4,0.00429205742030065
"2243","Fukuoka",2013,5,0.00446190333642747
"2244","Fukuoka",2013,6,0.0045004805568594
"2245","Fukuoka",2013,7,0.00358751231948794
"2246","Fukuoka",2013,8,0.00404847301081883
"2247","Fukuoka",2013,9,0.00448232329451096
"2248","Fukuoka",2013,10,0.00558740585579535
"2249","Fukuoka",2013,11,0.00528195067257013
"2250","Fukuoka",2013,12,0.00678526136066879
"2251","Fukuoka",2013,13,0.00612453897622429
"2252","Fukuoka",2013,14,0.00701187607237402
"2253","Fukuoka",2013,15,0.00431299909033157
"2254","Fukuoka",2013,16,0.00779514194364306
"2255","Fukuoka",2013,17,0.00644633735545323
"2256","Fukuoka",2013,18,0.00702890717532145
"2257","Fukuoka",2013,19,0.0082300921167465
"2258","Fukuoka",2013,20,0.00948792320726273
"2259","Fukuoka",2013,21,0.0105945468718511
"2260","Fukuoka",2013,22,0.012109980037393
"2261","Fukuoka",2013,23,0.0121375848389857
"2262","Fukuoka",2013,24,0.0155695665665992
"2263","Fukuoka",2013,25,0.0164660963102696
"2264","Fukuoka",2013,26,0.0149247687368863
"2265","Fukuoka",2013,27,0.0180675939081036
"2266","Fukuoka",2013,28,0.0178946430464153
"2267","Fukuoka",2013,29,0.0173361527941313
"2268","Fukuoka",2013,30,0.0181028061563532
"2269","Fukuoka",2013,31,0.0199108732811421
"2270","Fukuoka",2013,32,0.0198476653874298
"2271","Fukuoka",2013,33,0.0184573328604844
"2272","Fukuoka",2013,34,0.0193434616617152
"2273","Fukuoka",2013,35,0.0173010404674641
"2274","Fukuoka",2013,36,0.0149622949202562
"2275","Fukuoka",2013,37,0.0166944116034075
"2276","Fukuoka",2013,38,0.0127816248366617
"2277","Fukuoka",2013,39,0.0123369220091818
"2278","Fukuoka",2013,40,0.0131576576574548
"2279","Fukuoka",2013,41,0.0142062121475215
"2280","Fukuoka",2013,42,0.00896747814122787
"2281","Fukuoka",2013,43,0.010654303847224
"2282","Fukuoka",2013,44,0.0080348194121714
"2283","Fukuoka",2013,45,0.00860422818979803
"2284","Fukuoka",2013,46,0.0060981810545588
"2285","Fukuoka",2013,47,0.00472131713231051
"2286","Fukuoka",2013,48,0.00492685644981668
"2287","Fukuoka",2013,49,0.00471152006534425
"2288","Fukuoka",2013,50,0.00418060629806886
"2289","Fukuoka",2013,51,0.00432813920271006
"2290","Fukuoka",2013,52,0.00370162423842661
"2291","Fukuoka",2014,1,0.0040462049410481
"2292","Fukuoka",2014,2,0.00377624421068541
"2293","Fukuoka",2014,3,0.00328574923622389
"2294","Fukuoka",2014,4,0.00425262231437973
"2295","Fukuoka",2014,5,0.00529605912699052
"2296","Fukuoka",2014,6,0.00486128263890734
"2297","Fukuoka",2014,7,0.00368374357358852
"2298","Fukuoka",2014,8,0.0036298641405848
"2299","Fukuoka",2014,9,0.0059538643364356
"2300","Fukuoka",2014,10,0.00380769337836659
"2301","Fukuoka",2014,11,0.00454729896074755
"2302","Fukuoka",2014,12,0.00613237534050835
"2303","Fukuoka",2014,13,0.00814526152658475
"2304","Fukuoka",2014,14,0.0062580478979549
"2305","Fukuoka",2014,15,0.00616563036739145
"2306","Fukuoka",2014,16,0.00745811191488508
"2307","Fukuoka",2014,17,0.00764290999275806
"2308","Fukuoka",2014,18,0.00864053190968764
"2309","Fukuoka",2014,19,0.00676991360069521
"2310","Fukuoka",2014,20,0.00958898139544717
"2311","Fukuoka",2014,21,0.0105175138649153
"2312","Fukuoka",2014,22,0.0114199813995895
"2313","Fukuoka",2014,23,0.0128886472706228
"2314","Fukuoka",2014,24,0.0136540188271601
"2315","Fukuoka",2014,25,0.0135357627150523
"2316","Fukuoka",2014,26,0.0142992758704224
"2317","Fukuoka",2014,27,0.0149527608904407
"2318","Fukuoka",2014,28,0.0170812975873894
"2319","Fukuoka",2014,29,0.017781491588269
"2320","Fukuoka",2014,30,0.0188789477587889
"2321","Fukuoka",2014,31,0.0176070393020103
"2322","Fukuoka",2014,32,0.019059822394918
"2323","Fukuoka",2014,33,0.018016597596945
"2324","Fukuoka",2014,34,0.0183442115689693
"2325","Fukuoka",2014,35,0.0167177775331182
"2326","Fukuoka",2014,36,0.0167748139104081
"2327","Fukuoka",2014,37,0.0136101608339024
"2328","Fukuoka",2014,38,0.0116833730428388
"2329","Fukuoka",2014,39,0.0136948630837015
"2330","Fukuoka",2014,40,0.0124129025474452
"2331","Fukuoka",2014,41,0.0107350782798657
"2332","Fukuoka",2014,42,0.00866043453798108
"2333","Fukuoka",2014,43,0.0100760248109129
"2334","Fukuoka",2014,44,0.00959640209588716
"2335","Fukuoka",2014,45,0.0071099699958525
"2336","Fukuoka",2014,46,0.00625808292058301
"2337","Fukuoka",2014,47,0.00617815124784035
"2338","Fukuoka",2014,48,0.0084111215180524
"2339","Fukuoka",2014,49,0.00484644059117644
"2340","Fukuoka",2014,50,0.00447161022491144
"2341","Fukuoka",2014,51,0.00352055068650384
"2342","Fukuoka",2014,52,0.00373870034880397
"2343","Fukuoka",2015,1,0.00425929608477687
"2344","Fukuoka",2015,2,0.0042121769953439
"2345","Fukuoka",2015,3,0.0044539845759177
"2346","Fukuoka",2015,4,0.00483892120911242
"2347","Fukuoka",2015,5,0.00374817251492997
"2348","Fukuoka",2015,6,0.0031681049701265
"2349","Fukuoka",2015,7,0.00491501999473336
"2350","Fukuoka",2015,8,0.00493587913241124
"2351","Fukuoka",2015,9,0.00427977492121418
"2352","Fukuoka",2015,10,0.00389482055368617
"2353","Fukuoka",2015,11,0.00790966928720931
"2354","Fukuoka",2015,12,0.00423613345798074
"2355","Fukuoka",2015,13,0.00975560278045158
"2356","Fukuoka",2015,14,0.00770577080382038
"2357","Fukuoka",2015,15,0.00718786845933463
"2358","Fukuoka",2015,16,0.00777868771809957
"2359","Fukuoka",2015,17,0.00965148507328521
"2360","Fukuoka",2015,18,0.00975750586189085
"2361","Fukuoka",2015,19,0.0107633520693017
"2362","Fukuoka",2015,20,0.00994591409616552
"2363","Fukuoka",2015,21,0.0114027185104511
"2364","Fukuoka",2015,22,0.0119620781953263
"2365","Fukuoka",2015,23,0.0143168448043631
"2366","Fukuoka",2015,24,0.0139255413678478
"2367","Fukuoka",2015,25,0.0150548712354474
"2368","Fukuoka",2015,26,0.0141593108640802
"2369","Fukuoka",2015,27,0.0171691469841997
"2370","Fukuoka",2015,28,0.0163985173111002
"2371","Fukuoka",2015,29,0.0182859336254143
"2372","Fukuoka",2015,30,0.0192840016093166
"2373","Fukuoka",2015,31,0.0182814266427298
"2374","Fukuoka",2015,32,0.0175470090005183
"2375","Fukuoka",2015,33,0.0181052721607411
"2376","Fukuoka",2015,34,0.0161782628099741
"2377","Fukuoka",2015,35,0.0162898146594943
"2378","Fukuoka",2015,36,0.0134204928636665
"2379","Fukuoka",2015,37,0.0121845049152396
"2380","Fukuoka",2015,38,0.013913043052038
"2381","Fukuoka",2015,39,0.01181424050358
"2382","Fukuoka",2015,40,0.00887367870051009
"2383","Fukuoka",2015,41,0.00828216555402646
"2384","Fukuoka",2015,42,0.00976091555790685
"2385","Fukuoka",2015,43,0.00703481342969801
"2386","Fukuoka",2015,44,0.00899355392071189
"2387","Fukuoka",2015,45,0.0103651811627446
"2388","Fukuoka",2015,46,0.010086949660981
"2389","Fukuoka",2015,47,0.00676880747904286
"2390","Fukuoka",2015,48,0.00567206172390491
"2391","Fukuoka",2015,49,0.00659192099756526
"2392","Fukuoka",2015,50,0.00505969397311464
"2393","Fukuoka",2015,51,0.0061128145180821
"2394","Fukuoka",2015,52,0.0043340325458803
"2395","Fukuoka",2016,1,0.00505637568688506
"2396","Fukuoka",2016,2,0.00372259500011994
"2397","Fukuoka",2016,3,0.00368151380950235
"2398","Fukuoka",2016,4,0.00479909313438985
"2399","Fukuoka",2016,5,0.00384088793872687
"2400","Fukuoka",2016,6,0.00532402270359958
"2401","Fukuoka",2016,7,0.00414094446564164
"2402","Fukuoka",2016,8,0.00390857946567784
"2403","Fukuoka",2016,9,0.00518050271577882
"2404","Fukuoka",2016,10,0.00638306109278937
"2405","Fukuoka",2016,11,0.00609857973682156
"2406","Fukuoka",2016,12,0.00449486921739588
"2407","Fukuoka",2016,13,0.00710320134849095
"2408","Fukuoka",2016,14,0.00924252580794268
"2409","Fukuoka",2016,15,0.00797729870045681
"2410","Fukuoka",2016,16,0.00845980607243397
"2411","Fukuoka",2016,17,0.00937880937901399
"2412","Fukuoka",2016,18,0.00961084010472651
"2413","Fukuoka",2016,19,0.0108294941739416
"2414","Fukuoka",2016,20,0.00955415849415984
"2415","Fukuoka",2016,21,0.0127724331559404
"2416","Fukuoka",2016,22,0.0112327050434214
"2417","Fukuoka",2016,23,0.0147659468909651
"2418","Fukuoka",2016,24,0.0150941249056747
"2419","Fukuoka",2016,25,0.0170781802148047
"2420","Fukuoka",2016,26,0.016261544596177
"2421","Fukuoka",2016,27,0.0187639817643212
"2422","Fukuoka",2016,28,0.0189185441183978
"2423","Fukuoka",2016,29,0.0170368988936502
"2424","Fukuoka",2016,30,0.0186339655544416
"2425","Fukuoka",2016,31,0.0188683914208148
"2426","Fukuoka",2016,32,0.01807146038766
"2427","Fukuoka",2016,33,0.0189431196742222
"2428","Fukuoka",2016,34,0.0177509257783621
"2429","Fukuoka",2016,35,0.0145530218157451
"2430","Fukuoka",2016,36,0.0169087828978702
"2431","Fukuoka",2016,37,0.0168648274363233
"2432","Fukuoka",2016,38,0.0148549150051247
"2433","Fukuoka",2016,39,0.0180021036033521
"2434","Fukuoka",2016,40,0.0162397806771715
"2435","Fukuoka",2016,41,0.00932831967907662
"2436","Fukuoka",2016,42,0.0132835634018683
"2437","Fukuoka",2016,43,0.010871482880655
"2438","Fukuoka",2016,44,0.00696110005380891
"2439","Fukuoka",2016,45,0.00718872726905652
"2440","Fukuoka",2016,46,0.0096208237523303
"2441","Fukuoka",2016,47,0.00733322249138206
"2442","Fukuoka",2016,48,0.00568585426461402
"2443","Fukuoka",2016,49,0.00534464168497588
"2444","Fukuoka",2016,50,0.00510259522556998
"2445","Fukuoka",2016,51,0.00643767005591724
"2446","Fukuoka",2016,52,0.00488287850032362
"2447","Fukuoka",2017,1,0.004934694466103
"2448","Fukuoka",2017,2,0.00410742192699659
"2449","Fukuoka",2017,3,0.00373775351235479
"2450","Fukuoka",2017,4,0.00330532851760087
"2451","Fukuoka",2017,5,0.00447547801377664
"2452","Fukuoka",2017,6,0.00375882896710348
"2453","Fukuoka",2017,7,0.00420120945421755
"2454","Fukuoka",2017,8,0.00455575938245144
"2455","Fukuoka",2017,9,0.00430906354395292
"2456","Fukuoka",2017,10,0.00384218361544833
"2457","Fukuoka",2017,11,0.0046003395310642
"2458","Fukuoka",2017,12,0.00513759567938276
"2459","Fukuoka",2017,13,0.00574542744088745
"2460","Fukuoka",2017,14,0.00838610715311689
"2461","Fukuoka",2017,15,0.00789809965442104
"2462","Fukuoka",2017,16,0.00863219552605762
"2463","Fukuoka",2017,17,0.0076396173100989
"2464","Fukuoka",2017,18,0.010363983345118
"2465","Fukuoka",2017,19,0.00999428406188944
"2466","Fukuoka",2017,20,0.00886361791927737
"2467","Fukuoka",2017,21,0.011006376188586
"2468","Fukuoka",2017,22,0.0108037792797157
"2469","Fukuoka",2017,23,0.0105640435727371
"2470","Fukuoka",2017,24,0.0107359228786529
"2471","Fukuoka",2017,25,0.01404374976968
"2472","Fukuoka",2017,26,0.0173156144426308
"2473","Fukuoka",2017,27,0.0189191666783971
"2474","Fukuoka",2017,28,0.0190835502029404
"2475","Fukuoka",2017,29,0.0199571349935694
"2476","Fukuoka",2017,30,0.0208877658240926
"2477","Fukuoka",2017,31,0.0198791615085277
"2478","Fukuoka",2017,32,0.0196885658618813
"2479","Fukuoka",2017,33,0.0190078831451169
"2480","Fukuoka",2017,34,0.0193579305552724
"2481","Fukuoka",2017,35,0.0151939945636328
"2482","Fukuoka",2017,36,0.0157884891690645
"2483","Fukuoka",2017,37,0.0152883801415326
"2484","Fukuoka",2017,38,0.0141897874363451
"2485","Fukuoka",2017,39,0.0123847606239882
"2486","Fukuoka",2017,40,0.0127673477136645
"2487","Fukuoka",2017,41,0.0135063934997782
"2488","Fukuoka",2017,42,0.0111367557066255
"2489","Fukuoka",2017,43,0.00915085737108745
"2490","Fukuoka",2017,44,0.0077773114584633
"2491","Fukuoka",2017,45,0.0080908671011356
"2492","Fukuoka",2017,46,0.00600675582747849
"2493","Fukuoka",2017,47,0.00443255756280955
"2494","Fukuoka",2017,48,0.0063506586156693
"2495","Fukuoka",2017,49,0.00411221181279747
"2496","Fukuoka",2017,50,0.00377287546016103
"2497","Fukuoka",2017,51,0.00380053602439442
"2498","Fukuoka",2017,52,0.00396912830104221
"2499","Fukuoka",2018,1,0.00358767612807554
"2500","Fukuoka",2018,2,0.00388151645962066
"2501","Fukuoka",2018,3,0.00532300372444776
"2502","Fukuoka",2018,4,0.00310549783794563
"2503","Fukuoka",2018,5,0.00336400057941638
"2504","Fukuoka",2018,6,0.00298613330061665
"2505","Fukuoka",2018,7,0.00382484181307375
"2506","Fukuoka",2018,8,0.0039824507929716
"2507","Fukuoka",2018,9,0.00513062653657807
"2508","Fukuoka",2018,10,0.00584403393281804
"2509","Fukuoka",2018,11,0.00595579126844406
"2510","Fukuoka",2018,12,0.0061967620324629
"2511","Fukuoka",2018,13,0.00666024381894877
"2512","Fukuoka",2018,14,0.00811738667367639
"2513","Fukuoka",2018,15,0.00754839182196566
"2514","Fukuoka",2018,16,0.0075137491577229
"2515","Fukuoka",2018,17,0.00896049558227389
"2516","Fukuoka",2018,18,0.00843001499007257
"2517","Fukuoka",2018,19,0.00948793882349014
"2518","Fukuoka",2018,20,0.0125312951719566
"2519","Fukuoka",2018,21,0.0104765355073529
"2520","Fukuoka",2018,22,0.0125739164445575
"2521","Fukuoka",2018,23,0.014204300978594
"2522","Fukuoka",2018,24,0.0127312194261613
"2523","Fukuoka",2018,25,0.0144868406178358
"2524","Fukuoka",2018,26,0.0171125669261205
"2525","Fukuoka",2018,27,0.0178943231911706
"2526","Fukuoka",2018,28,0.0181990277028584
"2527","Fukuoka",2018,29,0.0185079032413968
"2528","Fukuoka",2018,30,0.0197340086262031
"2529","Fukuoka",2018,31,0.0190363506534121
"2530","Fukuoka",2018,32,0.018136140752506
"2531","Fukuoka",2018,33,0.0176916175638976
"2532","Fukuoka",2018,34,0.0176149137522063
"2533","Fukuoka",2018,35,0.0178185939909138
"2534","Fukuoka",2018,36,0.0157804734255831
"2535","Fukuoka",2018,37,0.015813727294964
"2536","Fukuoka",2018,38,0.0159542452378454
"2537","Fukuoka",2018,39,0.0122746879665111
"2538","Fukuoka",2018,40,0.0124293496799581
"2539","Fukuoka",2018,41,0.0100671660163667
"2540","Fukuoka",2018,42,0.00864983985768722
"2541","Fukuoka",2018,43,0.00847524475999402
"2542","Fukuoka",2018,44,0.00631675876650696
"2543","Fukuoka",2018,45,0.0082676100444948
"2544","Fukuoka",2018,46,0.0069600494642051
"2545","Fukuoka",2018,47,0.00543511095837092
"2546","Fukuoka",2018,48,0.00710795013991924
"2547","Fukuoka",2018,49,0.00766943001536425
"2548","Fukuoka",2018,50,0.00425620700485487
"2549","Fukuoka",2018,51,0.00636688800210292
"2550","Fukuoka",2018,52,0.00399345913929765
"2551","Fukuoka",2019,1,0.0037278402316274
"2552","Fukuoka",2019,2,0.00445309771938191
"2553","Fukuoka",2019,3,0.00450189583161549
"2554","Fukuoka",2019,4,0.0039209732390429
"2555","Fukuoka",2019,5,0.00428998251790261
"2556","Fukuoka",2019,6,0.00549493825063961
"2557","Fukuoka",2019,7,0.00402248120929111
"2558","Fukuoka",2019,8,0.00504251906347901
"2559","Fukuoka",2019,9,0.00547493751975682
"2560","Fukuoka",2019,10,0.00582902377524968
"2561","Fukuoka",2019,11,0.00476555362759845
"2562","Fukuoka",2019,12,0.00590705984489645
"2563","Fukuoka",2019,13,0.00612363290987882
"2564","Fukuoka",2019,14,0.00477028705283447
"2565","Fukuoka",2019,15,0.00671328606257911
"2566","Fukuoka",2019,16,0.00772781880109058
"2567","Fukuoka",2019,17,0.00969245918369404
"2568","Fukuoka",2019,18,0.00917095900486974
"2569","Fukuoka",2019,19,0.00767457179918145
"2570","Fukuoka",2019,20,0.0107172382756744
"2571","Fukuoka",2019,21,0.00981081171163037
"2572","Fukuoka",2019,22,0.0102845122973006
"2573","Fukuoka",2019,23,0.0140245273412877
"2574","Fukuoka",2019,24,0.0119051498813308
"2575","Fukuoka",2019,25,0.0127926601710563
"2576","Fukuoka",2019,26,0.0153440358217766
"2577","Fukuoka",2019,27,0.015877903117577
"2578","Fukuoka",2019,28,0.0161921784184164
"2579","Fukuoka",2019,29,0.0178845450667601
"2580","Fukuoka",2019,30,0.0193422357331381
"2581","Fukuoka",2019,31,0.0193831387953556
"2582","Fukuoka",2019,32,0.0187795365861245
"2583","Fukuoka",2019,33,0.0193879770866774
"2584","Fukuoka",2019,34,0.0184260180425873
"2585","Fukuoka",2019,35,0.0162676668154978
"2586","Fukuoka",2019,36,0.0181352392479444
"2587","Fukuoka",2019,37,0.0183395404673844
"2588","Fukuoka",2019,38,0.0138224698700462
"2589","Fukuoka",2019,39,0.0145736474320087
"2590","Fukuoka",2019,40,0.015630164558313
"2591","Fukuoka",2019,41,0.011202895989836
"2592","Fukuoka",2019,42,0.0101924540337157
"2593","Fukuoka",2019,43,0.0113418403450103
"2594","Fukuoka",2019,44,0.00819727274490497
"2595","Fukuoka",2019,45,0.00726412065813145
"2596","Fukuoka",2019,46,0.00674936481028704
"2597","Fukuoka",2019,47,0.00688361285146573
"2598","Fukuoka",2019,48,0.00711476239561784
"2599","Fukuoka",2019,49,0.00493388308984775
"2600","Fukuoka",2019,50,0.00471382315656377
"2601","Fukuoka",2019,51,0.006268768106294
"2602","Fukuoka",2019,52,0.00530504213644402
"2603","Fukuoka",2020,1,0.00491474161656904
"2604","Fukuoka",2020,2,0.00548967146784019
"2605","Fukuoka",2020,3,0.00426550440578637
"2606","Fukuoka",2020,4,0.00584605072685577
"2607","Fukuoka",2020,5,0.00545068378092517
"2608","Fukuoka",2020,6,0.00386038869269725
"2609","Fukuoka",2020,7,0.00638818300868313
"2610","Fukuoka",2020,8,0.00428184947477374
"2611","Fukuoka",2020,9,0.00564960228111603
"2612","Fukushima",2013,1,0.00228400289281516
"2613","Fukushima",2013,2,0.00249382843570823
"2614","Fukushima",2013,3,0.00272905915037505
"2615","Fukushima",2013,4,0.00286146220433023
"2616","Fukushima",2013,5,0.00289921414195735
"2617","Fukushima",2013,6,0.00262655348480935
"2618","Fukushima",2013,7,0.00254268421669757
"2619","Fukushima",2013,8,0.00213432026925742
"2620","Fukushima",2013,9,0.00273558968489796
"2621","Fukushima",2013,10,0.00334369829075115
"2622","Fukushima",2013,11,0.00287788418258971
"2623","Fukushima",2013,12,0.00439931710202117
"2624","Fukushima",2013,13,0.00410140665335383
"2625","Fukushima",2013,14,0.00564831266802218
"2626","Fukushima",2013,15,0.00385928396569891
"2627","Fukushima",2013,16,0.0051418919962432
"2628","Fukushima",2013,17,0.00487425844286628
"2629","Fukushima",2013,18,0.00462054593905407
"2630","Fukushima",2013,19,0.00575661861156071
"2631","Fukushima",2013,20,0.00769762727929399
"2632","Fukushima",2013,21,0.00845160114863142
"2633","Fukushima",2013,22,0.00972345034555788
"2634","Fukushima",2013,23,0.00939230519042782
"2635","Fukushima",2013,24,0.0126032402220392
"2636","Fukushima",2013,25,0.012669089610903
"2637","Fukushima",2013,26,0.0117593592109085
"2638","Fukushima",2013,27,0.014208884331908
"2639","Fukushima",2013,28,0.0155522726048558
"2640","Fukushima",2013,29,0.0131142228718791
"2641","Fukushima",2013,30,0.0152230882160707
"2642","Fukushima",2013,31,0.0151283089470578
"2643","Fukushima",2013,32,0.0172325611358768
"2644","Fukushima",2013,33,0.0163798358681629
"2645","Fukushima",2013,34,0.0160589711517064
"2646","Fukushima",2013,35,0.0141133740977913
"2647","Fukushima",2013,36,0.015248876535452
"2648","Fukushima",2013,37,0.0138200504164658
"2649","Fukushima",2013,38,0.0112197517500112
"2650","Fukushima",2013,39,0.0101696428028823
"2651","Fukushima",2013,40,0.010816023769331
"2652","Fukushima",2013,41,0.0123576705691776
"2653","Fukushima",2013,42,0.00723737788685088
"2654","Fukushima",2013,43,0.00874946013682022
"2655","Fukushima",2013,44,0.00655415649719724
"2656","Fukushima",2013,45,0.0063692348036509
"2657","Fukushima",2013,46,0.00449389134031633
"2658","Fukushima",2013,47,0.00445716770844664
"2659","Fukushima",2013,48,0.0041291244193264
"2660","Fukushima",2013,49,0.00424350663294202
"2661","Fukushima",2013,50,0.00325737466931083
"2662","Fukushima",2013,51,0.00354450005999507
"2663","Fukushima",2013,52,0.00291626599482124
"2664","Fukushima",2014,1,0.00289746123671466
"2665","Fukushima",2014,2,0.00253114671198579
"2666","Fukushima",2014,3,0.002253186529047
"2667","Fukushima",2014,4,0.00267706517935376
"2668","Fukushima",2014,5,0.00274605103817704
"2669","Fukushima",2014,6,0.00283075670502636
"2670","Fukushima",2014,7,0.00279579380437962
"2671","Fukushima",2014,8,0.00236586977652702
"2672","Fukushima",2014,9,0.00342858220340356
"2673","Fukushima",2014,10,0.00267397688328241
"2674","Fukushima",2014,11,0.00302444263664005
"2675","Fukushima",2014,12,0.00362901971837027
"2676","Fukushima",2014,13,0.00447765967412556
"2677","Fukushima",2014,14,0.00469070790105854
"2678","Fukushima",2014,15,0.0033460021600751
"2679","Fukushima",2014,16,0.00392406323404302
"2680","Fukushima",2014,17,0.00516870652636204
"2681","Fukushima",2014,18,0.00713937423090787
"2682","Fukushima",2014,19,0.00569368389862302
"2683","Fukushima",2014,20,0.00695825893889828
"2684","Fukushima",2014,21,0.00771054405850369
"2685","Fukushima",2014,22,0.0101816025107073
"2686","Fukushima",2014,23,0.0110698232485566
"2687","Fukushima",2014,24,0.0121463352952583
"2688","Fukushima",2014,25,0.011617326196034
"2689","Fukushima",2014,26,0.0124364755119942
"2690","Fukushima",2014,27,0.0128524899911939
"2691","Fukushima",2014,28,0.0146397269854085
"2692","Fukushima",2014,29,0.0147110111775488
"2693","Fukushima",2014,30,0.0156810566952978
"2694","Fukushima",2014,31,0.0149487855896827
"2695","Fukushima",2014,32,0.017299893376202
"2696","Fukushima",2014,33,0.0157334154543263
"2697","Fukushima",2014,34,0.0170037259539774
"2698","Fukushima",2014,35,0.0133069909309076
"2699","Fukushima",2014,36,0.0131906253446516
"2700","Fukushima",2014,37,0.011206917268527
"2701","Fukushima",2014,38,0.00918488418311788
"2702","Fukushima",2014,39,0.00937312865858081
"2703","Fukushima",2014,40,0.0102580834064327
"2704","Fukushima",2014,41,0.00846523302915203
"2705","Fukushima",2014,42,0.00713888752611646
"2706","Fukushima",2014,43,0.00770419970635674
"2707","Fukushima",2014,44,0.00692784163752874
"2708","Fukushima",2014,45,0.00592661992134522
"2709","Fukushima",2014,46,0.00538485405488254
"2710","Fukushima",2014,47,0.00433843035955947
"2711","Fukushima",2014,48,0.0059342010649865
"2712","Fukushima",2014,49,0.00409816646354998
"2713","Fukushima",2014,50,0.00318594272739284
"2714","Fukushima",2014,51,0.00291241414739222
"2715","Fukushima",2014,52,0.0028086096745315
"2716","Fukushima",2015,1,0.00290919967559233
"2717","Fukushima",2015,2,0.00288703774203435
"2718","Fukushima",2015,3,0.0028381679531276
"2719","Fukushima",2015,4,0.00314912400703143
"2720","Fukushima",2015,5,0.00268839377560065
"2721","Fukushima",2015,6,0.00268377042468548
"2722","Fukushima",2015,7,0.0031717117898604
"2723","Fukushima",2015,8,0.00372559726745507
"2724","Fukushima",2015,9,0.00350287955566887
"2725","Fukushima",2015,10,0.00340508820233207
"2726","Fukushima",2015,11,0.0044796783079979
"2727","Fukushima",2015,12,0.00285760759854501
"2728","Fukushima",2015,13,0.00516910539983376
"2729","Fukushima",2015,14,0.00500487935899709
"2730","Fukushima",2015,15,0.00547285409254415
"2731","Fukushima",2015,16,0.00592635479292018
"2732","Fukushima",2015,17,0.00665309262984032
"2733","Fukushima",2015,18,0.00694747387644428
"2734","Fukushima",2015,19,0.00701551039373234
"2735","Fukushima",2015,20,0.00736540183208187
"2736","Fukushima",2015,21,0.00909140706513383
"2737","Fukushima",2015,22,0.00844674204961404
"2738","Fukushima",2015,23,0.0105212516851683
"2739","Fukushima",2015,24,0.0116304151822645
"2740","Fukushima",2015,25,0.0122811876424801
"2741","Fukushima",2015,26,0.0121193018082032
"2742","Fukushima",2015,27,0.0122529238820746
"2743","Fukushima",2015,28,0.0157823375435124
"2744","Fukushima",2015,29,0.0165467768381125
"2745","Fukushima",2015,30,0.0168828391696644
"2746","Fukushima",2015,31,0.0164310502463966
"2747","Fukushima",2015,32,0.0158505143366961
"2748","Fukushima",2015,33,0.0153673280148415
"2749","Fukushima",2015,34,0.0122840661796804
"2750","Fukushima",2015,35,0.0136492681664841
"2751","Fukushima",2015,36,0.0132488048647831
"2752","Fukushima",2015,37,0.0112001278009387
"2753","Fukushima",2015,38,0.0104289109115888
"2754","Fukushima",2015,39,0.00856102696109676
"2755","Fukushima",2015,40,0.00697719812513589
"2756","Fukushima",2015,41,0.00748809619548404
"2757","Fukushima",2015,42,0.00784410260080665
"2758","Fukushima",2015,43,0.00574870277571874
"2759","Fukushima",2015,44,0.00634478114946233
"2760","Fukushima",2015,45,0.00717948257511192
"2761","Fukushima",2015,46,0.00737319462926161
"2762","Fukushima",2015,47,0.00498892661358901
"2763","Fukushima",2015,48,0.00436938132422453
"2764","Fukushima",2015,49,0.00419435882240986
"2765","Fukushima",2015,50,0.00436536036513527
"2766","Fukushima",2015,51,0.00382428897686373
"2767","Fukushima",2015,52,0.00287728642464873
"2768","Fukushima",2016,1,0.00363155875617918
"2769","Fukushima",2016,2,0.00261099614842134
"2770","Fukushima",2016,3,0.00274932811076531
"2771","Fukushima",2016,4,0.00291464793311932
"2772","Fukushima",2016,5,0.00272117936960069
"2773","Fukushima",2016,6,0.00313874026248981
"2774","Fukushima",2016,7,0.00340835850522624
"2775","Fukushima",2016,8,0.00268871478785199
"2776","Fukushima",2016,9,0.00331162058697092
"2777","Fukushima",2016,10,0.00444107516146526
"2778","Fukushima",2016,11,0.0040840849694893
"2779","Fukushima",2016,12,0.00296640029517403
"2780","Fukushima",2016,13,0.00416094224566196
"2781","Fukushima",2016,14,0.00569145532980256
"2782","Fukushima",2016,15,0.00491023039624212
"2783","Fukushima",2016,16,0.00638900269289943
"2784","Fukushima",2016,17,0.00597459819220142
"2785","Fukushima",2016,18,0.00729750225301099
"2786","Fukushima",2016,19,0.00810284041471088
"2787","Fukushima",2016,20,0.00766088393850753
"2788","Fukushima",2016,21,0.00960087805459378
"2789","Fukushima",2016,22,0.00788247033773259
"2790","Fukushima",2016,23,0.010523254409686
"2791","Fukushima",2016,24,0.0117081398656935
"2792","Fukushima",2016,25,0.0127868052852111
"2793","Fukushima",2016,26,0.0129010252672381
"2794","Fukushima",2016,27,0.0140035753527175
"2795","Fukushima",2016,28,0.0142452490005832
"2796","Fukushima",2016,29,0.0133510966290076
"2797","Fukushima",2016,30,0.0146338467977102
"2798","Fukushima",2016,31,0.016602163964931
"2799","Fukushima",2016,32,0.0143238915172451
"2800","Fukushima",2016,33,0.0166327203159899
"2801","Fukushima",2016,34,0.016350221216042
"2802","Fukushima",2016,35,0.0148121811524549
"2803","Fukushima",2016,36,0.01533736642768
"2804","Fukushima",2016,37,0.0136375224171681
"2805","Fukushima",2016,38,0.0123420343784561
"2806","Fukushima",2016,39,0.0128444703839924
"2807","Fukushima",2016,40,0.0109879788567184
"2808","Fukushima",2016,41,0.00664713629383
"2809","Fukushima",2016,42,0.00834965017353505
"2810","Fukushima",2016,43,0.00611798798998073
"2811","Fukushima",2016,44,0.00516860762729649
"2812","Fukushima",2016,45,0.00454354578402566
"2813","Fukushima",2016,46,0.00558677355302485
"2814","Fukushima",2016,47,0.00475757039593738
"2815","Fukushima",2016,48,0.00446839505276352
"2816","Fukushima",2016,49,0.00396171308957791
"2817","Fukushima",2016,50,0.0032079241126528
"2818","Fukushima",2016,51,0.00462999883385957
"2819","Fukushima",2016,52,0.00323178208404825
"2820","Fukushima",2017,1,0.0032398246773308
"2821","Fukushima",2017,2,0.00302560941526364
"2822","Fukushima",2017,3,0.00277564882877734
"2823","Fukushima",2017,4,0.00256052221092472
"2824","Fukushima",2017,5,0.00289808122186965
"2825","Fukushima",2017,6,0.00293847869644487
"2826","Fukushima",2017,7,0.00277138808794936
"2827","Fukushima",2017,8,0.00290255610040266
"2828","Fukushima",2017,9,0.00322448050145736
"2829","Fukushima",2017,10,0.00301840268838485
"2830","Fukushima",2017,11,0.00344205346267454
"2831","Fukushima",2017,12,0.00328237614962862
"2832","Fukushima",2017,13,0.00372966106251942
"2833","Fukushima",2017,14,0.00522243637777292
"2834","Fukushima",2017,15,0.00436614709087992
"2835","Fukushima",2017,16,0.00573654311956094
"2836","Fukushima",2017,17,0.00526872247726931
"2837","Fukushima",2017,18,0.00666928465494801
"2838","Fukushima",2017,19,0.00762284407199479
"2839","Fukushima",2017,20,0.00808784047789981
"2840","Fukushima",2017,21,0.0102555144820351
"2841","Fukushima",2017,22,0.00939335334279283
"2842","Fukushima",2017,23,0.00861419961166175
"2843","Fukushima",2017,24,0.00896848686188312
"2844","Fukushima",2017,25,0.0110605268845771
"2845","Fukushima",2017,26,0.0131519367329191
"2846","Fukushima",2017,27,0.0145610875849823
"2847","Fukushima",2017,28,0.0165404193053169
"2848","Fukushima",2017,29,0.0159059647522501
"2849","Fukushima",2017,30,0.0166153397383179
"2850","Fukushima",2017,31,0.0156016563585731
"2851","Fukushima",2017,32,0.0168844197058612
"2852","Fukushima",2017,33,0.0156575420426138
"2853","Fukushima",2017,34,0.0160885919388119
"2854","Fukushima",2017,35,0.0127162521167358
"2855","Fukushima",2017,36,0.0122010816816811
"2856","Fukushima",2017,37,0.0116401465236559
"2857","Fukushima",2017,38,0.0112451108408747
"2858","Fukushima",2017,39,0.010037199973048
"2859","Fukushima",2017,40,0.00891023802216529
"2860","Fukushima",2017,41,0.0104276271467792
"2861","Fukushima",2017,42,0.00773154472573332
"2862","Fukushima",2017,43,0.00751015764837947
"2863","Fukushima",2017,44,0.00645372845320242
"2864","Fukushima",2017,45,0.00529590275979168
"2865","Fukushima",2017,46,0.00477904931589257
"2866","Fukushima",2017,47,0.00367758933220128
"2867","Fukushima",2017,48,0.00423408027593895
"2868","Fukushima",2017,49,0.00357796443957879
"2869","Fukushima",2017,50,0.00313539219516191
"2870","Fukushima",2017,51,0.00297595758392646
"2871","Fukushima",2017,52,0.00297817427835792
"2872","Fukushima",2018,1,0.00280662185529101
"2873","Fukushima",2018,2,0.00279757761164647
"2874","Fukushima",2018,3,0.00334108558263319
"2875","Fukushima",2018,4,0.00229678913056487
"2876","Fukushima",2018,5,0.00261539499096224
"2877","Fukushima",2018,6,0.00245377138277643
"2878","Fukushima",2018,7,0.00250161470063849
"2879","Fukushima",2018,8,0.00251696807898039
"2880","Fukushima",2018,9,0.00317238027777296
"2881","Fukushima",2018,10,0.00394001002399218
"2882","Fukushima",2018,11,0.00366738480220864
"2883","Fukushima",2018,12,0.00412016032913343
"2884","Fukushima",2018,13,0.00397548037966821
"2885","Fukushima",2018,14,0.00584752760862149
"2886","Fukushima",2018,15,0.00468440238387754
"2887","Fukushima",2018,16,0.00604063551059494
"2888","Fukushima",2018,17,0.00713676813799935
"2889","Fukushima",2018,18,0.00768339406807962
"2890","Fukushima",2018,19,0.00670106657912338
"2891","Fukushima",2018,20,0.00956007582919197
"2892","Fukushima",2018,21,0.00790879657668398
"2893","Fukushima",2018,22,0.0100905588005818
"2894","Fukushima",2018,23,0.0112536807929089
"2895","Fukushima",2018,24,0.0095811220386627
"2896","Fukushima",2018,25,0.0110033737567745
"2897","Fukushima",2018,26,0.0145176296919723
"2898","Fukushima",2018,27,0.0154053900365827
"2899","Fukushima",2018,28,0.0161304547876251
"2900","Fukushima",2018,29,0.0169797412115667
"2901","Fukushima",2018,30,0.015599187907426
"2902","Fukushima",2018,31,0.0162558604168897
"2903","Fukushima",2018,32,0.0164481261814506
"2904","Fukushima",2018,33,0.0149171926877362
"2905","Fukushima",2018,34,0.0162301387694416
"2906","Fukushima",2018,35,0.0158447862825065
"2907","Fukushima",2018,36,0.015181559651397
"2908","Fukushima",2018,37,0.0124896052367196
"2909","Fukushima",2018,38,0.011482057161086
"2910","Fukushima",2018,39,0.0108577674479956
"2911","Fukushima",2018,40,0.0111949236194256
"2912","Fukushima",2018,41,0.00969485880209916
"2913","Fukushima",2018,42,0.00790877826291198
"2914","Fukushima",2018,43,0.00725238196560426
"2915","Fukushima",2018,44,0.00597781924676702
"2916","Fukushima",2018,45,0.00844262405303715
"2917","Fukushima",2018,46,0.005644311625571
"2918","Fukushima",2018,47,0.0046008891857574
"2919","Fukushima",2018,48,0.00488942715264395
"2920","Fukushima",2018,49,0.00524677084741269
"2921","Fukushima",2018,50,0.00307195428641479
"2922","Fukushima",2018,51,0.00386233581525165
"2923","Fukushima",2018,52,0.00311745315442323
"2924","Fukushima",2019,1,0.00277112149228286
"2925","Fukushima",2019,2,0.00271512559390833
"2926","Fukushima",2019,3,0.00284215257815263
"2927","Fukushima",2019,4,0.00271874509200395
"2928","Fukushima",2019,5,0.00284205667720793
"2929","Fukushima",2019,6,0.00315594425386023
"2930","Fukushima",2019,7,0.00244314255788252
"2931","Fukushima",2019,8,0.00354599773222082
"2932","Fukushima",2019,9,0.0033589357185504
"2933","Fukushima",2019,10,0.0039466159625912
"2934","Fukushima",2019,11,0.00373731554651495
"2935","Fukushima",2019,12,0.00388085116227775
"2936","Fukushima",2019,13,0.00335598178189078
"2937","Fukushima",2019,14,0.00334740417121632
"2938","Fukushima",2019,15,0.00375752477294841
"2939","Fukushima",2019,16,0.00501159901727684
"2940","Fukushima",2019,17,0.00699315378604156
"2941","Fukushima",2019,18,0.00638585569576625
"2942","Fukushima",2019,19,0.00582359860650051
"2943","Fukushima",2019,20,0.00802971298473461
"2944","Fukushima",2019,21,0.00783683156744461
"2945","Fukushima",2019,22,0.0090894004791366
"2946","Fukushima",2019,23,0.0110246152963031
"2947","Fukushima",2019,24,0.00965698167676462
"2948","Fukushima",2019,25,0.0113111592564043
"2949","Fukushima",2019,26,0.012916217137423
"2950","Fukushima",2019,27,0.0134509724033454
"2951","Fukushima",2019,28,0.011587225521532
"2952","Fukushima",2019,29,0.0149593592841722
"2953","Fukushima",2019,30,0.0164572149204251
"2954","Fukushima",2019,31,0.0181680229279552
"2955","Fukushima",2019,32,0.0184623869249002
"2956","Fukushima",2019,33,0.0184643860379415
"2957","Fukushima",2019,34,0.0157936938375529
"2958","Fukushima",2019,35,0.0147992487384476
"2959","Fukushima",2019,36,0.0148698554570344
"2960","Fukushima",2019,37,0.0143205246748505
"2961","Fukushima",2019,38,0.0115482092431206
"2962","Fukushima",2019,39,0.0114320236515561
"2963","Fukushima",2019,40,0.0119312608473672
"2964","Fukushima",2019,41,0.0104015141031273
"2965","Fukushima",2019,42,0.0082472594187987
"2966","Fukushima",2019,43,0.0088688254923622
"2967","Fukushima",2019,44,0.00700110649755024
"2968","Fukushima",2019,45,0.0053720741700315
"2969","Fukushima",2019,46,0.00564716767259752
"2970","Fukushima",2019,47,0.00510213379691662
"2971","Fukushima",2019,48,0.00468900237688328
"2972","Fukushima",2019,49,0.00398196472875196
"2973","Fukushima",2019,50,0.00397812129070371
"2974","Fukushima",2019,51,0.00411058724469579
"2975","Fukushima",2019,52,0.00369821804811655
"2976","Fukushima",2020,1,0.0033104327306129
"2977","Fukushima",2020,2,0.00368213437444972
"2978","Fukushima",2020,3,0.00359217369360659
"2979","Fukushima",2020,4,0.00332571033033939
"2980","Fukushima",2020,5,0.00380194828007034
"2981","Fukushima",2020,6,0.00258555077727998
"2982","Fukushima",2020,7,0.00377252533788574
"2983","Fukushima",2020,8,0.00384020540346248
"2984","Fukushima",2020,9,0.00361695761703061
"2985","Gifu",2013,1,0.00224987919587214
"2986","Gifu",2013,2,0.00253828462127857
"2987","Gifu",2013,3,0.00268491485542971
"2988","Gifu",2013,4,0.00293952417459938
"2989","Gifu",2013,5,0.00307904802407764
"2990","Gifu",2013,6,0.00291257548566466
"2991","Gifu",2013,7,0.00245198451483199
"2992","Gifu",2013,8,0.00238560222285818
"2993","Gifu",2013,9,0.00282294657564449
"2994","Gifu",2013,10,0.00344202008626832
"2995","Gifu",2013,11,0.00317997828212033
"2996","Gifu",2013,12,0.00446657038501846
"2997","Gifu",2013,13,0.0043871015884545
"2998","Gifu",2013,14,0.00588806499663424
"2999","Gifu",2013,15,0.00362319766753305
"3000","Gifu",2013,16,0.00541867189836135
"3001","Gifu",2013,17,0.00468683344543097
"3002","Gifu",2013,18,0.00459721583393439
"3003","Gifu",2013,19,0.00581050297285823
"3004","Gifu",2013,20,0.0078181561844392
"3005","Gifu",2013,21,0.00846384000859724
"3006","Gifu",2013,22,0.0103440473646097
"3007","Gifu",2013,23,0.0100657416187369
"3008","Gifu",2013,24,0.0130797711742295
"3009","Gifu",2013,25,0.0129294414778608
"3010","Gifu",2013,26,0.0121898920941519
"3011","Gifu",2013,27,0.0142704431355177
"3012","Gifu",2013,28,0.0154238190939685
"3013","Gifu",2013,29,0.0139104115932119
"3014","Gifu",2013,30,0.0154541521488465
"3015","Gifu",2013,31,0.0151787487005199
"3016","Gifu",2013,32,0.0166216638564109
"3017","Gifu",2013,33,0.01520318666688
"3018","Gifu",2013,34,0.0162192361030645
"3019","Gifu",2013,35,0.0140847560694461
"3020","Gifu",2013,36,0.0145624504767001
"3021","Gifu",2013,37,0.0139739378758171
"3022","Gifu",2013,38,0.0109190476798451
"3023","Gifu",2013,39,0.010265594554168
"3024","Gifu",2013,40,0.0107453095646925
"3025","Gifu",2013,41,0.0123628271611037
"3026","Gifu",2013,42,0.00748744287715223
"3027","Gifu",2013,43,0.00945380340425397
"3028","Gifu",2013,44,0.00636056489688443
"3029","Gifu",2013,45,0.00643132402904666
"3030","Gifu",2013,46,0.00462291361230052
"3031","Gifu",2013,47,0.00427886589050317
"3032","Gifu",2013,48,0.0040705921325592
"3033","Gifu",2013,49,0.00413081111538648
"3034","Gifu",2013,50,0.00323052015170046
"3035","Gifu",2013,51,0.00347699141470978
"3036","Gifu",2013,52,0.00279927942445989
"3037","Gifu",2014,1,0.00292045935707901
"3038","Gifu",2014,2,0.00245938519757864
"3039","Gifu",2014,3,0.0022541131771315
"3040","Gifu",2014,4,0.00265514511592691
"3041","Gifu",2014,5,0.002874308944749
"3042","Gifu",2014,6,0.00320164157310828
"3043","Gifu",2014,7,0.00255683696005534
"3044","Gifu",2014,8,0.002114447626567
"3045","Gifu",2014,9,0.00375415163991465
"3046","Gifu",2014,10,0.00289722048170011
"3047","Gifu",2014,11,0.002904960669766
"3048","Gifu",2014,12,0.0040158083695885
"3049","Gifu",2014,13,0.00494838392636035
"3050","Gifu",2014,14,0.00486904612085341
"3051","Gifu",2014,15,0.00328868235733896
"3052","Gifu",2014,16,0.0048089392300908
"3053","Gifu",2014,17,0.00558830931056339
"3054","Gifu",2014,18,0.00712307795879393
"3055","Gifu",2014,19,0.00552415620271916
"3056","Gifu",2014,20,0.00705930897054167
"3057","Gifu",2014,21,0.00770682641949926
"3058","Gifu",2014,22,0.00942464916958661
"3059","Gifu",2014,23,0.0111597053692969
"3060","Gifu",2014,24,0.01162222278104
"3061","Gifu",2014,25,0.0110811505025608
"3062","Gifu",2014,26,0.012096414122339
"3063","Gifu",2014,27,0.0124407050857685
"3064","Gifu",2014,28,0.0148504305705714
"3065","Gifu",2014,29,0.0147680018610455
"3066","Gifu",2014,30,0.0154892570631581
"3067","Gifu",2014,31,0.014546240305332
"3068","Gifu",2014,32,0.016302052697525
"3069","Gifu",2014,33,0.0164283422609238
"3070","Gifu",2014,34,0.0159594542867303
"3071","Gifu",2014,35,0.0140488286069927
"3072","Gifu",2014,36,0.0134957767378997
"3073","Gifu",2014,37,0.0108275363395865
"3074","Gifu",2014,38,0.00893339014753368
"3075","Gifu",2014,39,0.0104035586386809
"3076","Gifu",2014,40,0.0105129144188496
"3077","Gifu",2014,41,0.00954054540579896
"3078","Gifu",2014,42,0.00728874080138875
"3079","Gifu",2014,43,0.00823399872163075
"3080","Gifu",2014,44,0.0072107384668761
"3081","Gifu",2014,45,0.00625312019781416
"3082","Gifu",2014,46,0.00579031013069685
"3083","Gifu",2014,47,0.00410977479191698
"3084","Gifu",2014,48,0.00645642429165576
"3085","Gifu",2014,49,0.00418838576716482
"3086","Gifu",2014,50,0.00330420433161584
"3087","Gifu",2014,51,0.00293124424456163
"3088","Gifu",2014,52,0.00293762701801365
"3089","Gifu",2015,1,0.00309308570228666
"3090","Gifu",2015,2,0.0029446945966538
"3091","Gifu",2015,3,0.00323376710989947
"3092","Gifu",2015,4,0.00330314932598061
"3093","Gifu",2015,5,0.00249527109655016
"3094","Gifu",2015,6,0.00281445585991365
"3095","Gifu",2015,7,0.00321677875024738
"3096","Gifu",2015,8,0.00401552466731906
"3097","Gifu",2015,9,0.00362336532913979
"3098","Gifu",2015,10,0.00337287900540089
"3099","Gifu",2015,11,0.00530989603124556
"3100","Gifu",2015,12,0.00292951037188222
"3101","Gifu",2015,13,0.00681855961947275
"3102","Gifu",2015,14,0.00618902376389451
"3103","Gifu",2015,15,0.00573094677390356
"3104","Gifu",2015,16,0.00649380598104052
"3105","Gifu",2015,17,0.00753287591311833
"3106","Gifu",2015,18,0.00778319121693792
"3107","Gifu",2015,19,0.00784519098401504
"3108","Gifu",2015,20,0.00737317908182423
"3109","Gifu",2015,21,0.00920483339241165
"3110","Gifu",2015,22,0.00923157439068097
"3111","Gifu",2015,23,0.0110365398142189
"3112","Gifu",2015,24,0.0122441955595353
"3113","Gifu",2015,25,0.0122323326383186
"3114","Gifu",2015,26,0.0121855319667676
"3115","Gifu",2015,27,0.0140316903704203
"3116","Gifu",2015,28,0.0159776467956842
"3117","Gifu",2015,29,0.0161089092444789
"3118","Gifu",2015,30,0.0163839938999763
"3119","Gifu",2015,31,0.0168148663862295
"3120","Gifu",2015,32,0.015122719022288
"3121","Gifu",2015,33,0.0156902572487628
"3122","Gifu",2015,34,0.0148358768546287
"3123","Gifu",2015,35,0.0140223023002875
"3124","Gifu",2015,36,0.0127617230938539
"3125","Gifu",2015,37,0.0110809528689433
"3126","Gifu",2015,38,0.0115222800367405
"3127","Gifu",2015,39,0.00870791950260522
"3128","Gifu",2015,40,0.00757741774580724
"3129","Gifu",2015,41,0.00722584490960433
"3130","Gifu",2015,42,0.0080057375455817
"3131","Gifu",2015,43,0.0057827018845559
"3132","Gifu",2015,44,0.00650555491719966
"3133","Gifu",2015,45,0.00767240985533778
"3134","Gifu",2015,46,0.00796559135831783
"3135","Gifu",2015,47,0.00572438203950623
"3136","Gifu",2015,48,0.00447678458929712
"3137","Gifu",2015,49,0.00472346553677415
"3138","Gifu",2015,50,0.00456851603857491
"3139","Gifu",2015,51,0.00447607084450474
"3140","Gifu",2015,52,0.00299115654622694
"3141","Gifu",2016,1,0.00378290477914712
"3142","Gifu",2016,2,0.00298607733307498
"3143","Gifu",2016,3,0.00266054845160389
"3144","Gifu",2016,4,0.00303279379247843
"3145","Gifu",2016,5,0.00279041717048734
"3146","Gifu",2016,6,0.00362407575733794
"3147","Gifu",2016,7,0.00348730178178537
"3148","Gifu",2016,8,0.00281164321547117
"3149","Gifu",2016,9,0.00343239564025818
"3150","Gifu",2016,10,0.00497391526524198
"3151","Gifu",2016,11,0.00426017443821573
"3152","Gifu",2016,12,0.00296496184762097
"3153","Gifu",2016,13,0.00476724205277319
"3154","Gifu",2016,14,0.00612266574846841
"3155","Gifu",2016,15,0.00519922097726887
"3156","Gifu",2016,16,0.00666111390861657
"3157","Gifu",2016,17,0.00688719166721579
"3158","Gifu",2016,18,0.0068235694179736
"3159","Gifu",2016,19,0.00886367539458787
"3160","Gifu",2016,20,0.00839768976646852
"3161","Gifu",2016,21,0.00988551346592367
"3162","Gifu",2016,22,0.00856599574992943
"3163","Gifu",2016,23,0.0109668068516825
"3164","Gifu",2016,24,0.0124449781711232
"3165","Gifu",2016,25,0.0132153733463477
"3166","Gifu",2016,26,0.0134274015735338
"3167","Gifu",2016,27,0.0154306668622016
"3168","Gifu",2016,28,0.0145939159635696
"3169","Gifu",2016,29,0.014003078085719
"3170","Gifu",2016,30,0.015096709031694
"3171","Gifu",2016,31,0.0164146724495466
"3172","Gifu",2016,32,0.0151145461296905
"3173","Gifu",2016,33,0.017071074143349
"3174","Gifu",2016,34,0.0162485607051009
"3175","Gifu",2016,35,0.0134602216198532
"3176","Gifu",2016,36,0.0147615927896276
"3177","Gifu",2016,37,0.0140489872212877
"3178","Gifu",2016,38,0.0139141036784789
"3179","Gifu",2016,39,0.0139888429542175
"3180","Gifu",2016,40,0.012593016016454
"3181","Gifu",2016,41,0.00705678621821473
"3182","Gifu",2016,42,0.00942349110634736
"3183","Gifu",2016,43,0.00722382443868504
"3184","Gifu",2016,44,0.00522592598776746
"3185","Gifu",2016,45,0.00523012312674357
"3186","Gifu",2016,46,0.00631876051578008
"3187","Gifu",2016,47,0.0057690929770592
"3188","Gifu",2016,48,0.00470506096382451
"3189","Gifu",2016,49,0.00418831159195944
"3190","Gifu",2016,50,0.00323631936125035
"3191","Gifu",2016,51,0.00467437994038853
"3192","Gifu",2016,52,0.0034369662042508
"3193","Gifu",2017,1,0.00305131248966408
"3194","Gifu",2017,2,0.00322521295534506
"3195","Gifu",2017,3,0.00257939795733206
"3196","Gifu",2017,4,0.00246127557859456
"3197","Gifu",2017,5,0.00287977582460289
"3198","Gifu",2017,6,0.00290676111658375
"3199","Gifu",2017,7,0.00282510769515557
"3200","Gifu",2017,8,0.00310179818239473
"3201","Gifu",2017,9,0.00315962380778896
"3202","Gifu",2017,10,0.00301530100182656
"3203","Gifu",2017,11,0.00329544544969108
"3204","Gifu",2017,12,0.00331134387068142
"3205","Gifu",2017,13,0.00390737169664833
"3206","Gifu",2017,14,0.00625396111668265
"3207","Gifu",2017,15,0.00512763352762548
"3208","Gifu",2017,16,0.00587839655081123
"3209","Gifu",2017,17,0.00544259348374226
"3210","Gifu",2017,18,0.00716879266725005
"3211","Gifu",2017,19,0.00791185265008493
"3212","Gifu",2017,20,0.00782688833091248
"3213","Gifu",2017,21,0.00970272836005527
"3214","Gifu",2017,22,0.00898389131683452
"3215","Gifu",2017,23,0.00864263081244332
"3216","Gifu",2017,24,0.00792324789199969
"3217","Gifu",2017,25,0.011105592594524
"3218","Gifu",2017,26,0.0140393048549058
"3219","Gifu",2017,27,0.0143525646320468
"3220","Gifu",2017,28,0.0164750611379653
"3221","Gifu",2017,29,0.015858102627085
"3222","Gifu",2017,30,0.0176941321533411
"3223","Gifu",2017,31,0.0168624836242909
"3224","Gifu",2017,32,0.0170666276611863
"3225","Gifu",2017,33,0.0162440858537133
"3226","Gifu",2017,34,0.0161460139670731
"3227","Gifu",2017,35,0.0134260465801252
"3228","Gifu",2017,36,0.0125162886585838
"3229","Gifu",2017,37,0.011920704667517
"3230","Gifu",2017,38,0.0110905164266723
"3231","Gifu",2017,39,0.00938184863849144
"3232","Gifu",2017,40,0.00932234254286752
"3233","Gifu",2017,41,0.0113811229179677
"3234","Gifu",2017,42,0.00926526304437958
"3235","Gifu",2017,43,0.00750142197578257
"3236","Gifu",2017,44,0.00590694728627164
"3237","Gifu",2017,45,0.00591980559095829
"3238","Gifu",2017,46,0.00492027497164212
"3239","Gifu",2017,47,0.00382544921178359
"3240","Gifu",2017,48,0.00464225100264489
"3241","Gifu",2017,49,0.00341558604017825
"3242","Gifu",2017,50,0.00301104769858728
"3243","Gifu",2017,51,0.00286174119740457
"3244","Gifu",2017,52,0.00312789354772884
"3245","Gifu",2018,1,0.00286077641122421
"3246","Gifu",2018,2,0.00279290852260079
"3247","Gifu",2018,3,0.00367718730354124
"3248","Gifu",2018,4,0.00238732063490751
"3249","Gifu",2018,5,0.00284458329572304
"3250","Gifu",2018,6,0.00223928524884637
"3251","Gifu",2018,7,0.00254329996721832
"3252","Gifu",2018,8,0.00254598027543051
"3253","Gifu",2018,9,0.00307377023479281
"3254","Gifu",2018,10,0.00458404353459169
"3255","Gifu",2018,11,0.00398974165269379
"3256","Gifu",2018,12,0.00482700717069804
"3257","Gifu",2018,13,0.00436117017829352
"3258","Gifu",2018,14,0.00649935645242813
"3259","Gifu",2018,15,0.00511896919893583
"3260","Gifu",2018,16,0.00602978140219538
"3261","Gifu",2018,17,0.00756200588069694
"3262","Gifu",2018,18,0.00692607335068447
"3263","Gifu",2018,19,0.0073344712820033
"3264","Gifu",2018,20,0.00994684247767922
"3265","Gifu",2018,21,0.00793603539395473
"3266","Gifu",2018,22,0.00952196481646581
"3267","Gifu",2018,23,0.0114899698094233
"3268","Gifu",2018,24,0.0110779957808435
"3269","Gifu",2018,25,0.0113896872616606
"3270","Gifu",2018,26,0.0147694345270162
"3271","Gifu",2018,27,0.0156072792362117
"3272","Gifu",2018,28,0.015652590349212
"3273","Gifu",2018,29,0.0171345821732083
"3274","Gifu",2018,30,0.0161270005384881
"3275","Gifu",2018,31,0.0158318912138552
"3276","Gifu",2018,32,0.0165938336798197
"3277","Gifu",2018,33,0.0149248221187311
"3278","Gifu",2018,34,0.0161492607709509
"3279","Gifu",2018,35,0.0159647185761722
"3280","Gifu",2018,36,0.0151288869769029
"3281","Gifu",2018,37,0.0134801864236715
"3282","Gifu",2018,38,0.0118738947717821
"3283","Gifu",2018,39,0.0109694476001797
"3284","Gifu",2018,40,0.0114286675392548
"3285","Gifu",2018,41,0.00966878989210943
"3286","Gifu",2018,42,0.00762351474541954
"3287","Gifu",2018,43,0.00709453860023055
"3288","Gifu",2018,44,0.00553773105355275
"3289","Gifu",2018,45,0.00839762904169772
"3290","Gifu",2018,46,0.00551606208275143
"3291","Gifu",2018,47,0.00440271216083137
"3292","Gifu",2018,48,0.00503733914293261
"3293","Gifu",2018,49,0.00624518253430766
"3294","Gifu",2018,50,0.00314962005596043
"3295","Gifu",2018,51,0.00437351851343818
"3296","Gifu",2018,52,0.00330137584016034
"3297","Gifu",2019,1,0.00289617607180267
"3298","Gifu",2019,2,0.00282074920413387
"3299","Gifu",2019,3,0.00304033986934141
"3300","Gifu",2019,4,0.00292456363399861
"3301","Gifu",2019,5,0.00276815566084246
"3302","Gifu",2019,6,0.00355305361758153
"3303","Gifu",2019,7,0.00266656438655851
"3304","Gifu",2019,8,0.00355304657480285
"3305","Gifu",2019,9,0.00374590084992635
"3306","Gifu",2019,10,0.00414343006950783
"3307","Gifu",2019,11,0.00398105270058815
"3308","Gifu",2019,12,0.00413711567298242
"3309","Gifu",2019,13,0.00386044976831876
"3310","Gifu",2019,14,0.00341438335635692
"3311","Gifu",2019,15,0.0040845695608819
"3312","Gifu",2019,16,0.0054682190002867
"3313","Gifu",2019,17,0.00805554266288964
"3314","Gifu",2019,18,0.00647285569972722
"3315","Gifu",2019,19,0.00577992161063918
"3316","Gifu",2019,20,0.00871803063444372
"3317","Gifu",2019,21,0.00722162924885875
"3318","Gifu",2019,22,0.00868101287082725
"3319","Gifu",2019,23,0.0110225527518315
"3320","Gifu",2019,24,0.0107260399059127
"3321","Gifu",2019,25,0.0106218143101749
"3322","Gifu",2019,26,0.0133237272204035
"3323","Gifu",2019,27,0.014661456836233
"3324","Gifu",2019,28,0.013556091868009
"3325","Gifu",2019,29,0.015561102617561
"3326","Gifu",2019,30,0.0165005994654027
"3327","Gifu",2019,31,0.0178445711742131
"3328","Gifu",2019,32,0.0176204562159137
"3329","Gifu",2019,33,0.0179615994453273
"3330","Gifu",2019,34,0.016282419358622
"3331","Gifu",2019,35,0.014636129281744
"3332","Gifu",2019,36,0.0152083452714907
"3333","Gifu",2019,37,0.0149629526621566
"3334","Gifu",2019,38,0.0122868071814231
"3335","Gifu",2019,39,0.0123312755980288
"3336","Gifu",2019,40,0.0125304114590045
"3337","Gifu",2019,41,0.0106468935296524
"3338","Gifu",2019,42,0.00956738825009799
"3339","Gifu",2019,43,0.00977404393114014
"3340","Gifu",2019,44,0.00718724370132145
"3341","Gifu",2019,45,0.00518143586009652
"3342","Gifu",2019,46,0.00571987567167649
"3343","Gifu",2019,47,0.00566753850034945
"3344","Gifu",2019,48,0.00524996281085345
"3345","Gifu",2019,49,0.00415330196781142
"3346","Gifu",2019,50,0.00419422877701999
"3347","Gifu",2019,51,0.00480251505497899
"3348","Gifu",2019,52,0.00380266513811753
"3349","Gifu",2020,1,0.00391423255292481
"3350","Gifu",2020,2,0.00384738058603632
"3351","Gifu",2020,3,0.00354298315411826
"3352","Gifu",2020,4,0.00391262633185579
"3353","Gifu",2020,5,0.00402308187899943
"3354","Gifu",2020,6,0.0025883939476703
"3355","Gifu",2020,7,0.00393071214347576
"3356","Gifu",2020,8,0.00390102742688675
"3357","Gifu",2020,9,0.00365989724339513
"3358","Gunma",2013,1,0.00202464792091122
"3359","Gunma",2013,2,0.0023243465681027
"3360","Gunma",2013,3,0.00251314564880663
"3361","Gunma",2013,4,0.00263281073730048
"3362","Gunma",2013,5,0.0027521695023054
"3363","Gunma",2013,6,0.00267620805504554
"3364","Gunma",2013,7,0.00236644612026529
"3365","Gunma",2013,8,0.00208328156134489
"3366","Gunma",2013,9,0.0026271113717426
"3367","Gunma",2013,10,0.00311687039951689
"3368","Gunma",2013,11,0.00273520697785756
"3369","Gunma",2013,12,0.00452118445899138
"3370","Gunma",2013,13,0.00465708033084412
"3371","Gunma",2013,14,0.00588844752980105
"3372","Gunma",2013,15,0.00371623903024556
"3373","Gunma",2013,16,0.00523268045246711
"3374","Gunma",2013,17,0.00453774886715245
"3375","Gunma",2013,18,0.0045601573679765
"3376","Gunma",2013,19,0.00541730945366264
"3377","Gunma",2013,20,0.00777697683168236
"3378","Gunma",2013,21,0.00846082988911632
"3379","Gunma",2013,22,0.00970753784877618
"3380","Gunma",2013,23,0.00927527578337508
"3381","Gunma",2013,24,0.0125051988539448
"3382","Gunma",2013,25,0.0130119725908565
"3383","Gunma",2013,26,0.0118399194319009
"3384","Gunma",2013,27,0.0138984177934077
"3385","Gunma",2013,28,0.0157765384232689
"3386","Gunma",2013,29,0.0130808965390708
"3387","Gunma",2013,30,0.0151420889972801
"3388","Gunma",2013,31,0.0152254847719386
"3389","Gunma",2013,32,0.0165859066133958
"3390","Gunma",2013,33,0.015735387863082
"3391","Gunma",2013,34,0.0160363613897339
"3392","Gunma",2013,35,0.0138514908597205
"3393","Gunma",2013,36,0.0151163871999899
"3394","Gunma",2013,37,0.0135808304944446
"3395","Gunma",2013,38,0.0110553611414351
"3396","Gunma",2013,39,0.00989590321676491
"3397","Gunma",2013,40,0.0106809728829758
"3398","Gunma",2013,41,0.0121910569415208
"3399","Gunma",2013,42,0.00718471566929014
"3400","Gunma",2013,43,0.00870173558474147
"3401","Gunma",2013,44,0.00640978670637318
"3402","Gunma",2013,45,0.00619665379274002
"3403","Gunma",2013,46,0.00435466787914527
"3404","Gunma",2013,47,0.00375702911648705
"3405","Gunma",2013,48,0.00365898243092116
"3406","Gunma",2013,49,0.00388845097434564
"3407","Gunma",2013,50,0.00276291345393965
"3408","Gunma",2013,51,0.00318164605365298
"3409","Gunma",2013,52,0.00251006528781434
"3410","Gunma",2014,1,0.00240619973756539
"3411","Gunma",2014,2,0.00230789895212146
"3412","Gunma",2014,3,0.00203658683825028
"3413","Gunma",2014,4,0.00227673929013454
"3414","Gunma",2014,5,0.0024336979395282
"3415","Gunma",2014,6,0.00262199432953941
"3416","Gunma",2014,7,0.00251309301415955
"3417","Gunma",2014,8,0.00218069827077217
"3418","Gunma",2014,9,0.00356355641133593
"3419","Gunma",2014,10,0.00260530810965704
"3420","Gunma",2014,11,0.00274509473653024
"3421","Gunma",2014,12,0.00352496060361933
"3422","Gunma",2014,13,0.00433587905927949
"3423","Gunma",2014,14,0.00456347896010682
"3424","Gunma",2014,15,0.00316632432265887
"3425","Gunma",2014,16,0.00440185077558011
"3426","Gunma",2014,17,0.00481453969528931
"3427","Gunma",2014,18,0.00666118424595533
"3428","Gunma",2014,19,0.00556481879198386
"3429","Gunma",2014,20,0.0060822997173826
"3430","Gunma",2014,21,0.0073036011734675
"3431","Gunma",2014,22,0.00953926846582477
"3432","Gunma",2014,23,0.0107015469656399
"3433","Gunma",2014,24,0.0117816180105226
"3434","Gunma",2014,25,0.0112574904765677
"3435","Gunma",2014,26,0.0119286349512921
"3436","Gunma",2014,27,0.0125583103695172
"3437","Gunma",2014,28,0.0143866067007895
"3438","Gunma",2014,29,0.0149319157099233
"3439","Gunma",2014,30,0.0157824398444854
"3440","Gunma",2014,31,0.0141118740003851
"3441","Gunma",2014,32,0.0158778689962148
"3442","Gunma",2014,33,0.0159965591021839
"3443","Gunma",2014,34,0.0162137708048977
"3444","Gunma",2014,35,0.0131668615201406
"3445","Gunma",2014,36,0.0132747198141961
"3446","Gunma",2014,37,0.0107735234108568
"3447","Gunma",2014,38,0.00904966000067649
"3448","Gunma",2014,39,0.00939144680927672
"3449","Gunma",2014,40,0.0101369021595756
"3450","Gunma",2014,41,0.00877539578305841
"3451","Gunma",2014,42,0.00690916078597503
"3452","Gunma",2014,43,0.00763510760484765
"3453","Gunma",2014,44,0.00645999445552284
"3454","Gunma",2014,45,0.00602780527987763
"3455","Gunma",2014,46,0.00511500056280833
"3456","Gunma",2014,47,0.00401622978470937
"3457","Gunma",2014,48,0.00598719845214226
"3458","Gunma",2014,49,0.00386361854596754
"3459","Gunma",2014,50,0.00300218936647574
"3460","Gunma",2014,51,0.00264157289251592
"3461","Gunma",2014,52,0.00255513602345286
"3462","Gunma",2015,1,0.00264040339236338
"3463","Gunma",2015,2,0.0027296686805958
"3464","Gunma",2015,3,0.00268043631746346
"3465","Gunma",2015,4,0.00295013877874086
"3466","Gunma",2015,5,0.00253446830342517
"3467","Gunma",2015,6,0.00233916904574335
"3468","Gunma",2015,7,0.00288530730788236
"3469","Gunma",2015,8,0.00383675214559302
"3470","Gunma",2015,9,0.00332762761357997
"3471","Gunma",2015,10,0.00308394778700958
"3472","Gunma",2015,11,0.00500063077900842
"3473","Gunma",2015,12,0.00268178698340583
"3474","Gunma",2015,13,0.00567326486895411
"3475","Gunma",2015,14,0.0053515232436843
"3476","Gunma",2015,15,0.0054697562905375
"3477","Gunma",2015,16,0.0063817065931128
"3478","Gunma",2015,17,0.00646802066284901
"3479","Gunma",2015,18,0.00697583712013665
"3480","Gunma",2015,19,0.00679319436680548
"3481","Gunma",2015,20,0.00734665126507977
"3482","Gunma",2015,21,0.00855883338266112
"3483","Gunma",2015,22,0.00836248312111015
"3484","Gunma",2015,23,0.0108288512513583
"3485","Gunma",2015,24,0.011516132403057
"3486","Gunma",2015,25,0.0119457962338295
"3487","Gunma",2015,26,0.0121161059151361
"3488","Gunma",2015,27,0.0125352307918536
"3489","Gunma",2015,28,0.0154692932856412
"3490","Gunma",2015,29,0.0163463422334081
"3491","Gunma",2015,30,0.0169925263169562
"3492","Gunma",2015,31,0.0160895262357629
"3493","Gunma",2015,32,0.0156528240338484
"3494","Gunma",2015,33,0.0156148915428439
"3495","Gunma",2015,34,0.0129468373848626
"3496","Gunma",2015,35,0.0135710223970459
"3497","Gunma",2015,36,0.0132490991190469
"3498","Gunma",2015,37,0.0110830386070681
"3499","Gunma",2015,38,0.0102431661867385
"3500","Gunma",2015,39,0.00864887903375646
"3501","Gunma",2015,40,0.00690432769063275
"3502","Gunma",2015,41,0.00765173216879726
"3503","Gunma",2015,42,0.00795663409912276
"3504","Gunma",2015,43,0.00582257093365996
"3505","Gunma",2015,44,0.00617872364995689
"3506","Gunma",2015,45,0.00725958429420538
"3507","Gunma",2015,46,0.00752877379355098
"3508","Gunma",2015,47,0.00500144602381088
"3509","Gunma",2015,48,0.00419825477027635
"3510","Gunma",2015,49,0.00418303210476546
"3511","Gunma",2015,50,0.00437069260637304
"3512","Gunma",2015,51,0.00381472932274166
"3513","Gunma",2015,52,0.00266067609127774
"3514","Gunma",2016,1,0.00344371709257096
"3515","Gunma",2016,2,0.00269276088113436
"3516","Gunma",2016,3,0.00249349360369906
"3517","Gunma",2016,4,0.00257360374125948
"3518","Gunma",2016,5,0.00268398498319077
"3519","Gunma",2016,6,0.00294083400247717
"3520","Gunma",2016,7,0.00335036014586173
"3521","Gunma",2016,8,0.00270845291069181
"3522","Gunma",2016,9,0.00332247373717855
"3523","Gunma",2016,10,0.00488586133624897
"3524","Gunma",2016,11,0.0040353354200871
"3525","Gunma",2016,12,0.00310994164536468
"3526","Gunma",2016,13,0.00447517144003691
"3527","Gunma",2016,14,0.00605918733252854
"3528","Gunma",2016,15,0.00503358810205218
"3529","Gunma",2016,16,0.00686647425514021
"3530","Gunma",2016,17,0.00651777747956267
"3531","Gunma",2016,18,0.00734514778822498
"3532","Gunma",2016,19,0.00859320419246314
"3533","Gunma",2016,20,0.00772234355026485
"3534","Gunma",2016,21,0.0092485762555557
"3535","Gunma",2016,22,0.00790907403119215
"3536","Gunma",2016,23,0.0105021915556777
"3537","Gunma",2016,24,0.0117218851170948
"3538","Gunma",2016,25,0.0129562581437998
"3539","Gunma",2016,26,0.0128940572446456
"3540","Gunma",2016,27,0.0144924775175187
"3541","Gunma",2016,28,0.0144879782669145
"3542","Gunma",2016,29,0.013913830923831
"3543","Gunma",2016,30,0.0143872056663413
"3544","Gunma",2016,31,0.0161623510254904
"3545","Gunma",2016,32,0.0146011205848486
"3546","Gunma",2016,33,0.0162388537529374
"3547","Gunma",2016,34,0.0158345294768071
"3548","Gunma",2016,35,0.0138266080052116
"3549","Gunma",2016,36,0.0151745737217853
"3550","Gunma",2016,37,0.013864935309528
"3551","Gunma",2016,38,0.0125996857798638
"3552","Gunma",2016,39,0.0129006575373391
"3553","Gunma",2016,40,0.0112236964168069
"3554","Gunma",2016,41,0.00680179186078699
"3555","Gunma",2016,42,0.00871359075583758
"3556","Gunma",2016,43,0.00633056227606939
"3557","Gunma",2016,44,0.00510988208410877
"3558","Gunma",2016,45,0.00465175105034421
"3559","Gunma",2016,46,0.00549856007950993
"3560","Gunma",2016,47,0.00504520029957881
"3561","Gunma",2016,48,0.00431771541406587
"3562","Gunma",2016,49,0.00372323976669874
"3563","Gunma",2016,50,0.00303730649949537
"3564","Gunma",2016,51,0.0041489655760873
"3565","Gunma",2016,52,0.00292659812230176
"3566","Gunma",2017,1,0.00278737710471705
"3567","Gunma",2017,2,0.00277530342093919
"3568","Gunma",2017,3,0.00241491111580692
"3569","Gunma",2017,4,0.00221100697324772
"3570","Gunma",2017,5,0.00267751265191368
"3571","Gunma",2017,6,0.00251416290939241
"3572","Gunma",2017,7,0.00249484185463955
"3573","Gunma",2017,8,0.00274579690749997
"3574","Gunma",2017,9,0.00317127040229117
"3575","Gunma",2017,10,0.00278146613082504
"3576","Gunma",2017,11,0.00318241334451926
"3577","Gunma",2017,12,0.00305393661225023
"3578","Gunma",2017,13,0.00362486965213079
"3579","Gunma",2017,14,0.00556037063190638
"3580","Gunma",2017,15,0.0044511861210178
"3581","Gunma",2017,16,0.00566365980768349
"3582","Gunma",2017,17,0.00520914688066574
"3583","Gunma",2017,18,0.0065557915674438
"3584","Gunma",2017,19,0.00747417787117429
"3585","Gunma",2017,20,0.00842983425415362
"3586","Gunma",2017,21,0.010335639690373
"3587","Gunma",2017,22,0.00920843137013634
"3588","Gunma",2017,23,0.0085732316647402
"3589","Gunma",2017,24,0.00865521367185866
"3590","Gunma",2017,25,0.0107081954523927
"3591","Gunma",2017,26,0.0134542589543398
"3592","Gunma",2017,27,0.0147688191176344
"3593","Gunma",2017,28,0.0161002207566382
"3594","Gunma",2017,29,0.0152566585783633
"3595","Gunma",2017,30,0.0166763664850613
"3596","Gunma",2017,31,0.0158772259238138
"3597","Gunma",2017,32,0.01712201241261
"3598","Gunma",2017,33,0.0155546166925031
"3599","Gunma",2017,34,0.0157328648936845
"3600","Gunma",2017,35,0.0131388845849543
"3601","Gunma",2017,36,0.0120674800017825
"3602","Gunma",2017,37,0.0118086913187394
"3603","Gunma",2017,38,0.0110527020384676
"3604","Gunma",2017,39,0.0100095322803247
"3605","Gunma",2017,40,0.00881670578028959
"3606","Gunma",2017,41,0.0109348608102225
"3607","Gunma",2017,42,0.00803179275164558
"3608","Gunma",2017,43,0.00726462621542989
"3609","Gunma",2017,44,0.00589252140212385
"3610","Gunma",2017,45,0.0049702029420053
"3611","Gunma",2017,46,0.00459424085052332
"3612","Gunma",2017,47,0.00340643898080649
"3613","Gunma",2017,48,0.00456236821581562
"3614","Gunma",2017,49,0.00313338058110506
"3615","Gunma",2017,50,0.00270949010614973
"3616","Gunma",2017,51,0.00257567789490783
"3617","Gunma",2017,52,0.00268980600624844
"3618","Gunma",2018,1,0.00248656187110906
"3619","Gunma",2018,2,0.00239963519848134
"3620","Gunma",2018,3,0.00334599981147236
"3621","Gunma",2018,4,0.00204054254007742
"3622","Gunma",2018,5,0.00256666768751514
"3623","Gunma",2018,6,0.00202430031428167
"3624","Gunma",2018,7,0.00226352336263813
"3625","Gunma",2018,8,0.00250961561072425
"3626","Gunma",2018,9,0.00307134637132575
"3627","Gunma",2018,10,0.00402286573917307
"3628","Gunma",2018,11,0.00367917446188854
"3629","Gunma",2018,12,0.00437721199006926
"3630","Gunma",2018,13,0.00415221026984459
"3631","Gunma",2018,14,0.00623272399131178
"3632","Gunma",2018,15,0.00457131513159196
"3633","Gunma",2018,16,0.00620726423663602
"3634","Gunma",2018,17,0.00730895518886867
"3635","Gunma",2018,18,0.00733102023479218
"3636","Gunma",2018,19,0.00701705326578407
"3637","Gunma",2018,20,0.00981012908824311
"3638","Gunma",2018,21,0.00763236103366757
"3639","Gunma",2018,22,0.00974967452778503
"3640","Gunma",2018,23,0.0105197281254377
"3641","Gunma",2018,24,0.0104349386109803
"3642","Gunma",2018,25,0.0112396016218984
"3643","Gunma",2018,26,0.0141317512621036
"3644","Gunma",2018,27,0.0151637130806548
"3645","Gunma",2018,28,0.0157234760539781
"3646","Gunma",2018,29,0.0178674194734992
"3647","Gunma",2018,30,0.0157706209756142
"3648","Gunma",2018,31,0.0163600055143063
"3649","Gunma",2018,32,0.0170249982878154
"3650","Gunma",2018,33,0.0145998461475541
"3651","Gunma",2018,34,0.0160537375920762
"3652","Gunma",2018,35,0.0157714078150607
"3653","Gunma",2018,36,0.0146760298365277
"3654","Gunma",2018,37,0.0124428077852157
"3655","Gunma",2018,38,0.0116259729536569
"3656","Gunma",2018,39,0.0109311726902351
"3657","Gunma",2018,40,0.0111964388158682
"3658","Gunma",2018,41,0.0100031470821232
"3659","Gunma",2018,42,0.00785440169079028
"3660","Gunma",2018,43,0.00714252622298103
"3661","Gunma",2018,44,0.00562904538141706
"3662","Gunma",2018,45,0.00819763260645179
"3663","Gunma",2018,46,0.00561798896191363
"3664","Gunma",2018,47,0.00451733763496419
"3665","Gunma",2018,48,0.00484562949381424
"3666","Gunma",2018,49,0.00545351503886954
"3667","Gunma",2018,50,0.00293337859818455
"3668","Gunma",2018,51,0.00382126159871498
"3669","Gunma",2018,52,0.00293531884844776
"3670","Gunma",2019,1,0.00250175433654659
"3671","Gunma",2019,2,0.00244712352475248
"3672","Gunma",2019,3,0.00258581165468294
"3673","Gunma",2019,4,0.00244343497761064
"3674","Gunma",2019,5,0.00243135058647648
"3675","Gunma",2019,6,0.00306115580712829
"3676","Gunma",2019,7,0.00228476188089353
"3677","Gunma",2019,8,0.00334188216123108
"3678","Gunma",2019,9,0.00335528281663725
"3679","Gunma",2019,10,0.00397151811446071
"3680","Gunma",2019,11,0.00346762330903995
"3681","Gunma",2019,12,0.00374106977202305
"3682","Gunma",2019,13,0.00328950961934835
"3683","Gunma",2019,14,0.00289141274051482
"3684","Gunma",2019,15,0.00371828494606418
"3685","Gunma",2019,16,0.00490684655773096
"3686","Gunma",2019,17,0.00735541463867063
"3687","Gunma",2019,18,0.00643492572897831
"3688","Gunma",2019,19,0.00539911682697332
"3689","Gunma",2019,20,0.00811813065548159
"3690","Gunma",2019,21,0.00781238495496838
"3691","Gunma",2019,22,0.00883859138281157
"3692","Gunma",2019,23,0.010702811647848
"3693","Gunma",2019,24,0.00978774675949722
"3694","Gunma",2019,25,0.0109780414634648
"3695","Gunma",2019,26,0.0130516466078875
"3696","Gunma",2019,27,0.0140031698171903
"3697","Gunma",2019,28,0.0123226698834952
"3698","Gunma",2019,29,0.0149661211584301
"3699","Gunma",2019,30,0.0165242630312043
"3700","Gunma",2019,31,0.0178308601741011
"3701","Gunma",2019,32,0.0174263815267077
"3702","Gunma",2019,33,0.0181978411218044
"3703","Gunma",2019,34,0.0160411668670532
"3704","Gunma",2019,35,0.0147301458347619
"3705","Gunma",2019,36,0.0150081483261768
"3706","Gunma",2019,37,0.0141587746021851
"3707","Gunma",2019,38,0.0116939885520373
"3708","Gunma",2019,39,0.0117671877336286
"3709","Gunma",2019,40,0.0117165334640846
"3710","Gunma",2019,41,0.0105314163140016
"3711","Gunma",2019,42,0.00872242039793156
"3712","Gunma",2019,43,0.00903144033994863
"3713","Gunma",2019,44,0.00708564863907049
"3714","Gunma",2019,45,0.00529959037320915
"3715","Gunma",2019,46,0.00540663340080951
"3716","Gunma",2019,47,0.00523471636066543
"3717","Gunma",2019,48,0.00501650446040258
"3718","Gunma",2019,49,0.00369292210074163
"3719","Gunma",2019,50,0.00388891523914938
"3720","Gunma",2019,51,0.00421353308041474
"3721","Gunma",2019,52,0.00351390610210809
"3722","Gunma",2020,1,0.0032250218601988
"3723","Gunma",2020,2,0.00338205771716583
"3724","Gunma",2020,3,0.00343828178048065
"3725","Gunma",2020,4,0.00336166476504531
"3726","Gunma",2020,5,0.00363760697781164
"3727","Gunma",2020,6,0.00240644621285887
"3728","Gunma",2020,7,0.00371294012380431
"3729","Gunma",2020,8,0.00387611574466736
"3730","Gunma",2020,9,0.00351005046530742
"3731","Hiroshima",2013,1,0.002819066606456
"3732","Hiroshima",2013,2,0.00298120176354409
"3733","Hiroshima",2013,3,0.00324028293316849
"3734","Hiroshima",2013,4,0.00340623508813567
"3735","Hiroshima",2013,5,0.00396668190873144
"3736","Hiroshima",2013,6,0.0036645883124853
"3737","Hiroshima",2013,7,0.00307112872538661
"3738","Hiroshima",2013,8,0.00319466114952972
"3739","Hiroshima",2013,9,0.00377063951844451
"3740","Hiroshima",2013,10,0.0044531165175101
"3741","Hiroshima",2013,11,0.00408501582727479
"3742","Hiroshima",2013,12,0.00566715360443576
"3743","Hiroshima",2013,13,0.00522549123345417
"3744","Hiroshima",2013,14,0.00594300539847765
"3745","Hiroshima",2013,15,0.00402233685740305
"3746","Hiroshima",2013,16,0.00629120761111271
"3747","Hiroshima",2013,17,0.00575928691822973
"3748","Hiroshima",2013,18,0.00608411845968471
"3749","Hiroshima",2013,19,0.00685662956726105
"3750","Hiroshima",2013,20,0.00773496721952888
"3751","Hiroshima",2013,21,0.0089681415232398
"3752","Hiroshima",2013,22,0.0107841312397063
"3753","Hiroshima",2013,23,0.010566381286005
"3754","Hiroshima",2013,24,0.0137819573882022
"3755","Hiroshima",2013,25,0.0143840117195502
"3756","Hiroshima",2013,26,0.0137476935171223
"3757","Hiroshima",2013,27,0.0161313261565513
"3758","Hiroshima",2013,28,0.0167693334644887
"3759","Hiroshima",2013,29,0.016273997417813
"3760","Hiroshima",2013,30,0.0165253049133873
"3761","Hiroshima",2013,31,0.0186234108146539
"3762","Hiroshima",2013,32,0.0186977291795425
"3763","Hiroshima",2013,33,0.0169303620381327
"3764","Hiroshima",2013,34,0.0176945486941613
"3765","Hiroshima",2013,35,0.015657765208956
"3766","Hiroshima",2013,36,0.0137910098608793
"3767","Hiroshima",2013,37,0.0150708015784399
"3768","Hiroshima",2013,38,0.0110865543864837
"3769","Hiroshima",2013,39,0.0112193427466221
"3770","Hiroshima",2013,40,0.011594781652831
"3771","Hiroshima",2013,41,0.01345707206869
"3772","Hiroshima",2013,42,0.0081232934164187
"3773","Hiroshima",2013,43,0.00997055278843609
"3774","Hiroshima",2013,44,0.00701856003068157
"3775","Hiroshima",2013,45,0.00776857506259182
"3776","Hiroshima",2013,46,0.00585889003566326
"3777","Hiroshima",2013,47,0.00429021870669767
"3778","Hiroshima",2013,48,0.00438876969662385
"3779","Hiroshima",2013,49,0.00440840651879198
"3780","Hiroshima",2013,50,0.00393809820970225
"3781","Hiroshima",2013,51,0.00385763669826004
"3782","Hiroshima",2013,52,0.00360480467026056
"3783","Hiroshima",2014,1,0.00346819954818155
"3784","Hiroshima",2014,2,0.00345081607867556
"3785","Hiroshima",2014,3,0.0032823414251926
"3786","Hiroshima",2014,4,0.00367256804455623
"3787","Hiroshima",2014,5,0.00427632019202455
"3788","Hiroshima",2014,6,0.00424110925703917
"3789","Hiroshima",2014,7,0.00302645369438672
"3790","Hiroshima",2014,8,0.0030030293567568
"3791","Hiroshima",2014,9,0.00509717023408936
"3792","Hiroshima",2014,10,0.00324174020861822
"3793","Hiroshima",2014,11,0.00380976434718105
"3794","Hiroshima",2014,12,0.00505067824681124
"3795","Hiroshima",2014,13,0.00648642182898391
"3796","Hiroshima",2014,14,0.00535429317853668
"3797","Hiroshima",2014,15,0.00477940580476137
"3798","Hiroshima",2014,16,0.00573237945172075
"3799","Hiroshima",2014,17,0.0060290566181097
"3800","Hiroshima",2014,18,0.00818539925589247
"3801","Hiroshima",2014,19,0.00594997153097091
"3802","Hiroshima",2014,20,0.00807949152149848
"3803","Hiroshima",2014,21,0.00901575316715073
"3804","Hiroshima",2014,22,0.0099751379319096
"3805","Hiroshima",2014,23,0.0120091932066932
"3806","Hiroshima",2014,24,0.0126784642097847
"3807","Hiroshima",2014,25,0.0121775095665959
"3808","Hiroshima",2014,26,0.013036602654482
"3809","Hiroshima",2014,27,0.0134643022594829
"3810","Hiroshima",2014,28,0.0159913426655794
"3811","Hiroshima",2014,29,0.0162040957886192
"3812","Hiroshima",2014,30,0.0171776075370565
"3813","Hiroshima",2014,31,0.0161624118370506
"3814","Hiroshima",2014,32,0.0178162400306917
"3815","Hiroshima",2014,33,0.0170753739092583
"3816","Hiroshima",2014,34,0.0174655622053085
"3817","Hiroshima",2014,35,0.0154078376519395
"3818","Hiroshima",2014,36,0.0153360261933449
"3819","Hiroshima",2014,37,0.0116346089149432
"3820","Hiroshima",2014,38,0.0101138757301652
"3821","Hiroshima",2014,39,0.0114632575266781
"3822","Hiroshima",2014,40,0.0113797554254462
"3823","Hiroshima",2014,41,0.00965906441004742
"3824","Hiroshima",2014,42,0.00763242422580408
"3825","Hiroshima",2014,43,0.00902661666332167
"3826","Hiroshima",2014,44,0.00829447968603317
"3827","Hiroshima",2014,45,0.00619308473736574
"3828","Hiroshima",2014,46,0.00537009290358531
"3829","Hiroshima",2014,47,0.00556379263134021
"3830","Hiroshima",2014,48,0.00736104776881632
"3831","Hiroshima",2014,49,0.00424212978621325
"3832","Hiroshima",2014,50,0.003889279993818
"3833","Hiroshima",2014,51,0.00323321884392677
"3834","Hiroshima",2014,52,0.00344381197118018
"3835","Hiroshima",2015,1,0.00381167587171065
"3836","Hiroshima",2015,2,0.00377270434876022
"3837","Hiroshima",2015,3,0.00395138856809151
"3838","Hiroshima",2015,4,0.00401540224216759
"3839","Hiroshima",2015,5,0.00330012212885534
"3840","Hiroshima",2015,6,0.00294553314178943
"3841","Hiroshima",2015,7,0.00406263569611932
"3842","Hiroshima",2015,8,0.00441413055818595
"3843","Hiroshima",2015,9,0.00388089157477057
"3844","Hiroshima",2015,10,0.00347086966956712
"3845","Hiroshima",2015,11,0.00672087030083425
"3846","Hiroshima",2015,12,0.00357216805879267
"3847","Hiroshima",2015,13,0.00824420687897589
"3848","Hiroshima",2015,14,0.00639182582645643
"3849","Hiroshima",2015,15,0.0061979630980351
"3850","Hiroshima",2015,16,0.00660217615423097
"3851","Hiroshima",2015,17,0.00807025044010783
"3852","Hiroshima",2015,18,0.00861153206696551
"3853","Hiroshima",2015,19,0.00903719806254198
"3854","Hiroshima",2015,20,0.00833253935085507
"3855","Hiroshima",2015,21,0.00993931056386998
"3856","Hiroshima",2015,22,0.0100335794625337
"3857","Hiroshima",2015,23,0.0120511176480834
"3858","Hiroshima",2015,24,0.0129426375298605
"3859","Hiroshima",2015,25,0.013431249017535
"3860","Hiroshima",2015,26,0.0126084375014387
"3861","Hiroshima",2015,27,0.0159106822113725
"3862","Hiroshima",2015,28,0.0162672345378625
"3863","Hiroshima",2015,29,0.0169123425995347
"3864","Hiroshima",2015,30,0.0180851044392302
"3865","Hiroshima",2015,31,0.0177111432188411
"3866","Hiroshima",2015,32,0.0162471663808954
"3867","Hiroshima",2015,33,0.0165744422376141
"3868","Hiroshima",2015,34,0.0146318566990849
"3869","Hiroshima",2015,35,0.0148582040700455
"3870","Hiroshima",2015,36,0.0128110864873912
"3871","Hiroshima",2015,37,0.0107920235210249
"3872","Hiroshima",2015,38,0.0122921670474796
"3873","Hiroshima",2015,39,0.00985582607502812
"3874","Hiroshima",2015,40,0.00793017484801842
"3875","Hiroshima",2015,41,0.00731628467270168
"3876","Hiroshima",2015,42,0.00829519612512577
"3877","Hiroshima",2015,43,0.00613030458497005
"3878","Hiroshima",2015,44,0.00798352919347702
"3879","Hiroshima",2015,45,0.00911692115665431
"3880","Hiroshima",2015,46,0.00852236825464599
"3881","Hiroshima",2015,47,0.00573898146659921
"3882","Hiroshima",2015,48,0.00503262311209047
"3883","Hiroshima",2015,49,0.00559302961608123
"3884","Hiroshima",2015,50,0.00495539365497471
"3885","Hiroshima",2015,51,0.00542778275242046
"3886","Hiroshima",2015,52,0.00388560769285377
"3887","Hiroshima",2016,1,0.00434199583827147
"3888","Hiroshima",2016,2,0.0033614523340717
"3889","Hiroshima",2016,3,0.00333125705897902
"3890","Hiroshima",2016,4,0.00379049765974564
"3891","Hiroshima",2016,5,0.00363698890770165
"3892","Hiroshima",2016,6,0.00451777836320718
"3893","Hiroshima",2016,7,0.00385038952085366
"3894","Hiroshima",2016,8,0.00336798114444244
"3895","Hiroshima",2016,9,0.00458293404108893
"3896","Hiroshima",2016,10,0.0055292084343031
"3897","Hiroshima",2016,11,0.00513408492340576
"3898","Hiroshima",2016,12,0.00353223796681068
"3899","Hiroshima",2016,13,0.00630019849306917
"3900","Hiroshima",2016,14,0.00755962258690898
"3901","Hiroshima",2016,15,0.0064228316724896
"3902","Hiroshima",2016,16,0.00742527295068334
"3903","Hiroshima",2016,17,0.0074273446752201
"3904","Hiroshima",2016,18,0.00769418464715187
"3905","Hiroshima",2016,19,0.00904415666476036
"3906","Hiroshima",2016,20,0.00868221135196017
"3907","Hiroshima",2016,21,0.0110807733739784
"3908","Hiroshima",2016,22,0.00989070888049951
"3909","Hiroshima",2016,23,0.0129873789373302
"3910","Hiroshima",2016,24,0.013749866745838
"3911","Hiroshima",2016,25,0.0153539032172095
"3912","Hiroshima",2016,26,0.0148260416254506
"3913","Hiroshima",2016,27,0.01720060350326
"3914","Hiroshima",2016,28,0.01725235050127
"3915","Hiroshima",2016,29,0.0156199331763421
"3916","Hiroshima",2016,30,0.0170855593159842
"3917","Hiroshima",2016,31,0.0176058261256815
"3918","Hiroshima",2016,32,0.016193434229437
"3919","Hiroshima",2016,33,0.0176859602511964
"3920","Hiroshima",2016,34,0.0163719568539777
"3921","Hiroshima",2016,35,0.0131831315447949
"3922","Hiroshima",2016,36,0.0158210309443812
"3923","Hiroshima",2016,37,0.0154385990607803
"3924","Hiroshima",2016,38,0.0136484774252359
"3925","Hiroshima",2016,39,0.0156810080942352
"3926","Hiroshima",2016,40,0.0140716723515262
"3927","Hiroshima",2016,41,0.00759975957393343
"3928","Hiroshima",2016,42,0.0112149151616126
"3929","Hiroshima",2016,43,0.00881358241315816
"3930","Hiroshima",2016,44,0.00633225842747489
"3931","Hiroshima",2016,45,0.00598097876825495
"3932","Hiroshima",2016,46,0.00823596769958031
"3933","Hiroshima",2016,47,0.0064508877225714
"3934","Hiroshima",2016,48,0.00530640985393123
"3935","Hiroshima",2016,49,0.00514520096100378
"3936","Hiroshima",2016,50,0.00452154538469922
"3937","Hiroshima",2016,51,0.00602300594065026
"3938","Hiroshima",2016,52,0.00426539900894721
"3939","Hiroshima",2017,1,0.00407022523751096
"3940","Hiroshima",2017,2,0.00366086043327827
"3941","Hiroshima",2017,3,0.00351650386974814
"3942","Hiroshima",2017,4,0.00309069634219461
"3943","Hiroshima",2017,5,0.0038637365725407
"3944","Hiroshima",2017,6,0.00351317882420878
"3945","Hiroshima",2017,7,0.0038799220191038
"3946","Hiroshima",2017,8,0.00394306637009405
"3947","Hiroshima",2017,9,0.00382857549032523
"3948","Hiroshima",2017,10,0.00339996578086924
"3949","Hiroshima",2017,11,0.00372381072692819
"3950","Hiroshima",2017,12,0.0039317778704606
"3951","Hiroshima",2017,13,0.0048081791168367
"3952","Hiroshima",2017,14,0.00751085756029383
"3953","Hiroshima",2017,15,0.00631386577305339
"3954","Hiroshima",2017,16,0.00706295351363386
"3955","Hiroshima",2017,17,0.0064751006784445
"3956","Hiroshima",2017,18,0.00817878088181419
"3957","Hiroshima",2017,19,0.0089503088082591
"3958","Hiroshima",2017,20,0.00792861946338461
"3959","Hiroshima",2017,21,0.00954465419146022
"3960","Hiroshima",2017,22,0.00970462811038248
"3961","Hiroshima",2017,23,0.00973824775050014
"3962","Hiroshima",2017,24,0.00896730811815803
"3963","Hiroshima",2017,25,0.0122009874816021
"3964","Hiroshima",2017,26,0.0154864819340284
"3965","Hiroshima",2017,27,0.0172911479962193
"3966","Hiroshima",2017,28,0.0172396734081549
"3967","Hiroshima",2017,29,0.0178691150147715
"3968","Hiroshima",2017,30,0.0191544001173635
"3969","Hiroshima",2017,31,0.0181448318893223
"3970","Hiroshima",2017,32,0.01800861005775
"3971","Hiroshima",2017,33,0.0170582069497738
"3972","Hiroshima",2017,34,0.0175403564750481
"3973","Hiroshima",2017,35,0.013507197842597
"3974","Hiroshima",2017,36,0.0135733828715409
"3975","Hiroshima",2017,37,0.0129966169324619
"3976","Hiroshima",2017,38,0.0120596390914616
"3977","Hiroshima",2017,39,0.010634244036165
"3978","Hiroshima",2017,40,0.010737780658491
"3979","Hiroshima",2017,41,0.0120001508250409
"3980","Hiroshima",2017,42,0.00948904024812477
"3981","Hiroshima",2017,43,0.00807740116754141
"3982","Hiroshima",2017,44,0.00695825446596979
"3983","Hiroshima",2017,45,0.00703813806115552
"3984","Hiroshima",2017,46,0.00528143901991565
"3985","Hiroshima",2017,47,0.00407654239484185
"3986","Hiroshima",2017,48,0.00558098058835886
"3987","Hiroshima",2017,49,0.00393455626613811
"3988","Hiroshima",2017,50,0.00339758225303669
"3989","Hiroshima",2017,51,0.00340472042301767
"3990","Hiroshima",2017,52,0.00360862567194666
"3991","Hiroshima",2018,1,0.00341872161899896
"3992","Hiroshima",2018,2,0.00334045905472939
"3993","Hiroshima",2018,3,0.00478437574563491
"3994","Hiroshima",2018,4,0.00275991462278676
"3995","Hiroshima",2018,5,0.00303721515111658
"3996","Hiroshima",2018,6,0.00256190471586477
"3997","Hiroshima",2018,7,0.0031307376784971
"3998","Hiroshima",2018,8,0.00330225987280172
"3999","Hiroshima",2018,9,0.00430171976333217
"4000","Hiroshima",2018,10,0.00471527734793425
"4001","Hiroshima",2018,11,0.00503670945716794
"4002","Hiroshima",2018,12,0.00530210859256634
"4003","Hiroshima",2018,13,0.00516988239574085
"4004","Hiroshima",2018,14,0.00722376932267469
"4005","Hiroshima",2018,15,0.00591440114593792
"4006","Hiroshima",2018,16,0.00605352631323233
"4007","Hiroshima",2018,17,0.00767222163219574
"4008","Hiroshima",2018,18,0.00754370824487579
"4009","Hiroshima",2018,19,0.00812112584306029
"4010","Hiroshima",2018,20,0.0109519050872271
"4011","Hiroshima",2018,21,0.00827678672473151
"4012","Hiroshima",2018,22,0.0109611975644333
"4013","Hiroshima",2018,23,0.0120178071399065
"4014","Hiroshima",2018,24,0.0110192653147181
"4015","Hiroshima",2018,25,0.0128142188742363
"4016","Hiroshima",2018,26,0.0156426142344493
"4017","Hiroshima",2018,27,0.0165963934030218
"4018","Hiroshima",2018,28,0.0169449485799096
"4019","Hiroshima",2018,29,0.0179460919617036
"4020","Hiroshima",2018,30,0.0180790013532111
"4021","Hiroshima",2018,31,0.0172557739607953
"4022","Hiroshima",2018,32,0.0161872179669028
"4023","Hiroshima",2018,33,0.0157511996117022
"4024","Hiroshima",2018,34,0.01666330097996
"4025","Hiroshima",2018,35,0.0167288002755035
"4026","Hiroshima",2018,36,0.0148609849593177
"4027","Hiroshima",2018,37,0.0144481236026193
"4028","Hiroshima",2018,38,0.0140780325178365
"4029","Hiroshima",2018,39,0.011135136384884
"4030","Hiroshima",2018,40,0.01160666468008
"4031","Hiroshima",2018,41,0.00966170481272429
"4032","Hiroshima",2018,42,0.00806042383917073
"4033","Hiroshima",2018,43,0.00807083516825161
"4034","Hiroshima",2018,44,0.0058257629619044
"4035","Hiroshima",2018,45,0.00758746175485718
"4036","Hiroshima",2018,46,0.00629700957304616
"4037","Hiroshima",2018,47,0.0050786376731241
"4038","Hiroshima",2018,48,0.00600860491639191
"4039","Hiroshima",2018,49,0.00687318816587942
"4040","Hiroshima",2018,50,0.0039601067652606
"4041","Hiroshima",2018,51,0.00550445572798749
"4042","Hiroshima",2018,52,0.00405594239802341
"4043","Hiroshima",2019,1,0.00348276283259801
"4044","Hiroshima",2019,2,0.00365219601360128
"4045","Hiroshima",2019,3,0.00390459130985828
"4046","Hiroshima",2019,4,0.00349731985373457
"4047","Hiroshima",2019,5,0.00369697103669255
"4048","Hiroshima",2019,6,0.00462923083657103
"4049","Hiroshima",2019,7,0.00344586647580595
"4050","Hiroshima",2019,8,0.00421994372435315
"4051","Hiroshima",2019,9,0.0042859623570844
"4052","Hiroshima",2019,10,0.00481660309397946
"4053","Hiroshima",2019,11,0.00442382242210811
"4054","Hiroshima",2019,12,0.00533329926310019
"4055","Hiroshima",2019,13,0.00508357419510511
"4056","Hiroshima",2019,14,0.0042702200787204
"4057","Hiroshima",2019,15,0.00502458376575655
"4058","Hiroshima",2019,16,0.0064627723396973
"4059","Hiroshima",2019,17,0.00879962676793682
"4060","Hiroshima",2019,18,0.00768779786260415
"4061","Hiroshima",2019,19,0.0062437761358528
"4062","Hiroshima",2019,20,0.00866668614259547
"4063","Hiroshima",2019,21,0.00840353948504536
"4064","Hiroshima",2019,22,0.00882479605861268
"4065","Hiroshima",2019,23,0.0117919722867444
"4066","Hiroshima",2019,24,0.0107990530509374
"4067","Hiroshima",2019,25,0.0117460277135307
"4068","Hiroshima",2019,26,0.0139935123541122
"4069","Hiroshima",2019,27,0.0147683502679367
"4070","Hiroshima",2019,28,0.0147577886811226
"4071","Hiroshima",2019,29,0.0162355946388232
"4072","Hiroshima",2019,30,0.0180294311481633
"4073","Hiroshima",2019,31,0.0185058341093908
"4074","Hiroshima",2019,32,0.0176870318974095
"4075","Hiroshima",2019,33,0.0180724961654396
"4076","Hiroshima",2019,34,0.0174006995375552
"4077","Hiroshima",2019,35,0.0157088755533554
"4078","Hiroshima",2019,36,0.017032714825589
"4079","Hiroshima",2019,37,0.016495661727658
"4080","Hiroshima",2019,38,0.0120701957577841
"4081","Hiroshima",2019,39,0.0129951457878244
"4082","Hiroshima",2019,40,0.0145577356580425
"4083","Hiroshima",2019,41,0.0103228535759855
"4084","Hiroshima",2019,42,0.00917710735625187
"4085","Hiroshima",2019,43,0.0101818853040764
"4086","Hiroshima",2019,44,0.00762666234384308
"4087","Hiroshima",2019,45,0.00648209958020582
"4088","Hiroshima",2019,46,0.00625654149916095
"4089","Hiroshima",2019,47,0.0059572351745412
"4090","Hiroshima",2019,48,0.00566365872334761
"4091","Hiroshima",2019,49,0.00452654749863017
"4092","Hiroshima",2019,50,0.0044264719369024
"4093","Hiroshima",2019,51,0.00527491957758886
"4094","Hiroshima",2019,52,0.0048645313448635
"4095","Hiroshima",2020,1,0.00453881554159089
"4096","Hiroshima",2020,2,0.00473345507428697
"4097","Hiroshima",2020,3,0.00382894912782374
"4098","Hiroshima",2020,4,0.00481681179912754
"4099","Hiroshima",2020,5,0.00450407531957038
"4100","Hiroshima",2020,6,0.00332209910235076
"4101","Hiroshima",2020,7,0.00508700306346879
"4102","Hiroshima",2020,8,0.00398302032382546
"4103","Hiroshima",2020,9,0.00445793131349201
"4104","Hokkaido",2013,1,0.00149296988724183
"4105","Hokkaido",2013,2,0.00128064656521204
"4106","Hokkaido",2013,3,0.00139797809233181
"4107","Hokkaido",2013,4,0.00195560698015255
"4108","Hokkaido",2013,5,0.00218877083011046
"4109","Hokkaido",2013,6,0.00175735443064317
"4110","Hokkaido",2013,7,0.00163824582964155
"4111","Hokkaido",2013,8,0.00148595090778643
"4112","Hokkaido",2013,9,0.00202571087184336
"4113","Hokkaido",2013,10,0.00220818835635594
"4114","Hokkaido",2013,11,0.00239523468979703
"4115","Hokkaido",2013,12,0.00260085242179236
"4116","Hokkaido",2013,13,0.00263483870461047
"4117","Hokkaido",2013,14,0.00338091359110184
"4118","Hokkaido",2013,15,0.00359712101164011
"4119","Hokkaido",2013,16,0.00363973969663281
"4120","Hokkaido",2013,17,0.00412951525539524
"4121","Hokkaido",2013,18,0.00394305091872289
"4122","Hokkaido",2013,19,0.0043746366950633
"4123","Hokkaido",2013,20,0.00539021183257051
"4124","Hokkaido",2013,21,0.00630591261232299
"4125","Hokkaido",2013,22,0.00831577986075245
"4126","Hokkaido",2013,23,0.00750184597290503
"4127","Hokkaido",2013,24,0.0101270906578134
"4128","Hokkaido",2013,25,0.00952786471928212
"4129","Hokkaido",2013,26,0.00865033922755245
"4130","Hokkaido",2013,27,0.0117308624440449
"4131","Hokkaido",2013,28,0.012945774532122
"4132","Hokkaido",2013,29,0.0107210002876243
"4133","Hokkaido",2013,30,0.0118820660694289
"4134","Hokkaido",2013,31,0.012063077823495
"4135","Hokkaido",2013,32,0.0140837522785347
"4136","Hokkaido",2013,33,0.0148299792702877
"4137","Hokkaido",2013,34,0.013721864325207
"4138","Hokkaido",2013,35,0.0106159538645268
"4139","Hokkaido",2013,36,0.0111223081547703
"4140","Hokkaido",2013,37,0.0115387245962056
"4141","Hokkaido",2013,38,0.0090246353236913
"4142","Hokkaido",2013,39,0.00727694943200336
"4143","Hokkaido",2013,40,0.00840681388110017
"4144","Hokkaido",2013,41,0.00800213890151054
"4145","Hokkaido",2013,42,0.0050050755121477
"4146","Hokkaido",2013,43,0.0058663587004722
"4147","Hokkaido",2013,44,0.00492602056977668
"4148","Hokkaido",2013,45,0.00499441773885771
"4149","Hokkaido",2013,46,0.0033948194310743
"4150","Hokkaido",2013,47,0.00426780304792238
"4151","Hokkaido",2013,48,0.00340771571936496
"4152","Hokkaido",2013,49,0.00302889474092387
"4153","Hokkaido",2013,50,0.00288183198497701
"4154","Hokkaido",2013,51,0.00281697780973434
"4155","Hokkaido",2013,52,0.00224683252404758
"4156","Hokkaido",2014,1,0.00205073574710383
"4157","Hokkaido",2014,2,0.00168178331572722
"4158","Hokkaido",2014,3,0.00130182562286727
"4159","Hokkaido",2014,4,0.00176642551823419
"4160","Hokkaido",2014,5,0.00189024906597883
"4161","Hokkaido",2014,6,0.00140580364396127
"4162","Hokkaido",2014,7,0.00173258827650866
"4163","Hokkaido",2014,8,0.00192780246197494
"4164","Hokkaido",2014,9,0.00213464681047128
"4165","Hokkaido",2014,10,0.001715701578377
"4166","Hokkaido",2014,11,0.00205858960288302
"4167","Hokkaido",2014,12,0.00243932611809069
"4168","Hokkaido",2014,13,0.00351192572448646
"4169","Hokkaido",2014,14,0.00318747340076818
"4170","Hokkaido",2014,15,0.00275154384132123
"4171","Hokkaido",2014,16,0.00284234472310089
"4172","Hokkaido",2014,17,0.00403268266383485
"4173","Hokkaido",2014,18,0.00527990845853951
"4174","Hokkaido",2014,19,0.00509394700066905
"4175","Hokkaido",2014,20,0.00622799579246761
"4176","Hokkaido",2014,21,0.00551219301055553
"4177","Hokkaido",2014,22,0.00761842420452128
"4178","Hokkaido",2014,23,0.0085967301949241
"4179","Hokkaido",2014,24,0.00957994010213698
"4180","Hokkaido",2014,25,0.00895818184666793
"4181","Hokkaido",2014,26,0.0100155469473562
"4182","Hokkaido",2014,27,0.0103061168592737
"4183","Hokkaido",2014,28,0.0112662594133812
"4184","Hokkaido",2014,29,0.0124139397179999
"4185","Hokkaido",2014,30,0.0124789408996418
"4186","Hokkaido",2014,31,0.0126495272488101
"4187","Hokkaido",2014,32,0.0146186288578542
"4188","Hokkaido",2014,33,0.0119136819500914
"4189","Hokkaido",2014,34,0.0128960279208801
"4190","Hokkaido",2014,35,0.00981007216166322
"4191","Hokkaido",2014,36,0.0112521877376741
"4192","Hokkaido",2014,37,0.00998381887944748
"4193","Hokkaido",2014,38,0.00759798877314055
"4194","Hokkaido",2014,39,0.00801856899501829
"4195","Hokkaido",2014,40,0.00687540914298232
"4196","Hokkaido",2014,41,0.00547120612098526
"4197","Hokkaido",2014,42,0.00540814978263318
"4198","Hokkaido",2014,43,0.00544170745379564
"4199","Hokkaido",2014,44,0.00530965539270596
"4200","Hokkaido",2014,45,0.00452550032994454
"4201","Hokkaido",2014,46,0.00421827179196248
"4202","Hokkaido",2014,47,0.0034781587426427
"4203","Hokkaido",2014,48,0.0033932722334545
"4204","Hokkaido",2014,49,0.00267751520768821
"4205","Hokkaido",2014,50,0.00211612900276851
"4206","Hokkaido",2014,51,0.00251913958746533
"4207","Hokkaido",2014,52,0.00199003085953279
"4208","Hokkaido",2015,1,0.00236944602331538
"4209","Hokkaido",2015,2,0.00233042428574485
"4210","Hokkaido",2015,3,0.00206967201274722
"4211","Hokkaido",2015,4,0.00223771815673421
"4212","Hokkaido",2015,5,0.00171312039219737
"4213","Hokkaido",2015,6,0.00217885121018029
"4214","Hokkaido",2015,7,0.00261019888599233
"4215","Hokkaido",2015,8,0.00272935701840881
"4216","Hokkaido",2015,9,0.00282103477230353
"4217","Hokkaido",2015,10,0.00313829373965891
"4218","Hokkaido",2015,11,0.00340920591056143
"4219","Hokkaido",2015,12,0.00328650260548845
"4220","Hokkaido",2015,13,0.00375689816384295
"4221","Hokkaido",2015,14,0.00331738873049411
"4222","Hokkaido",2015,15,0.00424662083684981
"4223","Hokkaido",2015,16,0.00433335536694974
"4224","Hokkaido",2015,17,0.00522919840602657
"4225","Hokkaido",2015,18,0.00517301179685222
"4226","Hokkaido",2015,19,0.00538240400182165
"4227","Hokkaido",2015,20,0.00611191079222798
"4228","Hokkaido",2015,21,0.00701189280146708
"4229","Hokkaido",2015,22,0.00665492298882544
"4230","Hokkaido",2015,23,0.00791821926657398
"4231","Hokkaido",2015,24,0.00936473396738648
"4232","Hokkaido",2015,25,0.0085986979397365
"4233","Hokkaido",2015,26,0.008967240359049
"4234","Hokkaido",2015,27,0.00905434502284055
"4235","Hokkaido",2015,28,0.0109336643028886
"4236","Hokkaido",2015,29,0.0136298565135735
"4237","Hokkaido",2015,30,0.0146565274344422
"4238","Hokkaido",2015,31,0.0137475918994953
"4239","Hokkaido",2015,32,0.0136475277838262
"4240","Hokkaido",2015,33,0.011391966437343
"4241","Hokkaido",2015,34,0.00918855045624158
"4242","Hokkaido",2015,35,0.0110270798174644
"4243","Hokkaido",2015,36,0.00982764747496106
"4244","Hokkaido",2015,37,0.00896171394526518
"4245","Hokkaido",2015,38,0.00967498996161072
"4246","Hokkaido",2015,39,0.00683230326495698
"4247","Hokkaido",2015,40,0.00619038309471349
"4248","Hokkaido",2015,41,0.00561495897957185
"4249","Hokkaido",2015,42,0.00462676973027993
"4250","Hokkaido",2015,43,0.00403518556207872
"4251","Hokkaido",2015,44,0.00431402760741983
"4252","Hokkaido",2015,45,0.00437585442347308
"4253","Hokkaido",2015,46,0.00409600958974213
"4254","Hokkaido",2015,47,0.00287160904253895
"4255","Hokkaido",2015,48,0.00296702749809776
"4256","Hokkaido",2015,49,0.00310083440003372
"4257","Hokkaido",2015,50,0.00301949579125701
"4258","Hokkaido",2015,51,0.0025688100139304
"4259","Hokkaido",2015,52,0.00197129999702138
"4260","Hokkaido",2016,1,0.00185412638755193
"4261","Hokkaido",2016,2,0.00150950272329827
"4262","Hokkaido",2016,3,0.00209416919783507
"4263","Hokkaido",2016,4,0.00163167383054091
"4264","Hokkaido",2016,5,0.00158588351814581
"4265","Hokkaido",2016,6,0.00251770525825664
"4266","Hokkaido",2016,7,0.00230400669639251
"4267","Hokkaido",2016,8,0.0016690525115548
"4268","Hokkaido",2016,9,0.00188654060514812
"4269","Hokkaido",2016,10,0.00251454250990269
"4270","Hokkaido",2016,11,0.00328817095085417
"4271","Hokkaido",2016,12,0.00250207582849091
"4272","Hokkaido",2016,13,0.00351550357617894
"4273","Hokkaido",2016,14,0.00358648112765023
"4274","Hokkaido",2016,15,0.00369414042670785
"4275","Hokkaido",2016,16,0.00451189663874902
"4276","Hokkaido",2016,17,0.00390983062201536
"4277","Hokkaido",2016,18,0.00572822220733626
"4278","Hokkaido",2016,19,0.00505309674761804
"4279","Hokkaido",2016,20,0.00642985225438497
"4280","Hokkaido",2016,21,0.00737856379650575
"4281","Hokkaido",2016,22,0.00642820396728557
"4282","Hokkaido",2016,23,0.00777547782836258
"4283","Hokkaido",2016,24,0.00841534202812618
"4284","Hokkaido",2016,25,0.00905830575947491
"4285","Hokkaido",2016,26,0.0101604305482994
"4286","Hokkaido",2016,27,0.00953889097827892
"4287","Hokkaido",2016,28,0.0108341972200725
"4288","Hokkaido",2016,29,0.0110099470009095
"4289","Hokkaido",2016,30,0.0133282450453925
"4290","Hokkaido",2016,31,0.014340425656888
"4291","Hokkaido",2016,32,0.0131119946599074
"4292","Hokkaido",2016,33,0.0150964565024156
"4293","Hokkaido",2016,34,0.0133613323531073
"4294","Hokkaido",2016,35,0.0138408077018171
"4295","Hokkaido",2016,36,0.011849680775595
"4296","Hokkaido",2016,37,0.00959312174174333
"4297","Hokkaido",2016,38,0.00848061129441904
"4298","Hokkaido",2016,39,0.00894739543515542
"4299","Hokkaido",2016,40,0.0068540696162738
"4300","Hokkaido",2016,41,0.00480438497454077
"4301","Hokkaido",2016,42,0.00574651055779234
"4302","Hokkaido",2016,43,0.00353747015246663
"4303","Hokkaido",2016,44,0.00317901488026978
"4304","Hokkaido",2016,45,0.0030852659205439
"4305","Hokkaido",2016,46,0.00391487094678139
"4306","Hokkaido",2016,47,0.00228162193875743
"4307","Hokkaido",2016,48,0.00290112437232399
"4308","Hokkaido",2016,49,0.00275710673152308
"4309","Hokkaido",2016,50,0.00188160536907428
"4310","Hokkaido",2016,51,0.0025462032842927
"4311","Hokkaido",2016,52,0.00200638896280696
"4312","Hokkaido",2017,1,0.002071022184756
"4313","Hokkaido",2017,2,0.00148573919248009
"4314","Hokkaido",2017,3,0.00190458414450756
"4315","Hokkaido",2017,4,0.00177831267475116
"4316","Hokkaido",2017,5,0.00163058994778711
"4317","Hokkaido",2017,6,0.00213607431972689
"4318","Hokkaido",2017,7,0.00253568947767932
"4319","Hokkaido",2017,8,0.00206954396726187
"4320","Hokkaido",2017,9,0.00223040472656085
"4321","Hokkaido",2017,10,0.00219412188704501
"4322","Hokkaido",2017,11,0.00243867066979742
"4323","Hokkaido",2017,12,0.00275139234470852
"4324","Hokkaido",2017,13,0.00293804792619045
"4325","Hokkaido",2017,14,0.00397036995894844
"4326","Hokkaido",2017,15,0.00358461981751923
"4327","Hokkaido",2017,16,0.00378340475932775
"4328","Hokkaido",2017,17,0.00448628353608453
"4329","Hokkaido",2017,18,0.00515312443924384
"4330","Hokkaido",2017,19,0.0053937324405365
"4331","Hokkaido",2017,20,0.00635127093139789
"4332","Hokkaido",2017,21,0.0074785999737035
"4333","Hokkaido",2017,22,0.00760102892519405
"4334","Hokkaido",2017,23,0.00723754006216316
"4335","Hokkaido",2017,24,0.00719205145318679
"4336","Hokkaido",2017,25,0.00929959532727961
"4337","Hokkaido",2017,26,0.00940606439350094
"4338","Hokkaido",2017,27,0.0115154580064334
"4339","Hokkaido",2017,28,0.014293279845336
"4340","Hokkaido",2017,29,0.0123746345456908
"4341","Hokkaido",2017,30,0.0116465748342067
"4342","Hokkaido",2017,31,0.0122058323354489
"4343","Hokkaido",2017,32,0.0113168181515756
"4344","Hokkaido",2017,33,0.0109736606693639
"4345","Hokkaido",2017,34,0.0127288019777533
"4346","Hokkaido",2017,35,0.00943127225743846
"4347","Hokkaido",2017,36,0.0100577161081508
"4348","Hokkaido",2017,37,0.00870586694029734
"4349","Hokkaido",2017,38,0.00931905306639295
"4350","Hokkaido",2017,39,0.00737578116418284
"4351","Hokkaido",2017,40,0.00676962353778063
"4352","Hokkaido",2017,41,0.00624138613521092
"4353","Hokkaido",2017,42,0.00463300489236804
"4354","Hokkaido",2017,43,0.00491996819101455
"4355","Hokkaido",2017,44,0.00484918217752426
"4356","Hokkaido",2017,45,0.00496996215486246
"4357","Hokkaido",2017,46,0.00351524538253065
"4358","Hokkaido",2017,47,0.00263787288783853
"4359","Hokkaido",2017,48,0.00241660196744281
"4360","Hokkaido",2017,49,0.0021337477822908
"4361","Hokkaido",2017,50,0.0025301095852154
"4362","Hokkaido",2017,51,0.0021860830177447
"4363","Hokkaido",2017,52,0.00227981903381256
"4364","Hokkaido",2018,1,0.00263473897989825
"4365","Hokkaido",2018,2,0.00223866492667322
"4366","Hokkaido",2018,3,0.00232387798704092
"4367","Hokkaido",2018,4,0.00161334215626438
"4368","Hokkaido",2018,5,0.00157510708395086
"4369","Hokkaido",2018,6,0.00217825433409327
"4370","Hokkaido",2018,7,0.00162547427421619
"4371","Hokkaido",2018,8,0.00161996268686379
"4372","Hokkaido",2018,9,0.00216356499070436
"4373","Hokkaido",2018,10,0.00249651048989665
"4374","Hokkaido",2018,11,0.00296748691791836
"4375","Hokkaido",2018,12,0.00264203494007432
"4376","Hokkaido",2018,13,0.0035613757968058
"4377","Hokkaido",2018,14,0.00331233966870327
"4378","Hokkaido",2018,15,0.00348527549796685
"4379","Hokkaido",2018,16,0.00451878621664297
"4380","Hokkaido",2018,17,0.00422023120090551
"4381","Hokkaido",2018,18,0.00553708511269637
"4382","Hokkaido",2018,19,0.00527784951086837
"4383","Hokkaido",2018,20,0.0065781207535411
"4384","Hokkaido",2018,21,0.00607998084287798
"4385","Hokkaido",2018,22,0.00763029835260338
"4386","Hokkaido",2018,23,0.00836277304936695
"4387","Hokkaido",2018,24,0.00616314548473022
"4388","Hokkaido",2018,25,0.00900758718736436
"4389","Hokkaido",2018,26,0.00983481470131068
"4390","Hokkaido",2018,27,0.0101194754917753
"4391","Hokkaido",2018,28,0.0109133893010316
"4392","Hokkaido",2018,29,0.0124410201295457
"4393","Hokkaido",2018,30,0.012456448636688
"4394","Hokkaido",2018,31,0.0133895050237105
"4395","Hokkaido",2018,32,0.0109550573033239
"4396","Hokkaido",2018,33,0.011138098215062
"4397","Hokkaido",2018,34,0.0125612863971506
"4398","Hokkaido",2018,35,0.01085780028495
"4399","Hokkaido",2018,36,0.0115597589654755
"4400","Hokkaido",2018,37,0.00897806747827663
"4401","Hokkaido",2018,38,0.00836777429650657
"4402","Hokkaido",2018,39,0.00836269683133868
"4403","Hokkaido",2018,40,0.00785436267465889
"4404","Hokkaido",2018,41,0.00736786254779049
"4405","Hokkaido",2018,42,0.00558960702142594
"4406","Hokkaido",2018,43,0.00626362479511352
"4407","Hokkaido",2018,44,0.00498126458502896
"4408","Hokkaido",2018,45,0.0056882268699835
"4409","Hokkaido",2018,46,0.00409978883811179
"4410","Hokkaido",2018,47,0.00308149535841302
"4411","Hokkaido",2018,48,0.0030947272537637
"4412","Hokkaido",2018,49,0.00307615442606847
"4413","Hokkaido",2018,50,0.00196906093939612
"4414","Hokkaido",2018,51,0.00267903160999561
"4415","Hokkaido",2018,52,0.00197628563819131
"4416","Hokkaido",2019,1,0.00207590642670738
"4417","Hokkaido",2019,2,0.00176211979193158
"4418","Hokkaido",2019,3,0.00176518423358808
"4419","Hokkaido",2019,4,0.00190468766869195
"4420","Hokkaido",2019,5,0.00180089700729878
"4421","Hokkaido",2019,6,0.00162649564382567
"4422","Hokkaido",2019,7,0.00148323488952065
"4423","Hokkaido",2019,8,0.00235046024968642
"4424","Hokkaido",2019,9,0.00235608809735067
"4425","Hokkaido",2019,10,0.00271474829757781
"4426","Hokkaido",2019,11,0.00296993965283719
"4427","Hokkaido",2019,12,0.00313015880502575
"4428","Hokkaido",2019,13,0.00250119406097669
"4429","Hokkaido",2019,14,0.0027714953186706
"4430","Hokkaido",2019,15,0.00331698041792841
"4431","Hokkaido",2019,16,0.00394032666305998
"4432","Hokkaido",2019,17,0.00407745883077095
"4433","Hokkaido",2019,18,0.00523551109212752
"4434","Hokkaido",2019,19,0.00497790693812691
"4435","Hokkaido",2019,20,0.00643877613200276
"4436","Hokkaido",2019,21,0.00750909442882432
"4437","Hokkaido",2019,22,0.00783882444030149
"4438","Hokkaido",2019,23,0.0083208181391754
"4439","Hokkaido",2019,24,0.00820204714204952
"4440","Hokkaido",2019,25,0.00840963731860365
"4441","Hokkaido",2019,26,0.00920636314672115
"4442","Hokkaido",2019,27,0.0100401925236628
"4443","Hokkaido",2019,28,0.0101022098740328
"4444","Hokkaido",2019,29,0.0117397541366945
"4445","Hokkaido",2019,30,0.0132765709489694
"4446","Hokkaido",2019,31,0.0159687045197026
"4447","Hokkaido",2019,32,0.0130455474513937
"4448","Hokkaido",2019,33,0.0127538065786864
"4449","Hokkaido",2019,34,0.0113937876896143
"4450","Hokkaido",2019,35,0.0113847834954088
"4451","Hokkaido",2019,36,0.0113406749478202
"4452","Hokkaido",2019,37,0.0111259491351697
"4453","Hokkaido",2019,38,0.00856728811955927
"4454","Hokkaido",2019,39,0.00781747456434176
"4455","Hokkaido",2019,40,0.00964366875216258
"4456","Hokkaido",2019,41,0.00711914864047182
"4457","Hokkaido",2019,42,0.00491548255237721
"4458","Hokkaido",2019,43,0.00646015531780113
"4459","Hokkaido",2019,44,0.00529767104225441
"4460","Hokkaido",2019,45,0.0034619650980912
"4461","Hokkaido",2019,46,0.00357938283009863
"4462","Hokkaido",2019,47,0.00309969098560317
"4463","Hokkaido",2019,48,0.00282726405262554
"4464","Hokkaido",2019,49,0.00250903823163951
"4465","Hokkaido",2019,50,0.0029873118355005
"4466","Hokkaido",2019,51,0.00258873050694294
"4467","Hokkaido",2019,52,0.00175461923007264
"4468","Hokkaido",2020,1,0.00197576537939003
"4469","Hokkaido",2020,2,0.00207866590126097
"4470","Hokkaido",2020,3,0.00183294485703234
"4471","Hokkaido",2020,4,0.00204322957218938
"4472","Hokkaido",2020,5,0.00231192260035605
"4473","Hokkaido",2020,6,0.00150049561056475
"4474","Hokkaido",2020,7,0.00247011892826903
"4475","Hokkaido",2020,8,0.00236319677272183
"4476","Hokkaido",2020,9,0.00197095608145238
"4477","Hyōgo",2013,1,0.00299153299180516
"4478","Hyōgo",2013,2,0.00345002129533852
"4479","Hyōgo",2013,3,0.00345742374663346
"4480","Hyōgo",2013,4,0.00358152843757324
"4481","Hyōgo",2013,5,0.00407873020231004
"4482","Hyōgo",2013,6,0.00357975883408775
"4483","Hyōgo",2013,7,0.00326142215453597
"4484","Hyōgo",2013,8,0.00332968432780435
"4485","Hyōgo",2013,9,0.00382605178955473
"4486","Hyōgo",2013,10,0.00468182972967288
"4487","Hyōgo",2013,11,0.00400615368533417
"4488","Hyōgo",2013,12,0.00580586267224532
"4489","Hyōgo",2013,13,0.00506640738305127
"4490","Hyōgo",2013,14,0.00635760022045337
"4491","Hyōgo",2013,15,0.00433754482847121
"4492","Hyōgo",2013,16,0.00668219061476524
"4493","Hyōgo",2013,17,0.00579899912599847
"4494","Hyōgo",2013,18,0.00619957453530112
"4495","Hyōgo",2013,19,0.00760062325813668
"4496","Hyōgo",2013,20,0.0089194474954334
"4497","Hyōgo",2013,21,0.00991311004216676
"4498","Hyōgo",2013,22,0.0111204524531897
"4499","Hyōgo",2013,23,0.0107249437053642
"4500","Hyōgo",2013,24,0.0135644568133104
"4501","Hyōgo",2013,25,0.0142809431987238
"4502","Hyōgo",2013,26,0.0139449802935812
"4503","Hyōgo",2013,27,0.0161979616339182
"4504","Hyōgo",2013,28,0.0181526130434422
"4505","Hyōgo",2013,29,0.0164230229440764
"4506","Hyōgo",2013,30,0.0179784001761221
"4507","Hyōgo",2013,31,0.0183289427739136
"4508","Hyōgo",2013,32,0.0197441975889222
"4509","Hyōgo",2013,33,0.0179512512668823
"4510","Hyōgo",2013,34,0.0191233688972544
"4511","Hyōgo",2013,35,0.0160668022540306
"4512","Hyōgo",2013,36,0.0146589356862227
"4513","Hyōgo",2013,37,0.0154376477133397
"4514","Hyōgo",2013,38,0.0120322640208592
"4515","Hyōgo",2013,39,0.0112015046294392
"4516","Hyōgo",2013,40,0.0116255630893578
"4517","Hyōgo",2013,41,0.0138356612442996
"4518","Hyōgo",2013,42,0.00848179975416924
"4519","Hyōgo",2013,43,0.0103687836399141
"4520","Hyōgo",2013,44,0.00732952429279448
"4521","Hyōgo",2013,45,0.00782425691902248
"4522","Hyōgo",2013,46,0.00620057702997814
"4523","Hyōgo",2013,47,0.00465285709554432
"4524","Hyōgo",2013,48,0.00462248391484247
"4525","Hyōgo",2013,49,0.00489741491898726
"4526","Hyōgo",2013,50,0.00383535967088309
"4527","Hyōgo",2013,51,0.00406010484482663
"4528","Hyōgo",2013,52,0.00367101089042424
"4529","Hyōgo",2014,1,0.00366046438876109
"4530","Hyōgo",2014,2,0.00354514231669112
"4531","Hyōgo",2014,3,0.00335848820966759
"4532","Hyōgo",2014,4,0.00377475545152077
"4533","Hyōgo",2014,5,0.00434787195477364
"4534","Hyōgo",2014,6,0.00419905678522905
"4535","Hyōgo",2014,7,0.00326877865774048
"4536","Hyōgo",2014,8,0.00295437519113635
"4537","Hyōgo",2014,9,0.00468681463572125
"4538","Hyōgo",2014,10,0.00353766420842206
"4539","Hyōgo",2014,11,0.00398744706129079
"4540","Hyōgo",2014,12,0.00508244432027217
"4541","Hyōgo",2014,13,0.00660896619000851
"4542","Hyōgo",2014,14,0.00563726809513858
"4543","Hyōgo",2014,15,0.00464777916955377
"4544","Hyōgo",2014,16,0.00563653513612157
"4545","Hyōgo",2014,17,0.00684014857994428
"4546","Hyōgo",2014,18,0.00859472213209997
"4547","Hyōgo",2014,19,0.00650669671933931
"4548","Hyōgo",2014,20,0.00852107554112758
"4549","Hyōgo",2014,21,0.00908709204336899
"4550","Hyōgo",2014,22,0.0111984120219784
"4551","Hyōgo",2014,23,0.0120970734025278
"4552","Hyōgo",2014,24,0.012932826552902
"4553","Hyōgo",2014,25,0.0122792963636621
"4554","Hyōgo",2014,26,0.0132133419239396
"4555","Hyōgo",2014,27,0.0140055492852988
"4556","Hyōgo",2014,28,0.0167258560008433
"4557","Hyōgo",2014,29,0.0170322084570358
"4558","Hyōgo",2014,30,0.0178524934515392
"4559","Hyōgo",2014,31,0.0168702774431276
"4560","Hyōgo",2014,32,0.0183125115956225
"4561","Hyōgo",2014,33,0.0179845897018884
"4562","Hyōgo",2014,34,0.018489649374396
"4563","Hyōgo",2014,35,0.0156782353274097
"4564","Hyōgo",2014,36,0.0159486210043541
"4565","Hyōgo",2014,37,0.0121110731523968
"4566","Hyōgo",2014,38,0.0103632860963739
"4567","Hyōgo",2014,39,0.011766273139359
"4568","Hyōgo",2014,40,0.0118853901596581
"4569","Hyōgo",2014,41,0.0103662899446623
"4570","Hyōgo",2014,42,0.00795502889625833
"4571","Hyōgo",2014,43,0.00917121130897418
"4572","Hyōgo",2014,44,0.00846610305465208
"4573","Hyōgo",2014,45,0.00703740649016463
"4574","Hyōgo",2014,46,0.005855719248665
"4575","Hyōgo",2014,47,0.00562261621278507
"4576","Hyōgo",2014,48,0.00749074937118051
"4577","Hyōgo",2014,49,0.00457070902784127
"4578","Hyōgo",2014,50,0.00425036977919063
"4579","Hyōgo",2014,51,0.00356045558331585
"4580","Hyōgo",2014,52,0.0037124382245911
"4581","Hyōgo",2015,1,0.00410692998083865
"4582","Hyōgo",2015,2,0.00387032361744301
"4583","Hyōgo",2015,3,0.00412410760507656
"4584","Hyōgo",2015,4,0.00409990247789649
"4585","Hyōgo",2015,5,0.00349242471767367
"4586","Hyōgo",2015,6,0.00326712380950083
"4587","Hyōgo",2015,7,0.00401129143007424
"4588","Hyōgo",2015,8,0.00480363294969059
"4589","Hyōgo",2015,9,0.00412631746160454
"4590","Hyōgo",2015,10,0.00379198802621626
"4591","Hyōgo",2015,11,0.00691448465935912
"4592","Hyōgo",2015,12,0.00401479236605565
"4593","Hyōgo",2015,13,0.00810378951955383
"4594","Hyōgo",2015,14,0.00637932386730329
"4595","Hyōgo",2015,15,0.0065944882248202
"4596","Hyōgo",2015,16,0.00705571126800231
"4597","Hyōgo",2015,17,0.00874583387158652
"4598","Hyōgo",2015,18,0.00893883012102676
"4599","Hyōgo",2015,19,0.00931025011315875
"4600","Hyōgo",2015,20,0.00892181312766131
"4601","Hyōgo",2015,21,0.0099544452262628
"4602","Hyōgo",2015,22,0.00997512281633982
"4603","Hyōgo",2015,23,0.0126128507907888
"4604","Hyōgo",2015,24,0.0131905064230244
"4605","Hyōgo",2015,25,0.0139228259447198
"4606","Hyōgo",2015,26,0.0132747641811843
"4607","Hyōgo",2015,27,0.015814659166045
"4608","Hyōgo",2015,28,0.017073696089603
"4609","Hyōgo",2015,29,0.0174081334258718
"4610","Hyōgo",2015,30,0.0188586684608796
"4611","Hyōgo",2015,31,0.0185563624515288
"4612","Hyōgo",2015,32,0.0170145677987704
"4613","Hyōgo",2015,33,0.0172317440809673
"4614","Hyōgo",2015,34,0.0152861810553382
"4615","Hyōgo",2015,35,0.0151990856685138
"4616","Hyōgo",2015,36,0.0136398261480241
"4617","Hyōgo",2015,37,0.0114459654514828
"4618","Hyōgo",2015,38,0.0122476053135383
"4619","Hyōgo",2015,39,0.0100472118675196
"4620","Hyōgo",2015,40,0.0085090667017018
"4621","Hyōgo",2015,41,0.00794171215634962
"4622","Hyōgo",2015,42,0.00901197643941662
"4623","Hyōgo",2015,43,0.00658692033403757
"4624","Hyōgo",2015,44,0.00811730289253359
"4625","Hyōgo",2015,45,0.00906522699726113
"4626","Hyōgo",2015,46,0.00848678861659381
"4627","Hyōgo",2015,47,0.00589262684846665
"4628","Hyōgo",2015,48,0.00506414213818499
"4629","Hyōgo",2015,49,0.00568486644264078
"4630","Hyōgo",2015,50,0.00506433718273976
"4631","Hyōgo",2015,51,0.0054285176987984
"4632","Hyōgo",2015,52,0.0040562193363689
"4633","Hyōgo",2016,1,0.00469981094628254
"4634","Hyōgo",2016,2,0.00368464472234951
"4635","Hyōgo",2016,3,0.00349502819523997
"4636","Hyōgo",2016,4,0.00371908540985389
"4637","Hyōgo",2016,5,0.0036932126744218
"4638","Hyōgo",2016,6,0.00459554816279729
"4639","Hyōgo",2016,7,0.00423090693397706
"4640","Hyōgo",2016,8,0.00344846295418154
"4641","Hyōgo",2016,9,0.00471374645846836
"4642","Hyōgo",2016,10,0.00551596082582243
"4643","Hyōgo",2016,11,0.00523713365706711
"4644","Hyōgo",2016,12,0.0037092014798708
"4645","Hyōgo",2016,13,0.00633806343323309
"4646","Hyōgo",2016,14,0.00772572714996597
"4647","Hyōgo",2016,15,0.00665539140329331
"4648","Hyōgo",2016,16,0.00765791567547991
"4649","Hyōgo",2016,17,0.00771160707164001
"4650","Hyōgo",2016,18,0.00815430219209093
"4651","Hyōgo",2016,19,0.00958798114567338
"4652","Hyōgo",2016,20,0.00903154021169692
"4653","Hyōgo",2016,21,0.011443082773727
"4654","Hyōgo",2016,22,0.0102762321869642
"4655","Hyōgo",2016,23,0.0128048417214305
"4656","Hyōgo",2016,24,0.0140390225716597
"4657","Hyōgo",2016,25,0.0151368200950579
"4658","Hyōgo",2016,26,0.0150319715264182
"4659","Hyōgo",2016,27,0.0177736411740424
"4660","Hyōgo",2016,28,0.017462955924623
"4661","Hyōgo",2016,29,0.0153685502591919
"4662","Hyōgo",2016,30,0.01730313893525
"4663","Hyōgo",2016,31,0.0177751382026376
"4664","Hyōgo",2016,32,0.0163735470999843
"4665","Hyōgo",2016,33,0.0187863456913961
"4666","Hyōgo",2016,34,0.017307598784968
"4667","Hyōgo",2016,35,0.0140939097726202
"4668","Hyōgo",2016,36,0.0161995741643515
"4669","Hyōgo",2016,37,0.01555959179788
"4670","Hyōgo",2016,38,0.0142078542308565
"4671","Hyōgo",2016,39,0.0153746627828481
"4672","Hyōgo",2016,40,0.0140185549081516
"4673","Hyōgo",2016,41,0.00772433506509693
"4674","Hyōgo",2016,42,0.0107708050931158
"4675","Hyōgo",2016,43,0.00853784771931444
"4676","Hyōgo",2016,44,0.00638577247194305
"4677","Hyōgo",2016,45,0.00604452296337736
"4678","Hyōgo",2016,46,0.00769779212306878
"4679","Hyōgo",2016,47,0.00670352351692092
"4680","Hyōgo",2016,48,0.00558471475611666
"4681","Hyōgo",2016,49,0.00539313225526115
"4682","Hyōgo",2016,50,0.004441518148981
"4683","Hyōgo",2016,51,0.00589708378655943
"4684","Hyōgo",2016,52,0.00429799333526137
"4685","Hyōgo",2017,1,0.00409782383585215
"4686","Hyōgo",2017,2,0.00393730997945494
"4687","Hyōgo",2017,3,0.00346218105404252
"4688","Hyōgo",2017,4,0.00322032567091383
"4689","Hyōgo",2017,5,0.00382383984866695
"4690","Hyōgo",2017,6,0.00357766290508332
"4691","Hyōgo",2017,7,0.00395735279753319
"4692","Hyōgo",2017,8,0.00399475690563408
"4693","Hyōgo",2017,9,0.00376265372098137
"4694","Hyōgo",2017,10,0.00373636588121143
"4695","Hyōgo",2017,11,0.00391900553959722
"4696","Hyōgo",2017,12,0.00406939451535332
"4697","Hyōgo",2017,13,0.00469408378571443
"4698","Hyōgo",2017,14,0.00746239888010386
"4699","Hyōgo",2017,15,0.00630130404007976
"4700","Hyōgo",2017,16,0.00735654267648008
"4701","Hyōgo",2017,17,0.0067323242989121
"4702","Hyōgo",2017,18,0.00829723959544601
"4703","Hyōgo",2017,19,0.00925118893086358
"4704","Hyōgo",2017,20,0.0082721221383713
"4705","Hyōgo",2017,21,0.0103919220951226
"4706","Hyōgo",2017,22,0.0101561317452045
"4707","Hyōgo",2017,23,0.00988768037980145
"4708","Hyōgo",2017,24,0.00893662178730324
"4709","Hyōgo",2017,25,0.0124512466319894
"4710","Hyōgo",2017,26,0.0152111014521274
"4711","Hyōgo",2017,27,0.0171476903562147
"4712","Hyōgo",2017,28,0.0179342352064478
"4713","Hyōgo",2017,29,0.0182115394471702
"4714","Hyōgo",2017,30,0.0190056012075645
"4715","Hyōgo",2017,31,0.018724200872503
"4716","Hyōgo",2017,32,0.0183549041916716
"4717","Hyōgo",2017,33,0.0176214374196469
"4718","Hyōgo",2017,34,0.0185412383889971
"4719","Hyōgo",2017,35,0.0140424954986784
"4720","Hyōgo",2017,36,0.013872976967161
"4721","Hyōgo",2017,37,0.013629672057986
"4722","Hyōgo",2017,38,0.0125667024027284
"4723","Hyōgo",2017,39,0.0113073642956755
"4724","Hyōgo",2017,40,0.0107287224420585
"4725","Hyōgo",2017,41,0.0121842828266345
"4726","Hyōgo",2017,42,0.00967867078828728
"4727","Hyōgo",2017,43,0.00849461166355319
"4728","Hyōgo",2017,44,0.00720016949052722
"4729","Hyōgo",2017,45,0.00693224286801452
"4730","Hyōgo",2017,46,0.00567781974012541
"4731","Hyōgo",2017,47,0.0045690529716367
"4732","Hyōgo",2017,48,0.00585274561085253
"4733","Hyōgo",2017,49,0.00413931176937728
"4734","Hyōgo",2017,50,0.00361139101281287
"4735","Hyōgo",2017,51,0.00366926635446582
"4736","Hyōgo",2017,52,0.0040673426096302
"4737","Hyōgo",2018,1,0.00384052463639358
"4738","Hyōgo",2018,2,0.00345396304970613
"4739","Hyōgo",2018,3,0.00486196416022597
"4740","Hyōgo",2018,4,0.00298177131231218
"4741","Hyōgo",2018,5,0.00330202272417656
"4742","Hyōgo",2018,6,0.00281652130834492
"4743","Hyōgo",2018,7,0.00312249709830912
"4744","Hyōgo",2018,8,0.00336564799049698
"4745","Hyōgo",2018,9,0.00430877544832023
"4746","Hyōgo",2018,10,0.00499849612363186
"4747","Hyōgo",2018,11,0.00509072439286547
"4748","Hyōgo",2018,12,0.00537524833425004
"4749","Hyōgo",2018,13,0.00524867009843234
"4750","Hyōgo",2018,14,0.00734500661012524
"4751","Hyōgo",2018,15,0.00619874488503916
"4752","Hyōgo",2018,16,0.00683540763902856
"4753","Hyōgo",2018,17,0.00840488397389762
"4754","Hyōgo",2018,18,0.00814012121994397
"4755","Hyōgo",2018,19,0.00826145728848222
"4756","Hyōgo",2018,20,0.0109187431951593
"4757","Hyōgo",2018,21,0.00887163279810144
"4758","Hyōgo",2018,22,0.0110689982815394
"4759","Hyōgo",2018,23,0.0123654884574822
"4760","Hyōgo",2018,24,0.0110291091702659
"4761","Hyōgo",2018,25,0.0131840819834821
"4762","Hyōgo",2018,26,0.016192050015013
"4763","Hyōgo",2018,27,0.0172007127725451
"4764","Hyōgo",2018,28,0.0174603759300556
"4765","Hyōgo",2018,29,0.0184942406135189
"4766","Hyōgo",2018,30,0.0181890953563443
"4767","Hyōgo",2018,31,0.0173690519325942
"4768","Hyōgo",2018,32,0.0170051650124703
"4769","Hyōgo",2018,33,0.0166091676971919
"4770","Hyōgo",2018,34,0.0175305384521745
"4771","Hyōgo",2018,35,0.0178089766419029
"4772","Hyōgo",2018,36,0.0159611321429727
"4773","Hyōgo",2018,37,0.0148721873636041
"4774","Hyōgo",2018,38,0.0138072804971177
"4775","Hyōgo",2018,39,0.011680823107473
"4776","Hyōgo",2018,40,0.0119787032969874
"4777","Hyōgo",2018,41,0.0103895931571621
"4778","Hyōgo",2018,42,0.0086984126458674
"4779","Hyōgo",2018,43,0.00840215916091854
"4780","Hyōgo",2018,44,0.00626077504364158
"4781","Hyōgo",2018,45,0.00869122327483176
"4782","Hyōgo",2018,46,0.0066354988545493
"4783","Hyōgo",2018,47,0.00564501533418453
"4784","Hyōgo",2018,48,0.00633951036138648
"4785","Hyōgo",2018,49,0.00692321070380569
"4786","Hyōgo",2018,50,0.00418209219661322
"4787","Hyōgo",2018,51,0.00561240354708554
"4788","Hyōgo",2018,52,0.00430799430183048
"4789","Hyōgo",2019,1,0.00386792391422916
"4790","Hyōgo",2019,2,0.00371587874072654
"4791","Hyōgo",2019,3,0.00406076925803166
"4792","Hyōgo",2019,4,0.00378646369675474
"4793","Hyōgo",2019,5,0.00365119689442197
"4794","Hyōgo",2019,6,0.00465483882881141
"4795","Hyōgo",2019,7,0.00363434465954958
"4796","Hyōgo",2019,8,0.00446228343522884
"4797","Hyōgo",2019,9,0.00421501645240901
"4798","Hyōgo",2019,10,0.00484188314753239
"4799","Hyōgo",2019,11,0.0048482906140913
"4800","Hyōgo",2019,12,0.00542519147642694
"4801","Hyōgo",2019,13,0.00497855338678193
"4802","Hyōgo",2019,14,0.00449396187564652
"4803","Hyōgo",2019,15,0.00506559113260146
"4804","Hyōgo",2019,16,0.00629436800542269
"4805","Hyōgo",2019,17,0.00883291643076977
"4806","Hyōgo",2019,18,0.0078588293933976
"4807","Hyōgo",2019,19,0.00674786857199013
"4808","Hyōgo",2019,20,0.00965367783523955
"4809","Hyōgo",2019,21,0.00902420794828748
"4810","Hyōgo",2019,22,0.00997983094192722
"4811","Hyōgo",2019,23,0.0122852224193174
"4812","Hyōgo",2019,24,0.0116822961172849
"4813","Hyōgo",2019,25,0.0122472334104621
"4814","Hyōgo",2019,26,0.0147918210007063
"4815","Hyōgo",2019,27,0.015653705486335
"4816","Hyōgo",2019,28,0.0151049774621583
"4817","Hyōgo",2019,29,0.0166643514026871
"4818","Hyōgo",2019,30,0.0186122924455808
"4819","Hyōgo",2019,31,0.0193288406357679
"4820","Hyōgo",2019,32,0.0182473368532881
"4821","Hyōgo",2019,33,0.0188346948147918
"4822","Hyōgo",2019,34,0.0182450346229215
"4823","Hyōgo",2019,35,0.0162585469549863
"4824","Hyōgo",2019,36,0.0175729656094428
"4825","Hyōgo",2019,37,0.0162895505310929
"4826","Hyōgo",2019,38,0.0125985182253002
"4827","Hyōgo",2019,39,0.0136508624850058
"4828","Hyōgo",2019,40,0.0144750128548266
"4829","Hyōgo",2019,41,0.0110161879528903
"4830","Hyōgo",2019,42,0.00975092665163575
"4831","Hyōgo",2019,43,0.0106507084891129
"4832","Hyōgo",2019,44,0.00822516901467149
"4833","Hyōgo",2019,45,0.00655256512028593
"4834","Hyōgo",2019,46,0.00641980142453858
"4835","Hyōgo",2019,47,0.00644671133096495
"4836","Hyōgo",2019,48,0.00566269047663345
"4837","Hyōgo",2019,49,0.00494763405224908
"4838","Hyōgo",2019,50,0.00479450534998479
"4839","Hyōgo",2019,51,0.00519565592918212
"4840","Hyōgo",2019,52,0.00508461608675147
"4841","Hyōgo",2020,1,0.00482397423466267
"4842","Hyōgo",2020,2,0.00477927680219853
"4843","Hyōgo",2020,3,0.00417250111881791
"4844","Hyōgo",2020,4,0.00473163965906789
"4845","Hyōgo",2020,5,0.00471045308551221
"4846","Hyōgo",2020,6,0.00352009495789841
"4847","Hyōgo",2020,7,0.00528342524234775
"4848","Hyōgo",2020,8,0.00447574575641697
"4849","Hyōgo",2020,9,0.00460392097829596
"4850","Ibaraki",2013,1,0.00265439816712919
"4851","Ibaraki",2013,2,0.00310658018941203
"4852","Ibaraki",2013,3,0.00303255155431455
"4853","Ibaraki",2013,4,0.00323859036252272
"4854","Ibaraki",2013,5,0.00343724276695762
"4855","Ibaraki",2013,6,0.00332263777661622
"4856","Ibaraki",2013,7,0.00295685532543307
"4857","Ibaraki",2013,8,0.00256284476645606
"4858","Ibaraki",2013,9,0.00333321469018831
"4859","Ibaraki",2013,10,0.00422624796111813
"4860","Ibaraki",2013,11,0.00399255096503869
"4861","Ibaraki",2013,12,0.00596705602767506
"4862","Ibaraki",2013,13,0.00547898931851617
"4863","Ibaraki",2013,14,0.00702715038113018
"4864","Ibaraki",2013,15,0.00462801764033466
"4865","Ibaraki",2013,16,0.00634149624280819
"4866","Ibaraki",2013,17,0.00561091806846232
"4867","Ibaraki",2013,18,0.00604966527579386
"4868","Ibaraki",2013,19,0.00692220884947608
"4869","Ibaraki",2013,20,0.00907766292498846
"4870","Ibaraki",2013,21,0.0100473038411933
"4871","Ibaraki",2013,22,0.0105803454271426
"4872","Ibaraki",2013,23,0.0103582405382197
"4873","Ibaraki",2013,24,0.0137283751116694
"4874","Ibaraki",2013,25,0.0144144178844672
"4875","Ibaraki",2013,26,0.0128570362210114
"4876","Ibaraki",2013,27,0.015202672318533
"4877","Ibaraki",2013,28,0.0179913106658716
"4878","Ibaraki",2013,29,0.0139933719960615
"4879","Ibaraki",2013,30,0.0163436170627409
"4880","Ibaraki",2013,31,0.0164580677809132
"4881","Ibaraki",2013,32,0.0192263747052749
"4882","Ibaraki",2013,33,0.017830001233594
"4883","Ibaraki",2013,34,0.0180313734340379
"4884","Ibaraki",2013,35,0.015932663065935
"4885","Ibaraki",2013,36,0.0172980392084564
"4886","Ibaraki",2013,37,0.015083471177806
"4887","Ibaraki",2013,38,0.0128882391625387
"4888","Ibaraki",2013,39,0.0113408532965109
"4889","Ibaraki",2013,40,0.0121891762573647
"4890","Ibaraki",2013,41,0.0138850424859689
"4891","Ibaraki",2013,42,0.00851667605473094
"4892","Ibaraki",2013,43,0.00980099431624789
"4893","Ibaraki",2013,44,0.00778166833508478
"4894","Ibaraki",2013,45,0.00733281254163483
"4895","Ibaraki",2013,46,0.00530880826805811
"4896","Ibaraki",2013,47,0.00494883207719082
"4897","Ibaraki",2013,48,0.0049512015097991
"4898","Ibaraki",2013,49,0.00492556447742378
"4899","Ibaraki",2013,50,0.0037352943750311
"4900","Ibaraki",2013,51,0.00390185313844333
"4901","Ibaraki",2013,52,0.00314884090197704
"4902","Ibaraki",2014,1,0.00322791430277398
"4903","Ibaraki",2014,2,0.00287939720053422
"4904","Ibaraki",2014,3,0.00252185031658331
"4905","Ibaraki",2014,4,0.00310150245476887
"4906","Ibaraki",2014,5,0.00345501501403836
"4907","Ibaraki",2014,6,0.00341204897903031
"4908","Ibaraki",2014,7,0.00338849961669838
"4909","Ibaraki",2014,8,0.00249733885828945
"4910","Ibaraki",2014,9,0.00434746391670095
"4911","Ibaraki",2014,10,0.00306850724925934
"4912","Ibaraki",2014,11,0.00381078937561984
"4913","Ibaraki",2014,12,0.00436491077520866
"4914","Ibaraki",2014,13,0.0055823008223697
"4915","Ibaraki",2014,14,0.00575993148072007
"4916","Ibaraki",2014,15,0.00411663765173135
"4917","Ibaraki",2014,16,0.00537122778410171
"4918","Ibaraki",2014,17,0.00663087179615337
"4919","Ibaraki",2014,18,0.00838406075712863
"4920","Ibaraki",2014,19,0.00714005326121182
"4921","Ibaraki",2014,20,0.0084031757705788
"4922","Ibaraki",2014,21,0.00936970953593304
"4923","Ibaraki",2014,22,0.012012982325548
"4924","Ibaraki",2014,23,0.0124383440645119
"4925","Ibaraki",2014,24,0.0136202075517002
"4926","Ibaraki",2014,25,0.0131456193546814
"4927","Ibaraki",2014,26,0.0141263403105589
"4928","Ibaraki",2014,27,0.0141031592171771
"4929","Ibaraki",2014,28,0.0160395882491549
"4930","Ibaraki",2014,29,0.0159515628531892
"4931","Ibaraki",2014,30,0.0174046399948145
"4932","Ibaraki",2014,31,0.0166628170932652
"4933","Ibaraki",2014,32,0.0177788388492667
"4934","Ibaraki",2014,33,0.017456753247289
"4935","Ibaraki",2014,34,0.0182690195310505
"4936","Ibaraki",2014,35,0.0145366438219803
"4937","Ibaraki",2014,36,0.0145484004932534
"4938","Ibaraki",2014,37,0.0126691109414968
"4939","Ibaraki",2014,38,0.0106174132501218
"4940","Ibaraki",2014,39,0.0107760053772376
"4941","Ibaraki",2014,40,0.0116143847859112
"4942","Ibaraki",2014,41,0.010175272139944
"4943","Ibaraki",2014,42,0.00813563980055476
"4944","Ibaraki",2014,43,0.0090086434305599
"4945","Ibaraki",2014,44,0.00826684117854832
"4946","Ibaraki",2014,45,0.00721244864479467
"4947","Ibaraki",2014,46,0.00632890578124015
"4948","Ibaraki",2014,47,0.00530653070730821
"4949","Ibaraki",2014,48,0.00703407222505341
"4950","Ibaraki",2014,49,0.00486983201443829
"4951","Ibaraki",2014,50,0.00386592713719212
"4952","Ibaraki",2014,51,0.00328252095945421
"4953","Ibaraki",2014,52,0.00317961398138174
"4954","Ibaraki",2015,1,0.00304751164117879
"4955","Ibaraki",2015,2,0.00339902238484787
"4956","Ibaraki",2015,3,0.00335821760400994
"4957","Ibaraki",2015,4,0.00373142434756065
"4958","Ibaraki",2015,5,0.00292581240731253
"4959","Ibaraki",2015,6,0.00304012591940642
"4960","Ibaraki",2015,7,0.00346980692696507
"4961","Ibaraki",2015,8,0.00468679084195853
"4962","Ibaraki",2015,9,0.00413748952796989
"4963","Ibaraki",2015,10,0.00388032877101852
"4964","Ibaraki",2015,11,0.00597875777167199
"4965","Ibaraki",2015,12,0.00368735574057819
"4966","Ibaraki",2015,13,0.00652612262316933
"4967","Ibaraki",2015,14,0.00585545366713872
"4968","Ibaraki",2015,15,0.00675714072673984
"4969","Ibaraki",2015,16,0.00773654095705249
"4970","Ibaraki",2015,17,0.0087322780224996
"4971","Ibaraki",2015,18,0.00872214753640154
"4972","Ibaraki",2015,19,0.00864213103669153
"4973","Ibaraki",2015,20,0.00962736993049364
"4974","Ibaraki",2015,21,0.010926824804505
"4975","Ibaraki",2015,22,0.0102350591737215
"4976","Ibaraki",2015,23,0.0123604347158362
"4977","Ibaraki",2015,24,0.0128044626381253
"4978","Ibaraki",2015,25,0.0138022246789362
"4979","Ibaraki",2015,26,0.013588141186939
"4980","Ibaraki",2015,27,0.0138240070911433
"4981","Ibaraki",2015,28,0.0172757257862992
"4982","Ibaraki",2015,29,0.0182053772364622
"4983","Ibaraki",2015,30,0.0185020489833284
"4984","Ibaraki",2015,31,0.0181464127259596
"4985","Ibaraki",2015,32,0.0180346017646952
"4986","Ibaraki",2015,33,0.0178767925288579
"4987","Ibaraki",2015,34,0.0136561430173615
"4988","Ibaraki",2015,35,0.01548147598533
"4989","Ibaraki",2015,36,0.0152685829921641
"4990","Ibaraki",2015,37,0.0125934103127593
"4991","Ibaraki",2015,38,0.0118463190231317
"4992","Ibaraki",2015,39,0.0108001490996491
"4993","Ibaraki",2015,40,0.00776971481615885
"4994","Ibaraki",2015,41,0.00918029950625439
"4995","Ibaraki",2015,42,0.00902640167777377
"4996","Ibaraki",2015,43,0.00711382278069952
"4997","Ibaraki",2015,44,0.00752110642727738
"4998","Ibaraki",2015,45,0.00847108633516604
"4999","Ibaraki",2015,46,0.00865076835932373
"5000","Ibaraki",2015,47,0.00586404870944924
"5001","Ibaraki",2015,48,0.00515402967048668
"5002","Ibaraki",2015,49,0.00509623855323655
"5003","Ibaraki",2015,50,0.00510283319385718
"5004","Ibaraki",2015,51,0.00447667039322023
"5005","Ibaraki",2015,52,0.00318350044941222
"5006","Ibaraki",2016,1,0.00428048505423056
"5007","Ibaraki",2016,2,0.00335515956397418
"5008","Ibaraki",2016,3,0.00320064062172255
"5009","Ibaraki",2016,4,0.00311544708730124
"5010","Ibaraki",2016,5,0.00345591499264912
"5011","Ibaraki",2016,6,0.00389231320825216
"5012","Ibaraki",2016,7,0.00445830120679726
"5013","Ibaraki",2016,8,0.0032823126427134
"5014","Ibaraki",2016,9,0.00392236248768313
"5015","Ibaraki",2016,10,0.00569457853781431
"5016","Ibaraki",2016,11,0.00524980020464406
"5017","Ibaraki",2016,12,0.00388010212364499
"5018","Ibaraki",2016,13,0.00532467200767129
"5019","Ibaraki",2016,14,0.00728353351105573
"5020","Ibaraki",2016,15,0.00586317036111118
"5021","Ibaraki",2016,16,0.00795530138507691
"5022","Ibaraki",2016,17,0.00723812909105849
"5023","Ibaraki",2016,18,0.00840795395911251
"5024","Ibaraki",2016,19,0.00960100920800864
"5025","Ibaraki",2016,20,0.00853153961864546
"5026","Ibaraki",2016,21,0.0106920459301772
"5027","Ibaraki",2016,22,0.00926160933560776
"5028","Ibaraki",2016,23,0.0118046607911825
"5029","Ibaraki",2016,24,0.0129860432407004
"5030","Ibaraki",2016,25,0.0146478742447163
"5031","Ibaraki",2016,26,0.0142638713246993
"5032","Ibaraki",2016,27,0.0150531853554705
"5033","Ibaraki",2016,28,0.0160843401403009
"5034","Ibaraki",2016,29,0.014863519445073
"5035","Ibaraki",2016,30,0.0154962069358283
"5036","Ibaraki",2016,31,0.0181953366175672
"5037","Ibaraki",2016,32,0.0150736053528544
"5038","Ibaraki",2016,33,0.0177640510206175
"5039","Ibaraki",2016,34,0.0179751501199418
"5040","Ibaraki",2016,35,0.0163500158053845
"5041","Ibaraki",2016,36,0.0175063688141554
"5042","Ibaraki",2016,37,0.0153800607896921
"5043","Ibaraki",2016,38,0.0141666962839715
"5044","Ibaraki",2016,39,0.0147199486187869
"5045","Ibaraki",2016,40,0.0128991326977485
"5046","Ibaraki",2016,41,0.00778107413086961
"5047","Ibaraki",2016,42,0.0101160095702498
"5048","Ibaraki",2016,43,0.00736927551985391
"5049","Ibaraki",2016,44,0.00635041935838198
"5050","Ibaraki",2016,45,0.00549052969659438
"5051","Ibaraki",2016,46,0.00678843193837801
"5052","Ibaraki",2016,47,0.00574349128197217
"5053","Ibaraki",2016,48,0.00509155470464216
"5054","Ibaraki",2016,49,0.00470402367728786
"5055","Ibaraki",2016,50,0.0035411375713436
"5056","Ibaraki",2016,51,0.00527613004226122
"5057","Ibaraki",2016,52,0.00374816503514333
"5058","Ibaraki",2017,1,0.00335074279841129
"5059","Ibaraki",2017,2,0.00359113222611427
"5060","Ibaraki",2017,3,0.00300618736234275
"5061","Ibaraki",2017,4,0.00275412345750796
"5062","Ibaraki",2017,5,0.00323161276095859
"5063","Ibaraki",2017,6,0.00305016283411444
"5064","Ibaraki",2017,7,0.00312848676677234
"5065","Ibaraki",2017,8,0.00358733101336288
"5066","Ibaraki",2017,9,0.00384339822458202
"5067","Ibaraki",2017,10,0.00359700641525422
"5068","Ibaraki",2017,11,0.00394269843710929
"5069","Ibaraki",2017,12,0.00371389674810589
"5070","Ibaraki",2017,13,0.00449311794382819
"5071","Ibaraki",2017,14,0.00667723986630881
"5072","Ibaraki",2017,15,0.00556035666169952
"5073","Ibaraki",2017,16,0.00710219964264523
"5074","Ibaraki",2017,17,0.00645409518037209
"5075","Ibaraki",2017,18,0.00789297049700227
"5076","Ibaraki",2017,19,0.0091324392525343
"5077","Ibaraki",2017,20,0.00954152322690767
"5078","Ibaraki",2017,21,0.0110917232729911
"5079","Ibaraki",2017,22,0.0108584410482679
"5080","Ibaraki",2017,23,0.0096836847810495
"5081","Ibaraki",2017,24,0.0101869157269863
"5082","Ibaraki",2017,25,0.0126391502697782
"5083","Ibaraki",2017,26,0.0145686219333827
"5084","Ibaraki",2017,27,0.016648234592567
"5085","Ibaraki",2017,28,0.0170299955446414
"5086","Ibaraki",2017,29,0.017142267062612
"5087","Ibaraki",2017,30,0.0174670348846445
"5088","Ibaraki",2017,31,0.0166521957886245
"5089","Ibaraki",2017,32,0.0179431406208373
"5090","Ibaraki",2017,33,0.0168601740480272
"5091","Ibaraki",2017,34,0.0178328525002308
"5092","Ibaraki",2017,35,0.014175533287502
"5093","Ibaraki",2017,36,0.01377767593712
"5094","Ibaraki",2017,37,0.013587111070788
"5095","Ibaraki",2017,38,0.0128712222414194
"5096","Ibaraki",2017,39,0.0119649827293105
"5097","Ibaraki",2017,40,0.010133896846045
"5098","Ibaraki",2017,41,0.0117598124378127
"5099","Ibaraki",2017,42,0.00930374816377053
"5100","Ibaraki",2017,43,0.0084229762369236
"5101","Ibaraki",2017,44,0.00745901482236915
"5102","Ibaraki",2017,45,0.00666926391820766
"5103","Ibaraki",2017,46,0.00576468199057544
"5104","Ibaraki",2017,47,0.00422950447482778
"5105","Ibaraki",2017,48,0.0054917302857617
"5106","Ibaraki",2017,49,0.00439418057928979
"5107","Ibaraki",2017,50,0.00344908299078961
"5108","Ibaraki",2017,51,0.0033358399236886
"5109","Ibaraki",2017,52,0.00318046774921959
"5110","Ibaraki",2018,1,0.00293000821555144
"5111","Ibaraki",2018,2,0.00320439593755383
"5112","Ibaraki",2018,3,0.00403666673247147
"5113","Ibaraki",2018,4,0.00252318674090904
"5114","Ibaraki",2018,5,0.00321661312381148
"5115","Ibaraki",2018,6,0.00278739295665417
"5116","Ibaraki",2018,7,0.00291680097501182
"5117","Ibaraki",2018,8,0.00321454611376723
"5118","Ibaraki",2018,9,0.00401323188709188
"5119","Ibaraki",2018,10,0.00544528405429712
"5120","Ibaraki",2018,11,0.00488475294408592
"5121","Ibaraki",2018,12,0.00547678655510513
"5122","Ibaraki",2018,13,0.00570751331132652
"5123","Ibaraki",2018,14,0.00760484676116848
"5124","Ibaraki",2018,15,0.00574178953987738
"5125","Ibaraki",2018,16,0.00740541614544555
"5126","Ibaraki",2018,17,0.00897305015363152
"5127","Ibaraki",2018,18,0.00936097228906392
"5128","Ibaraki",2018,19,0.00802017443545327
"5129","Ibaraki",2018,20,0.0106024572465733
"5130","Ibaraki",2018,21,0.00947992056000771
"5131","Ibaraki",2018,22,0.0115975457921467
"5132","Ibaraki",2018,23,0.0126787973353647
"5133","Ibaraki",2018,24,0.0114048189586471
"5134","Ibaraki",2018,25,0.0127613979195747
"5135","Ibaraki",2018,26,0.0158836494571434
"5136","Ibaraki",2018,27,0.0164166624929362
"5137","Ibaraki",2018,28,0.0179706426871593
"5138","Ibaraki",2018,29,0.0196006682290914
"5139","Ibaraki",2018,30,0.0171603983838192
"5140","Ibaraki",2018,31,0.0191072298400165
"5141","Ibaraki",2018,32,0.0187762644223498
"5142","Ibaraki",2018,33,0.0161945807438338
"5143","Ibaraki",2018,34,0.0178381260897819
"5144","Ibaraki",2018,35,0.0179510554922936
"5145","Ibaraki",2018,36,0.017176906976351
"5146","Ibaraki",2018,37,0.0139636277206997
"5147","Ibaraki",2018,38,0.013380884756922
"5148","Ibaraki",2018,39,0.0124147253393615
"5149","Ibaraki",2018,40,0.013007011431665
"5150","Ibaraki",2018,41,0.0114599028855415
"5151","Ibaraki",2018,42,0.00923481830489824
"5152","Ibaraki",2018,43,0.0085198647690508
"5153","Ibaraki",2018,44,0.00686193036013369
"5154","Ibaraki",2018,45,0.0097680150924269
"5155","Ibaraki",2018,46,0.0068011190210093
"5156","Ibaraki",2018,47,0.00556165285007858
"5157","Ibaraki",2018,48,0.00605480714036662
"5158","Ibaraki",2018,49,0.00657170506070008
"5159","Ibaraki",2018,50,0.00353708956198803
"5160","Ibaraki",2018,51,0.00458971767600354
"5161","Ibaraki",2018,52,0.00345486042618787
"5162","Ibaraki",2019,1,0.00283920168522874
"5163","Ibaraki",2019,2,0.0028996579755495
"5164","Ibaraki",2019,3,0.0031056759589285
"5165","Ibaraki",2019,4,0.00284043562942728
"5166","Ibaraki",2019,5,0.00296755781570332
"5167","Ibaraki",2019,6,0.00399190002188225
"5168","Ibaraki",2019,7,0.0028931164841781
"5169","Ibaraki",2019,8,0.00407514469599517
"5170","Ibaraki",2019,9,0.00433962142341002
"5171","Ibaraki",2019,10,0.00502181148318019
"5172","Ibaraki",2019,11,0.00440635786293776
"5173","Ibaraki",2019,12,0.00500613185035546
"5174","Ibaraki",2019,13,0.00421057885695048
"5175","Ibaraki",2019,14,0.00381554869695728
"5176","Ibaraki",2019,15,0.00447891231528716
"5177","Ibaraki",2019,16,0.00632175258084218
"5178","Ibaraki",2019,17,0.00829340840109733
"5179","Ibaraki",2019,18,0.00806721865783203
"5180","Ibaraki",2019,19,0.00749399799222953
"5181","Ibaraki",2019,20,0.00900064718862839
"5182","Ibaraki",2019,21,0.00939116696596251
"5183","Ibaraki",2019,22,0.0107058662013845
"5184","Ibaraki",2019,23,0.0122819402497938
"5185","Ibaraki",2019,24,0.0106692330528338
"5186","Ibaraki",2019,25,0.0126024337308087
"5187","Ibaraki",2019,26,0.014015607745686
"5188","Ibaraki",2019,27,0.0149253647117417
"5189","Ibaraki",2019,28,0.0123407445230031
"5190","Ibaraki",2019,29,0.0160755120987198
"5191","Ibaraki",2019,30,0.0177760588629646
"5192","Ibaraki",2019,31,0.0202591840487479
"5193","Ibaraki",2019,32,0.0192517538366123
"5194","Ibaraki",2019,33,0.0198088875646621
"5195","Ibaraki",2019,34,0.0176899827889744
"5196","Ibaraki",2019,35,0.0170810512788558
"5197","Ibaraki",2019,36,0.0165521582182128
"5198","Ibaraki",2019,37,0.0158355056079769
"5199","Ibaraki",2019,38,0.0130617534858096
"5200","Ibaraki",2019,39,0.0135149183746925
"5201","Ibaraki",2019,40,0.0135167881880905
"5202","Ibaraki",2019,41,0.0121881470335768
"5203","Ibaraki",2019,42,0.00969217957929937
"5204","Ibaraki",2019,43,0.0100226602248304
"5205","Ibaraki",2019,44,0.00847975543175608
"5206","Ibaraki",2019,45,0.00652620804741406
"5207","Ibaraki",2019,46,0.0066615704542865
"5208","Ibaraki",2019,47,0.00646019236650493
"5209","Ibaraki",2019,48,0.00574647548405187
"5210","Ibaraki",2019,49,0.00476967477542404
"5211","Ibaraki",2019,50,0.00519554545771381
"5212","Ibaraki",2019,51,0.00499922027815471
"5213","Ibaraki",2019,52,0.00427881278298135
"5214","Ibaraki",2020,1,0.00380862254084714
"5215","Ibaraki",2020,2,0.00410091677158242
"5216","Ibaraki",2020,3,0.00433184505818816
"5217","Ibaraki",2020,4,0.00397932724074625
"5218","Ibaraki",2020,5,0.00450702160723754
"5219","Ibaraki",2020,6,0.00306124368413588
"5220","Ibaraki",2020,7,0.00460020986942854
"5221","Ibaraki",2020,8,0.00489022371878922
"5222","Ibaraki",2020,9,0.0041205740921675
"5223","Ishikawa",2013,1,0.00308451469628791
"5224","Ishikawa",2013,2,0.00333618275868472
"5225","Ishikawa",2013,3,0.00335709987403786
"5226","Ishikawa",2013,4,0.00349456175887737
"5227","Ishikawa",2013,5,0.00360517765094922
"5228","Ishikawa",2013,6,0.00326914618321079
"5229","Ishikawa",2013,7,0.00305026796740462
"5230","Ishikawa",2013,8,0.0028954433974412
"5231","Ishikawa",2013,9,0.00327777517928691
"5232","Ishikawa",2013,10,0.00409389794685731
"5233","Ishikawa",2013,11,0.00341791187654342
"5234","Ishikawa",2013,12,0.00466887579194539
"5235","Ishikawa",2013,13,0.00439151480741959
"5236","Ishikawa",2013,14,0.00611905046834795
"5237","Ishikawa",2013,15,0.00437215080369897
"5238","Ishikawa",2013,16,0.00529306547376308
"5239","Ishikawa",2013,17,0.00548443796211135
"5240","Ishikawa",2013,18,0.00543690430677929
"5241","Ishikawa",2013,19,0.00661116563688123
"5242","Ishikawa",2013,20,0.00839726497853233
"5243","Ishikawa",2013,21,0.00913040368945293
"5244","Ishikawa",2013,22,0.0105128162936202
"5245","Ishikawa",2013,23,0.0105312723571669
"5246","Ishikawa",2013,24,0.0130711659793995
"5247","Ishikawa",2013,25,0.0134447049860154
"5248","Ishikawa",2013,26,0.0134984854023701
"5249","Ishikawa",2013,27,0.0148247012581174
"5250","Ishikawa",2013,28,0.0160270608515724
"5251","Ishikawa",2013,29,0.0152129245988004
"5252","Ishikawa",2013,30,0.0167524398082055
"5253","Ishikawa",2013,31,0.0169074078104357
"5254","Ishikawa",2013,32,0.0188342257217058
"5255","Ishikawa",2013,33,0.0173665370398004
"5256","Ishikawa",2013,34,0.0175168758290207
"5257","Ishikawa",2013,35,0.0149825311242092
"5258","Ishikawa",2013,36,0.0145327752572457
"5259","Ishikawa",2013,37,0.0147583393476109
"5260","Ishikawa",2013,38,0.0118684864539129
"5261","Ishikawa",2013,39,0.0112045873704358
"5262","Ishikawa",2013,40,0.0116238868884578
"5263","Ishikawa",2013,41,0.013290709941142
"5264","Ishikawa",2013,42,0.00817230481656441
"5265","Ishikawa",2013,43,0.0100170904190323
"5266","Ishikawa",2013,44,0.00725643728512123
"5267","Ishikawa",2013,45,0.00713184500956733
"5268","Ishikawa",2013,46,0.00526869147828547
"5269","Ishikawa",2013,47,0.00532718694283316
"5270","Ishikawa",2013,48,0.00498581572542487
"5271","Ishikawa",2013,49,0.00513433650835873
"5272","Ishikawa",2013,50,0.00404613231170449
"5273","Ishikawa",2013,51,0.00429853483743695
"5274","Ishikawa",2013,52,0.00347425409991322
"5275","Ishikawa",2014,1,0.00385525339482735
"5276","Ishikawa",2014,2,0.0031959567054737
"5277","Ishikawa",2014,3,0.00285144652225851
"5278","Ishikawa",2014,4,0.00350369701698219
"5279","Ishikawa",2014,5,0.00343690665545382
"5280","Ishikawa",2014,6,0.00357877821004938
"5281","Ishikawa",2014,7,0.00309559647205207
"5282","Ishikawa",2014,8,0.00261774240013556
"5283","Ishikawa",2014,9,0.0040214179597501
"5284","Ishikawa",2014,10,0.00319665001461085
"5285","Ishikawa",2014,11,0.0034891045859944
"5286","Ishikawa",2014,12,0.00425431228157161
"5287","Ishikawa",2014,13,0.00560283969993516
"5288","Ishikawa",2014,14,0.00520844605104658
"5289","Ishikawa",2014,15,0.00421822156914806
"5290","Ishikawa",2014,16,0.00507526712191704
"5291","Ishikawa",2014,17,0.00633094874184732
"5292","Ishikawa",2014,18,0.00785757635694156
"5293","Ishikawa",2014,19,0.00613594027071167
"5294","Ishikawa",2014,20,0.00771613118148692
"5295","Ishikawa",2014,21,0.00830709489760115
"5296","Ishikawa",2014,22,0.00997135317297272
"5297","Ishikawa",2014,23,0.0119949488718786
"5298","Ishikawa",2014,24,0.0127291744821663
"5299","Ishikawa",2014,25,0.0119935018883102
"5300","Ishikawa",2014,26,0.0124816970268049
"5301","Ishikawa",2014,27,0.0141231672634947
"5302","Ishikawa",2014,28,0.0159811006171844
"5303","Ishikawa",2014,29,0.015596215669564
"5304","Ishikawa",2014,30,0.0167406622476915
"5305","Ishikawa",2014,31,0.0160655427182509
"5306","Ishikawa",2014,32,0.0167550609508406
"5307","Ishikawa",2014,33,0.0164447766252082
"5308","Ishikawa",2014,34,0.0174361463100838
"5309","Ishikawa",2014,35,0.0146685782113701
"5310","Ishikawa",2014,36,0.0145241192401554
"5311","Ishikawa",2014,37,0.0118657234291491
"5312","Ishikawa",2014,38,0.00994579084705297
"5313","Ishikawa",2014,39,0.0110759594147061
"5314","Ishikawa",2014,40,0.0111555367437957
"5315","Ishikawa",2014,41,0.00959062430180178
"5316","Ishikawa",2014,42,0.0079343484862026
"5317","Ishikawa",2014,43,0.00845809831730684
"5318","Ishikawa",2014,44,0.00791327327250173
"5319","Ishikawa",2014,45,0.00665617036107364
"5320","Ishikawa",2014,46,0.00621474283389141
"5321","Ishikawa",2014,47,0.00510601023503216
"5322","Ishikawa",2014,48,0.00710117018056897
"5323","Ishikawa",2014,49,0.00504439521053875
"5324","Ishikawa",2014,50,0.00407902711958907
"5325","Ishikawa",2014,51,0.00367026106232003
"5326","Ishikawa",2014,52,0.00374306675016191
"5327","Ishikawa",2015,1,0.00363477646436478
"5328","Ishikawa",2015,2,0.00362340113979184
"5329","Ishikawa",2015,3,0.00374220716042337
"5330","Ishikawa",2015,4,0.00367372366608407
"5331","Ishikawa",2015,5,0.00311582852559541
"5332","Ishikawa",2015,6,0.00352705571684818
"5333","Ishikawa",2015,7,0.00384822869159352
"5334","Ishikawa",2015,8,0.00434266976717391
"5335","Ishikawa",2015,9,0.00393861033417826
"5336","Ishikawa",2015,10,0.00390114875019819
"5337","Ishikawa",2015,11,0.00550102198606634
"5338","Ishikawa",2015,12,0.00363438056846354
"5339","Ishikawa",2015,13,0.00634161864885452
"5340","Ishikawa",2015,14,0.00541590558880968
"5341","Ishikawa",2015,15,0.00594935384772359
"5342","Ishikawa",2015,16,0.00664950432136477
"5343","Ishikawa",2015,17,0.00781120588459456
"5344","Ishikawa",2015,18,0.00815804826381186
"5345","Ishikawa",2015,19,0.00804630735798369
"5346","Ishikawa",2015,20,0.0083093120303073
"5347","Ishikawa",2015,21,0.0101007990428746
"5348","Ishikawa",2015,22,0.00973562448076141
"5349","Ishikawa",2015,23,0.0116556344587837
"5350","Ishikawa",2015,24,0.0131960820024424
"5351","Ishikawa",2015,25,0.0130212703649598
"5352","Ishikawa",2015,26,0.0126102885651392
"5353","Ishikawa",2015,27,0.0139020343745293
"5354","Ishikawa",2015,28,0.0160106005000149
"5355","Ishikawa",2015,29,0.016779110237004
"5356","Ishikawa",2015,30,0.0176989130605812
"5357","Ishikawa",2015,31,0.0176077504919088
"5358","Ishikawa",2015,32,0.0161761881020303
"5359","Ishikawa",2015,33,0.0163036290446079
"5360","Ishikawa",2015,34,0.015001945337748
"5361","Ishikawa",2015,35,0.0145626658572089
"5362","Ishikawa",2015,36,0.0132532143166852
"5363","Ishikawa",2015,37,0.0117063926035673
"5364","Ishikawa",2015,38,0.0120579038655487
"5365","Ishikawa",2015,39,0.00959468088766803
"5366","Ishikawa",2015,40,0.00820340835249705
"5367","Ishikawa",2015,41,0.0078608485675186
"5368","Ishikawa",2015,42,0.00864432953886052
"5369","Ishikawa",2015,43,0.00635614333511439
"5370","Ishikawa",2015,44,0.00764667896191538
"5371","Ishikawa",2015,45,0.00813726972480137
"5372","Ishikawa",2015,46,0.0079141658277767
"5373","Ishikawa",2015,47,0.00596247937595198
"5374","Ishikawa",2015,48,0.00510628321374662
"5375","Ishikawa",2015,49,0.00513312462621812
"5376","Ishikawa",2015,50,0.00503796809263896
"5377","Ishikawa",2015,51,0.00495322341231355
"5378","Ishikawa",2015,52,0.00377500523969337
"5379","Ishikawa",2016,1,0.00448617016941757
"5380","Ishikawa",2016,2,0.00363596317372089
"5381","Ishikawa",2016,3,0.00350717355655843
"5382","Ishikawa",2016,4,0.00365930518647226
"5383","Ishikawa",2016,5,0.00332746145044304
"5384","Ishikawa",2016,6,0.0041193591358275
"5385","Ishikawa",2016,7,0.00405273348540177
"5386","Ishikawa",2016,8,0.00331831843715423
"5387","Ishikawa",2016,9,0.00407045206857978
"5388","Ishikawa",2016,10,0.00470212976110732
"5389","Ishikawa",2016,11,0.00472831039984803
"5390","Ishikawa",2016,12,0.00357723497735924
"5391","Ishikawa",2016,13,0.00518498153002161
"5392","Ishikawa",2016,14,0.00648227374596309
"5393","Ishikawa",2016,15,0.0056217601452964
"5394","Ishikawa",2016,16,0.00710295536051356
"5395","Ishikawa",2016,17,0.00677517589802418
"5396","Ishikawa",2016,18,0.00728103554808633
"5397","Ishikawa",2016,19,0.00876073736550045
"5398","Ishikawa",2016,20,0.00880189435526388
"5399","Ishikawa",2016,21,0.0101876597696257
"5400","Ishikawa",2016,22,0.0091561046959517
"5401","Ishikawa",2016,23,0.0116345322716281
"5402","Ishikawa",2016,24,0.0133105907772453
"5403","Ishikawa",2016,25,0.0134902200141039
"5404","Ishikawa",2016,26,0.0138099936573108
"5405","Ishikawa",2016,27,0.01589897959119
"5406","Ishikawa",2016,28,0.0157891988069092
"5407","Ishikawa",2016,29,0.0147923297810345
"5408","Ishikawa",2016,30,0.0165645446663184
"5409","Ishikawa",2016,31,0.0176128308191991
"5410","Ishikawa",2016,32,0.0159034745517403
"5411","Ishikawa",2016,33,0.0182238270537144
"5412","Ishikawa",2016,34,0.0168272198253274
"5413","Ishikawa",2016,35,0.0147815117946409
"5414","Ishikawa",2016,36,0.0157485666321699
"5415","Ishikawa",2016,37,0.0144198592409674
"5416","Ishikawa",2016,38,0.0131341670395937
"5417","Ishikawa",2016,39,0.0136538353626919
"5418","Ishikawa",2016,40,0.0125666625689816
"5419","Ishikawa",2016,41,0.00729760080117895
"5420","Ishikawa",2016,42,0.00978388517684172
"5421","Ishikawa",2016,43,0.00737634578415689
"5422","Ishikawa",2016,44,0.00600583750189203
"5423","Ishikawa",2016,45,0.00567081449904572
"5424","Ishikawa",2016,46,0.00693789046725868
"5425","Ishikawa",2016,47,0.00597479381287866
"5426","Ishikawa",2016,48,0.00517576964569556
"5427","Ishikawa",2016,49,0.00491715062363021
"5428","Ishikawa",2016,50,0.00415648736131017
"5429","Ishikawa",2016,51,0.00553786037045336
"5430","Ishikawa",2016,52,0.00404492902387184
"5431","Ishikawa",2017,1,0.00382981379782537
"5432","Ishikawa",2017,2,0.00386976107784092
"5433","Ishikawa",2017,3,0.00350556367460322
"5434","Ishikawa",2017,4,0.0032286811853748
"5435","Ishikawa",2017,5,0.00353756784859509
"5436","Ishikawa",2017,6,0.00357713372910113
"5437","Ishikawa",2017,7,0.00348446815078734
"5438","Ishikawa",2017,8,0.00364520789247773
"5439","Ishikawa",2017,9,0.00366403816834125
"5440","Ishikawa",2017,10,0.00372735853994391
"5441","Ishikawa",2017,11,0.00400578447301003
"5442","Ishikawa",2017,12,0.00389962441096088
"5443","Ishikawa",2017,13,0.00416430868942593
"5444","Ishikawa",2017,14,0.00622103770613576
"5445","Ishikawa",2017,15,0.00541589842979592
"5446","Ishikawa",2017,16,0.00658624266354282
"5447","Ishikawa",2017,17,0.00602424089024552
"5448","Ishikawa",2017,18,0.00750118152911438
"5449","Ishikawa",2017,19,0.00881036887574488
"5450","Ishikawa",2017,20,0.00810634033516351
"5451","Ishikawa",2017,21,0.0100340832800951
"5452","Ishikawa",2017,22,0.00957069231494603
"5453","Ishikawa",2017,23,0.00933024652987427
"5454","Ishikawa",2017,24,0.00876262429121835
"5455","Ishikawa",2017,25,0.011859675717279
"5456","Ishikawa",2017,26,0.0139861420867036
"5457","Ishikawa",2017,27,0.0153535396863815
"5458","Ishikawa",2017,28,0.017438762055627
"5459","Ishikawa",2017,29,0.0178020592625462
"5460","Ishikawa",2017,30,0.0175723331059578
"5461","Ishikawa",2017,31,0.0180141899959739
"5462","Ishikawa",2017,32,0.018232210383742
"5463","Ishikawa",2017,33,0.0167528383925858
"5464","Ishikawa",2017,34,0.0173172945638258
"5465","Ishikawa",2017,35,0.0133339717061606
"5466","Ishikawa",2017,36,0.013306177474876
"5467","Ishikawa",2017,37,0.0127279666898419
"5468","Ishikawa",2017,38,0.0123588849736872
"5469","Ishikawa",2017,39,0.0108069833733101
"5470","Ishikawa",2017,40,0.00977790135362844
"5471","Ishikawa",2017,41,0.0113690525663001
"5472","Ishikawa",2017,42,0.00874307179134664
"5473","Ishikawa",2017,43,0.00852432714146146
"5474","Ishikawa",2017,44,0.00698293492517213
"5475","Ishikawa",2017,45,0.0064488972196088
"5476","Ishikawa",2017,46,0.00555661494682614
"5477","Ishikawa",2017,47,0.00457190061437793
"5478","Ishikawa",2017,48,0.00522680049997735
"5479","Ishikawa",2017,49,0.00442911423182758
"5480","Ishikawa",2017,50,0.00384660364829015
"5481","Ishikawa",2017,51,0.00397086562200459
"5482","Ishikawa",2017,52,0.00376751831396134
"5483","Ishikawa",2018,1,0.00360682473512978
"5484","Ishikawa",2018,2,0.00366321069976772
"5485","Ishikawa",2018,3,0.00410269657221577
"5486","Ishikawa",2018,4,0.00300743494956491
"5487","Ishikawa",2018,5,0.00336970126224442
"5488","Ishikawa",2018,6,0.00320201289048361
"5489","Ishikawa",2018,7,0.00307547779806433
"5490","Ishikawa",2018,8,0.00308099121027515
"5491","Ishikawa",2018,9,0.00373318215193796
"5492","Ishikawa",2018,10,0.00429361914856257
"5493","Ishikawa",2018,11,0.00433057721591138
"5494","Ishikawa",2018,12,0.00484196701917902
"5495","Ishikawa",2018,13,0.00486270430845911
"5496","Ishikawa",2018,14,0.00641476723059519
"5497","Ishikawa",2018,15,0.00562573918490834
"5498","Ishikawa",2018,16,0.00655112849541065
"5499","Ishikawa",2018,17,0.00790733046365357
"5500","Ishikawa",2018,18,0.00767731780817343
"5501","Ishikawa",2018,19,0.00776296594233319
"5502","Ishikawa",2018,20,0.00995145994847613
"5503","Ishikawa",2018,21,0.00854053490866976
"5504","Ishikawa",2018,22,0.0104092232866406
"5505","Ishikawa",2018,23,0.0121472700191265
"5506","Ishikawa",2018,24,0.010309421241271
"5507","Ishikawa",2018,25,0.0119435055553972
"5508","Ishikawa",2018,26,0.014854735684578
"5509","Ishikawa",2018,27,0.0158856593270333
"5510","Ishikawa",2018,28,0.0168371160273588
"5511","Ishikawa",2018,29,0.0179284811952981
"5512","Ishikawa",2018,30,0.0182497504467531
"5513","Ishikawa",2018,31,0.0172670714155304
"5514","Ishikawa",2018,32,0.0173014732983532
"5515","Ishikawa",2018,33,0.0158406678156573
"5516","Ishikawa",2018,34,0.0170621281175509
"5517","Ishikawa",2018,35,0.016657235534817
"5518","Ishikawa",2018,36,0.015106040350103
"5519","Ishikawa",2018,37,0.013931485168404
"5520","Ishikawa",2018,38,0.0125683426246565
"5521","Ishikawa",2018,39,0.011432048222062
"5522","Ishikawa",2018,40,0.0114485542081704
"5523","Ishikawa",2018,41,0.0101407524861901
"5524","Ishikawa",2018,42,0.00850557302421601
"5525","Ishikawa",2018,43,0.00788918882213589
"5526","Ishikawa",2018,44,0.00641321704677108
"5527","Ishikawa",2018,45,0.00860530660108922
"5528","Ishikawa",2018,46,0.00655319187016316
"5529","Ishikawa",2018,47,0.00525543956852071
"5530","Ishikawa",2018,48,0.00577886414087987
"5531","Ishikawa",2018,49,0.00638748183790829
"5532","Ishikawa",2018,50,0.00379873898466293
"5533","Ishikawa",2018,51,0.00510010464007798
"5534","Ishikawa",2018,52,0.00396016556627198
"5535","Ishikawa",2019,1,0.00354755893661986
"5536","Ishikawa",2019,2,0.0034366521557618
"5537","Ishikawa",2019,3,0.00367985072722454
"5538","Ishikawa",2019,4,0.0035339120796989
"5539","Ishikawa",2019,5,0.00346562446028973
"5540","Ishikawa",2019,6,0.00396778437692406
"5541","Ishikawa",2019,7,0.00308359115732368
"5542","Ishikawa",2019,8,0.00404117400864738
"5543","Ishikawa",2019,9,0.00400147029287163
"5544","Ishikawa",2019,10,0.00444536128011867
"5545","Ishikawa",2019,11,0.00449593282174133
"5546","Ishikawa",2019,12,0.00467466536508546
"5547","Ishikawa",2019,13,0.00440926852261426
"5548","Ishikawa",2019,14,0.00419269197555986
"5549","Ishikawa",2019,15,0.00451725199714996
"5550","Ishikawa",2019,16,0.00577583663221508
"5551","Ishikawa",2019,17,0.00756414092332175
"5552","Ishikawa",2019,18,0.00703103446359334
"5553","Ishikawa",2019,19,0.00646037701450402
"5554","Ishikawa",2019,20,0.00939124773876574
"5555","Ishikawa",2019,21,0.00854675023919643
"5556","Ishikawa",2019,22,0.00921935762627328
"5557","Ishikawa",2019,23,0.0117170064242325
"5558","Ishikawa",2019,24,0.0116361570350871
"5559","Ishikawa",2019,25,0.011779813046709
"5560","Ishikawa",2019,26,0.0137897019446324
"5561","Ishikawa",2019,27,0.0150682222249057
"5562","Ishikawa",2019,28,0.0147086277757794
"5563","Ishikawa",2019,29,0.0158467415031431
"5564","Ishikawa",2019,30,0.0178020487466117
"5565","Ishikawa",2019,31,0.0186922276380636
"5566","Ishikawa",2019,32,0.0192323428061042
"5567","Ishikawa",2019,33,0.0190976561422184
"5568","Ishikawa",2019,34,0.017113532113172
"5569","Ishikawa",2019,35,0.015515005235206
"5570","Ishikawa",2019,36,0.0164469891850452
"5571","Ishikawa",2019,37,0.0157369974403709
"5572","Ishikawa",2019,38,0.0121625578895702
"5573","Ishikawa",2019,39,0.0125859285424352
"5574","Ishikawa",2019,40,0.0134511202360255
"5575","Ishikawa",2019,41,0.0107392068123071
"5576","Ishikawa",2019,42,0.00914373340323812
"5577","Ishikawa",2019,43,0.0102071662491225
"5578","Ishikawa",2019,44,0.00766062048933885
"5579","Ishikawa",2019,45,0.00606992298851273
"5580","Ishikawa",2019,46,0.00648920449968625
"5581","Ishikawa",2019,47,0.00601141470868017
"5582","Ishikawa",2019,48,0.00537496993709296
"5583","Ishikawa",2019,49,0.00479233572141767
"5584","Ishikawa",2019,50,0.00469543335853626
"5585","Ishikawa",2019,51,0.00518079750967956
"5586","Ishikawa",2019,52,0.00451365910745255
"5587","Ishikawa",2020,1,0.00454456931539551
"5588","Ishikawa",2020,2,0.0045310535390354
"5589","Ishikawa",2020,3,0.00421743833827801
"5590","Ishikawa",2020,4,0.00425305958543305
"5591","Ishikawa",2020,5,0.00464569335961591
"5592","Ishikawa",2020,6,0.00338955436484659
"5593","Ishikawa",2020,7,0.0047656527751692
"5594","Ishikawa",2020,8,0.00443065130407765
"5595","Ishikawa",2020,9,0.00412648500545045
"5596","Iwate",2013,1,0.00208288860148306
"5597","Iwate",2013,2,0.00206744311404457
"5598","Iwate",2013,3,0.00212543900835972
"5599","Iwate",2013,4,0.00249716474274501
"5600","Iwate",2013,5,0.00254933889249675
"5601","Iwate",2013,6,0.002342459821111
"5602","Iwate",2013,7,0.00233198081341654
"5603","Iwate",2013,8,0.00195658861244777
"5604","Iwate",2013,9,0.00251504661554597
"5605","Iwate",2013,10,0.00313910857127124
"5606","Iwate",2013,11,0.00247349629987708
"5607","Iwate",2013,12,0.00361527124747004
"5608","Iwate",2013,13,0.00326316545807684
"5609","Iwate",2013,14,0.00468047583682875
"5610","Iwate",2013,15,0.00376340897709466
"5611","Iwate",2013,16,0.0043221627210442
"5612","Iwate",2013,17,0.0047039643015688
"5613","Iwate",2013,18,0.00483484757809696
"5614","Iwate",2013,19,0.00547526809942574
"5615","Iwate",2013,20,0.00704342633433885
"5616","Iwate",2013,21,0.0076390879393321
"5617","Iwate",2013,22,0.00919223830858077
"5618","Iwate",2013,23,0.00901128882139797
"5619","Iwate",2013,24,0.011661189457413
"5620","Iwate",2013,25,0.0115594491876084
"5621","Iwate",2013,26,0.0107952017063859
"5622","Iwate",2013,27,0.0133293153997158
"5623","Iwate",2013,28,0.0146647837659768
"5624","Iwate",2013,29,0.0120601636919313
"5625","Iwate",2013,30,0.0140614716898781
"5626","Iwate",2013,31,0.0139826326622985
"5627","Iwate",2013,32,0.0162208099738022
"5628","Iwate",2013,33,0.0162733193827121
"5629","Iwate",2013,34,0.0150874653243813
"5630","Iwate",2013,35,0.012896863106307
"5631","Iwate",2013,36,0.0141731490772742
"5632","Iwate",2013,37,0.0132602025670633
"5633","Iwate",2013,38,0.0108252242945119
"5634","Iwate",2013,39,0.00902372546965946
"5635","Iwate",2013,40,0.00987046209928796
"5636","Iwate",2013,41,0.0112856985914788
"5637","Iwate",2013,42,0.00621248923152179
"5638","Iwate",2013,43,0.00775819264557847
"5639","Iwate",2013,44,0.0056553064640387
"5640","Iwate",2013,45,0.00547339130859494
"5641","Iwate",2013,46,0.00383839419197059
"5642","Iwate",2013,47,0.00440257758051188
"5643","Iwate",2013,48,0.00417025797149456
"5644","Iwate",2013,49,0.00370290856461942
"5645","Iwate",2013,50,0.00331742194161431
"5646","Iwate",2013,51,0.00339512302235544
"5647","Iwate",2013,52,0.0027982429107842
"5648","Iwate",2014,1,0.00276264736393029
"5649","Iwate",2014,2,0.00221336865917659
"5650","Iwate",2014,3,0.00196605763098275
"5651","Iwate",2014,4,0.00270377381024741
"5652","Iwate",2014,5,0.0024121594435255
"5653","Iwate",2014,6,0.00244100545949439
"5654","Iwate",2014,7,0.00241510489857103
"5655","Iwate",2014,8,0.00207182852499558
"5656","Iwate",2014,9,0.0028773331806373
"5657","Iwate",2014,10,0.00231218521455762
"5658","Iwate",2014,11,0.0027755019410844
"5659","Iwate",2014,12,0.00329199211420338
"5660","Iwate",2014,13,0.00422032989108499
"5661","Iwate",2014,14,0.00423786631071071
"5662","Iwate",2014,15,0.00314113522550194
"5663","Iwate",2014,16,0.00302319845281123
"5664","Iwate",2014,17,0.00465375202316515
"5665","Iwate",2014,18,0.00661240963433462
"5666","Iwate",2014,19,0.00540616342213277
"5667","Iwate",2014,20,0.00691102886476693
"5668","Iwate",2014,21,0.00686686515631222
"5669","Iwate",2014,22,0.00918323779214489
"5670","Iwate",2014,23,0.00988889318543336
"5671","Iwate",2014,24,0.0115254172794571
"5672","Iwate",2014,25,0.0111144082090541
"5673","Iwate",2014,26,0.011869052535147
"5674","Iwate",2014,27,0.0123689807452039
"5675","Iwate",2014,28,0.0140713804579587
"5676","Iwate",2014,29,0.013286053421384
"5677","Iwate",2014,30,0.0143726680391371
"5678","Iwate",2014,31,0.0141446141069795
"5679","Iwate",2014,32,0.0163190696911373
"5680","Iwate",2014,33,0.0138740912228719
"5681","Iwate",2014,34,0.0160444127896189
"5682","Iwate",2014,35,0.0119980246846072
"5683","Iwate",2014,36,0.0123263781311736
"5684","Iwate",2014,37,0.0109734293626958
"5685","Iwate",2014,38,0.00826451813673921
"5686","Iwate",2014,39,0.00855452883117158
"5687","Iwate",2014,40,0.00886145634418548
"5688","Iwate",2014,41,0.00667811734143986
"5689","Iwate",2014,42,0.0066958282584536
"5690","Iwate",2014,43,0.00667816363155596
"5691","Iwate",2014,44,0.00618746550170079
"5692","Iwate",2014,45,0.00504512148127411
"5693","Iwate",2014,46,0.00475664996146886
"5694","Iwate",2014,47,0.00407716730122203
"5695","Iwate",2014,48,0.00470353760284693
"5696","Iwate",2014,49,0.00390331774069693
"5697","Iwate",2014,50,0.00279231676911979
"5698","Iwate",2014,51,0.00275423490263134
"5699","Iwate",2014,52,0.00254451544407506
"5700","Iwate",2015,1,0.00279012043705062
"5701","Iwate",2015,2,0.0028210883814369
"5702","Iwate",2015,3,0.00260813678695772
"5703","Iwate",2015,4,0.00288475937368483
"5704","Iwate",2015,5,0.00245927040120885
"5705","Iwate",2015,6,0.00270284905502745
"5706","Iwate",2015,7,0.00288062931877093
"5707","Iwate",2015,8,0.00314961536385556
"5708","Iwate",2015,9,0.00342757342975932
"5709","Iwate",2015,10,0.00313265362841407
"5710","Iwate",2015,11,0.00397165693994878
"5711","Iwate",2015,12,0.00319908904717188
"5712","Iwate",2015,13,0.00480062186303969
"5713","Iwate",2015,14,0.0045112189162206
"5714","Iwate",2015,15,0.0054340269793492
"5715","Iwate",2015,16,0.00497973218301659
"5716","Iwate",2015,17,0.00581532568425167
"5717","Iwate",2015,18,0.00630342002254079
"5718","Iwate",2015,19,0.0070101021063174
"5719","Iwate",2015,20,0.00696397022270422
"5720","Iwate",2015,21,0.0091437444728419
"5721","Iwate",2015,22,0.00812107040968235
"5722","Iwate",2015,23,0.00974897735174241
"5723","Iwate",2015,24,0.0111691661171864
"5724","Iwate",2015,25,0.0117049504828057
"5725","Iwate",2015,26,0.010702379998084
"5726","Iwate",2015,27,0.0106513661766931
"5727","Iwate",2015,28,0.0143693009309481
"5728","Iwate",2015,29,0.0162411473423408
"5729","Iwate",2015,30,0.0164784551936552
"5730","Iwate",2015,31,0.015574617033481
"5731","Iwate",2015,32,0.0155794675072702
"5732","Iwate",2015,33,0.0140212508868068
"5733","Iwate",2015,34,0.0109865302495751
"5734","Iwate",2015,35,0.0125606907233181
"5735","Iwate",2015,36,0.0122659252967068
"5736","Iwate",2015,37,0.0104498075716881
"5737","Iwate",2015,38,0.010102915102612
"5738","Iwate",2015,39,0.00783516929666971
"5739","Iwate",2015,40,0.00671978410741576
"5740","Iwate",2015,41,0.00631729025618828
"5741","Iwate",2015,42,0.00588256362843931
"5742","Iwate",2015,43,0.00496047476510258
"5743","Iwate",2015,44,0.00563201292849642
"5744","Iwate",2015,45,0.0062815960980793
"5745","Iwate",2015,46,0.00603047949371986
"5746","Iwate",2015,47,0.00419968967395772
"5747","Iwate",2015,48,0.00376888438181295
"5748","Iwate",2015,49,0.00355523272861363
"5749","Iwate",2015,50,0.00383824654430379
"5750","Iwate",2015,51,0.00342298120193342
"5751","Iwate",2015,52,0.00260479355975815
"5752","Iwate",2016,1,0.00276240393823073
"5753","Iwate",2016,2,0.00214094664504749
"5754","Iwate",2016,3,0.00251801426635517
"5755","Iwate",2016,4,0.00239017731895913
"5756","Iwate",2016,5,0.00215181874510426
"5757","Iwate",2016,6,0.00291822810981207
"5758","Iwate",2016,7,0.00333738120983156
"5759","Iwate",2016,8,0.00228993666291067
"5760","Iwate",2016,9,0.00277742296293198
"5761","Iwate",2016,10,0.00331696810931932
"5762","Iwate",2016,11,0.00390022498699509
"5763","Iwate",2016,12,0.00289981662900101
"5764","Iwate",2016,13,0.00391692297280502
"5765","Iwate",2016,14,0.0046783613680505
"5766","Iwate",2016,15,0.00455425620251111
"5767","Iwate",2016,16,0.0056878924166144
"5768","Iwate",2016,17,0.00469851691940618
"5769","Iwate",2016,18,0.00676359806747413
"5770","Iwate",2016,19,0.00673099025221778
"5771","Iwate",2016,20,0.00727848994608125
"5772","Iwate",2016,21,0.00928071317329878
"5773","Iwate",2016,22,0.00792178876027174
"5774","Iwate",2016,23,0.0097663320722639
"5775","Iwate",2016,24,0.0112541808840401
"5776","Iwate",2016,25,0.0116394729890699
"5777","Iwate",2016,26,0.011580680560068
"5778","Iwate",2016,27,0.0117967795701529
"5779","Iwate",2016,28,0.0127587078690615
"5780","Iwate",2016,29,0.0125022495364723
"5781","Iwate",2016,30,0.014891569008632
"5782","Iwate",2016,31,0.0161548959932631
"5783","Iwate",2016,32,0.0140559236531985
"5784","Iwate",2016,33,0.016150081641752
"5785","Iwate",2016,34,0.0155518845846425
"5786","Iwate",2016,35,0.0149629349340449
"5787","Iwate",2016,36,0.0146464569484866
"5788","Iwate",2016,37,0.0123823707993657
"5789","Iwate",2016,38,0.0106205539337864
"5790","Iwate",2016,39,0.0115223684361467
"5791","Iwate",2016,40,0.00900274810372651
"5792","Iwate",2016,41,0.0059685089831221
"5793","Iwate",2016,42,0.00701966792016508
"5794","Iwate",2016,43,0.00496555339590444
"5795","Iwate",2016,44,0.00466683956821187
"5796","Iwate",2016,45,0.00409607254881822
"5797","Iwate",2016,46,0.00481371580313177
"5798","Iwate",2016,47,0.00369395468807829
"5799","Iwate",2016,48,0.00375743466275132
"5800","Iwate",2016,49,0.0035445807601752
"5801","Iwate",2016,50,0.00275670632479762
"5802","Iwate",2016,51,0.00422372820011643
"5803","Iwate",2016,52,0.00277188637129816
"5804","Iwate",2017,1,0.0029513749529917
"5805","Iwate",2017,2,0.00238640573807168
"5806","Iwate",2017,3,0.00252313286312275
"5807","Iwate",2017,4,0.00232428663224541
"5808","Iwate",2017,5,0.00250793392928302
"5809","Iwate",2017,6,0.0029152239761776
"5810","Iwate",2017,7,0.00300831131257747
"5811","Iwate",2017,8,0.0026950447716118
"5812","Iwate",2017,9,0.00271539412513185
"5813","Iwate",2017,10,0.00275601312212686
"5814","Iwate",2017,11,0.00306427145223855
"5815","Iwate",2017,12,0.00300104323403322
"5816","Iwate",2017,13,0.00368892464743498
"5817","Iwate",2017,14,0.0047609913698402
"5818","Iwate",2017,15,0.00417108284495056
"5819","Iwate",2017,16,0.00510883567952208
"5820","Iwate",2017,17,0.00533642386878084
"5821","Iwate",2017,18,0.00593541553443678
"5822","Iwate",2017,19,0.00669432348581358
"5823","Iwate",2017,20,0.00725270753758719
"5824","Iwate",2017,21,0.00944343470810742
"5825","Iwate",2017,22,0.00900232794111811
"5826","Iwate",2017,23,0.00816680482752749
"5827","Iwate",2017,24,0.00870721200492874
"5828","Iwate",2017,25,0.0104373516002043
"5829","Iwate",2017,26,0.011571785022692
"5830","Iwate",2017,27,0.013691973420878
"5831","Iwate",2017,28,0.0155508942395466
"5832","Iwate",2017,29,0.0152764909375141
"5833","Iwate",2017,30,0.0142740196939888
"5834","Iwate",2017,31,0.0139763973914515
"5835","Iwate",2017,32,0.0144227350356714
"5836","Iwate",2017,33,0.0138706318118346
"5837","Iwate",2017,34,0.0147032586981245
"5838","Iwate",2017,35,0.011356264017171
"5839","Iwate",2017,36,0.0114632952069117
"5840","Iwate",2017,37,0.0108928778528333
"5841","Iwate",2017,38,0.0105587389450624
"5842","Iwate",2017,39,0.00918603438409506
"5843","Iwate",2017,40,0.00806167168851731
"5844","Iwate",2017,41,0.00856928946727974
"5845","Iwate",2017,42,0.00628524950877141
"5846","Iwate",2017,43,0.00663440211298108
"5847","Iwate",2017,44,0.00615140314828019
"5848","Iwate",2017,45,0.00541537470667474
"5849","Iwate",2017,46,0.00436130507919534
"5850","Iwate",2017,47,0.00341022951604133
"5851","Iwate",2017,48,0.00320623958868073
"5852","Iwate",2017,49,0.00329887005050265
"5853","Iwate",2017,50,0.0031965450848899
"5854","Iwate",2017,51,0.00292698229565698
"5855","Iwate",2017,52,0.00273863455680922
"5856","Iwate",2018,1,0.00285445929198071
"5857","Iwate",2018,2,0.00265554455475773
"5858","Iwate",2018,3,0.0029789562371227
"5859","Iwate",2018,4,0.00199507643706203
"5860","Iwate",2018,5,0.00234260682302079
"5861","Iwate",2018,6,0.00256958138865405
"5862","Iwate",2018,7,0.00223729668139722
"5863","Iwate",2018,8,0.00197812815044629
"5864","Iwate",2018,9,0.00271386153610558
"5865","Iwate",2018,10,0.00340369110621062
"5866","Iwate",2018,11,0.00354609407908779
"5867","Iwate",2018,12,0.00318876134600571
"5868","Iwate",2018,13,0.00403514614755327
"5869","Iwate",2018,14,0.00474938663768758
"5870","Iwate",2018,15,0.00422220749273307
"5871","Iwate",2018,16,0.00547513804754817
"5872","Iwate",2018,17,0.00571652721539257
"5873","Iwate",2018,18,0.00700888109246887
"5874","Iwate",2018,19,0.00607034199173337
"5875","Iwate",2018,20,0.00810342977242518
"5876","Iwate",2018,21,0.0071232333609444
"5877","Iwate",2018,22,0.00940382974702517
"5878","Iwate",2018,23,0.0104572601154739
"5879","Iwate",2018,24,0.00784291173917657
"5880","Iwate",2018,25,0.0101800831228305
"5881","Iwate",2018,26,0.0128331722720197
"5882","Iwate",2018,27,0.0139036724463264
"5883","Iwate",2018,28,0.0146594320662312
"5884","Iwate",2018,29,0.0158389161867888
"5885","Iwate",2018,30,0.0152148345672442
"5886","Iwate",2018,31,0.0155602114998593
"5887","Iwate",2018,32,0.0140708978856356
"5888","Iwate",2018,33,0.0137573850814716
"5889","Iwate",2018,34,0.0158059650157963
"5890","Iwate",2018,35,0.0138438758958043
"5891","Iwate",2018,36,0.0139748842194139
"5892","Iwate",2018,37,0.0110458136617618
"5893","Iwate",2018,38,0.0102868605713137
"5894","Iwate",2018,39,0.009917421592594
"5895","Iwate",2018,40,0.0101813947827197
"5896","Iwate",2018,41,0.00887558842068582
"5897","Iwate",2018,42,0.00680958305828123
"5898","Iwate",2018,43,0.00676774140687295
"5899","Iwate",2018,44,0.00547656948614729
"5900","Iwate",2018,45,0.00718155680545829
"5901","Iwate",2018,46,0.00468208778097664
"5902","Iwate",2018,47,0.00381231823162125
"5903","Iwate",2018,48,0.00394796493534435
"5904","Iwate",2018,49,0.00411254647184588
"5905","Iwate",2018,50,0.00270945806315098
"5906","Iwate",2018,51,0.00335877600522986
"5907","Iwate",2018,52,0.00258220206639801
"5908","Iwate",2019,1,0.00253322766574638
"5909","Iwate",2019,2,0.00246134480229085
"5910","Iwate",2019,3,0.00239821904197289
"5911","Iwate",2019,4,0.00236970318774846
"5912","Iwate",2019,5,0.00243853523686982
"5913","Iwate",2019,6,0.00272733891465447
"5914","Iwate",2019,7,0.00207411699047319
"5915","Iwate",2019,8,0.00311657424622153
"5916","Iwate",2019,9,0.00284727493815014
"5917","Iwate",2019,10,0.00319656775051875
"5918","Iwate",2019,11,0.00363726614286211
"5919","Iwate",2019,12,0.00354884526351768
"5920","Iwate",2019,13,0.00291198960312449
"5921","Iwate",2019,14,0.00340427794883198
"5922","Iwate",2019,15,0.00353988525230757
"5923","Iwate",2019,16,0.00455470454462919
"5924","Iwate",2019,17,0.0055561359727162
"5925","Iwate",2019,18,0.00551649581645374
"5926","Iwate",2019,19,0.00583761567949944
"5927","Iwate",2019,20,0.00735870111713053
"5928","Iwate",2019,21,0.00771359310734805
"5929","Iwate",2019,22,0.0084877241392467
"5930","Iwate",2019,23,0.00991351389144152
"5931","Iwate",2019,24,0.00869257463909853
"5932","Iwate",2019,25,0.0104968278505244
"5933","Iwate",2019,26,0.0112133553162421
"5934","Iwate",2019,27,0.0119264876400154
"5935","Iwate",2019,28,0.0107298318534699
"5936","Iwate",2019,29,0.0133264509582451
"5937","Iwate",2019,30,0.0152566433766176
"5938","Iwate",2019,31,0.0171049544850053
"5939","Iwate",2019,32,0.0169222188034153
"5940","Iwate",2019,33,0.0168476303895721
"5941","Iwate",2019,34,0.0149835607796608
"5942","Iwate",2019,35,0.0138345922944714
"5943","Iwate",2019,36,0.0139333722856011
"5944","Iwate",2019,37,0.01340802923077
"5945","Iwate",2019,38,0.0102290668644037
"5946","Iwate",2019,39,0.00955775406617101
"5947","Iwate",2019,40,0.0114238188885264
"5948","Iwate",2019,41,0.00907543842756874
"5949","Iwate",2019,42,0.00676950196107275
"5950","Iwate",2019,43,0.00812249894148565
"5951","Iwate",2019,44,0.00623285794893903
"5952","Iwate",2019,45,0.00467425923259067
"5953","Iwate",2019,46,0.00481339934337818
"5954","Iwate",2019,47,0.00416693540157047
"5955","Iwate",2019,48,0.00381394758853027
"5956","Iwate",2019,49,0.00341498551962424
"5957","Iwate",2019,50,0.00352009856333854
"5958","Iwate",2019,51,0.00330972491239808
"5959","Iwate",2019,52,0.00309846518858896
"5960","Iwate",2020,1,0.00281088005678693
"5961","Iwate",2020,2,0.0031736956994625
"5962","Iwate",2020,3,0.00286223117570481
"5963","Iwate",2020,4,0.00282633070149106
"5964","Iwate",2020,5,0.00356404490442791
"5965","Iwate",2020,6,0.00238456075084867
"5966","Iwate",2020,7,0.00321541780684245
"5967","Iwate",2020,8,0.00346196921530852
"5968","Iwate",2020,9,0.00309464110161457
"5969","Kagawa",2013,1,0.00324512467098733
"5970","Kagawa",2013,2,0.00333551820811062
"5971","Kagawa",2013,3,0.0036314534843855
"5972","Kagawa",2013,4,0.00386899191930535
"5973","Kagawa",2013,5,0.00433519413872134
"5974","Kagawa",2013,6,0.00416425684289563
"5975","Kagawa",2013,7,0.00356329862205755
"5976","Kagawa",2013,8,0.00358622347093409
"5977","Kagawa",2013,9,0.00429426585989339
"5978","Kagawa",2013,10,0.00480221911510896
"5979","Kagawa",2013,11,0.0047076474320853
"5980","Kagawa",2013,12,0.00645112925918684
"5981","Kagawa",2013,13,0.00598204000631259
"5982","Kagawa",2013,14,0.00690526344502966
"5983","Kagawa",2013,15,0.00446958020551219
"5984","Kagawa",2013,16,0.00703449957516222
"5985","Kagawa",2013,17,0.00629269433695646
"5986","Kagawa",2013,18,0.0066497387763645
"5987","Kagawa",2013,19,0.00757534597955999
"5988","Kagawa",2013,20,0.00946859625123796
"5989","Kagawa",2013,21,0.0105146100478513
"5990","Kagawa",2013,22,0.0116733158273356
"5991","Kagawa",2013,23,0.0117620071839719
"5992","Kagawa",2013,24,0.0142412184338484
"5993","Kagawa",2013,25,0.0146234745071048
"5994","Kagawa",2013,26,0.0145638287067413
"5995","Kagawa",2013,27,0.0163797213296805
"5996","Kagawa",2013,28,0.0182317088225058
"5997","Kagawa",2013,29,0.0169383059034035
"5998","Kagawa",2013,30,0.0171457466092848
"5999","Kagawa",2013,31,0.0183165662345432
"6000","Kagawa",2013,32,0.0189217156952336
"6001","Kagawa",2013,33,0.0177668341036354
"6002","Kagawa",2013,34,0.0192992160362857
"6003","Kagawa",2013,35,0.0164740463896167
"6004","Kagawa",2013,36,0.0153879501102936
"6005","Kagawa",2013,37,0.0158698447048664
"6006","Kagawa",2013,38,0.0125934673650634
"6007","Kagawa",2013,39,0.0119784092087121
"6008","Kagawa",2013,40,0.0120350497641734
"6009","Kagawa",2013,41,0.0144310205997456
"6010","Kagawa",2013,42,0.00926092652870076
"6011","Kagawa",2013,43,0.0108494212008303
"6012","Kagawa",2013,44,0.00760386964040143
"6013","Kagawa",2013,45,0.00842474751351845
"6014","Kagawa",2013,46,0.00636911139424358
"6015","Kagawa",2013,47,0.00482209809567957
"6016","Kagawa",2013,48,0.00487967114895582
"6017","Kagawa",2013,49,0.00502240817461695
"6018","Kagawa",2013,50,0.00426514314798017
"6019","Kagawa",2013,51,0.00424522984152039
"6020","Kagawa",2013,52,0.00390035113585847
"6021","Kagawa",2014,1,0.00401302264072001
"6022","Kagawa",2014,2,0.00383491426085432
"6023","Kagawa",2014,3,0.00352492718957365
"6024","Kagawa",2014,4,0.00391520138475157
"6025","Kagawa",2014,5,0.00484069700663288
"6026","Kagawa",2014,6,0.00465137325227261
"6027","Kagawa",2014,7,0.00348700402260181
"6028","Kagawa",2014,8,0.00327583897991904
"6029","Kagawa",2014,9,0.00537506635079072
"6030","Kagawa",2014,10,0.00375949005995478
"6031","Kagawa",2014,11,0.00416666209431631
"6032","Kagawa",2014,12,0.00560100000750806
"6033","Kagawa",2014,13,0.00711199931711668
"6034","Kagawa",2014,14,0.00612186995290575
"6035","Kagawa",2014,15,0.00526452107754137
"6036","Kagawa",2014,16,0.00635961219224901
"6037","Kagawa",2014,17,0.00722927755365769
"6038","Kagawa",2014,18,0.00877242976622213
"6039","Kagawa",2014,19,0.00685113923446763
"6040","Kagawa",2014,20,0.00891931751920354
"6041","Kagawa",2014,21,0.00964565251377367
"6042","Kagawa",2014,22,0.0114021760722001
"6043","Kagawa",2014,23,0.0130373829798329
"6044","Kagawa",2014,24,0.0132098283086504
"6045","Kagawa",2014,25,0.0128925870660515
"6046","Kagawa",2014,26,0.0139897517150357
"6047","Kagawa",2014,27,0.014307599204282
"6048","Kagawa",2014,28,0.0168994541413018
"6049","Kagawa",2014,29,0.0173849050576488
"6050","Kagawa",2014,30,0.0180692172476224
"6051","Kagawa",2014,31,0.0175950739621407
"6052","Kagawa",2014,32,0.0188683174727928
"6053","Kagawa",2014,33,0.0183762635680891
"6054","Kagawa",2014,34,0.0187289870920635
"6055","Kagawa",2014,35,0.0159317113547808
"6056","Kagawa",2014,36,0.0167485898183215
"6057","Kagawa",2014,37,0.0122376703435466
"6058","Kagawa",2014,38,0.0109347546295751
"6059","Kagawa",2014,39,0.0125531419402077
"6060","Kagawa",2014,40,0.0121844682753796
"6061","Kagawa",2014,41,0.0109874866902828
"6062","Kagawa",2014,42,0.00852259802853777
"6063","Kagawa",2014,43,0.0101545784134595
"6064","Kagawa",2014,44,0.00909035495438036
"6065","Kagawa",2014,45,0.0071942846601208
"6066","Kagawa",2014,46,0.00611449321288438
"6067","Kagawa",2014,47,0.00585175813397481
"6068","Kagawa",2014,48,0.00792545909505515
"6069","Kagawa",2014,49,0.00484659720123524
"6070","Kagawa",2014,50,0.00422342653785433
"6071","Kagawa",2014,51,0.00362485136082839
"6072","Kagawa",2014,52,0.00382570781567622
"6073","Kagawa",2015,1,0.00419516350320053
"6074","Kagawa",2015,2,0.00418285735040193
"6075","Kagawa",2015,3,0.00437274596299089
"6076","Kagawa",2015,4,0.00440014904320595
"6077","Kagawa",2015,5,0.00352556677535176
"6078","Kagawa",2015,6,0.00332169258035719
"6079","Kagawa",2015,7,0.00425300545369585
"6080","Kagawa",2015,8,0.00511259034586449
"6081","Kagawa",2015,9,0.00451913936107996
"6082","Kagawa",2015,10,0.00392495880701712
"6083","Kagawa",2015,11,0.00753833216038488
"6084","Kagawa",2015,12,0.00412219934653313
"6085","Kagawa",2015,13,0.00913164174805085
"6086","Kagawa",2015,14,0.00725264636622298
"6087","Kagawa",2015,15,0.0071552352580641
"6088","Kagawa",2015,16,0.00772101429867602
"6089","Kagawa",2015,17,0.00948157498524303
"6090","Kagawa",2015,18,0.00945306387508199
"6091","Kagawa",2015,19,0.00988087461640438
"6092","Kagawa",2015,20,0.00949405324423597
"6093","Kagawa",2015,21,0.0109072975104763
"6094","Kagawa",2015,22,0.0108457353586952
"6095","Kagawa",2015,23,0.0131300576918182
"6096","Kagawa",2015,24,0.0137688425768699
"6097","Kagawa",2015,25,0.0146883459140857
"6098","Kagawa",2015,26,0.0137051122174377
"6099","Kagawa",2015,27,0.0166169731389909
"6100","Kagawa",2015,28,0.0172750283742235
"6101","Kagawa",2015,29,0.0178991590759584
"6102","Kagawa",2015,30,0.0186068282595703
"6103","Kagawa",2015,31,0.0193522000419242
"6104","Kagawa",2015,32,0.0174570679664612
"6105","Kagawa",2015,33,0.0177284205066306
"6106","Kagawa",2015,34,0.0156104934978343
"6107","Kagawa",2015,35,0.0159867944728051
"6108","Kagawa",2015,36,0.0139869388991169
"6109","Kagawa",2015,37,0.0117744336436902
"6110","Kagawa",2015,38,0.0130407302418635
"6111","Kagawa",2015,39,0.0106889475136995
"6112","Kagawa",2015,40,0.00883464632733237
"6113","Kagawa",2015,41,0.00794006726660189
"6114","Kagawa",2015,42,0.0091527219684351
"6115","Kagawa",2015,43,0.00679168847966052
"6116","Kagawa",2015,44,0.00884501609419073
"6117","Kagawa",2015,45,0.0100379389311586
"6118","Kagawa",2015,46,0.00903096613252447
"6119","Kagawa",2015,47,0.00644112070135417
"6120","Kagawa",2015,48,0.0054408832054053
"6121","Kagawa",2015,49,0.00623771785536692
"6122","Kagawa",2015,50,0.00510856898368469
"6123","Kagawa",2015,51,0.0058864791700173
"6124","Kagawa",2015,52,0.00412169350532904
"6125","Kagawa",2016,1,0.0048394893362586
"6126","Kagawa",2016,2,0.00371244182765839
"6127","Kagawa",2016,3,0.00372776027680153
"6128","Kagawa",2016,4,0.00425966494228868
"6129","Kagawa",2016,5,0.00391352407279469
"6130","Kagawa",2016,6,0.00484764722308942
"6131","Kagawa",2016,7,0.0043316599691198
"6132","Kagawa",2016,8,0.00364545595255636
"6133","Kagawa",2016,9,0.00482835072935337
"6134","Kagawa",2016,10,0.00604812861863701
"6135","Kagawa",2016,11,0.0058398660981939
"6136","Kagawa",2016,12,0.00405262341900241
"6137","Kagawa",2016,13,0.00680637938369598
"6138","Kagawa",2016,14,0.00865554414866936
"6139","Kagawa",2016,15,0.00715321642790167
"6140","Kagawa",2016,16,0.00806282957394918
"6141","Kagawa",2016,17,0.0084442478560266
"6142","Kagawa",2016,18,0.00852903486451223
"6143","Kagawa",2016,19,0.00999430247715541
"6144","Kagawa",2016,20,0.00970132438288558
"6145","Kagawa",2016,21,0.0120693255836765
"6146","Kagawa",2016,22,0.0107955611754386
"6147","Kagawa",2016,23,0.0133823223766826
"6148","Kagawa",2016,24,0.0145615153458147
"6149","Kagawa",2016,25,0.015724644242298
"6150","Kagawa",2016,26,0.0154953930704367
"6151","Kagawa",2016,27,0.0180943263251157
"6152","Kagawa",2016,28,0.0180102490066063
"6153","Kagawa",2016,29,0.0164188688975715
"6154","Kagawa",2016,30,0.0180257800966501
"6155","Kagawa",2016,31,0.0180785168139707
"6156","Kagawa",2016,32,0.0170447261826623
"6157","Kagawa",2016,33,0.0188928396396694
"6158","Kagawa",2016,34,0.0176810176510896
"6159","Kagawa",2016,35,0.0142787797376513
"6160","Kagawa",2016,36,0.0165815854533797
"6161","Kagawa",2016,37,0.016423497615116
"6162","Kagawa",2016,38,0.01500815015641
"6163","Kagawa",2016,39,0.0165239653239648
"6164","Kagawa",2016,40,0.0149231233767101
"6165","Kagawa",2016,41,0.00829905848063174
"6166","Kagawa",2016,42,0.0118877138232901
"6167","Kagawa",2016,43,0.00952551682435331
"6168","Kagawa",2016,44,0.00662658676238997
"6169","Kagawa",2016,45,0.00660005963540503
"6170","Kagawa",2016,46,0.00871900646459489
"6171","Kagawa",2016,47,0.0072620545646974
"6172","Kagawa",2016,48,0.00589147624781444
"6173","Kagawa",2016,49,0.00567814406184923
"6174","Kagawa",2016,50,0.00491868592576966
"6175","Kagawa",2016,51,0.00622385957588752
"6176","Kagawa",2016,52,0.00471363107984265
"6177","Kagawa",2017,1,0.00452995038635674
"6178","Kagawa",2017,2,0.00394820994032281
"6179","Kagawa",2017,3,0.00360883882136217
"6180","Kagawa",2017,4,0.00348387246153184
"6181","Kagawa",2017,5,0.00422032883701225
"6182","Kagawa",2017,6,0.00368562816376133
"6183","Kagawa",2017,7,0.00409369950094039
"6184","Kagawa",2017,8,0.0042901715884606
"6185","Kagawa",2017,9,0.0042206218488337
"6186","Kagawa",2017,10,0.00387315234790246
"6187","Kagawa",2017,11,0.00420006066339002
"6188","Kagawa",2017,12,0.00434892879621614
"6189","Kagawa",2017,13,0.00512659146140019
"6190","Kagawa",2017,14,0.00765116479513901
"6191","Kagawa",2017,15,0.00695367636425155
"6192","Kagawa",2017,16,0.00786339014857298
"6193","Kagawa",2017,17,0.00705965222524745
"6194","Kagawa",2017,18,0.00883445487402025
"6195","Kagawa",2017,19,0.00904849280292789
"6196","Kagawa",2017,20,0.00873368929716803
"6197","Kagawa",2017,21,0.0108206836240632
"6198","Kagawa",2017,22,0.0105495437358816
"6199","Kagawa",2017,23,0.0104851278565114
"6200","Kagawa",2017,24,0.00958517411102851
"6201","Kagawa",2017,25,0.013257823618395
"6202","Kagawa",2017,26,0.0159480202765692
"6203","Kagawa",2017,27,0.0174320422645126
"6204","Kagawa",2017,28,0.0183533962283816
"6205","Kagawa",2017,29,0.0181392983843883
"6206","Kagawa",2017,30,0.0196765555689732
"6207","Kagawa",2017,31,0.0192101046088196
"6208","Kagawa",2017,32,0.0189485961482638
"6209","Kagawa",2017,33,0.0178162923437499
"6210","Kagawa",2017,34,0.0184192285828647
"6211","Kagawa",2017,35,0.0145249857700297
"6212","Kagawa",2017,36,0.0144248606548423
"6213","Kagawa",2017,37,0.0140284237318805
"6214","Kagawa",2017,38,0.0130751360473888
"6215","Kagawa",2017,39,0.0119288470152588
"6216","Kagawa",2017,40,0.0116517299209677
"6217","Kagawa",2017,41,0.0128035628281179
"6218","Kagawa",2017,42,0.0103047735811699
"6219","Kagawa",2017,43,0.00884994558457817
"6220","Kagawa",2017,44,0.00766528630629182
"6221","Kagawa",2017,45,0.00745678458008028
"6222","Kagawa",2017,46,0.00588566078139203
"6223","Kagawa",2017,47,0.00459707268912877
"6224","Kagawa",2017,48,0.00618168270392787
"6225","Kagawa",2017,49,0.00418005628688704
"6226","Kagawa",2017,50,0.00365493784747308
"6227","Kagawa",2017,51,0.00363230752936077
"6228","Kagawa",2017,52,0.00391841800661669
"6229","Kagawa",2018,1,0.00363395614771261
"6230","Kagawa",2018,2,0.0037322007784886
"6231","Kagawa",2018,3,0.00516884027802873
"6232","Kagawa",2018,4,0.00300286242383577
"6233","Kagawa",2018,5,0.00327007958133306
"6234","Kagawa",2018,6,0.00279966808323349
"6235","Kagawa",2018,7,0.00338237759258066
"6236","Kagawa",2018,8,0.00364091623175357
"6237","Kagawa",2018,9,0.004848874273843
"6238","Kagawa",2018,10,0.00532157004012593
"6239","Kagawa",2018,11,0.00548813019746116
"6240","Kagawa",2018,12,0.00575126867209162
"6241","Kagawa",2018,13,0.0058745823556646
"6242","Kagawa",2018,14,0.00761017743276343
"6243","Kagawa",2018,15,0.00648698518939671
"6244","Kagawa",2018,16,0.00700316416277062
"6245","Kagawa",2018,17,0.00853404072335079
"6246","Kagawa",2018,18,0.0082692067094502
"6247","Kagawa",2018,19,0.00884963277106484
"6248","Kagawa",2018,20,0.0114234380335325
"6249","Kagawa",2018,21,0.00941631814376229
"6250","Kagawa",2018,22,0.0116672534052105
"6251","Kagawa",2018,23,0.0129532268093455
"6252","Kagawa",2018,24,0.0117252927184814
"6253","Kagawa",2018,25,0.0140075472493966
"6254","Kagawa",2018,26,0.0160931086256391
"6255","Kagawa",2018,27,0.0174637752629462
"6256","Kagawa",2018,28,0.0177043184992813
"6257","Kagawa",2018,29,0.019222149714118
"6258","Kagawa",2018,30,0.0188586089227881
"6259","Kagawa",2018,31,0.0188605966312545
"6260","Kagawa",2018,32,0.0179170462790699
"6261","Kagawa",2018,33,0.0176469329744577
"6262","Kagawa",2018,34,0.0180898925644301
"6263","Kagawa",2018,35,0.0180970550115619
"6264","Kagawa",2018,36,0.0160646987635465
"6265","Kagawa",2018,37,0.0155469608448801
"6266","Kagawa",2018,38,0.0149780595675111
"6267","Kagawa",2018,39,0.0121744608151771
"6268","Kagawa",2018,40,0.0127609716284843
"6269","Kagawa",2018,41,0.0106038319479142
"6270","Kagawa",2018,42,0.00873143148298065
"6271","Kagawa",2018,43,0.00881906470195169
"6272","Kagawa",2018,44,0.00639502349353972
"6273","Kagawa",2018,45,0.00854538458709916
"6274","Kagawa",2018,46,0.00683179018752916
"6275","Kagawa",2018,47,0.00564637299006184
"6276","Kagawa",2018,48,0.00677465314843825
"6277","Kagawa",2018,49,0.00744563393250463
"6278","Kagawa",2018,50,0.00434504723220709
"6279","Kagawa",2018,51,0.00606857051718093
"6280","Kagawa",2018,52,0.00443799065292946
"6281","Kagawa",2019,1,0.00376931120020648
"6282","Kagawa",2019,2,0.00393085444479116
"6283","Kagawa",2019,3,0.00411797390275058
"6284","Kagawa",2019,4,0.00383708691446199
"6285","Kagawa",2019,5,0.00394898284936235
"6286","Kagawa",2019,6,0.00509220960416964
"6287","Kagawa",2019,7,0.00377026152619649
"6288","Kagawa",2019,8,0.00474120908239413
"6289","Kagawa",2019,9,0.00489290573057674
"6290","Kagawa",2019,10,0.00526382341714842
"6291","Kagawa",2019,11,0.00481471351702653
"6292","Kagawa",2019,12,0.00581985618919134
"6293","Kagawa",2019,13,0.00551869939746601
"6294","Kagawa",2019,14,0.00449116834040199
"6295","Kagawa",2019,15,0.00547527410976944
"6296","Kagawa",2019,16,0.00710168319000375
"6297","Kagawa",2019,17,0.00954390467987174
"6298","Kagawa",2019,18,0.00867284328809806
"6299","Kagawa",2019,19,0.00766164042233002
"6300","Kagawa",2019,20,0.0100529588581551
"6301","Kagawa",2019,21,0.00932961006072306
"6302","Kagawa",2019,22,0.0108599225502639
"6303","Kagawa",2019,23,0.0129489989152976
"6304","Kagawa",2019,24,0.0120115751134498
"6305","Kagawa",2019,25,0.0126395814919046
"6306","Kagawa",2019,26,0.0152784061307708
"6307","Kagawa",2019,27,0.0158819614776543
"6308","Kagawa",2019,28,0.0156969792608704
"6309","Kagawa",2019,29,0.0173655539041474
"6310","Kagawa",2019,30,0.0184250203449102
"6311","Kagawa",2019,31,0.0197844687139704
"6312","Kagawa",2019,32,0.0191082918040809
"6313","Kagawa",2019,33,0.019331175035664
"6314","Kagawa",2019,34,0.0183671629056334
"6315","Kagawa",2019,35,0.0167588361849387
"6316","Kagawa",2019,36,0.0178848856261798
"6317","Kagawa",2019,37,0.0173921684867569
"6318","Kagawa",2019,38,0.0130672697421341
"6319","Kagawa",2019,39,0.0142299312920797
"6320","Kagawa",2019,40,0.0150915401588593
"6321","Kagawa",2019,41,0.0114975998932052
"6322","Kagawa",2019,42,0.0104047362914398
"6323","Kagawa",2019,43,0.0110866938762012
"6324","Kagawa",2019,44,0.0084961933261227
"6325","Kagawa",2019,45,0.00695877677450577
"6326","Kagawa",2019,46,0.00672010254735748
"6327","Kagawa",2019,47,0.0067687406470733
"6328","Kagawa",2019,48,0.00620830036877167
"6329","Kagawa",2019,49,0.00485595536329562
"6330","Kagawa",2019,50,0.00499330208237682
"6331","Kagawa",2019,51,0.005607994916361
"6332","Kagawa",2019,52,0.00536723326270779
"6333","Kagawa",2020,1,0.00502424839041418
"6334","Kagawa",2020,2,0.00486579100557026
"6335","Kagawa",2020,3,0.00421898512701903
"6336","Kagawa",2020,4,0.00516823217982338
"6337","Kagawa",2020,5,0.00493027596911859
"6338","Kagawa",2020,6,0.00366441443163369
"6339","Kagawa",2020,7,0.00544238942010062
"6340","Kagawa",2020,8,0.00439780882914506
"6341","Kagawa",2020,9,0.00486766163348442
"6342","Kagoshima",2013,1,0.00430269855490598
"6343","Kagoshima",2013,2,0.00485618472663156
"6344","Kagoshima",2013,3,0.00491795749503002
"6345","Kagoshima",2013,4,0.00561299612424677
"6346","Kagoshima",2013,5,0.00566889116198757
"6347","Kagoshima",2013,6,0.00640545221428462
"6348","Kagoshima",2013,7,0.00516383664655435
"6349","Kagoshima",2013,8,0.00552663370451506
"6350","Kagoshima",2013,9,0.0064881305907273
"6351","Kagoshima",2013,10,0.0065579152859022
"6352","Kagoshima",2013,11,0.0075052863432711
"6353","Kagoshima",2013,12,0.00877982448472944
"6354","Kagoshima",2013,13,0.00811388279828286
"6355","Kagoshima",2013,14,0.0087252258567562
"6356","Kagoshima",2013,15,0.00530386348419942
"6357","Kagoshima",2013,16,0.0101268986633457
"6358","Kagoshima",2013,17,0.0075022626600846
"6359","Kagoshima",2013,18,0.00867750795892919
"6360","Kagoshima",2013,19,0.0102583269524753
"6361","Kagoshima",2013,20,0.0115432939632339
"6362","Kagoshima",2013,21,0.0130006736903682
"6363","Kagoshima",2013,22,0.0145197899510001
"6364","Kagoshima",2013,23,0.0136331134554815
"6365","Kagoshima",2013,24,0.0166523780868951
"6366","Kagoshima",2013,25,0.018212082838425
"6367","Kagoshima",2013,26,0.0172769328378757
"6368","Kagoshima",2013,27,0.0193302794421687
"6369","Kagoshima",2013,28,0.0190431366984094
"6370","Kagoshima",2013,29,0.0179367519572847
"6371","Kagoshima",2013,30,0.0192752730927974
"6372","Kagoshima",2013,31,0.0199803642778914
"6373","Kagoshima",2013,32,0.0202998951072853
"6374","Kagoshima",2013,33,0.0193214188619924
"6375","Kagoshima",2013,34,0.0201506197550564
"6376","Kagoshima",2013,35,0.0186623526024607
"6377","Kagoshima",2013,36,0.0165204209041521
"6378","Kagoshima",2013,37,0.018084174290692
"6379","Kagoshima",2013,38,0.0143666571977757
"6380","Kagoshima",2013,39,0.0138685129074839
"6381","Kagoshima",2013,40,0.0143807679013116
"6382","Kagoshima",2013,41,0.0161568792535822
"6383","Kagoshima",2013,42,0.0107376761474986
"6384","Kagoshima",2013,43,0.0123818385370535
"6385","Kagoshima",2013,44,0.00968575190516796
"6386","Kagoshima",2013,45,0.0100726743795024
"6387","Kagoshima",2013,46,0.00767983088225649
"6388","Kagoshima",2013,47,0.00598017789240555
"6389","Kagoshima",2013,48,0.0062107751267879
"6390","Kagoshima",2013,49,0.00573684976459177
"6391","Kagoshima",2013,50,0.0057070619203385
"6392","Kagoshima",2013,51,0.00564290166311419
"6393","Kagoshima",2013,52,0.0048699777216977
"6394","Kagoshima",2014,1,0.00525023110689136
"6395","Kagoshima",2014,2,0.00499214181063697
"6396","Kagoshima",2014,3,0.00430552307779571
"6397","Kagoshima",2014,4,0.00498578181890855
"6398","Kagoshima",2014,5,0.00695851587133871
"6399","Kagoshima",2014,6,0.006651791887027
"6400","Kagoshima",2014,7,0.00517702248769371
"6401","Kagoshima",2014,8,0.0051133892242993
"6402","Kagoshima",2014,9,0.00719276802511684
"6403","Kagoshima",2014,10,0.00521230473277101
"6404","Kagoshima",2014,11,0.00533071560491231
"6405","Kagoshima",2014,12,0.00722157583109639
"6406","Kagoshima",2014,13,0.00894140363822067
"6407","Kagoshima",2014,14,0.00736188067286021
"6408","Kagoshima",2014,15,0.00754740848979494
"6409","Kagoshima",2014,16,0.0092793708480731
"6410","Kagoshima",2014,17,0.00927048655019692
"6411","Kagoshima",2014,18,0.00936247882753967
"6412","Kagoshima",2014,19,0.00933176716640346
"6413","Kagoshima",2014,20,0.0114554194755827
"6414","Kagoshima",2014,21,0.011839885266337
"6415","Kagoshima",2014,22,0.0128555078358178
"6416","Kagoshima",2014,23,0.0140890442909472
"6417","Kagoshima",2014,24,0.0141894970308584
"6418","Kagoshima",2014,25,0.0150058965182064
"6419","Kagoshima",2014,26,0.0156134288491956
"6420","Kagoshima",2014,27,0.0162911402795975
"6421","Kagoshima",2014,28,0.0187381544700645
"6422","Kagoshima",2014,29,0.0188495776376977
"6423","Kagoshima",2014,30,0.0196227293395262
"6424","Kagoshima",2014,31,0.0193083604276128
"6425","Kagoshima",2014,32,0.0196662758675151
"6426","Kagoshima",2014,33,0.0189981526065181
"6427","Kagoshima",2014,34,0.0193467161588899
"6428","Kagoshima",2014,35,0.0181520151662038
"6429","Kagoshima",2014,36,0.0183255165363568
"6430","Kagoshima",2014,37,0.0159984107369135
"6431","Kagoshima",2014,38,0.0147308164286719
"6432","Kagoshima",2014,39,0.0157875156757471
"6433","Kagoshima",2014,40,0.01465035865024
"6434","Kagoshima",2014,41,0.0128053313929129
"6435","Kagoshima",2014,42,0.0107319788464874
"6436","Kagoshima",2014,43,0.0119954030217202
"6437","Kagoshima",2014,44,0.0114880131349936
"6438","Kagoshima",2014,45,0.00872259681500021
"6439","Kagoshima",2014,46,0.00806608278005337
"6440","Kagoshima",2014,47,0.00790973717948418
"6441","Kagoshima",2014,48,0.010319896516912
"6442","Kagoshima",2014,49,0.00635670401136235
"6443","Kagoshima",2014,50,0.00596435958779043
"6444","Kagoshima",2014,51,0.00506816189108279
"6445","Kagoshima",2014,52,0.00491361782046059
"6446","Kagoshima",2015,1,0.00525583047234126
"6447","Kagoshima",2015,2,0.00534797657865589
"6448","Kagoshima",2015,3,0.0052944698617212
"6449","Kagoshima",2015,4,0.00596096845658236
"6450","Kagoshima",2015,5,0.00448597483738624
"6451","Kagoshima",2015,6,0.00407851193462746
"6452","Kagoshima",2015,7,0.00589483801728381
"6453","Kagoshima",2015,8,0.00668146708048901
"6454","Kagoshima",2015,9,0.00581066069736094
"6455","Kagoshima",2015,10,0.00526847883621886
"6456","Kagoshima",2015,11,0.0101498655624218
"6457","Kagoshima",2015,12,0.00548935695548199
"6458","Kagoshima",2015,13,0.0120551248716808
"6459","Kagoshima",2015,14,0.010570474313938
"6460","Kagoshima",2015,15,0.00892324141433785
"6461","Kagoshima",2015,16,0.00952924502694288
"6462","Kagoshima",2015,17,0.0109276329220921
"6463","Kagoshima",2015,18,0.0112034876326038
"6464","Kagoshima",2015,19,0.0129034191958148
"6465","Kagoshima",2015,20,0.0119758783278108
"6466","Kagoshima",2015,21,0.0129365092735517
"6467","Kagoshima",2015,22,0.0141759377488694
"6468","Kagoshima",2015,23,0.0162908178867678
"6469","Kagoshima",2015,24,0.0162564414405058
"6470","Kagoshima",2015,25,0.0167907407655991
"6471","Kagoshima",2015,26,0.0160915463118074
"6472","Kagoshima",2015,27,0.0185242933213858
"6473","Kagoshima",2015,28,0.0179000402859502
"6474","Kagoshima",2015,29,0.0186552914827476
"6475","Kagoshima",2015,30,0.0195043510887516
"6476","Kagoshima",2015,31,0.0185407219324063
"6477","Kagoshima",2015,32,0.0184665844150297
"6478","Kagoshima",2015,33,0.0193278999150129
"6479","Kagoshima",2015,34,0.0174417369683399
"6480","Kagoshima",2015,35,0.0174282784363473
"6481","Kagoshima",2015,36,0.0149643001581014
"6482","Kagoshima",2015,37,0.0140613342003829
"6483","Kagoshima",2015,38,0.0156701038586137
"6484","Kagoshima",2015,39,0.0145363444996916
"6485","Kagoshima",2015,40,0.0108609866417463
"6486","Kagoshima",2015,41,0.00954156538210427
"6487","Kagoshima",2015,42,0.0111301698826781
"6488","Kagoshima",2015,43,0.00905396614953496
"6489","Kagoshima",2015,44,0.010466491796433
"6490","Kagoshima",2015,45,0.0120043667686134
"6491","Kagoshima",2015,46,0.0120724744500263
"6492","Kagoshima",2015,47,0.0088105058255618
"6493","Kagoshima",2015,48,0.00734812737589736
"6494","Kagoshima",2015,49,0.0083251084237012
"6495","Kagoshima",2015,50,0.00620725938482768
"6496","Kagoshima",2015,51,0.00805531800982926
"6497","Kagoshima",2015,52,0.00548266579852862
"6498","Kagoshima",2016,1,0.00695851358225909
"6499","Kagoshima",2016,2,0.00519317720894155
"6500","Kagoshima",2016,3,0.00511241004693513
"6501","Kagoshima",2016,4,0.00627126196686796
"6502","Kagoshima",2016,5,0.00478615323048962
"6503","Kagoshima",2016,6,0.006557732594748
"6504","Kagoshima",2016,7,0.0053676118028439
"6505","Kagoshima",2016,8,0.00508447756794058
"6506","Kagoshima",2016,9,0.00614966436956599
"6507","Kagoshima",2016,10,0.00778507990422565
"6508","Kagoshima",2016,11,0.00760389664071422
"6509","Kagoshima",2016,12,0.00613499158833809
"6510","Kagoshima",2016,13,0.00781001150532231
"6511","Kagoshima",2016,14,0.0113042562294234
"6512","Kagoshima",2016,15,0.00989862998014155
"6513","Kagoshima",2016,16,0.00984254246230556
"6514","Kagoshima",2016,17,0.0109796832740514
"6515","Kagoshima",2016,18,0.0112757762809276
"6516","Kagoshima",2016,19,0.0129716842231091
"6517","Kagoshima",2016,20,0.0114778190570223
"6518","Kagoshima",2016,21,0.0146618311395939
"6519","Kagoshima",2016,22,0.0135038469042398
"6520","Kagoshima",2016,23,0.0157760391078406
"6521","Kagoshima",2016,24,0.0170673053758814
"6522","Kagoshima",2016,25,0.0186321834209573
"6523","Kagoshima",2016,26,0.01810945576667
"6524","Kagoshima",2016,27,0.0193856058440469
"6525","Kagoshima",2016,28,0.0201828797958551
"6526","Kagoshima",2016,29,0.0194249821284184
"6527","Kagoshima",2016,30,0.0181646276929661
"6528","Kagoshima",2016,31,0.0192448219641178
"6529","Kagoshima",2016,32,0.0198139637338866
"6530","Kagoshima",2016,33,0.0197606741238635
"6531","Kagoshima",2016,34,0.0194367601139934
"6532","Kagoshima",2016,35,0.0152010594587262
"6533","Kagoshima",2016,36,0.0178938688331512
"6534","Kagoshima",2016,37,0.0188554355649446
"6535","Kagoshima",2016,38,0.0165473773930182
"6536","Kagoshima",2016,39,0.0191100130831257
"6537","Kagoshima",2016,40,0.0179345297512901
"6538","Kagoshima",2016,41,0.0123993198863522
"6539","Kagoshima",2016,42,0.0158338798639076
"6540","Kagoshima",2016,43,0.0136585138080401
"6541","Kagoshima",2016,44,0.0086278168137469
"6542","Kagoshima",2016,45,0.00891682824684334
"6543","Kagoshima",2016,46,0.0118090540266332
"6544","Kagoshima",2016,47,0.00944904376176631
"6545","Kagoshima",2016,48,0.00772658892445756
"6546","Kagoshima",2016,49,0.00707635408755223
"6547","Kagoshima",2016,50,0.00644147283888697
"6548","Kagoshima",2016,51,0.0080197450897192
"6549","Kagoshima",2016,52,0.00613429317899766
"6550","Kagoshima",2017,1,0.00684537266697162
"6551","Kagoshima",2017,2,0.00539190602964391
"6552","Kagoshima",2017,3,0.00486894096359616
"6553","Kagoshima",2017,4,0.00442419902282265
"6554","Kagoshima",2017,5,0.00562048663758797
"6555","Kagoshima",2017,6,0.00480921210508168
"6556","Kagoshima",2017,7,0.00515555156452606
"6557","Kagoshima",2017,8,0.00586908150642563
"6558","Kagoshima",2017,9,0.00514752587661814
"6559","Kagoshima",2017,10,0.00514953193964162
"6560","Kagoshima",2017,11,0.00607580739016642
"6561","Kagoshima",2017,12,0.00719652097478168
"6562","Kagoshima",2017,13,0.00682970116241104
"6563","Kagoshima",2017,14,0.00906868925423931
"6564","Kagoshima",2017,15,0.00952185386994216
"6565","Kagoshima",2017,16,0.010379372384759
"6566","Kagoshima",2017,17,0.00883583227177162
"6567","Kagoshima",2017,18,0.0113097750841919
"6568","Kagoshima",2017,19,0.0115481410039639
"6569","Kagoshima",2017,20,0.00980090267732481
"6570","Kagoshima",2017,21,0.0118548297124224
"6571","Kagoshima",2017,22,0.012575531662844
"6572","Kagoshima",2017,23,0.0122390837211406
"6573","Kagoshima",2017,24,0.0127705335649512
"6574","Kagoshima",2017,25,0.0160736373944019
"6575","Kagoshima",2017,26,0.0182843108595338
"6576","Kagoshima",2017,27,0.0196787163336076
"6577","Kagoshima",2017,28,0.0196119401404435
"6578","Kagoshima",2017,29,0.0199766399720462
"6579","Kagoshima",2017,30,0.0210412131713215
"6580","Kagoshima",2017,31,0.0206557300578743
"6581","Kagoshima",2017,32,0.0209292416265022
"6582","Kagoshima",2017,33,0.0197120110187489
"6583","Kagoshima",2017,34,0.0202190717508995
"6584","Kagoshima",2017,35,0.0170374927913963
"6585","Kagoshima",2017,36,0.0177304509248516
"6586","Kagoshima",2017,37,0.0176799314736939
"6587","Kagoshima",2017,38,0.0155297571956948
"6588","Kagoshima",2017,39,0.0144070858887735
"6589","Kagoshima",2017,40,0.0150621686760362
"6590","Kagoshima",2017,41,0.0150281302148852
"6591","Kagoshima",2017,42,0.0143294154600054
"6592","Kagoshima",2017,43,0.0110904676574861
"6593","Kagoshima",2017,44,0.0093168703398903
"6594","Kagoshima",2017,45,0.0101399934026763
"6595","Kagoshima",2017,46,0.00839032118065005
"6596","Kagoshima",2017,47,0.00620336302267971
"6597","Kagoshima",2017,48,0.00875535180943606
"6598","Kagoshima",2017,49,0.00564173387819437
"6599","Kagoshima",2017,50,0.00510531608149465
"6600","Kagoshima",2017,51,0.00469855723870638
"6601","Kagoshima",2017,52,0.00511334915423776
"6602","Kagoshima",2018,1,0.00486586066037099
"6603","Kagoshima",2018,2,0.00525987971213589
"6604","Kagoshima",2018,3,0.00650139652834057
"6605","Kagoshima",2018,4,0.00443561984208996
"6606","Kagoshima",2018,5,0.00457466281887964
"6607","Kagoshima",2018,6,0.00426119206169741
"6608","Kagoshima",2018,7,0.00539287587744419
"6609","Kagoshima",2018,8,0.00561411730966827
"6610","Kagoshima",2018,9,0.00684890151525145
"6611","Kagoshima",2018,10,0.00767588196464957
"6612","Kagoshima",2018,11,0.00753834219272932
"6613","Kagoshima",2018,12,0.00781735198263695
"6614","Kagoshima",2018,13,0.00788967650415048
"6615","Kagoshima",2018,14,0.00882496344998973
"6616","Kagoshima",2018,15,0.00951221531058319
"6617","Kagoshima",2018,16,0.00862499215233824
"6618","Kagoshima",2018,17,0.0104397338204618
"6619","Kagoshima",2018,18,0.00962322360688316
"6620","Kagoshima",2018,19,0.0118679305865675
"6621","Kagoshima",2018,20,0.0145138497285151
"6622","Kagoshima",2018,21,0.012551726784579
"6623","Kagoshima",2018,22,0.0135537037690969
"6624","Kagoshima",2018,23,0.0161137081789906
"6625","Kagoshima",2018,24,0.0144285539756651
"6626","Kagoshima",2018,25,0.016665907766914
"6627","Kagoshima",2018,26,0.0182136217484954
"6628","Kagoshima",2018,27,0.0189603711586594
"6629","Kagoshima",2018,28,0.0190322145012051
"6630","Kagoshima",2018,29,0.0189214973037674
"6631","Kagoshima",2018,30,0.0203160799097213
"6632","Kagoshima",2018,31,0.0195310618316716
"6633","Kagoshima",2018,32,0.0200748564506239
"6634","Kagoshima",2018,33,0.0192706976192687
"6635","Kagoshima",2018,34,0.0191294118122626
"6636","Kagoshima",2018,35,0.0190957414309979
"6637","Kagoshima",2018,36,0.0181541664303651
"6638","Kagoshima",2018,37,0.0176457871341809
"6639","Kagoshima",2018,38,0.0177111290713435
"6640","Kagoshima",2018,39,0.0150401669904282
"6641","Kagoshima",2018,40,0.0138641489326411
"6642","Kagoshima",2018,41,0.0115112301069636
"6643","Kagoshima",2018,42,0.0101641997015978
"6644","Kagoshima",2018,43,0.00999249064324135
"6645","Kagoshima",2018,44,0.00789561488035755
"6646","Kagoshima",2018,45,0.0101347473117781
"6647","Kagoshima",2018,46,0.00883783888964725
"6648","Kagoshima",2018,47,0.00742913017923135
"6649","Kagoshima",2018,48,0.00895130277627037
"6650","Kagoshima",2018,49,0.00980767907290063
"6651","Kagoshima",2018,50,0.00599697506784542
"6652","Kagoshima",2018,51,0.0079158293544985
"6653","Kagoshima",2018,52,0.00584951615368093
"6654","Kagoshima",2019,1,0.00534432641656659
"6655","Kagoshima",2019,2,0.00595169235347645
"6656","Kagoshima",2019,3,0.00557304816800612
"6657","Kagoshima",2019,4,0.00487361668035741
"6658","Kagoshima",2019,5,0.0053994863475824
"6659","Kagoshima",2019,6,0.00750395769040936
"6660","Kagoshima",2019,7,0.00580909380904622
"6661","Kagoshima",2019,8,0.00703547863729956
"6662","Kagoshima",2019,9,0.00750355024257396
"6663","Kagoshima",2019,10,0.00712293326260435
"6664","Kagoshima",2019,11,0.00586840920817364
"6665","Kagoshima",2019,12,0.00749043507899652
"6666","Kagoshima",2019,13,0.00754627620857706
"6667","Kagoshima",2019,14,0.00608627955315468
"6668","Kagoshima",2019,15,0.00871669760905812
"6669","Kagoshima",2019,16,0.00927553561520198
"6670","Kagoshima",2019,17,0.011463674910966
"6671","Kagoshima",2019,18,0.0106755264756257
"6672","Kagoshima",2019,19,0.0101411053939438
"6673","Kagoshima",2019,20,0.0125037726041672
"6674","Kagoshima",2019,21,0.011053284409498
"6675","Kagoshima",2019,22,0.0121980764816459
"6676","Kagoshima",2019,23,0.0156095494151305
"6677","Kagoshima",2019,24,0.0136138458962597
"6678","Kagoshima",2019,25,0.0142583060176934
"6679","Kagoshima",2019,26,0.0171890380918426
"6680","Kagoshima",2019,27,0.0180413811110391
"6681","Kagoshima",2019,28,0.0179396863104288
"6682","Kagoshima",2019,29,0.0192320046741576
"6683","Kagoshima",2019,30,0.0194852227772902
"6684","Kagoshima",2019,31,0.0194644765972807
"6685","Kagoshima",2019,32,0.0192891129307242
"6686","Kagoshima",2019,33,0.0198232806945347
"6687","Kagoshima",2019,34,0.0197949962741411
"6688","Kagoshima",2019,35,0.0188005027264672
"6689","Kagoshima",2019,36,0.01927769472432
"6690","Kagoshima",2019,37,0.0193997548029458
"6691","Kagoshima",2019,38,0.0162883552995024
"6692","Kagoshima",2019,39,0.0164592363139935
"6693","Kagoshima",2019,40,0.0167965028847453
"6694","Kagoshima",2019,41,0.0129720365162943
"6695","Kagoshima",2019,42,0.0131226979349897
"6696","Kagoshima",2019,43,0.0132471231093164
"6697","Kagoshima",2019,44,0.00998762009749624
"6698","Kagoshima",2019,45,0.00879885631485589
"6699","Kagoshima",2019,46,0.00806687682576149
"6700","Kagoshima",2019,47,0.00930548613727431
"6701","Kagoshima",2019,48,0.00942426455291479
"6702","Kagoshima",2019,49,0.0062606016878033
"6703","Kagoshima",2019,50,0.00655488338705618
"6704","Kagoshima",2019,51,0.00812971314665854
"6705","Kagoshima",2019,52,0.00702359672165677
"6706","Kagoshima",2020,1,0.00633087112794689
"6707","Kagoshima",2020,2,0.00669384847874422
"6708","Kagoshima",2020,3,0.0056116419596839
"6709","Kagoshima",2020,4,0.00776433069768594
"6710","Kagoshima",2020,5,0.00664810235096388
"6711","Kagoshima",2020,6,0.00506884068813739
"6712","Kagoshima",2020,7,0.00831122049174647
"6713","Kagoshima",2020,8,0.00560512354799812
"6714","Kagoshima",2020,9,0.00749985189106974
"6715","Kanagawa",2013,1,0.0028147487802379
"6716","Kanagawa",2013,2,0.00334423761318628
"6717","Kanagawa",2013,3,0.00294964936491751
"6718","Kanagawa",2013,4,0.00326319055159759
"6719","Kanagawa",2013,5,0.00370959729962549
"6720","Kanagawa",2013,6,0.00376752820659313
"6721","Kanagawa",2013,7,0.00322013278566191
"6722","Kanagawa",2013,8,0.00300952197516657
"6723","Kanagawa",2013,9,0.00380149806974814
"6724","Kanagawa",2013,10,0.00463714084223851
"6725","Kanagawa",2013,11,0.00467228135436528
"6726","Kanagawa",2013,12,0.0067596427430238
"6727","Kanagawa",2013,13,0.00611382284052637
"6728","Kanagawa",2013,14,0.00720753658129752
"6729","Kanagawa",2013,15,0.0050330138645597
"6730","Kanagawa",2013,16,0.00701006252343639
"6731","Kanagawa",2013,17,0.00603956197009053
"6732","Kanagawa",2013,18,0.00677646020168896
"6733","Kanagawa",2013,19,0.00762548094441838
"6734","Kanagawa",2013,20,0.00999205016626605
"6735","Kanagawa",2013,21,0.0108255698084961
"6736","Kanagawa",2013,22,0.0110597087839104
"6737","Kanagawa",2013,23,0.0107183837852843
"6738","Kanagawa",2013,24,0.0139037179990565
"6739","Kanagawa",2013,25,0.0145777906484386
"6740","Kanagawa",2013,26,0.013101609014183
"6741","Kanagawa",2013,27,0.0150443633609934
"6742","Kanagawa",2013,28,0.0187565798321859
"6743","Kanagawa",2013,29,0.015463447953481
"6744","Kanagawa",2013,30,0.0174724328192301
"6745","Kanagawa",2013,31,0.0172534514298123
"6746","Kanagawa",2013,32,0.0192458828423386
"6747","Kanagawa",2013,33,0.018447970278768
"6748","Kanagawa",2013,34,0.0188163803856504
"6749","Kanagawa",2013,35,0.0162670597331175
"6750","Kanagawa",2013,36,0.0174278752825499
"6751","Kanagawa",2013,37,0.0153244536693438
"6752","Kanagawa",2013,38,0.0129251001692868
"6753","Kanagawa",2013,39,0.011261192940612
"6754","Kanagawa",2013,40,0.0119871495636258
"6755","Kanagawa",2013,41,0.0141566279048645
"6756","Kanagawa",2013,42,0.00872118224511541
"6757","Kanagawa",2013,43,0.0099526485216218
"6758","Kanagawa",2013,44,0.00815154090915891
"6759","Kanagawa",2013,45,0.00765243782813127
"6760","Kanagawa",2013,46,0.00576877504800583
"6761","Kanagawa",2013,47,0.00476476320898076
"6762","Kanagawa",2013,48,0.00504332752699633
"6763","Kanagawa",2013,49,0.0048484269227122
"6764","Kanagawa",2013,50,0.00385948766624838
"6765","Kanagawa",2013,51,0.00382549866569546
"6766","Kanagawa",2013,52,0.00341156420957054
"6767","Kanagawa",2014,1,0.00324772853615709
"6768","Kanagawa",2014,2,0.00320061362473847
"6769","Kanagawa",2014,3,0.00280534011781931
"6770","Kanagawa",2014,4,0.0032781690244747
"6771","Kanagawa",2014,5,0.00376840573026216
"6772","Kanagawa",2014,6,0.00368129506185279
"6773","Kanagawa",2014,7,0.00319847337780076
"6774","Kanagawa",2014,8,0.00274899336642793
"6775","Kanagawa",2014,9,0.00481656412434985
"6776","Kanagawa",2014,10,0.00344104898598465
"6777","Kanagawa",2014,11,0.00378571281324204
"6778","Kanagawa",2014,12,0.00456892141153662
"6779","Kanagawa",2014,13,0.00592567723233812
"6780","Kanagawa",2014,14,0.00602201942607136
"6781","Kanagawa",2014,15,0.00500031290885074
"6782","Kanagawa",2014,16,0.0061884232783991
"6783","Kanagawa",2014,17,0.0070162752253261
"6784","Kanagawa",2014,18,0.00870133025416829
"6785","Kanagawa",2014,19,0.00747771878663797
"6786","Kanagawa",2014,20,0.00868224039240067
"6787","Kanagawa",2014,21,0.00954951100221399
"6788","Kanagawa",2014,22,0.0120803529383296
"6789","Kanagawa",2014,23,0.0127946294649511
"6790","Kanagawa",2014,24,0.0133980561042384
"6791","Kanagawa",2014,25,0.0130412143564233
"6792","Kanagawa",2014,26,0.0138312120301856
"6793","Kanagawa",2014,27,0.0141533112105664
"6794","Kanagawa",2014,28,0.0164777404725689
"6795","Kanagawa",2014,29,0.0168048600384733
"6796","Kanagawa",2014,30,0.0177483568023891
"6797","Kanagawa",2014,31,0.0168532848132283
"6798","Kanagawa",2014,32,0.017384677207897
"6799","Kanagawa",2014,33,0.0179665248141712
"6800","Kanagawa",2014,34,0.0180753282820403
"6801","Kanagawa",2014,35,0.0145640715372536
"6802","Kanagawa",2014,36,0.0148795439760534
"6803","Kanagawa",2014,37,0.0128215984874073
"6804","Kanagawa",2014,38,0.0110809909047284
"6805","Kanagawa",2014,39,0.0112898394662039
"6806","Kanagawa",2014,40,0.012242372817254
"6807","Kanagawa",2014,41,0.0104614124776594
"6808","Kanagawa",2014,42,0.0083686411148524
"6809","Kanagawa",2014,43,0.00906023976585663
"6810","Kanagawa",2014,44,0.00870739483984844
"6811","Kanagawa",2014,45,0.00778930288473628
"6812","Kanagawa",2014,46,0.00645230533993583
"6813","Kanagawa",2014,47,0.00533972367592382
"6814","Kanagawa",2014,48,0.0072279860593759
"6815","Kanagawa",2014,49,0.00494534682811332
"6816","Kanagawa",2014,50,0.0041928866132439
"6817","Kanagawa",2014,51,0.00331329989168426
"6818","Kanagawa",2014,52,0.00335446630004009
"6819","Kanagawa",2015,1,0.00355020986207596
"6820","Kanagawa",2015,2,0.00340597641947582
"6821","Kanagawa",2015,3,0.00354626702712557
"6822","Kanagawa",2015,4,0.00388734819335779
"6823","Kanagawa",2015,5,0.00316133328925936
"6824","Kanagawa",2015,6,0.00288253323668775
"6825","Kanagawa",2015,7,0.0035776157174107
"6826","Kanagawa",2015,8,0.00512352061262893
"6827","Kanagawa",2015,9,0.00436094414575325
"6828","Kanagawa",2015,10,0.00383191272673014
"6829","Kanagawa",2015,11,0.00676792811362352
"6830","Kanagawa",2015,12,0.00406006362699591
"6831","Kanagawa",2015,13,0.00721210127856077
"6832","Kanagawa",2015,14,0.00634675734092374
"6833","Kanagawa",2015,15,0.00687264626667908
"6834","Kanagawa",2015,16,0.00838140588222455
"6835","Kanagawa",2015,17,0.00891362848037877
"6836","Kanagawa",2015,18,0.00905605247896731
"6837","Kanagawa",2015,19,0.00943103318881293
"6838","Kanagawa",2015,20,0.010574867087958
"6839","Kanagawa",2015,21,0.0114513998256685
"6840","Kanagawa",2015,22,0.0112593572239867
"6841","Kanagawa",2015,23,0.0125620539590373
"6842","Kanagawa",2015,24,0.0126842190524863
"6843","Kanagawa",2015,25,0.013654465141393
"6844","Kanagawa",2015,26,0.0139221939143028
"6845","Kanagawa",2015,27,0.0142474364789954
"6846","Kanagawa",2015,28,0.0175262766170893
"6847","Kanagawa",2015,29,0.0180777458634822
"6848","Kanagawa",2015,30,0.0192465068943085
"6849","Kanagawa",2015,31,0.0185813324827719
"6850","Kanagawa",2015,32,0.0179001551110466
"6851","Kanagawa",2015,33,0.0183273591199542
"6852","Kanagawa",2015,34,0.0135505670929112
"6853","Kanagawa",2015,35,0.0158101080179804
"6854","Kanagawa",2015,36,0.0150616800498859
"6855","Kanagawa",2015,37,0.0125921744093256
"6856","Kanagawa",2015,38,0.0118737435996772
"6857","Kanagawa",2015,39,0.0117837779432619
"6858","Kanagawa",2015,40,0.00811859950333454
"6859","Kanagawa",2015,41,0.0093741958746082
"6860","Kanagawa",2015,42,0.0093638802676637
"6861","Kanagawa",2015,43,0.00793939891024771
"6862","Kanagawa",2015,44,0.00757820191623063
"6863","Kanagawa",2015,45,0.00881246168005046
"6864","Kanagawa",2015,46,0.0089443032126674
"6865","Kanagawa",2015,47,0.00589853718373599
"6866","Kanagawa",2015,48,0.00523014017165532
"6867","Kanagawa",2015,49,0.00551292105026735
"6868","Kanagawa",2015,50,0.00547878951000087
"6869","Kanagawa",2015,51,0.00499868071300576
"6870","Kanagawa",2015,52,0.00353657436843253
"6871","Kanagawa",2016,1,0.00451890234996511
"6872","Kanagawa",2016,2,0.00372231944763095
"6873","Kanagawa",2016,3,0.00314248448996271
"6874","Kanagawa",2016,4,0.00305901930683155
"6875","Kanagawa",2016,5,0.00372890556292038
"6876","Kanagawa",2016,6,0.00406436623433032
"6877","Kanagawa",2016,7,0.00451787592222022
"6878","Kanagawa",2016,8,0.00370653171109579
"6879","Kanagawa",2016,9,0.00432567966028068
"6880","Kanagawa",2016,10,0.00620087666877259
"6881","Kanagawa",2016,11,0.00540078146279876
"6882","Kanagawa",2016,12,0.0043617644715616
"6883","Kanagawa",2016,13,0.00563617200318574
"6884","Kanagawa",2016,14,0.0079858140535047
"6885","Kanagawa",2016,15,0.00670000617349971
"6886","Kanagawa",2016,16,0.0087597144838009
"6887","Kanagawa",2016,17,0.00794485178527813
"6888","Kanagawa",2016,18,0.00916924680438095
"6889","Kanagawa",2016,19,0.0102969607712358
"6890","Kanagawa",2016,20,0.00890176262284439
"6891","Kanagawa",2016,21,0.0110545210520106
"6892","Kanagawa",2016,22,0.00998079485302791
"6893","Kanagawa",2016,23,0.0120229367679357
"6894","Kanagawa",2016,24,0.0135192327157484
"6895","Kanagawa",2016,25,0.0148567064522564
"6896","Kanagawa",2016,26,0.0143822333861723
"6897","Kanagawa",2016,27,0.0160326308321454
"6898","Kanagawa",2016,28,0.0166502624299554
"6899","Kanagawa",2016,29,0.0155694946575577
"6900","Kanagawa",2016,30,0.0152567780312361
"6901","Kanagawa",2016,31,0.0177660061292251
"6902","Kanagawa",2016,32,0.016166848151876
"6903","Kanagawa",2016,33,0.0177184614871777
"6904","Kanagawa",2016,34,0.0176746142951349
"6905","Kanagawa",2016,35,0.0159144451479973
"6906","Kanagawa",2016,36,0.0175678258093745
"6907","Kanagawa",2016,37,0.0156508651450058
"6908","Kanagawa",2016,38,0.0141447145330083
"6909","Kanagawa",2016,39,0.0149695087719463
"6910","Kanagawa",2016,40,0.0138796478959318
"6911","Kanagawa",2016,41,0.0084598699691421
"6912","Kanagawa",2016,42,0.0106786918597621
"6913","Kanagawa",2016,43,0.00850935031681526
"6914","Kanagawa",2016,44,0.00656975745791018
"6915","Kanagawa",2016,45,0.00591336094813287
"6916","Kanagawa",2016,46,0.00740502995491196
"6917","Kanagawa",2016,47,0.00628151052524813
"6918","Kanagawa",2016,48,0.00544629767295882
"6919","Kanagawa",2016,49,0.0050395896663623
"6920","Kanagawa",2016,50,0.00409181045770918
"6921","Kanagawa",2016,51,0.0055212106510207
"6922","Kanagawa",2016,52,0.0042326664114023
"6923","Kanagawa",2017,1,0.00358509853640124
"6924","Kanagawa",2017,2,0.00358484394675096
"6925","Kanagawa",2017,3,0.00296175241328942
"6926","Kanagawa",2017,4,0.00279589641552241
"6927","Kanagawa",2017,5,0.00353828454518068
"6928","Kanagawa",2017,6,0.003194115109077
"6929","Kanagawa",2017,7,0.00344568983463216
"6930","Kanagawa",2017,8,0.00411773696091912
"6931","Kanagawa",2017,9,0.00404633182951617
"6932","Kanagawa",2017,10,0.00373609675596409
"6933","Kanagawa",2017,11,0.00436557304223172
"6934","Kanagawa",2017,12,0.00415217136773669
"6935","Kanagawa",2017,13,0.0046552819757834
"6936","Kanagawa",2017,14,0.00713159224949864
"6937","Kanagawa",2017,15,0.00629232484657888
"6938","Kanagawa",2017,16,0.00752360288117998
"6939","Kanagawa",2017,17,0.00683135181714715
"6940","Kanagawa",2017,18,0.00842419546775052
"6941","Kanagawa",2017,19,0.00970812605961635
"6942","Kanagawa",2017,20,0.0101117710477537
"6943","Kanagawa",2017,21,0.0117478411907357
"6944","Kanagawa",2017,22,0.0108950578986628
"6945","Kanagawa",2017,23,0.0105289742119576
"6946","Kanagawa",2017,24,0.0107942274307903
"6947","Kanagawa",2017,25,0.0130673214745132
"6948","Kanagawa",2017,26,0.0151472117041058
"6949","Kanagawa",2017,27,0.016746958130562
"6950","Kanagawa",2017,28,0.0176292802582582
"6951","Kanagawa",2017,29,0.0175078675492251
"6952","Kanagawa",2017,30,0.0177966215451278
"6953","Kanagawa",2017,31,0.0172939889161899
"6954","Kanagawa",2017,32,0.0187315264100408
"6955","Kanagawa",2017,33,0.0173670476482394
"6956","Kanagawa",2017,34,0.0184921926417004
"6957","Kanagawa",2017,35,0.0148956277018941
"6958","Kanagawa",2017,36,0.0146677454564374
"6959","Kanagawa",2017,37,0.0143831910803354
"6960","Kanagawa",2017,38,0.0130937857879601
"6961","Kanagawa",2017,39,0.0124085714786161
"6962","Kanagawa",2017,40,0.0105660230775509
"6963","Kanagawa",2017,41,0.012345553134722
"6964","Kanagawa",2017,42,0.00904284120269602
"6965","Kanagawa",2017,43,0.00818694240569438
"6966","Kanagawa",2017,44,0.00749144731452078
"6967","Kanagawa",2017,45,0.0072876843122479
"6968","Kanagawa",2017,46,0.00620785536889627
"6969","Kanagawa",2017,47,0.00459000385426252
"6970","Kanagawa",2017,48,0.00588968384156646
"6971","Kanagawa",2017,49,0.00413624811934586
"6972","Kanagawa",2017,50,0.00349636769852817
"6973","Kanagawa",2017,51,0.00341012339868394
"6974","Kanagawa",2017,52,0.00354807484586287
"6975","Kanagawa",2018,1,0.00313606906325009
"6976","Kanagawa",2018,2,0.00319251492398951
"6977","Kanagawa",2018,3,0.00440622964230979
"6978","Kanagawa",2018,4,0.00259565109619879
"6979","Kanagawa",2018,5,0.00348235476086319
"6980","Kanagawa",2018,6,0.00259188988636118
"6981","Kanagawa",2018,7,0.00308207331607521
"6982","Kanagawa",2018,8,0.00349384777475828
"6983","Kanagawa",2018,9,0.00419907161279188
"6984","Kanagawa",2018,10,0.00580052855409808
"6985","Kanagawa",2018,11,0.00541781812905855
"6986","Kanagawa",2018,12,0.00567809743101381
"6987","Kanagawa",2018,13,0.00623479853070446
"6988","Kanagawa",2018,14,0.00817104890658829
"6989","Kanagawa",2018,15,0.00621269066244106
"6990","Kanagawa",2018,16,0.00794250876289838
"6991","Kanagawa",2018,17,0.00972013926137879
"6992","Kanagawa",2018,18,0.00898942891884106
"6993","Kanagawa",2018,19,0.00833730222712371
"6994","Kanagawa",2018,20,0.0116096178553522
"6995","Kanagawa",2018,21,0.00962726668984029
"6996","Kanagawa",2018,22,0.011511174176858
"6997","Kanagawa",2018,23,0.0123398829919379
"6998","Kanagawa",2018,24,0.0122256073107921
"6999","Kanagawa",2018,25,0.0130638128044532
"7000","Kanagawa",2018,26,0.0162056119631698
"7001","Kanagawa",2018,27,0.0169664328158868
"7002","Kanagawa",2018,28,0.0181923646827622
"7003","Kanagawa",2018,29,0.019944572038052
"7004","Kanagawa",2018,30,0.0177898526759134
"7005","Kanagawa",2018,31,0.0196172947098633
"7006","Kanagawa",2018,32,0.0190394100324539
"7007","Kanagawa",2018,33,0.0164396893652634
"7008","Kanagawa",2018,34,0.0177659125732884
"7009","Kanagawa",2018,35,0.0183987036180139
"7010","Kanagawa",2018,36,0.0173302732052311
"7011","Kanagawa",2018,37,0.0138520881725155
"7012","Kanagawa",2018,38,0.0139383566776304
"7013","Kanagawa",2018,39,0.0125166318765644
"7014","Kanagawa",2018,40,0.0127516035594401
"7015","Kanagawa",2018,41,0.0121103762089822
"7016","Kanagawa",2018,42,0.00914336217733036
"7017","Kanagawa",2018,43,0.00873237105371781
"7018","Kanagawa",2018,44,0.0069556020486987
"7019","Kanagawa",2018,45,0.00965829662785689
"7020","Kanagawa",2018,46,0.0070184766662339
"7021","Kanagawa",2018,47,0.00619454023891342
"7022","Kanagawa",2018,48,0.00634786338349934
"7023","Kanagawa",2018,49,0.00733561409239268
"7024","Kanagawa",2018,50,0.00389730797696925
"7025","Kanagawa",2018,51,0.0049017842534588
"7026","Kanagawa",2018,52,0.0038802354525629
"7027","Kanagawa",2019,1,0.0031623434898209
"7028","Kanagawa",2019,2,0.00325064732611992
"7029","Kanagawa",2019,3,0.00342093012117091
"7030","Kanagawa",2019,4,0.00320906154896672
"7031","Kanagawa",2019,5,0.00310802620390063
"7032","Kanagawa",2019,6,0.00447547167214555
"7033","Kanagawa",2019,7,0.00334163668883394
"7034","Kanagawa",2019,8,0.00460386862152528
"7035","Kanagawa",2019,9,0.005070870661412
"7036","Kanagawa",2019,10,0.00512532323427761
"7037","Kanagawa",2019,11,0.00455886315664944
"7038","Kanagawa",2019,12,0.00530715337107224
"7039","Kanagawa",2019,13,0.00476403890480415
"7040","Kanagawa",2019,14,0.00426773474129886
"7041","Kanagawa",2019,15,0.00482395864430088
"7042","Kanagawa",2019,16,0.00698033980827674
"7043","Kanagawa",2019,17,0.00904943340803175
"7044","Kanagawa",2019,18,0.0084086856660878
"7045","Kanagawa",2019,19,0.00776507578302416
"7046","Kanagawa",2019,20,0.00944955312559972
"7047","Kanagawa",2019,21,0.0101768077095109
"7048","Kanagawa",2019,22,0.0115266147568503
"7049","Kanagawa",2019,23,0.0127401409992855
"7050","Kanagawa",2019,24,0.0108440572936005
"7051","Kanagawa",2019,25,0.0128500560894508
"7052","Kanagawa",2019,26,0.0146349705256244
"7053","Kanagawa",2019,27,0.0158057078446318
"7054","Kanagawa",2019,28,0.0128612674307304
"7055","Kanagawa",2019,29,0.016070423629215
"7056","Kanagawa",2019,30,0.0180376612543795
"7057","Kanagawa",2019,31,0.0200680848648649
"7058","Kanagawa",2019,32,0.0192577342829718
"7059","Kanagawa",2019,33,0.0197593191208011
"7060","Kanagawa",2019,34,0.0184297877532014
"7061","Kanagawa",2019,35,0.0170504932589787
"7062","Kanagawa",2019,36,0.0171882682071776
"7063","Kanagawa",2019,37,0.0165858394216597
"7064","Kanagawa",2019,38,0.0134510443174268
"7065","Kanagawa",2019,39,0.0140206485827411
"7066","Kanagawa",2019,40,0.0136075518051432
"7067","Kanagawa",2019,41,0.0124269971930165
"7068","Kanagawa",2019,42,0.0101409725786799
"7069","Kanagawa",2019,43,0.0102483711265819
"7070","Kanagawa",2019,44,0.00881628389646852
"7071","Kanagawa",2019,45,0.0069270703168522
"7072","Kanagawa",2019,46,0.00702834006811992
"7073","Kanagawa",2019,47,0.00690453869345831
"7074","Kanagawa",2019,48,0.00631506512367234
"7075","Kanagawa",2019,49,0.00520941351624901
"7076","Kanagawa",2019,50,0.00516307724485938
"7077","Kanagawa",2019,51,0.00559642681432725
"7078","Kanagawa",2019,52,0.00443887127980293
"7079","Kanagawa",2020,1,0.00435079888986416
"7080","Kanagawa",2020,2,0.0043055842373796
"7081","Kanagawa",2020,3,0.00432653563499336
"7082","Kanagawa",2020,4,0.00441936285636723
"7083","Kanagawa",2020,5,0.00449130661342573
"7084","Kanagawa",2020,6,0.00326594219622119
"7085","Kanagawa",2020,7,0.00485537619403888
"7086","Kanagawa",2020,8,0.00488317221657387
"7087","Kanagawa",2020,9,0.00438619109879978
"7088","Kochi",2013,1,0.00320450312685934
"7089","Kochi",2013,2,0.0033366895035524
"7090","Kochi",2013,3,0.00359776116363969
"7091","Kochi",2013,4,0.00399306598543352
"7092","Kochi",2013,5,0.00443527965856525
"7093","Kochi",2013,6,0.00449954185171189
"7094","Kochi",2013,7,0.00372241448572189
"7095","Kochi",2013,8,0.0039079234567984
"7096","Kochi",2013,9,0.00464531519072394
"7097","Kochi",2013,10,0.00498155149683243
"7098","Kochi",2013,11,0.00521956362445409
"7099","Kochi",2013,12,0.00707769581086802
"7100","Kochi",2013,13,0.0066133823453853
"7101","Kochi",2013,14,0.00708833376605047
"7102","Kochi",2013,15,0.00439230800316058
"7103","Kochi",2013,16,0.00757482853982722
"7104","Kochi",2013,17,0.00639813579407459
"7105","Kochi",2013,18,0.00696353099411541
"7106","Kochi",2013,19,0.00818420826591837
"7107","Kochi",2013,20,0.00961053794436222
"7108","Kochi",2013,21,0.0114814230485133
"7109","Kochi",2013,22,0.0124147061932926
"7110","Kochi",2013,23,0.0116764221279941
"7111","Kochi",2013,24,0.0151140916616474
"7112","Kochi",2013,25,0.0156771356972692
"7113","Kochi",2013,26,0.0146305404269331
"7114","Kochi",2013,27,0.0167790459381358
"7115","Kochi",2013,28,0.0182121092636118
"7116","Kochi",2013,29,0.0174483417414626
"7117","Kochi",2013,30,0.0182358265224623
"7118","Kochi",2013,31,0.0190936048904767
"7119","Kochi",2013,32,0.0192231305386773
"7120","Kochi",2013,33,0.0182918142263402
"7121","Kochi",2013,34,0.0192791223187411
"7122","Kochi",2013,35,0.0170269754503223
"7123","Kochi",2013,36,0.0158542960156103
"7124","Kochi",2013,37,0.0161163069272688
"7125","Kochi",2013,38,0.012585926227295
"7126","Kochi",2013,39,0.0120571637330865
"7127","Kochi",2013,40,0.0123831800237077
"7128","Kochi",2013,41,0.0148386485508756
"7129","Kochi",2013,42,0.00951472807540512
"7130","Kochi",2013,43,0.0112884547285313
"7131","Kochi",2013,44,0.00799916240210034
"7132","Kochi",2013,45,0.00860623457997988
"7133","Kochi",2013,46,0.00643251720398195
"7134","Kochi",2013,47,0.00477729073978002
"7135","Kochi",2013,48,0.00501887267044617
"7136","Kochi",2013,49,0.00472512866592006
"7137","Kochi",2013,50,0.00439661289472613
"7138","Kochi",2013,51,0.00417719480803087
"7139","Kochi",2013,52,0.00386815525603184
"7140","Kochi",2014,1,0.00393713887941893
"7141","Kochi",2014,2,0.0040173067222981
"7142","Kochi",2014,3,0.00336242294638833
"7143","Kochi",2014,4,0.00399032179195886
"7144","Kochi",2014,5,0.00517605540764033
"7145","Kochi",2014,6,0.00490476795945931
"7146","Kochi",2014,7,0.00349364998437347
"7147","Kochi",2014,8,0.00335839381273398
"7148","Kochi",2014,9,0.00587026196480144
"7149","Kochi",2014,10,0.00387385942860489
"7150","Kochi",2014,11,0.00427034653428979
"7151","Kochi",2014,12,0.00594199337162121
"7152","Kochi",2014,13,0.00735837653755244
"7153","Kochi",2014,14,0.00612211869833033
"7154","Kochi",2014,15,0.00569020735763425
"7155","Kochi",2014,16,0.00699044263551788
"7156","Kochi",2014,17,0.00754223666790331
"7157","Kochi",2014,18,0.00867862331122223
"7158","Kochi",2014,19,0.00711635637110579
"7159","Kochi",2014,20,0.0091996668127458
"7160","Kochi",2014,21,0.0098403713328768
"7161","Kochi",2014,22,0.0115225886017441
"7162","Kochi",2014,23,0.0131400154781318
"7163","Kochi",2014,24,0.0131225290510593
"7164","Kochi",2014,25,0.0127733920824459
"7165","Kochi",2014,26,0.0139247360286676
"7166","Kochi",2014,27,0.0140994622503549
"7167","Kochi",2014,28,0.0168053658424889
"7168","Kochi",2014,29,0.0178021595223474
"7169","Kochi",2014,30,0.0181765081474413
"7170","Kochi",2014,31,0.0175137491545133
"7171","Kochi",2014,32,0.0186668118139452
"7172","Kochi",2014,33,0.018349482277442
"7173","Kochi",2014,34,0.018533119382633
"7174","Kochi",2014,35,0.0165396188379197
"7175","Kochi",2014,36,0.0169261917222642
"7176","Kochi",2014,37,0.0131340170394122
"7177","Kochi",2014,38,0.0113833760653559
"7178","Kochi",2014,39,0.0131121139613541
"7179","Kochi",2014,40,0.0125974031620096
"7180","Kochi",2014,41,0.0112137159535877
"7181","Kochi",2014,42,0.00912777008273361
"7182","Kochi",2014,43,0.010820089204515
"7183","Kochi",2014,44,0.00965104752482676
"7184","Kochi",2014,45,0.00762064216643341
"7185","Kochi",2014,46,0.00654913803206104
"7186","Kochi",2014,47,0.00612013483019804
"7187","Kochi",2014,48,0.00856954665429173
"7188","Kochi",2014,49,0.00504176764140812
"7189","Kochi",2014,50,0.00450347428344509
"7190","Kochi",2014,51,0.0038807507441097
"7191","Kochi",2014,52,0.00385400292249533
"7192","Kochi",2015,1,0.00431098673577262
"7193","Kochi",2015,2,0.0042396560312912
"7194","Kochi",2015,3,0.00433198106562713
"7195","Kochi",2015,4,0.00457405026988894
"7196","Kochi",2015,5,0.00349381212830193
"7197","Kochi",2015,6,0.00311905420129824
"7198","Kochi",2015,7,0.00450262750360107
"7199","Kochi",2015,8,0.00525537717724806
"7200","Kochi",2015,9,0.00481086211859102
"7201","Kochi",2015,10,0.00403916003154818
"7202","Kochi",2015,11,0.00842297213662598
"7203","Kochi",2015,12,0.00406411209101127
"7204","Kochi",2015,13,0.0101707600894857
"7205","Kochi",2015,14,0.00853057415031431
"7206","Kochi",2015,15,0.0075246032294495
"7207","Kochi",2015,16,0.00836458995813275
"7208","Kochi",2015,17,0.00928104204005711
"7209","Kochi",2015,18,0.0095003618431847
"7210","Kochi",2015,19,0.0107920167702291
"7211","Kochi",2015,20,0.0096655551406695
"7212","Kochi",2015,21,0.0108615458229746
"7213","Kochi",2015,22,0.0118885462063305
"7214","Kochi",2015,23,0.0137713601617553
"7215","Kochi",2015,24,0.0137707380191092
"7216","Kochi",2015,25,0.014655234456043
"7217","Kochi",2015,26,0.0137667726593574
"7218","Kochi",2015,27,0.0171425957847255
"7219","Kochi",2015,28,0.0173468834031052
"7220","Kochi",2015,29,0.0175244210761268
"7221","Kochi",2015,30,0.018944228782561
"7222","Kochi",2015,31,0.0181652488554281
"7223","Kochi",2015,32,0.0173971893323182
"7224","Kochi",2015,33,0.0182584061573301
"7225","Kochi",2015,34,0.0162420010249547
"7226","Kochi",2015,35,0.0161174708562272
"7227","Kochi",2015,36,0.014210021206722
"7228","Kochi",2015,37,0.0123467690144361
"7229","Kochi",2015,38,0.0140743088280683
"7230","Kochi",2015,39,0.0114052893980556
"7231","Kochi",2015,40,0.00891841125585686
"7232","Kochi",2015,41,0.00808826132125147
"7233","Kochi",2015,42,0.00921475206967931
"7234","Kochi",2015,43,0.00703273123764345
"7235","Kochi",2015,44,0.00933460588396185
"7236","Kochi",2015,45,0.0106040831398068
"7237","Kochi",2015,46,0.00995282056869247
"7238","Kochi",2015,47,0.00709323320109013
"7239","Kochi",2015,48,0.00577002018179194
"7240","Kochi",2015,49,0.00681484774704389
"7241","Kochi",2015,50,0.00514286696907064
"7242","Kochi",2015,51,0.00628151819846031
"7243","Kochi",2015,52,0.00417423423131177
"7244","Kochi",2016,1,0.00500119457815677
"7245","Kochi",2016,2,0.00371692361875067
"7246","Kochi",2016,3,0.00381432266061855
"7247","Kochi",2016,4,0.00477191038248344
"7248","Kochi",2016,5,0.00386732116033385
"7249","Kochi",2016,6,0.00509346048890249
"7250","Kochi",2016,7,0.0043947193664328
"7251","Kochi",2016,8,0.00381675259976507
"7252","Kochi",2016,9,0.00483507550441597
"7253","Kochi",2016,10,0.00655819476125849
"7254","Kochi",2016,11,0.00608665373873592
"7255","Kochi",2016,12,0.00416267338544153
"7256","Kochi",2016,13,0.00687970188065531
"7257","Kochi",2016,14,0.00950888249995221
"7258","Kochi",2016,15,0.0077732615285356
"7259","Kochi",2016,16,0.00842417189474023
"7260","Kochi",2016,17,0.00903447744659297
"7261","Kochi",2016,18,0.00919441231928947
"7262","Kochi",2016,19,0.0105813147208673
"7263","Kochi",2016,20,0.00974572232317994
"7264","Kochi",2016,21,0.0121900816700515
"7265","Kochi",2016,22,0.0115029911089365
"7266","Kochi",2016,23,0.0138781223571644
"7267","Kochi",2016,24,0.0148862823902493
"7268","Kochi",2016,25,0.0166733519456067
"7269","Kochi",2016,26,0.0160363965382532
"7270","Kochi",2016,27,0.018115066275357
"7271","Kochi",2016,28,0.0181970356706702
"7272","Kochi",2016,29,0.0172853381804799
"7273","Kochi",2016,30,0.0171622713045342
"7274","Kochi",2016,31,0.0181087585134035
"7275","Kochi",2016,32,0.017974335234794
"7276","Kochi",2016,33,0.0193505159043533
"7277","Kochi",2016,34,0.0184186379738377
"7278","Kochi",2016,35,0.0144241270412994
"7279","Kochi",2016,36,0.016905283053821
"7280","Kochi",2016,37,0.0172458355003619
"7281","Kochi",2016,38,0.0159020927409983
"7282","Kochi",2016,39,0.0177359029348092
"7283","Kochi",2016,40,0.0156586734200985
"7284","Kochi",2016,41,0.0089882378006272
"7285","Kochi",2016,42,0.0133348741438209
"7286","Kochi",2016,43,0.0105243834465328
"7287","Kochi",2016,44,0.0068782503099595
"7288","Kochi",2016,45,0.007196842713056
"7289","Kochi",2016,46,0.00928479527767062
"7290","Kochi",2016,47,0.00774555944957416
"7291","Kochi",2016,48,0.00631771733129339
"7292","Kochi",2016,49,0.00568543668754689
"7293","Kochi",2016,50,0.00521573242642345
"7294","Kochi",2016,51,0.00651285297252166
"7295","Kochi",2016,52,0.00498727821171817
"7296","Kochi",2017,1,0.00471581024856442
"7297","Kochi",2017,2,0.00403876014935209
"7298","Kochi",2017,3,0.00361444201639499
"7299","Kochi",2017,4,0.00345632565074701
"7300","Kochi",2017,5,0.00443133105997694
"7301","Kochi",2017,6,0.00373148430326828
"7302","Kochi",2017,7,0.00421063755033018
"7303","Kochi",2017,8,0.00459377622807174
"7304","Kochi",2017,9,0.00433644462669821
"7305","Kochi",2017,10,0.0038096108896342
"7306","Kochi",2017,11,0.00436488345871124
"7307","Kochi",2017,12,0.00469100250498193
"7308","Kochi",2017,13,0.00544202997370039
"7309","Kochi",2017,14,0.00820129958963206
"7310","Kochi",2017,15,0.00766123144022775
"7311","Kochi",2017,16,0.00865685796709804
"7312","Kochi",2017,17,0.00724143566427983
"7313","Kochi",2017,18,0.00955055158332416
"7314","Kochi",2017,19,0.00951119497594287
"7315","Kochi",2017,20,0.00884211856919643
"7316","Kochi",2017,21,0.0106373853118584
"7317","Kochi",2017,22,0.0110438428757139
"7318","Kochi",2017,23,0.0108060650689811
"7319","Kochi",2017,24,0.0106618641833825
"7320","Kochi",2017,25,0.0137497383250638
"7321","Kochi",2017,26,0.0164892097905677
"7322","Kochi",2017,27,0.0179664673632687
"7323","Kochi",2017,28,0.0181068226274919
"7324","Kochi",2017,29,0.018182672349562
"7325","Kochi",2017,30,0.0200285230812851
"7326","Kochi",2017,31,0.0196990288083602
"7327","Kochi",2017,32,0.0192441834012967
"7328","Kochi",2017,33,0.0185024691001791
"7329","Kochi",2017,34,0.0189057506317027
"7330","Kochi",2017,35,0.0153013660501182
"7331","Kochi",2017,36,0.0151296206354077
"7332","Kochi",2017,37,0.0150145918290944
"7333","Kochi",2017,38,0.01370176259742
"7334","Kochi",2017,39,0.0124165743792418
"7335","Kochi",2017,40,0.0124398338777584
"7336","Kochi",2017,41,0.0136209662291865
"7337","Kochi",2017,42,0.0112139957144475
"7338","Kochi",2017,43,0.00909525921519968
"7339","Kochi",2017,44,0.0077359315569227
"7340","Kochi",2017,45,0.00792639582357577
"7341","Kochi",2017,46,0.00636733763035062
"7342","Kochi",2017,47,0.0047799506931699
"7343","Kochi",2017,48,0.00682141881184033
"7344","Kochi",2017,49,0.00431080379368373
"7345","Kochi",2017,50,0.00381589995793859
"7346","Kochi",2017,51,0.00362411133077757
"7347","Kochi",2017,52,0.00407134922867318
"7348","Kochi",2018,1,0.00364423091539609
"7349","Kochi",2018,2,0.0039169209878242
"7350","Kochi",2018,3,0.00544043188173183
"7351","Kochi",2018,4,0.00305020691564683
"7352","Kochi",2018,5,0.00337942325780937
"7353","Kochi",2018,6,0.00293441605894644
"7354","Kochi",2018,7,0.0036085000526126
"7355","Kochi",2018,8,0.00372536669334181
"7356","Kochi",2018,9,0.00527238262717228
"7357","Kochi",2018,10,0.00604880075158893
"7358","Kochi",2018,11,0.00602064797886221
"7359","Kochi",2018,12,0.00635667314410501
"7360","Kochi",2018,13,0.00628899694174572
"7361","Kochi",2018,14,0.00846902208003587
"7362","Kochi",2018,15,0.00717411029853304
"7363","Kochi",2018,16,0.00735003080111898
"7364","Kochi",2018,17,0.00898539957368076
"7365","Kochi",2018,18,0.0085112821764681
"7366","Kochi",2018,19,0.00953188641958207
"7367","Kochi",2018,20,0.0123033231514978
"7368","Kochi",2018,21,0.00992937248788162
"7369","Kochi",2018,22,0.0118018434462642
"7370","Kochi",2018,23,0.013614553860554
"7371","Kochi",2018,24,0.012616093316172
"7372","Kochi",2018,25,0.0144123309216985
"7373","Kochi",2018,26,0.0166837475046228
"7374","Kochi",2018,27,0.0181227112273154
"7375","Kochi",2018,28,0.0177520142790999
"7376","Kochi",2018,29,0.0185915782307401
"7377","Kochi",2018,30,0.0190444377365703
"7378","Kochi",2018,31,0.0189140664614194
"7379","Kochi",2018,32,0.0184236810807407
"7380","Kochi",2018,33,0.0175764881591322
"7381","Kochi",2018,34,0.0186881078218409
"7382","Kochi",2018,35,0.0183017302283772
"7383","Kochi",2018,36,0.0168767002232109
"7384","Kochi",2018,37,0.0160158175735254
"7385","Kochi",2018,38,0.0159184607354562
"7386","Kochi",2018,39,0.0129781839098541
"7387","Kochi",2018,40,0.013362039778163
"7388","Kochi",2018,41,0.0111220367772318
"7389","Kochi",2018,42,0.00895142724706552
"7390","Kochi",2018,43,0.00902753551632772
"7391","Kochi",2018,44,0.00632984910245062
"7392","Kochi",2018,45,0.00852202697594937
"7393","Kochi",2018,46,0.00705938474177228
"7394","Kochi",2018,47,0.00586356228046426
"7395","Kochi",2018,48,0.00688740499258492
"7396","Kochi",2018,49,0.00812163781341199
"7397","Kochi",2018,50,0.00451964843994892
"7398","Kochi",2018,51,0.00634490109726767
"7399","Kochi",2018,52,0.0044676642328079
"7400","Kochi",2019,1,0.00383446479270039
"7401","Kochi",2019,2,0.00424310131238432
"7402","Kochi",2019,3,0.00418266993340777
"7403","Kochi",2019,4,0.00385278769924749
"7404","Kochi",2019,5,0.00406659622924991
"7405","Kochi",2019,6,0.00565446683230842
"7406","Kochi",2019,7,0.00412298764691882
"7407","Kochi",2019,8,0.00510591809544691
"7408","Kochi",2019,9,0.00522398699900547
"7409","Kochi",2019,10,0.0054954027177372
"7410","Kochi",2019,11,0.00477750463419595
"7411","Kochi",2019,12,0.00621615677884794
"7412","Kochi",2019,13,0.00586334126944561
"7413","Kochi",2019,14,0.00456305910372735
"7414","Kochi",2019,15,0.00609938242135852
"7415","Kochi",2019,16,0.0077730017039264
"7416","Kochi",2019,17,0.0102506580813436
"7417","Kochi",2019,18,0.00925706212339579
"7418","Kochi",2019,19,0.00808007280864428
"7419","Kochi",2019,20,0.0103823664973856
"7420","Kochi",2019,21,0.010071003407439
"7421","Kochi",2019,22,0.0109942407163739
"7422","Kochi",2019,23,0.0134295037436847
"7423","Kochi",2019,24,0.0123534607382289
"7424","Kochi",2019,25,0.0127885952566921
"7425","Kochi",2019,26,0.0157041221427279
"7426","Kochi",2019,27,0.0161668616712849
"7427","Kochi",2019,28,0.0162125786500827
"7428","Kochi",2019,29,0.0176627649758588
"7429","Kochi",2019,30,0.0184917788780683
"7430","Kochi",2019,31,0.0189993715385133
"7431","Kochi",2019,32,0.0181285941132116
"7432","Kochi",2019,33,0.0192284870742129
"7433","Kochi",2019,34,0.0183926262650564
"7434","Kochi",2019,35,0.0170093088240958
"7435","Kochi",2019,36,0.0180456507236241
"7436","Kochi",2019,37,0.017708929214422
"7437","Kochi",2019,38,0.0138789053344866
"7438","Kochi",2019,39,0.0149465698890724
"7439","Kochi",2019,40,0.0154137107288935
"7440","Kochi",2019,41,0.011906472209245
"7441","Kochi",2019,42,0.0112002177132615
"7442","Kochi",2019,43,0.0115143394075225
"7443","Kochi",2019,44,0.00886488723638991
"7444","Kochi",2019,45,0.00721668252055872
"7445","Kochi",2019,46,0.00689610980368339
"7446","Kochi",2019,47,0.00724125023120777
"7447","Kochi",2019,48,0.00700954323475475
"7448","Kochi",2019,49,0.00501783023523761
"7449","Kochi",2019,50,0.0050467368112501
"7450","Kochi",2019,51,0.00615753679811105
"7451","Kochi",2019,52,0.00561936207835917
"7452","Kochi",2020,1,0.00517312035588212
"7453","Kochi",2020,2,0.0051881816882189
"7454","Kochi",2020,3,0.00428813311298845
"7455","Kochi",2020,4,0.00576797691831202
"7456","Kochi",2020,5,0.00533897211515145
"7457","Kochi",2020,6,0.0037509694247163
"7458","Kochi",2020,7,0.006190387023195
"7459","Kochi",2020,8,0.00456587047790312
"7460","Kochi",2020,9,0.00526773460034828
"7461","Kumamoto",2013,1,0.00308743497608824
"7462","Kumamoto",2013,2,0.00326472958148435
"7463","Kumamoto",2013,3,0.00374868922713236
"7464","Kumamoto",2013,4,0.00448055888769095
"7465","Kumamoto",2013,5,0.00451447092532336
"7466","Kumamoto",2013,6,0.00495503711470908
"7467","Kumamoto",2013,7,0.00383206085313783
"7468","Kumamoto",2013,8,0.00431249652883811
"7469","Kumamoto",2013,9,0.00479252196718916
"7470","Kumamoto",2013,10,0.00549086022565822
"7471","Kumamoto",2013,11,0.00577687478004951
"7472","Kumamoto",2013,12,0.00705746374575788
"7473","Kumamoto",2013,13,0.00655122117435474
"7474","Kumamoto",2013,14,0.00722282711170279
"7475","Kumamoto",2013,15,0.0042743963451193
"7476","Kumamoto",2013,16,0.00828975139513394
"7477","Kumamoto",2013,17,0.00629831229585874
"7478","Kumamoto",2013,18,0.00711552261184704
"7479","Kumamoto",2013,19,0.00870611629581447
"7480","Kumamoto",2013,20,0.00968868270671546
"7481","Kumamoto",2013,21,0.011440586989622
"7482","Kumamoto",2013,22,0.0125918870585505
"7483","Kumamoto",2013,23,0.0119489078516791
"7484","Kumamoto",2013,24,0.0154125213757008
"7485","Kumamoto",2013,25,0.0169457615575632
"7486","Kumamoto",2013,26,0.0153006216381597
"7487","Kumamoto",2013,27,0.0177947528585344
"7488","Kumamoto",2013,28,0.0174130022513398
"7489","Kumamoto",2013,29,0.0165989036970299
"7490","Kumamoto",2013,30,0.017945185940435
"7491","Kumamoto",2013,31,0.0191152642991185
"7492","Kumamoto",2013,32,0.0191300758019578
"7493","Kumamoto",2013,33,0.0183031421421086
"7494","Kumamoto",2013,34,0.0187684385695847
"7495","Kumamoto",2013,35,0.016866606091598
"7496","Kumamoto",2013,36,0.0146682634644427
"7497","Kumamoto",2013,37,0.0166547408350743
"7498","Kumamoto",2013,38,0.0123681664340567
"7499","Kumamoto",2013,39,0.0121628756468309
"7500","Kumamoto",2013,40,0.0126874348506744
"7501","Kumamoto",2013,41,0.0143436107957408
"7502","Kumamoto",2013,42,0.00884039013503419
"7503","Kumamoto",2013,43,0.0104732400789948
"7504","Kumamoto",2013,44,0.00794483907476331
"7505","Kumamoto",2013,45,0.0085213368977643
"7506","Kumamoto",2013,46,0.00610262602912363
"7507","Kumamoto",2013,47,0.0047181435836609
"7508","Kumamoto",2013,48,0.00504409065735377
"7509","Kumamoto",2013,49,0.00454420628355251
"7510","Kumamoto",2013,50,0.00433674802923892
"7511","Kumamoto",2013,51,0.00415974352553006
"7512","Kumamoto",2013,52,0.00371185761632444
"7513","Kumamoto",2014,1,0.00414189259441042
"7514","Kumamoto",2014,2,0.00391697695670219
"7515","Kumamoto",2014,3,0.00320221149797837
"7516","Kumamoto",2014,4,0.00417188073441988
"7517","Kumamoto",2014,5,0.00557642844012647
"7518","Kumamoto",2014,6,0.00513698273807307
"7519","Kumamoto",2014,7,0.00368167419873884
"7520","Kumamoto",2014,8,0.00360490111917655
"7521","Kumamoto",2014,9,0.00590851377747421
"7522","Kumamoto",2014,10,0.00383066105246304
"7523","Kumamoto",2014,11,0.00446711414078157
"7524","Kumamoto",2014,12,0.0061783697940732
"7525","Kumamoto",2014,13,0.00800760833172892
"7526","Kumamoto",2014,14,0.00633434226236458
"7527","Kumamoto",2014,15,0.00624705883672802
"7528","Kumamoto",2014,16,0.00767922374174067
"7529","Kumamoto",2014,17,0.00790389100742097
"7530","Kumamoto",2014,18,0.00841077293480516
"7531","Kumamoto",2014,19,0.00741848073307494
"7532","Kumamoto",2014,20,0.00960328828252582
"7533","Kumamoto",2014,21,0.0103899501061361
"7534","Kumamoto",2014,22,0.0108912691927994
"7535","Kumamoto",2014,23,0.0128189553363922
"7536","Kumamoto",2014,24,0.0131316412824606
"7537","Kumamoto",2014,25,0.013223754070192
"7538","Kumamoto",2014,26,0.0139394629170545
"7539","Kumamoto",2014,27,0.01448232507501
"7540","Kumamoto",2014,28,0.016894374958814
"7541","Kumamoto",2014,29,0.0171401334989596
"7542","Kumamoto",2014,30,0.0182025243993739
"7543","Kumamoto",2014,31,0.0177734512318709
"7544","Kumamoto",2014,32,0.0183768131049762
"7545","Kumamoto",2014,33,0.0177588541722911
"7546","Kumamoto",2014,34,0.0178833539627358
"7547","Kumamoto",2014,35,0.0166361784387724
"7548","Kumamoto",2014,36,0.0167469059180123
"7549","Kumamoto",2014,37,0.0134380135632919
"7550","Kumamoto",2014,38,0.0121219556847642
"7551","Kumamoto",2014,39,0.0138576175177636
"7552","Kumamoto",2014,40,0.012621125400115
"7553","Kumamoto",2014,41,0.0110404600072087
"7554","Kumamoto",2014,42,0.00912324408257237
"7555","Kumamoto",2014,43,0.00996671753030357
"7556","Kumamoto",2014,44,0.0096570717729624
"7557","Kumamoto",2014,45,0.00706514040932546
"7558","Kumamoto",2014,46,0.00656065648888575
"7559","Kumamoto",2014,47,0.00621736522427587
"7560","Kumamoto",2014,48,0.00862408545076683
"7561","Kumamoto",2014,49,0.00510575701106801
"7562","Kumamoto",2014,50,0.00456013432530791
"7563","Kumamoto",2014,51,0.00360571309151974
"7564","Kumamoto",2014,52,0.0037677225663854
"7565","Kumamoto",2015,1,0.0043267390578119
"7566","Kumamoto",2015,2,0.00428025885790355
"7567","Kumamoto",2015,3,0.0042962998576497
"7568","Kumamoto",2015,4,0.00487040146076691
"7569","Kumamoto",2015,5,0.00354924972484385
"7570","Kumamoto",2015,6,0.00320268429020116
"7571","Kumamoto",2015,7,0.00493297081545037
"7572","Kumamoto",2015,8,0.00514198223053475
"7573","Kumamoto",2015,9,0.00457442403040225
"7574","Kumamoto",2015,10,0.00410911980648791
"7575","Kumamoto",2015,11,0.00859144817529598
"7576","Kumamoto",2015,12,0.00419449881827795
"7577","Kumamoto",2015,13,0.010649904313109
"7578","Kumamoto",2015,14,0.00880762191698337
"7579","Kumamoto",2015,15,0.0076619352398677
"7580","Kumamoto",2015,16,0.00798752297711016
"7581","Kumamoto",2015,17,0.00942200311156998
"7582","Kumamoto",2015,18,0.00986714345410413
"7583","Kumamoto",2015,19,0.0111800217345071
"7584","Kumamoto",2015,20,0.010019441619595
"7585","Kumamoto",2015,21,0.0113622116641173
"7586","Kumamoto",2015,22,0.0124640513750259
"7587","Kumamoto",2015,23,0.0143763237503825
"7588","Kumamoto",2015,24,0.0142193645305278
"7589","Kumamoto",2015,25,0.0150611914463388
"7590","Kumamoto",2015,26,0.0140653056715783
"7591","Kumamoto",2015,27,0.0170238994986343
"7592","Kumamoto",2015,28,0.0164886267252885
"7593","Kumamoto",2015,29,0.0174667526414894
"7594","Kumamoto",2015,30,0.0185554980935849
"7595","Kumamoto",2015,31,0.017278254923414
"7596","Kumamoto",2015,32,0.0170676803901645
"7597","Kumamoto",2015,33,0.018042643342034
"7598","Kumamoto",2015,34,0.0159096253303807
"7599","Kumamoto",2015,35,0.015899183019761
"7600","Kumamoto",2015,36,0.0133089288305599
"7601","Kumamoto",2015,37,0.0121617417097005
"7602","Kumamoto",2015,38,0.0140496891399585
"7603","Kumamoto",2015,39,0.0122427759418095
"7604","Kumamoto",2015,40,0.00862527878879816
"7605","Kumamoto",2015,41,0.00779696407265021
"7606","Kumamoto",2015,42,0.00877649593018546
"7607","Kumamoto",2015,43,0.00712588923973398
"7608","Kumamoto",2015,44,0.00893243059587825
"7609","Kumamoto",2015,45,0.0107337282854571
"7610","Kumamoto",2015,46,0.0104428454590243
"7611","Kumamoto",2015,47,0.00724418251618069
"7612","Kumamoto",2015,48,0.00575041658923789
"7613","Kumamoto",2015,49,0.00663170741466368
"7614","Kumamoto",2015,50,0.0048892204277102
"7615","Kumamoto",2015,51,0.00648569890932144
"7616","Kumamoto",2015,52,0.00429635329078729
"7617","Kumamoto",2016,1,0.00544167388741626
"7618","Kumamoto",2016,2,0.00375178074531925
"7619","Kumamoto",2016,3,0.00375696344653263
"7620","Kumamoto",2016,4,0.00494911127402267
"7621","Kumamoto",2016,5,0.00376774937253887
"7622","Kumamoto",2016,6,0.00541486952195695
"7623","Kumamoto",2016,7,0.00429416958067157
"7624","Kumamoto",2016,8,0.00389678142063168
"7625","Kumamoto",2016,9,0.00508096663740177
"7626","Kumamoto",2016,10,0.00659696465723207
"7627","Kumamoto",2016,11,0.00628193741606172
"7628","Kumamoto",2016,12,0.00463388060267097
"7629","Kumamoto",2016,13,0.00688746960848791
"7630","Kumamoto",2016,14,0.00978034070234807
"7631","Kumamoto",2016,15,0.00817485208564357
"7632","Kumamoto",2016,16,0.00838911066094192
"7633","Kumamoto",2016,17,0.00962997775027886
"7634","Kumamoto",2016,18,0.00975907081673622
"7635","Kumamoto",2016,19,0.0112116885566965
"7636","Kumamoto",2016,20,0.00955517086490983
"7637","Kumamoto",2016,21,0.0128153846576731
"7638","Kumamoto",2016,22,0.011279869689657
"7639","Kumamoto",2016,23,0.014376086229165
"7640","Kumamoto",2016,24,0.0150291970141157
"7641","Kumamoto",2016,25,0.0170054501276971
"7642","Kumamoto",2016,26,0.0160893266555856
"7643","Kumamoto",2016,27,0.0180517869121165
"7644","Kumamoto",2016,28,0.0187767146323419
"7645","Kumamoto",2016,29,0.0176578426225681
"7646","Kumamoto",2016,30,0.0176188689555399
"7647","Kumamoto",2016,31,0.018184160553217
"7648","Kumamoto",2016,32,0.0186944444935617
"7649","Kumamoto",2016,33,0.0182957718677943
"7650","Kumamoto",2016,34,0.0176611356666119
"7651","Kumamoto",2016,35,0.0141994624982933
"7652","Kumamoto",2016,36,0.0163217758035169
"7653","Kumamoto",2016,37,0.0172361628454932
"7654","Kumamoto",2016,38,0.0149022041933208
"7655","Kumamoto",2016,39,0.0178645733730758
"7656","Kumamoto",2016,40,0.0162931879108131
"7657","Kumamoto",2016,41,0.00963749730256402
"7658","Kumamoto",2016,42,0.0136473876220778
"7659","Kumamoto",2016,43,0.0114819466200502
"7660","Kumamoto",2016,44,0.00674706216324219
"7661","Kumamoto",2016,45,0.00714641600699842
"7662","Kumamoto",2016,46,0.00993332923450031
"7663","Kumamoto",2016,47,0.00760545177519971
"7664","Kumamoto",2016,48,0.00583243026380823
"7665","Kumamoto",2016,49,0.00545672841469012
"7666","Kumamoto",2016,50,0.00511982171970593
"7667","Kumamoto",2016,51,0.00660704600098801
"7668","Kumamoto",2016,52,0.00492810330980918
"7669","Kumamoto",2017,1,0.0050189467057487
"7670","Kumamoto",2017,2,0.00416521372529045
"7671","Kumamoto",2017,3,0.00363312218448896
"7672","Kumamoto",2017,4,0.00321941017124451
"7673","Kumamoto",2017,5,0.00446591392166575
"7674","Kumamoto",2017,6,0.0036995504587868
"7675","Kumamoto",2017,7,0.00407662021780642
"7676","Kumamoto",2017,8,0.00464881838459184
"7677","Kumamoto",2017,9,0.00424318833205776
"7678","Kumamoto",2017,10,0.00396095741676753
"7679","Kumamoto",2017,11,0.00465896395759279
"7680","Kumamoto",2017,12,0.00541893626720294
"7681","Kumamoto",2017,13,0.00572843293674284
"7682","Kumamoto",2017,14,0.00822517858321932
"7683","Kumamoto",2017,15,0.0081825927870473
"7684","Kumamoto",2017,16,0.0089487839612822
"7685","Kumamoto",2017,17,0.00757441783869753
"7686","Kumamoto",2017,18,0.0103016591453169
"7687","Kumamoto",2017,19,0.00970379969095122
"7688","Kumamoto",2017,20,0.00844892952797668
"7689","Kumamoto",2017,21,0.0106222043572785
"7690","Kumamoto",2017,22,0.0109481063498825
"7691","Kumamoto",2017,23,0.0102551735599406
"7692","Kumamoto",2017,24,0.0111366386600667
"7693","Kumamoto",2017,25,0.0143091990825523
"7694","Kumamoto",2017,26,0.016815971849332
"7695","Kumamoto",2017,27,0.0184532127148481
"7696","Kumamoto",2017,28,0.0180950014700937
"7697","Kumamoto",2017,29,0.0187405621679793
"7698","Kumamoto",2017,30,0.0201404107012014
"7699","Kumamoto",2017,31,0.0194665576717683
"7700","Kumamoto",2017,32,0.0193761835536635
"7701","Kumamoto",2017,33,0.018296846046471
"7702","Kumamoto",2017,34,0.0188486097326066
"7703","Kumamoto",2017,35,0.0149395557466704
"7704","Kumamoto",2017,36,0.0156897752745655
"7705","Kumamoto",2017,37,0.015518054823264
"7706","Kumamoto",2017,38,0.0137506333762855
"7707","Kumamoto",2017,39,0.0122302504857578
"7708","Kumamoto",2017,40,0.013058704277488
"7709","Kumamoto",2017,41,0.0130620668994987
"7710","Kumamoto",2017,42,0.0117807949500689
"7711","Kumamoto",2017,43,0.00905234895618473
"7712","Kumamoto",2017,44,0.00772173319175151
"7713","Kumamoto",2017,45,0.00815426540330878
"7714","Kumamoto",2017,46,0.00634912039560918
"7715","Kumamoto",2017,47,0.00453405649219804
"7716","Kumamoto",2017,48,0.00679441815629548
"7717","Kumamoto",2017,49,0.00414544549609023
"7718","Kumamoto",2017,50,0.00383696406014043
"7719","Kumamoto",2017,51,0.00360212345068653
"7720","Kumamoto",2017,52,0.00395528545873362
"7721","Kumamoto",2018,1,0.00362190493256851
"7722","Kumamoto",2018,2,0.00399836619610425
"7723","Kumamoto",2018,3,0.0051852743268885
"7724","Kumamoto",2018,4,0.00307404317648886
"7725","Kumamoto",2018,5,0.0033644919001954
"7726","Kumamoto",2018,6,0.00305847705811152
"7727","Kumamoto",2018,7,0.00405014781186294
"7728","Kumamoto",2018,8,0.00404313432926736
"7729","Kumamoto",2018,9,0.00546369556918449
"7730","Kumamoto",2018,10,0.0062064139737462
"7731","Kumamoto",2018,11,0.0061912896242508
"7732","Kumamoto",2018,12,0.00662299164389162
"7733","Kumamoto",2018,13,0.00656983807852452
"7734","Kumamoto",2018,14,0.00822946175751084
"7735","Kumamoto",2018,15,0.00792779547253536
"7736","Kumamoto",2018,16,0.00733522243521559
"7737","Kumamoto",2018,17,0.00908592444273707
"7738","Kumamoto",2018,18,0.00825454052898882
"7739","Kumamoto",2018,19,0.00989720282271624
"7740","Kumamoto",2018,20,0.0126496644708368
"7741","Kumamoto",2018,21,0.0106914690239443
"7742","Kumamoto",2018,22,0.0121708855911366
"7743","Kumamoto",2018,23,0.0145695752247178
"7744","Kumamoto",2018,24,0.0129629633042868
"7745","Kumamoto",2018,25,0.0146595844764703
"7746","Kumamoto",2018,26,0.0164791444103846
"7747","Kumamoto",2018,27,0.0179368962274765
"7748","Kumamoto",2018,28,0.0178406662457066
"7749","Kumamoto",2018,29,0.018156798116997
"7750","Kumamoto",2018,30,0.0194598880537639
"7751","Kumamoto",2018,31,0.0184517368077624
"7752","Kumamoto",2018,32,0.0183363711222859
"7753","Kumamoto",2018,33,0.0178323709883638
"7754","Kumamoto",2018,34,0.017691629100901
"7755","Kumamoto",2018,35,0.0176818615597659
"7756","Kumamoto",2018,36,0.0159808880818589
"7757","Kumamoto",2018,37,0.0158059846617129
"7758","Kumamoto",2018,38,0.015844507145304
"7759","Kumamoto",2018,39,0.01249509203509
"7760","Kumamoto",2018,40,0.012521238757836
"7761","Kumamoto",2018,41,0.00998790684579354
"7762","Kumamoto",2018,42,0.00834181629023975
"7763","Kumamoto",2018,43,0.00832303000282028
"7764","Kumamoto",2018,44,0.00618314962613086
"7765","Kumamoto",2018,45,0.00813357214985178
"7766","Kumamoto",2018,46,0.0068617458933587
"7767","Kumamoto",2018,47,0.00559486728874524
"7768","Kumamoto",2018,48,0.00721666227951866
"7769","Kumamoto",2018,49,0.00817755126611301
"7770","Kumamoto",2018,50,0.00431412123814289
"7771","Kumamoto",2018,51,0.0065014403212082
"7772","Kumamoto",2018,52,0.00416077789166552
"7773","Kumamoto",2019,1,0.00383105141171808
"7774","Kumamoto",2019,2,0.00454460562182379
"7775","Kumamoto",2019,3,0.00443969893487749
"7776","Kumamoto",2019,4,0.00387821637425337
"7777","Kumamoto",2019,5,0.00433231687612381
"7778","Kumamoto",2019,6,0.00588800534646588
"7779","Kumamoto",2019,7,0.00416439759250692
"7780","Kumamoto",2019,8,0.00542024669069993
"7781","Kumamoto",2019,9,0.00572571259276575
"7782","Kumamoto",2019,10,0.00586396426622227
"7783","Kumamoto",2019,11,0.00482555270184845
"7784","Kumamoto",2019,12,0.00606175100947044
"7785","Kumamoto",2019,13,0.00616296568811761
"7786","Kumamoto",2019,14,0.00474019544813299
"7787","Kumamoto",2019,15,0.0070722734458374
"7788","Kumamoto",2019,16,0.00789664180587904
"7789","Kumamoto",2019,17,0.00981257705132471
"7790","Kumamoto",2019,18,0.00934527863456247
"7791","Kumamoto",2019,19,0.00806179212000533
"7792","Kumamoto",2019,20,0.0108075574379939
"7793","Kumamoto",2019,21,0.00958275829546687
"7794","Kumamoto",2019,22,0.0105650395692968
"7795","Kumamoto",2019,23,0.0141745343177089
"7796","Kumamoto",2019,24,0.0119409292042702
"7797","Kumamoto",2019,25,0.0126748341814497
"7798","Kumamoto",2019,26,0.0153533526886337
"7799","Kumamoto",2019,27,0.0160190210891043
"7800","Kumamoto",2019,28,0.0163661111435689
"7801","Kumamoto",2019,29,0.0177678724461032
"7802","Kumamoto",2019,30,0.018479408744013
"7803","Kumamoto",2019,31,0.0181235841791476
"7804","Kumamoto",2019,32,0.0177377910572766
"7805","Kumamoto",2019,33,0.0185873158528142
"7806","Kumamoto",2019,34,0.0182282304431618
"7807","Kumamoto",2019,35,0.0166990673741642
"7808","Kumamoto",2019,36,0.017778827810239
"7809","Kumamoto",2019,37,0.0179620133808401
"7810","Kumamoto",2019,38,0.0139151735920631
"7811","Kumamoto",2019,39,0.0147527283662093
"7812","Kumamoto",2019,40,0.0151785807253197
"7813","Kumamoto",2019,41,0.011233188650188
"7814","Kumamoto",2019,42,0.0105361553022438
"7815","Kumamoto",2019,43,0.0113395161869039
"7816","Kumamoto",2019,44,0.00806226509837165
"7817","Kumamoto",2019,45,0.00687027937540251
"7818","Kumamoto",2019,46,0.0064515151474976
"7819","Kumamoto",2019,47,0.00722514210759966
"7820","Kumamoto",2019,48,0.00755625134477456
"7821","Kumamoto",2019,49,0.00491588006429005
"7822","Kumamoto",2019,50,0.00482942269445733
"7823","Kumamoto",2019,51,0.00643118957560761
"7824","Kumamoto",2019,52,0.00537968975910806
"7825","Kumamoto",2020,1,0.00500200677084612
"7826","Kumamoto",2020,2,0.00543535044371704
"7827","Kumamoto",2020,3,0.00422181514350515
"7828","Kumamoto",2020,4,0.00628591476319686
"7829","Kumamoto",2020,5,0.00550433857745133
"7830","Kumamoto",2020,6,0.00378435913984443
"7831","Kumamoto",2020,7,0.00669757136628623
"7832","Kumamoto",2020,8,0.00438185162826902
"7833","Kumamoto",2020,9,0.0059216486012812
"7834","Kyoto",2013,1,0.00291188026808194
"7835","Kyoto",2013,2,0.00341619050187693
"7836","Kyoto",2013,3,0.00340080667451269
"7837","Kyoto",2013,4,0.0035135500790998
"7838","Kyoto",2013,5,0.00398087045061206
"7839","Kyoto",2013,6,0.00344018422997295
"7840","Kyoto",2013,7,0.00322306632241257
"7841","Kyoto",2013,8,0.00315559626107959
"7842","Kyoto",2013,9,0.00366726165957959
"7843","Kyoto",2013,10,0.00444223785281712
"7844","Kyoto",2013,11,0.00377063590890735
"7845","Kyoto",2013,12,0.00559685737396903
"7846","Kyoto",2013,13,0.00494359381456978
"7847","Kyoto",2013,14,0.00655529642305272
"7848","Kyoto",2013,15,0.00421213691935429
"7849","Kyoto",2013,16,0.00631026806460282
"7850","Kyoto",2013,17,0.00563099136294213
"7851","Kyoto",2013,18,0.00583945430523108
"7852","Kyoto",2013,19,0.0070533182117487
"7853","Kyoto",2013,20,0.00867364038163047
"7854","Kyoto",2013,21,0.00945403013161744
"7855","Kyoto",2013,22,0.010799752222486
"7856","Kyoto",2013,23,0.0102802551554444
"7857","Kyoto",2013,24,0.0130300782102618
"7858","Kyoto",2013,25,0.013910816780734
"7859","Kyoto",2013,26,0.0136318377722086
"7860","Kyoto",2013,27,0.0158460888104537
"7861","Kyoto",2013,28,0.0178513930632796
"7862","Kyoto",2013,29,0.0158892229129639
"7863","Kyoto",2013,30,0.0172238038812184
"7864","Kyoto",2013,31,0.017810434451451
"7865","Kyoto",2013,32,0.0190141221107841
"7866","Kyoto",2013,33,0.0166080991107451
"7867","Kyoto",2013,34,0.018276610253064
"7868","Kyoto",2013,35,0.0157473734821599
"7869","Kyoto",2013,36,0.0152073666580998
"7870","Kyoto",2013,37,0.0153343556151904
"7871","Kyoto",2013,38,0.012018382543652
"7872","Kyoto",2013,39,0.01109626025556
"7873","Kyoto",2013,40,0.0114279708666749
"7874","Kyoto",2013,41,0.0133552599173843
"7875","Kyoto",2013,42,0.0085065380582978
"7876","Kyoto",2013,43,0.0104371561240002
"7877","Kyoto",2013,44,0.00744027422745123
"7878","Kyoto",2013,45,0.00757723251151391
"7879","Kyoto",2013,46,0.00607693177374587
"7880","Kyoto",2013,47,0.00466178038501288
"7881","Kyoto",2013,48,0.00449553638675008
"7882","Kyoto",2013,49,0.004825943245985
"7883","Kyoto",2013,50,0.00371274384016758
"7884","Kyoto",2013,51,0.00418693233691177
"7885","Kyoto",2013,52,0.00360517772835496
"7886","Kyoto",2014,1,0.00357777060544477
"7887","Kyoto",2014,2,0.003419690074122
"7888","Kyoto",2014,3,0.00322009624389103
"7889","Kyoto",2014,4,0.00366298348681904
"7890","Kyoto",2014,5,0.00411502813814996
"7891","Kyoto",2014,6,0.0040743851067903
"7892","Kyoto",2014,7,0.0032628453536652
"7893","Kyoto",2014,8,0.00282972592238486
"7894","Kyoto",2014,9,0.00462054178256145
"7895","Kyoto",2014,10,0.00358590559146469
"7896","Kyoto",2014,11,0.00381088805542418
"7897","Kyoto",2014,12,0.00502664565964036
"7898","Kyoto",2014,13,0.00638849715856559
"7899","Kyoto",2014,14,0.005738517504119
"7900","Kyoto",2014,15,0.0044687837111848
"7901","Kyoto",2014,16,0.00554141309856643
"7902","Kyoto",2014,17,0.00666890556174839
"7903","Kyoto",2014,18,0.00832360266026831
"7904","Kyoto",2014,19,0.00643157690962028
"7905","Kyoto",2014,20,0.0083371457112675
"7906","Kyoto",2014,21,0.00880226720469218
"7907","Kyoto",2014,22,0.0106860046156058
"7908","Kyoto",2014,23,0.0116650861695218
"7909","Kyoto",2014,24,0.0126372794196701
"7910","Kyoto",2014,25,0.0117414485706383
"7911","Kyoto",2014,26,0.0125295042829845
"7912","Kyoto",2014,27,0.0137268610530326
"7913","Kyoto",2014,28,0.0167981703265498
"7914","Kyoto",2014,29,0.016661414475494
"7915","Kyoto",2014,30,0.0169666233569552
"7916","Kyoto",2014,31,0.0162059197560141
"7917","Kyoto",2014,32,0.0179710279435575
"7918","Kyoto",2014,33,0.0179984707333351
"7919","Kyoto",2014,34,0.0179185074303002
"7920","Kyoto",2014,35,0.0155068979445401
"7921","Kyoto",2014,36,0.0155925141293846
"7922","Kyoto",2014,37,0.0118951849029203
"7923","Kyoto",2014,38,0.0101528844581641
"7924","Kyoto",2014,39,0.0113088583946922
"7925","Kyoto",2014,40,0.0115396263941819
"7926","Kyoto",2014,41,0.0105425094082221
"7927","Kyoto",2014,42,0.00787650444831519
"7928","Kyoto",2014,43,0.00918282500953226
"7929","Kyoto",2014,44,0.0084688628135221
"7930","Kyoto",2014,45,0.00704582112322132
"7931","Kyoto",2014,46,0.00599567600867053
"7932","Kyoto",2014,47,0.00516581145008061
"7933","Kyoto",2014,48,0.00727899118680795
"7934","Kyoto",2014,49,0.00448579196516978
"7935","Kyoto",2014,50,0.00415034730361404
"7936","Kyoto",2014,51,0.00355398706294648
"7937","Kyoto",2014,52,0.00369509565235003
"7938","Kyoto",2015,1,0.00396527735495382
"7939","Kyoto",2015,2,0.00383406005831739
"7940","Kyoto",2015,3,0.00408029032018235
"7941","Kyoto",2015,4,0.00403551080075706
"7942","Kyoto",2015,5,0.00341746817872169
"7943","Kyoto",2015,6,0.0032578917304118
"7944","Kyoto",2015,7,0.0039628383133536
"7945","Kyoto",2015,8,0.00484147566428555
"7946","Kyoto",2015,9,0.00423928638323065
"7947","Kyoto",2015,10,0.00384419847999606
"7948","Kyoto",2015,11,0.00668861490123132
"7949","Kyoto",2015,12,0.0038872636249971
"7950","Kyoto",2015,13,0.00785863107475544
"7951","Kyoto",2015,14,0.00633261115229878
"7952","Kyoto",2015,15,0.00655637544913481
"7953","Kyoto",2015,16,0.00708011297135693
"7954","Kyoto",2015,17,0.00829699732737228
"7955","Kyoto",2015,18,0.00865564690725911
"7956","Kyoto",2015,19,0.00900927906605967
"7957","Kyoto",2015,20,0.00869896129577144
"7958","Kyoto",2015,21,0.00963461520952047
"7959","Kyoto",2015,22,0.0101775430762468
"7960","Kyoto",2015,23,0.0122427298232987
"7961","Kyoto",2015,24,0.0132063245217082
"7962","Kyoto",2015,25,0.0137345728936439
"7963","Kyoto",2015,26,0.0133135877161482
"7964","Kyoto",2015,27,0.0156458725541517
"7965","Kyoto",2015,28,0.0170166180122215
"7966","Kyoto",2015,29,0.0169345388158709
"7967","Kyoto",2015,30,0.0184494601880302
"7968","Kyoto",2015,31,0.0185010386156681
"7969","Kyoto",2015,32,0.0167048617051135
"7970","Kyoto",2015,33,0.0170638260143984
"7971","Kyoto",2015,34,0.0154075288573829
"7972","Kyoto",2015,35,0.0154071340371471
"7973","Kyoto",2015,36,0.0137584073218736
"7974","Kyoto",2015,37,0.0117016236162062
"7975","Kyoto",2015,38,0.0122982165791632
"7976","Kyoto",2015,39,0.00997430520510671
"7977","Kyoto",2015,40,0.00846164370522124
"7978","Kyoto",2015,41,0.00799308257809984
"7979","Kyoto",2015,42,0.00892217403006369
"7980","Kyoto",2015,43,0.00637655572828232
"7981","Kyoto",2015,44,0.00802537440312507
"7982","Kyoto",2015,45,0.00894863552621343
"7983","Kyoto",2015,46,0.00851372284172526
"7984","Kyoto",2015,47,0.00601505245417003
"7985","Kyoto",2015,48,0.00490802770246382
"7986","Kyoto",2015,49,0.00571157678576862
"7987","Kyoto",2015,50,0.00513681186017431
"7988","Kyoto",2015,51,0.00542231975614617
"7989","Kyoto",2015,52,0.00392795009101732
"7990","Kyoto",2016,1,0.00467128885629673
"7991","Kyoto",2016,2,0.00362367763608838
"7992","Kyoto",2016,3,0.00349281822483838
"7993","Kyoto",2016,4,0.00358490327318726
"7994","Kyoto",2016,5,0.00353981103260902
"7995","Kyoto",2016,6,0.00444699411039487
"7996","Kyoto",2016,7,0.00430971590249104
"7997","Kyoto",2016,8,0.00336613809720581
"7998","Kyoto",2016,9,0.00450160376310282
"7999","Kyoto",2016,10,0.00544162704768771
"8000","Kyoto",2016,11,0.00507006579513721
"8001","Kyoto",2016,12,0.00360971224110805
"8002","Kyoto",2016,13,0.00603843599949984
"8003","Kyoto",2016,14,0.00754236272474166
"8004","Kyoto",2016,15,0.00645488195864843
"8005","Kyoto",2016,16,0.0075279147869137
"8006","Kyoto",2016,17,0.00762519123312612
"8007","Kyoto",2016,18,0.00794701151136571
"8008","Kyoto",2016,19,0.00953878607861086
"8009","Kyoto",2016,20,0.00895827907488645
"8010","Kyoto",2016,21,0.0112161463895117
"8011","Kyoto",2016,22,0.00991798142846253
"8012","Kyoto",2016,23,0.0124256855406793
"8013","Kyoto",2016,24,0.013768175953048
"8014","Kyoto",2016,25,0.0148872863706979
"8015","Kyoto",2016,26,0.0148339803984733
"8016","Kyoto",2016,27,0.0172820063640914
"8017","Kyoto",2016,28,0.0171834691872573
"8018","Kyoto",2016,29,0.015149206573983
"8019","Kyoto",2016,30,0.016915243500128
"8020","Kyoto",2016,31,0.0176111178753623
"8021","Kyoto",2016,32,0.0157371601476246
"8022","Kyoto",2016,33,0.0184285366357168
"8023","Kyoto",2016,34,0.016964355782325
"8024","Kyoto",2016,35,0.0142737651107801
"8025","Kyoto",2016,36,0.0160761520826717
"8026","Kyoto",2016,37,0.0154258506727182
"8027","Kyoto",2016,38,0.0145968806127554
"8028","Kyoto",2016,39,0.0153516451965423
"8029","Kyoto",2016,40,0.0139581141499462
"8030","Kyoto",2016,41,0.00770501721977942
"8031","Kyoto",2016,42,0.010767976102783
"8032","Kyoto",2016,43,0.00838387896932473
"8033","Kyoto",2016,44,0.00610302169417123
"8034","Kyoto",2016,45,0.00595997284909037
"8035","Kyoto",2016,46,0.00760062441823784
"8036","Kyoto",2016,47,0.00672354361041603
"8037","Kyoto",2016,48,0.00549466940787663
"8038","Kyoto",2016,49,0.00524316933386965
"8039","Kyoto",2016,50,0.00424791124734064
"8040","Kyoto",2016,51,0.0057233179843185
"8041","Kyoto",2016,52,0.00417524103234375
"8042","Kyoto",2017,1,0.00400558547225986
"8043","Kyoto",2017,2,0.00394073822103307
"8044","Kyoto",2017,3,0.00332881376281218
"8045","Kyoto",2017,4,0.00327441963838111
"8046","Kyoto",2017,5,0.00383040125629197
"8047","Kyoto",2017,6,0.00360405743465657
"8048","Kyoto",2017,7,0.00388662476550895
"8049","Kyoto",2017,8,0.00390268552108616
"8050","Kyoto",2017,9,0.00375146810287881
"8051","Kyoto",2017,10,0.00371183392362479
"8052","Kyoto",2017,11,0.00391066780534076
"8053","Kyoto",2017,12,0.00404877648046227
"8054","Kyoto",2017,13,0.00468970950020782
"8055","Kyoto",2017,14,0.00732595681173195
"8056","Kyoto",2017,15,0.00617594888688428
"8057","Kyoto",2017,16,0.00726480247380251
"8058","Kyoto",2017,17,0.00637816519988466
"8059","Kyoto",2017,18,0.00800334450588719
"8060","Kyoto",2017,19,0.00911696148427931
"8061","Kyoto",2017,20,0.00797751247854795
"8062","Kyoto",2017,21,0.0101651785444939
"8063","Kyoto",2017,22,0.00970131286707479
"8064","Kyoto",2017,23,0.00943246281511837
"8065","Kyoto",2017,24,0.00832091931588575
"8066","Kyoto",2017,25,0.0118631143152255
"8067","Kyoto",2017,26,0.0151859980784972
"8068","Kyoto",2017,27,0.0167966666190622
"8069","Kyoto",2017,28,0.01771546459052
"8070","Kyoto",2017,29,0.0177498436133446
"8071","Kyoto",2017,30,0.0186255765833395
"8072","Kyoto",2017,31,0.0181991123934452
"8073","Kyoto",2017,32,0.0181597210172283
"8074","Kyoto",2017,33,0.0173729638562321
"8075","Kyoto",2017,34,0.0179021715727472
"8076","Kyoto",2017,35,0.0136780783336779
"8077","Kyoto",2017,36,0.013446966975031
"8078","Kyoto",2017,37,0.0133453322123335
"8079","Kyoto",2017,38,0.0124824507498136
"8080","Kyoto",2017,39,0.011181241261035
"8081","Kyoto",2017,40,0.0106774676394429
"8082","Kyoto",2017,41,0.0120558418551175
"8083","Kyoto",2017,42,0.00983778686996228
"8084","Kyoto",2017,43,0.00870226580652955
"8085","Kyoto",2017,44,0.00696664786464973
"8086","Kyoto",2017,45,0.00674350166544725
"8087","Kyoto",2017,46,0.00557925893940628
"8088","Kyoto",2017,47,0.00447328893565046
"8089","Kyoto",2017,48,0.00571882693902013
"8090","Kyoto",2017,49,0.00399361505359115
"8091","Kyoto",2017,50,0.00358712207434094
"8092","Kyoto",2017,51,0.00359665523635174
"8093","Kyoto",2017,52,0.00403985375521051
"8094","Kyoto",2018,1,0.00384124388744492
"8095","Kyoto",2018,2,0.00341852418556001
"8096","Kyoto",2018,3,0.00467918456177778
"8097","Kyoto",2018,4,0.00295238512343453
"8098","Kyoto",2018,5,0.00332059951835879
"8099","Kyoto",2018,6,0.00273038271486475
"8100","Kyoto",2018,7,0.00302998040221917
"8101","Kyoto",2018,8,0.00321788172122415
"8102","Kyoto",2018,9,0.00406979327053095
"8103","Kyoto",2018,10,0.00500010636985059
"8104","Kyoto",2018,11,0.00492717283180717
"8105","Kyoto",2018,12,0.00537122262645328
"8106","Kyoto",2018,13,0.00514500155608311
"8107","Kyoto",2018,14,0.00723534269780048
"8108","Kyoto",2018,15,0.00611052276693424
"8109","Kyoto",2018,16,0.00668788918665234
"8110","Kyoto",2018,17,0.00834408184184823
"8111","Kyoto",2018,18,0.00802890460863125
"8112","Kyoto",2018,19,0.00809690073978917
"8113","Kyoto",2018,20,0.0106004834166846
"8114","Kyoto",2018,21,0.00868434282656966
"8115","Kyoto",2018,22,0.0107881145025289
"8116","Kyoto",2018,23,0.0123030178873482
"8117","Kyoto",2018,24,0.0112435215354927
"8118","Kyoto",2018,25,0.0129485701819721
"8119","Kyoto",2018,26,0.0160146547229202
"8120","Kyoto",2018,27,0.017002409523864
"8121","Kyoto",2018,28,0.0168937534491313
"8122","Kyoto",2018,29,0.0179725023938657
"8123","Kyoto",2018,30,0.0177970541237168
"8124","Kyoto",2018,31,0.0169437672127841
"8125","Kyoto",2018,32,0.0170412257459198
"8126","Kyoto",2018,33,0.0161925640072964
"8127","Kyoto",2018,34,0.0169364847524309
"8128","Kyoto",2018,35,0.0174727979537744
"8129","Kyoto",2018,36,0.0158381845706738
"8130","Kyoto",2018,37,0.0147111775722097
"8131","Kyoto",2018,38,0.0134201201911355
"8132","Kyoto",2018,39,0.0117450620970788
"8133","Kyoto",2018,40,0.0121231335113912
"8134","Kyoto",2018,41,0.0103852586400048
"8135","Kyoto",2018,42,0.00874788076845623
"8136","Kyoto",2018,43,0.00828748180552526
"8137","Kyoto",2018,44,0.00622464735321937
"8138","Kyoto",2018,45,0.00891542500851028
"8139","Kyoto",2018,46,0.00669923217992999
"8140","Kyoto",2018,47,0.00550301581056738
"8141","Kyoto",2018,48,0.00617197652372079
"8142","Kyoto",2018,49,0.00686952053922795
"8143","Kyoto",2018,50,0.00414263405600739
"8144","Kyoto",2018,51,0.00543206779336811
"8145","Kyoto",2018,52,0.00420396400822396
"8146","Kyoto",2019,1,0.00385772553060422
"8147","Kyoto",2019,2,0.00361708614302458
"8148","Kyoto",2019,3,0.00391307852337597
"8149","Kyoto",2019,4,0.00376767137764192
"8150","Kyoto",2019,5,0.00353330480694442
"8151","Kyoto",2019,6,0.00456474395356798
"8152","Kyoto",2019,7,0.00358279601623522
"8153","Kyoto",2019,8,0.00442866660654502
"8154","Kyoto",2019,9,0.00429853742712356
"8155","Kyoto",2019,10,0.00480409263507137
"8156","Kyoto",2019,11,0.00486254990541989
"8157","Kyoto",2019,12,0.00527687255585985
"8158","Kyoto",2019,13,0.00473432670905247
"8159","Kyoto",2019,14,0.00428074908055443
"8160","Kyoto",2019,15,0.00491272883946057
"8161","Kyoto",2019,16,0.00618790536999518
"8162","Kyoto",2019,17,0.00882695858228359
"8163","Kyoto",2019,18,0.00764968807637552
"8164","Kyoto",2019,19,0.00639076766797174
"8165","Kyoto",2019,20,0.00916276530861754
"8166","Kyoto",2019,21,0.0083618614211418
"8167","Kyoto",2019,22,0.00927830833962358
"8168","Kyoto",2019,23,0.0119066022563599
"8169","Kyoto",2019,24,0.0116656510178145
"8170","Kyoto",2019,25,0.0117643289647156
"8171","Kyoto",2019,26,0.0143815753879515
"8172","Kyoto",2019,27,0.0157107966293425
"8173","Kyoto",2019,28,0.0146442647173921
"8174","Kyoto",2019,29,0.0167099762863686
"8175","Kyoto",2019,30,0.0183933608796914
"8176","Kyoto",2019,31,0.0191712024312088
"8177","Kyoto",2019,32,0.0179010061460359
"8178","Kyoto",2019,33,0.0186810783539009
"8179","Kyoto",2019,34,0.0181614232417075
"8180","Kyoto",2019,35,0.0161581188988004
"8181","Kyoto",2019,36,0.0172004732856261
"8182","Kyoto",2019,37,0.0160413426003569
"8183","Kyoto",2019,38,0.0126476778219828
"8184","Kyoto",2019,39,0.0134951488708511
"8185","Kyoto",2019,40,0.0139813606315705
"8186","Kyoto",2019,41,0.0110758103103358
"8187","Kyoto",2019,42,0.00993420615214274
"8188","Kyoto",2019,43,0.0107370180281674
"8189","Kyoto",2019,44,0.00817199589760977
"8190","Kyoto",2019,45,0.00633352135218486
"8191","Kyoto",2019,46,0.00625789132196121
"8192","Kyoto",2019,47,0.0063601233481157
"8193","Kyoto",2019,48,0.00572025553103743
"8194","Kyoto",2019,49,0.00487678422785453
"8195","Kyoto",2019,50,0.00458371780078769
"8196","Kyoto",2019,51,0.00529213273872459
"8197","Kyoto",2019,52,0.00494756938299679
"8198","Kyoto",2020,1,0.00467969024441076
"8199","Kyoto",2020,2,0.00463334482218676
"8200","Kyoto",2020,3,0.0041439413420706
"8201","Kyoto",2020,4,0.00461840377508877
"8202","Kyoto",2020,5,0.00475528716583576
"8203","Kyoto",2020,6,0.0034273424660455
"8204","Kyoto",2020,7,0.00515362911242014
"8205","Kyoto",2020,8,0.00448810783194743
"8206","Kyoto",2020,9,0.00441015603462657
"8207","Mie",2013,1,0.00300147277101573
"8208","Mie",2013,2,0.00340343013781639
"8209","Mie",2013,3,0.00340068910921621
"8210","Mie",2013,4,0.00371020786453409
"8211","Mie",2013,5,0.00419832540034765
"8212","Mie",2013,6,0.00381374799937738
"8213","Mie",2013,7,0.00338398214263034
"8214","Mie",2013,8,0.00332413501172608
"8215","Mie",2013,9,0.00392203252062513
"8216","Mie",2013,10,0.00465717918416019
"8217","Mie",2013,11,0.00444360125130215
"8218","Mie",2013,12,0.00636524115641334
"8219","Mie",2013,13,0.005629165841048
"8220","Mie",2013,14,0.00740169952603657
"8221","Mie",2013,15,0.00441776911712032
"8222","Mie",2013,16,0.00713543476719567
"8223","Mie",2013,17,0.00573559018617056
"8224","Mie",2013,18,0.00626399546759052
"8225","Mie",2013,19,0.0074693153265467
"8226","Mie",2013,20,0.00953129578540288
"8227","Mie",2013,21,0.0104179083967552
"8228","Mie",2013,22,0.0117734899312895
"8229","Mie",2013,23,0.0111583002578088
"8230","Mie",2013,24,0.0139533850157028
"8231","Mie",2013,25,0.0145807076439416
"8232","Mie",2013,26,0.013769178235629
"8233","Mie",2013,27,0.0158209702656938
"8234","Mie",2013,28,0.0175094632418372
"8235","Mie",2013,29,0.0161815755237824
"8236","Mie",2013,30,0.0178205837073721
"8237","Mie",2013,31,0.0176961343992792
"8238","Mie",2013,32,0.0185724242326156
"8239","Mie",2013,33,0.0173316106738042
"8240","Mie",2013,34,0.018807520051179
"8241","Mie",2013,35,0.0160303661880574
"8242","Mie",2013,36,0.0165616998609406
"8243","Mie",2013,37,0.0162049445589063
"8244","Mie",2013,38,0.0129240613767876
"8245","Mie",2013,39,0.011741882820207
"8246","Mie",2013,40,0.012032918220914
"8247","Mie",2013,41,0.0142582816914103
"8248","Mie",2013,42,0.00916780034135605
"8249","Mie",2013,43,0.0110071487798862
"8250","Mie",2013,44,0.00806638839281667
"8251","Mie",2013,45,0.00805452466885156
"8252","Mie",2013,46,0.00621574136300289
"8253","Mie",2013,47,0.00487777433525451
"8254","Mie",2013,48,0.00472986898322955
"8255","Mie",2013,49,0.0048143671378213
"8256","Mie",2013,50,0.0039175258809885
"8257","Mie",2013,51,0.00432159552917497
"8258","Mie",2013,52,0.0036579981546315
"8259","Mie",2014,1,0.0036872194840322
"8260","Mie",2014,2,0.0034597554458924
"8261","Mie",2014,3,0.00314583076113667
"8262","Mie",2014,4,0.00381913577293803
"8263","Mie",2014,5,0.00440927675453907
"8264","Mie",2014,6,0.00431728203649762
"8265","Mie",2014,7,0.00334257239794502
"8266","Mie",2014,8,0.00289125890949883
"8267","Mie",2014,9,0.00495807990840146
"8268","Mie",2014,10,0.00386610948269675
"8269","Mie",2014,11,0.00396397444925467
"8270","Mie",2014,12,0.00532169080351996
"8271","Mie",2014,13,0.00668438068341042
"8272","Mie",2014,14,0.00609640103509713
"8273","Mie",2014,15,0.00466830008295552
"8274","Mie",2014,16,0.00639423788209885
"8275","Mie",2014,17,0.00709420857563117
"8276","Mie",2014,18,0.00861091441116095
"8277","Mie",2014,19,0.00718887958145665
"8278","Mie",2014,20,0.00895962014971153
"8279","Mie",2014,21,0.00932021051855852
"8280","Mie",2014,22,0.0115434118940092
"8281","Mie",2014,23,0.012625749096489
"8282","Mie",2014,24,0.0128708952332973
"8283","Mie",2014,25,0.0123622598939148
"8284","Mie",2014,26,0.0136843488206358
"8285","Mie",2014,27,0.014238303492861
"8286","Mie",2014,28,0.0168977603290641
"8287","Mie",2014,29,0.017418722031245
"8288","Mie",2014,30,0.017568674944234
"8289","Mie",2014,31,0.0170882851428301
"8290","Mie",2014,32,0.0184484150610169
"8291","Mie",2014,33,0.0186850390420614
"8292","Mie",2014,34,0.0183766560102933
"8293","Mie",2014,35,0.0161187871914705
"8294","Mie",2014,36,0.0161770336737503
"8295","Mie",2014,37,0.012482562157858
"8296","Mie",2014,38,0.010477394079386
"8297","Mie",2014,39,0.0119807229724218
"8298","Mie",2014,40,0.012012262744341
"8299","Mie",2014,41,0.0113250681759794
"8300","Mie",2014,42,0.00876373666746848
"8301","Mie",2014,43,0.0105032803363134
"8302","Mie",2014,44,0.00915276490477003
"8303","Mie",2014,45,0.00754104687396502
"8304","Mie",2014,46,0.00651357315548332
"8305","Mie",2014,47,0.00531148014803915
"8306","Mie",2014,48,0.00786380073083472
"8307","Mie",2014,49,0.0047678506085215
"8308","Mie",2014,50,0.00420246432043875
"8309","Mie",2014,51,0.00377763730083178
"8310","Mie",2014,52,0.00369528368271268
"8311","Mie",2015,1,0.00405169936237369
"8312","Mie",2015,2,0.00394207088298485
"8313","Mie",2015,3,0.00421806205753488
"8314","Mie",2015,4,0.00420154065112939
"8315","Mie",2015,5,0.00345497061323381
"8316","Mie",2015,6,0.00319107307392591
"8317","Mie",2015,7,0.00404185386994173
"8318","Mie",2015,8,0.00516913278779843
"8319","Mie",2015,9,0.00472754666446446
"8320","Mie",2015,10,0.00400011418222864
"8321","Mie",2015,11,0.00744340171272845
"8322","Mie",2015,12,0.0039815188995802
"8323","Mie",2015,13,0.00850741337635001
"8324","Mie",2015,14,0.00728694968917428
"8325","Mie",2015,15,0.007051247116193
"8326","Mie",2015,16,0.00805201803685534
"8327","Mie",2015,17,0.00898693738696861
"8328","Mie",2015,18,0.00949096938021953
"8329","Mie",2015,19,0.00962813910956155
"8330","Mie",2015,20,0.00951216481485651
"8331","Mie",2015,21,0.010747773616785
"8332","Mie",2015,22,0.0108720768330678
"8333","Mie",2015,23,0.01292921262263
"8334","Mie",2015,24,0.0132718360384434
"8335","Mie",2015,25,0.0141100031405735
"8336","Mie",2015,26,0.0138537004954982
"8337","Mie",2015,27,0.0158177001892371
"8338","Mie",2015,28,0.0180354031576779
"8339","Mie",2015,29,0.0173171101542134
"8340","Mie",2015,30,0.018665091886014
"8341","Mie",2015,31,0.0189794628924021
"8342","Mie",2015,32,0.0169253802092702
"8343","Mie",2015,33,0.0178568478620709
"8344","Mie",2015,34,0.0165177455008425
"8345","Mie",2015,35,0.016247425267673
"8346","Mie",2015,36,0.0142398861798204
"8347","Mie",2015,37,0.0120283553348411
"8348","Mie",2015,38,0.013039766952773
"8349","Mie",2015,39,0.010640879212589
"8350","Mie",2015,40,0.00891790340484696
"8351","Mie",2015,41,0.00849911493746264
"8352","Mie",2015,42,0.00955650212222798
"8353","Mie",2015,43,0.00668866864210923
"8354","Mie",2015,44,0.00853359107480883
"8355","Mie",2015,45,0.00961627757067218
"8356","Mie",2015,46,0.00911383734453187
"8357","Mie",2015,47,0.0066155984071691
"8358","Mie",2015,48,0.0052250981217465
"8359","Mie",2015,49,0.00614628019968212
"8360","Mie",2015,50,0.0055297598495437
"8361","Mie",2015,51,0.00559680884219438
"8362","Mie",2015,52,0.00384435863979672
"8363","Mie",2016,1,0.00468126644613709
"8364","Mie",2016,2,0.00349897114735517
"8365","Mie",2016,3,0.00358008786490552
"8366","Mie",2016,4,0.00392864989630051
"8367","Mie",2016,5,0.00347741530478709
"8368","Mie",2016,6,0.00467721715222036
"8369","Mie",2016,7,0.00463079276419294
"8370","Mie",2016,8,0.00341961026333821
"8371","Mie",2016,9,0.004750033177436
"8372","Mie",2016,10,0.00600459747481022
"8373","Mie",2016,11,0.00563874232563896
"8374","Mie",2016,12,0.00385160296411511
"8375","Mie",2016,13,0.0063660900939401
"8376","Mie",2016,14,0.00830454085878393
"8377","Mie",2016,15,0.00694086260466811
"8378","Mie",2016,16,0.0082704175523094
"8379","Mie",2016,17,0.00830690507249656
"8380","Mie",2016,18,0.0086070679047824
"8381","Mie",2016,19,0.0101640808426628
"8382","Mie",2016,20,0.00913741025943969
"8383","Mie",2016,21,0.0117891176568132
"8384","Mie",2016,22,0.00998862479438993
"8385","Mie",2016,23,0.0126275324432936
"8386","Mie",2016,24,0.0142665809013896
"8387","Mie",2016,25,0.0150150987713455
"8388","Mie",2016,26,0.015169328378531
"8389","Mie",2016,27,0.0173343063063708
"8390","Mie",2016,28,0.0176080672138216
"8391","Mie",2016,29,0.0160536700606966
"8392","Mie",2016,30,0.0162334834139546
"8393","Mie",2016,31,0.017692465920979
"8394","Mie",2016,32,0.0160686901488545
"8395","Mie",2016,33,0.0187986761369021
"8396","Mie",2016,34,0.0178735425839267
"8397","Mie",2016,35,0.0152213723759294
"8398","Mie",2016,36,0.0165846821404235
"8399","Mie",2016,37,0.0166994013314648
"8400","Mie",2016,38,0.015985635546123
"8401","Mie",2016,39,0.016279623112077
"8402","Mie",2016,40,0.0146203031800179
"8403","Mie",2016,41,0.00844862554137151
"8404","Mie",2016,42,0.0114783717709143
"8405","Mie",2016,43,0.0089536542523968
"8406","Mie",2016,44,0.00652889942080332
"8407","Mie",2016,45,0.00654090847401106
"8408","Mie",2016,46,0.00835371615109204
"8409","Mie",2016,47,0.00732202938322169
"8410","Mie",2016,48,0.00581895582858984
"8411","Mie",2016,49,0.00532974355496042
"8412","Mie",2016,50,0.00438029876351324
"8413","Mie",2016,51,0.00576665236292168
"8414","Mie",2016,52,0.00443154921510472
"8415","Mie",2017,1,0.0040937422410531
"8416","Mie",2017,2,0.00390661817976512
"8417","Mie",2017,3,0.00334939816935665
"8418","Mie",2017,4,0.00330273770666132
"8419","Mie",2017,5,0.00402285829618077
"8420","Mie",2017,6,0.00359934439126757
"8421","Mie",2017,7,0.0039577787874462
"8422","Mie",2017,8,0.00414009510823344
"8423","Mie",2017,9,0.00420820067899488
"8424","Mie",2017,10,0.00379441472788069
"8425","Mie",2017,11,0.00396962598625824
"8426","Mie",2017,12,0.0041138667966606
"8427","Mie",2017,13,0.00489756912023706
"8428","Mie",2017,14,0.00760871158222532
"8429","Mie",2017,15,0.00665994158290341
"8430","Mie",2017,16,0.00756083901042073
"8431","Mie",2017,17,0.00659724325353971
"8432","Mie",2017,18,0.00861131436837863
"8433","Mie",2017,19,0.00936923590645137
"8434","Mie",2017,20,0.00902225894288067
"8435","Mie",2017,21,0.0110702529635125
"8436","Mie",2017,22,0.0104456348188404
"8437","Mie",2017,23,0.0099828269393602
"8438","Mie",2017,24,0.00897606264689372
"8439","Mie",2017,25,0.0126009686120213
"8440","Mie",2017,26,0.015647828358163
"8441","Mie",2017,27,0.0168200274720823
"8442","Mie",2017,28,0.0183186852197435
"8443","Mie",2017,29,0.0177110519265743
"8444","Mie",2017,30,0.0192217126388031
"8445","Mie",2017,31,0.0187325287965271
"8446","Mie",2017,32,0.0186693488856362
"8447","Mie",2017,33,0.0179025620836186
"8448","Mie",2017,34,0.0181804604906187
"8449","Mie",2017,35,0.0147864015770375
"8450","Mie",2017,36,0.0141249103503246
"8451","Mie",2017,37,0.0138413477457186
"8452","Mie",2017,38,0.0130345365393597
"8453","Mie",2017,39,0.0118665812032699
"8454","Mie",2017,40,0.0113446147494576
"8455","Mie",2017,41,0.0132396089839779
"8456","Mie",2017,42,0.0105180913396474
"8457","Mie",2017,43,0.00916397012684135
"8458","Mie",2017,44,0.00719334884742998
"8459","Mie",2017,45,0.00755131938832294
"8460","Mie",2017,46,0.00590088361122542
"8461","Mie",2017,47,0.00459840315639221
"8462","Mie",2017,48,0.00611154353190938
"8463","Mie",2017,49,0.00403310561659445
"8464","Mie",2017,50,0.00372544059143942
"8465","Mie",2017,51,0.0034783916309139
"8466","Mie",2017,52,0.00404963219347629
"8467","Mie",2018,1,0.00369668908862406
"8468","Mie",2018,2,0.00351119427126309
"8469","Mie",2018,3,0.00485795914814512
"8470","Mie",2018,4,0.00296653535779151
"8471","Mie",2018,5,0.00346145518449609
"8472","Mie",2018,6,0.00271786031219752
"8473","Mie",2018,7,0.00319895279190696
"8474","Mie",2018,8,0.00334809803714081
"8475","Mie",2018,9,0.00444600811219787
"8476","Mie",2018,10,0.00561178052143583
"8477","Mie",2018,11,0.00534555366477252
"8478","Mie",2018,12,0.00596200804321241
"8479","Mie",2018,13,0.00585354437514635
"8480","Mie",2018,14,0.00770065437760138
"8481","Mie",2018,15,0.00648093239928114
"8482","Mie",2018,16,0.00742276605315803
"8483","Mie",2018,17,0.00890812322731641
"8484","Mie",2018,18,0.0084676171502732
"8485","Mie",2018,19,0.00874399003058022
"8486","Mie",2018,20,0.0112619023160463
"8487","Mie",2018,21,0.00939024617846966
"8488","Mie",2018,22,0.0113636573264929
"8489","Mie",2018,23,0.0126260427678804
"8490","Mie",2018,24,0.0123196694250156
"8491","Mie",2018,25,0.0135489675808847
"8492","Mie",2018,26,0.0162251430375614
"8493","Mie",2018,27,0.0177388442960156
"8494","Mie",2018,28,0.0176153442321813
"8495","Mie",2018,29,0.0190878668135775
"8496","Mie",2018,30,0.0176414196641553
"8497","Mie",2018,31,0.018253746933861
"8498","Mie",2018,32,0.0184290388910409
"8499","Mie",2018,33,0.016835970122599
"8500","Mie",2018,34,0.0180090884056534
"8501","Mie",2018,35,0.0178426476329366
"8502","Mie",2018,36,0.0172246953921331
"8503","Mie",2018,37,0.0153058067271513
"8504","Mie",2018,38,0.0144859007013026
"8505","Mie",2018,39,0.0125981763998983
"8506","Mie",2018,40,0.0130672948071975
"8507","Mie",2018,41,0.0111237939452952
"8508","Mie",2018,42,0.0093130204373997
"8509","Mie",2018,43,0.00874211483189387
"8510","Mie",2018,44,0.00652883700004308
"8511","Mie",2018,45,0.00976422117839194
"8512","Mie",2018,46,0.00687405473795337
"8513","Mie",2018,47,0.0055528128931903
"8514","Mie",2018,48,0.00631609188033822
"8515","Mie",2018,49,0.00748674170892727
"8516","Mie",2018,50,0.0042515082516327
"8517","Mie",2018,51,0.00567539151477495
"8518","Mie",2018,52,0.00420596583803632
"8519","Mie",2019,1,0.00374915629503849
"8520","Mie",2019,2,0.00361818872349156
"8521","Mie",2019,3,0.0038654431346704
"8522","Mie",2019,4,0.00362630979169694
"8523","Mie",2019,5,0.00359736307360589
"8524","Mie",2019,6,0.00493438360878746
"8525","Mie",2019,7,0.00357215300535797
"8526","Mie",2019,8,0.00463294103017047
"8527","Mie",2019,9,0.00477896820239982
"8528","Mie",2019,10,0.00522103312981741
"8529","Mie",2019,11,0.0048320617304336
"8530","Mie",2019,12,0.00546416560325518
"8531","Mie",2019,13,0.00511136552712043
"8532","Mie",2019,14,0.004271863602191
"8533","Mie",2019,15,0.00519776802952682
"8534","Mie",2019,16,0.00672620437140977
"8535","Mie",2019,17,0.00975666316450362
"8536","Mie",2019,18,0.00824931949907017
"8537","Mie",2019,19,0.0070333232840286
"8538","Mie",2019,20,0.0101722172201981
"8539","Mie",2019,21,0.00922633572661225
"8540","Mie",2019,22,0.0102221311147191
"8541","Mie",2019,23,0.0124621074335954
"8542","Mie",2019,24,0.0124226733585814
"8543","Mie",2019,25,0.0124392482500821
"8544","Mie",2019,26,0.0152188154927121
"8545","Mie",2019,27,0.0162503256946023
"8546","Mie",2019,28,0.0150707213568401
"8547","Mie",2019,29,0.0173136479152427
"8548","Mie",2019,30,0.018570560147748
"8549","Mie",2019,31,0.0192799837250691
"8550","Mie",2019,32,0.0188763263197124
"8551","Mie",2019,33,0.0198039182503594
"8552","Mie",2019,34,0.0185383498022712
"8553","Mie",2019,35,0.0168270774706435
"8554","Mie",2019,36,0.0181769766900704
"8555","Mie",2019,37,0.0167871178894116
"8556","Mie",2019,38,0.0135730194070103
"8557","Mie",2019,39,0.014403857602136
"8558","Mie",2019,40,0.0144634800512245
"8559","Mie",2019,41,0.0120861165538398
"8560","Mie",2019,42,0.0110664603086366
"8561","Mie",2019,43,0.0109193494754032
"8562","Mie",2019,44,0.00870040677246471
"8563","Mie",2019,45,0.00638629280193887
"8564","Mie",2019,46,0.00646871373563493
"8565","Mie",2019,47,0.00701450419175447
"8566","Mie",2019,48,0.00632674211603326
"8567","Mie",2019,49,0.00500126101604848
"8568","Mie",2019,50,0.00533014755712576
"8569","Mie",2019,51,0.00572683877515551
"8570","Mie",2019,52,0.00505673727942114
"8571","Mie",2020,1,0.00484507141630682
"8572","Mie",2020,2,0.00470390469165769
"8573","Mie",2020,3,0.0041945263969716
"8574","Mie",2020,4,0.0048092826685408
"8575","Mie",2020,5,0.00515939836008755
"8576","Mie",2020,6,0.00340991931690939
"8577","Mie",2020,7,0.00544819695826469
"8578","Mie",2020,8,0.00464156212542638
"8579","Mie",2020,9,0.00459844132953335
"8580","Miyagi",2013,1,0.00243147392420472
"8581","Miyagi",2013,2,0.00244218101874906
"8582","Miyagi",2013,3,0.00252749361119244
"8583","Miyagi",2013,4,0.00290281652202406
"8584","Miyagi",2013,5,0.00289132871503412
"8585","Miyagi",2013,6,0.00263768623538111
"8586","Miyagi",2013,7,0.00266557858730716
"8587","Miyagi",2013,8,0.00222597019842683
"8588","Miyagi",2013,9,0.00273405204790869
"8589","Miyagi",2013,10,0.0034275737232022
"8590","Miyagi",2013,11,0.00281943771633673
"8591","Miyagi",2013,12,0.00411761265778302
"8592","Miyagi",2013,13,0.00378353407449232
"8593","Miyagi",2013,14,0.0053572925905948
"8594","Miyagi",2013,15,0.00407800332361966
"8595","Miyagi",2013,16,0.0049086490298986
"8596","Miyagi",2013,17,0.00505966568968481
"8597","Miyagi",2013,18,0.00502403687138486
"8598","Miyagi",2013,19,0.00578470252646735
"8599","Miyagi",2013,20,0.00745083742632776
"8600","Miyagi",2013,21,0.0082773014171764
"8601","Miyagi",2013,22,0.00995205193718445
"8602","Miyagi",2013,23,0.00957132106531281
"8603","Miyagi",2013,24,0.0123554064546747
"8604","Miyagi",2013,25,0.0125065397631736
"8605","Miyagi",2013,26,0.0119200113882927
"8606","Miyagi",2013,27,0.0142021170393804
"8607","Miyagi",2013,28,0.0157527664493144
"8608","Miyagi",2013,29,0.0129011601840154
"8609","Miyagi",2013,30,0.014469186107371
"8610","Miyagi",2013,31,0.0147218245323848
"8611","Miyagi",2013,32,0.0172477468043444
"8612","Miyagi",2013,33,0.0173568651308092
"8613","Miyagi",2013,34,0.0160739958420541
"8614","Miyagi",2013,35,0.0138767865173686
"8615","Miyagi",2013,36,0.0150842735822207
"8616","Miyagi",2013,37,0.0143348617017905
"8617","Miyagi",2013,38,0.0114993205536677
"8618","Miyagi",2013,39,0.0100892815409281
"8619","Miyagi",2013,40,0.0105830347489801
"8620","Miyagi",2013,41,0.0125451704346207
"8621","Miyagi",2013,42,0.00707101308583893
"8622","Miyagi",2013,43,0.00868458312142707
"8623","Miyagi",2013,44,0.00642230247899131
"8624","Miyagi",2013,45,0.00610697971040208
"8625","Miyagi",2013,46,0.00443036155256165
"8626","Miyagi",2013,47,0.00468724541802768
"8627","Miyagi",2013,48,0.00439465634831354
"8628","Miyagi",2013,49,0.0042526936336342
"8629","Miyagi",2013,50,0.00357892398971486
"8630","Miyagi",2013,51,0.0037085599376654
"8631","Miyagi",2013,52,0.00307095728035899
"8632","Miyagi",2014,1,0.00313455893012645
"8633","Miyagi",2014,2,0.00263524315117865
"8634","Miyagi",2014,3,0.00239416711313613
"8635","Miyagi",2014,4,0.00292277753151796
"8636","Miyagi",2014,5,0.00274214850125735
"8637","Miyagi",2014,6,0.00285050551239895
"8638","Miyagi",2014,7,0.00270948736984373
"8639","Miyagi",2014,8,0.00237837261199456
"8640","Miyagi",2014,9,0.00330920704389165
"8641","Miyagi",2014,10,0.00267539850933209
"8642","Miyagi",2014,11,0.00313452543705224
"8643","Miyagi",2014,12,0.00372285454193378
"8644","Miyagi",2014,13,0.00482675142249002
"8645","Miyagi",2014,14,0.0047518559644469
"8646","Miyagi",2014,15,0.0034179459484924
"8647","Miyagi",2014,16,0.00366923198760212
"8648","Miyagi",2014,17,0.0053668277479128
"8649","Miyagi",2014,18,0.00729629797821398
"8650","Miyagi",2014,19,0.00588463002277413
"8651","Miyagi",2014,20,0.00732130692858007
"8652","Miyagi",2014,21,0.0076985662234052
"8653","Miyagi",2014,22,0.0104901735514464
"8654","Miyagi",2014,23,0.011168158350647
"8655","Miyagi",2014,24,0.012178350530001
"8656","Miyagi",2014,25,0.0122418323243802
"8657","Miyagi",2014,26,0.0129523358482999
"8658","Miyagi",2014,27,0.013410018449854
"8659","Miyagi",2014,28,0.0150424168047884
"8660","Miyagi",2014,29,0.0145092443039292
"8661","Miyagi",2014,30,0.0156607356331849
"8662","Miyagi",2014,31,0.0154937378893207
"8663","Miyagi",2014,32,0.0176136965374992
"8664","Miyagi",2014,33,0.0151574548395929
"8665","Miyagi",2014,34,0.0172487563476182
"8666","Miyagi",2014,35,0.0132054134013659
"8667","Miyagi",2014,36,0.0131883950671125
"8668","Miyagi",2014,37,0.0118202009752133
"8669","Miyagi",2014,38,0.00899376634014942
"8670","Miyagi",2014,39,0.00945006912949685
"8671","Miyagi",2014,40,0.0100495212598109
"8672","Miyagi",2014,41,0.00778841234524475
"8673","Miyagi",2014,42,0.00719804356398652
"8674","Miyagi",2014,43,0.0076690355625645
"8675","Miyagi",2014,44,0.00695040462600536
"8676","Miyagi",2014,45,0.00564954423271598
"8677","Miyagi",2014,46,0.00532487198596045
"8678","Miyagi",2014,47,0.00449977571287092
"8679","Miyagi",2014,48,0.00543629966173247
"8680","Miyagi",2014,49,0.00444662358305675
"8681","Miyagi",2014,50,0.00325335312600874
"8682","Miyagi",2014,51,0.0030256067673541
"8683","Miyagi",2014,52,0.00285575258129384
"8684","Miyagi",2015,1,0.0029920101387389
"8685","Miyagi",2015,2,0.0030292659945921
"8686","Miyagi",2015,3,0.00293420029882623
"8687","Miyagi",2015,4,0.00329038680594395
"8688","Miyagi",2015,5,0.00277254782409757
"8689","Miyagi",2015,6,0.00288769398243839
"8690","Miyagi",2015,7,0.00319353975817637
"8691","Miyagi",2015,8,0.00356031406074041
"8692","Miyagi",2015,9,0.00365330670442613
"8693","Miyagi",2015,10,0.00356876873423731
"8694","Miyagi",2015,11,0.00455653057436086
"8695","Miyagi",2015,12,0.00313352766732953
"8696","Miyagi",2015,13,0.00534077309914493
"8697","Miyagi",2015,14,0.0049456868518084
"8698","Miyagi",2015,15,0.00579394091973029
"8699","Miyagi",2015,16,0.00591490243237186
"8700","Miyagi",2015,17,0.00687794907107958
"8701","Miyagi",2015,18,0.00721507563989828
"8702","Miyagi",2015,19,0.00727036408559719
"8703","Miyagi",2015,20,0.00767973758123066
"8704","Miyagi",2015,21,0.00971612537219608
"8705","Miyagi",2015,22,0.00870554209176764
"8706","Miyagi",2015,23,0.0105184242428968
"8707","Miyagi",2015,24,0.0121693886217452
"8708","Miyagi",2015,25,0.0128913527471965
"8709","Miyagi",2015,26,0.0119513057519146
"8710","Miyagi",2015,27,0.0118582481669326
"8711","Miyagi",2015,28,0.0158829008843081
"8712","Miyagi",2015,29,0.0168863542651224
"8713","Miyagi",2015,30,0.0172835938907402
"8714","Miyagi",2015,31,0.0165441724763192
"8715","Miyagi",2015,32,0.016692077776263
"8716","Miyagi",2015,33,0.0153037049331662
"8717","Miyagi",2015,34,0.0119795977861649
"8718","Miyagi",2015,35,0.0135438512981753
"8719","Miyagi",2015,36,0.0132720130161017
"8720","Miyagi",2015,37,0.0112336514846276
"8721","Miyagi",2015,38,0.0107001791817064
"8722","Miyagi",2015,39,0.00848756069949621
"8723","Miyagi",2015,40,0.00705840401507609
"8724","Miyagi",2015,41,0.0069512886757211
"8725","Miyagi",2015,42,0.00713848561617784
"8726","Miyagi",2015,43,0.00557154471302211
"8727","Miyagi",2015,44,0.006241469740846
"8728","Miyagi",2015,45,0.00701958169185338
"8729","Miyagi",2015,46,0.00693176849039098
"8730","Miyagi",2015,47,0.00473901467276678
"8731","Miyagi",2015,48,0.00434606253000254
"8732","Miyagi",2015,49,0.00394121526298232
"8733","Miyagi",2015,50,0.00429077338420059
"8734","Miyagi",2015,51,0.00381430051549418
"8735","Miyagi",2015,52,0.00298123191638645
"8736","Miyagi",2016,1,0.00346904745692858
"8737","Miyagi",2016,2,0.00257648006881013
"8738","Miyagi",2016,3,0.00283990954996624
"8739","Miyagi",2016,4,0.00291352791403745
"8740","Miyagi",2016,5,0.00262275137928144
"8741","Miyagi",2016,6,0.00311086060458971
"8742","Miyagi",2016,7,0.0035581260214043
"8743","Miyagi",2016,8,0.00270587257140794
"8744","Miyagi",2016,9,0.00325992872258535
"8745","Miyagi",2016,10,0.0040267305673022
"8746","Miyagi",2016,11,0.00419618992223566
"8747","Miyagi",2016,12,0.00304007219886172
"8748","Miyagi",2016,13,0.00433404371298019
"8749","Miyagi",2016,14,0.00547101084672492
"8750","Miyagi",2016,15,0.00492224926071195
"8751","Miyagi",2016,16,0.0062638812589442
"8752","Miyagi",2016,17,0.00561188477280661
"8753","Miyagi",2016,18,0.00727620080335316
"8754","Miyagi",2016,19,0.00769373815359067
"8755","Miyagi",2016,20,0.00791473934977953
"8756","Miyagi",2016,21,0.00996995334483415
"8757","Miyagi",2016,22,0.00829468395290799
"8758","Miyagi",2016,23,0.0103991248819557
"8759","Miyagi",2016,24,0.0118422084706523
"8760","Miyagi",2016,25,0.012711399620335
"8761","Miyagi",2016,26,0.0127259829465074
"8762","Miyagi",2016,27,0.0133510928458466
"8763","Miyagi",2016,28,0.0140145959244397
"8764","Miyagi",2016,29,0.0132509754365848
"8765","Miyagi",2016,30,0.0156703394006019
"8766","Miyagi",2016,31,0.0169522124670752
"8767","Miyagi",2016,32,0.0146349053355076
"8768","Miyagi",2016,33,0.0170882314801402
"8769","Miyagi",2016,34,0.0168873709507529
"8770","Miyagi",2016,35,0.0157016763992516
"8771","Miyagi",2016,36,0.0155523458129687
"8772","Miyagi",2016,37,0.0134860808934803
"8773","Miyagi",2016,38,0.01188528931782
"8774","Miyagi",2016,39,0.0126239018093956
"8775","Miyagi",2016,40,0.010373513326596
"8776","Miyagi",2016,41,0.00665318175050112
"8777","Miyagi",2016,42,0.00802070404243701
"8778","Miyagi",2016,43,0.00578991211195863
"8779","Miyagi",2016,44,0.00522353579276493
"8780","Miyagi",2016,45,0.00449888035745753
"8781","Miyagi",2016,46,0.00537178944235869
"8782","Miyagi",2016,47,0.0043841844468437
"8783","Miyagi",2016,48,0.00442318428581768
"8784","Miyagi",2016,49,0.00407059125673455
"8785","Miyagi",2016,50,0.00318828297651968
"8786","Miyagi",2016,51,0.00476434899815271
"8787","Miyagi",2016,52,0.0031564349965898
"8788","Miyagi",2017,1,0.00341979970589052
"8789","Miyagi",2017,2,0.00293425256044211
"8790","Miyagi",2017,3,0.00281032528914481
"8791","Miyagi",2017,4,0.00262652430871832
"8792","Miyagi",2017,5,0.00298406228591758
"8793","Miyagi",2017,6,0.00324379120683034
"8794","Miyagi",2017,7,0.00303819929125515
"8795","Miyagi",2017,8,0.00298899346979714
"8796","Miyagi",2017,9,0.00319495808381734
"8797","Miyagi",2017,10,0.00319064257348088
"8798","Miyagi",2017,11,0.0035453436220556
"8799","Miyagi",2017,12,0.00328741707424234
"8800","Miyagi",2017,13,0.00391155894856953
"8801","Miyagi",2017,14,0.00528587319659423
"8802","Miyagi",2017,15,0.00456096078211952
"8803","Miyagi",2017,16,0.00569559251603596
"8804","Miyagi",2017,17,0.00568443537439786
"8805","Miyagi",2017,18,0.00679325611363232
"8806","Miyagi",2017,19,0.00726023437258229
"8807","Miyagi",2017,20,0.00796442495948358
"8808","Miyagi",2017,21,0.0103049722364162
"8809","Miyagi",2017,22,0.00967801322734287
"8810","Miyagi",2017,23,0.00875234792297951
"8811","Miyagi",2017,24,0.00934376720012896
"8812","Miyagi",2017,25,0.0111992032038242
"8813","Miyagi",2017,26,0.0127590113752529
"8814","Miyagi",2017,27,0.014416822783134
"8815","Miyagi",2017,28,0.0170666385143377
"8816","Miyagi",2017,29,0.0163251689191053
"8817","Miyagi",2017,30,0.015793687628599
"8818","Miyagi",2017,31,0.0152214961371222
"8819","Miyagi",2017,32,0.0164671922019439
"8820","Miyagi",2017,33,0.0153528980927172
"8821","Miyagi",2017,34,0.0160503905689113
"8822","Miyagi",2017,35,0.01255064882861
"8823","Miyagi",2017,36,0.0121844402710288
"8824","Miyagi",2017,37,0.0117438601423659
"8825","Miyagi",2017,38,0.0113673033306491
"8826","Miyagi",2017,39,0.0103421196226572
"8827","Miyagi",2017,40,0.0089142628195161
"8828","Miyagi",2017,41,0.00976853357463911
"8829","Miyagi",2017,42,0.00738817408412342
"8830","Miyagi",2017,43,0.00754069485517304
"8831","Miyagi",2017,44,0.00661525532253072
"8832","Miyagi",2017,45,0.00549704345557293
"8833","Miyagi",2017,46,0.00481618416405483
"8834","Miyagi",2017,47,0.00384386614391344
"8835","Miyagi",2017,48,0.00382386988451523
"8836","Miyagi",2017,49,0.00371250696591272
"8837","Miyagi",2017,50,0.003413910664078
"8838","Miyagi",2017,51,0.00327418673200359
"8839","Miyagi",2017,52,0.00305213584004011
"8840","Miyagi",2018,1,0.00298551822199187
"8841","Miyagi",2018,2,0.00294812976432307
"8842","Miyagi",2018,3,0.00329149301005226
"8843","Miyagi",2018,4,0.00235889674179867
"8844","Miyagi",2018,5,0.00251606692897857
"8845","Miyagi",2018,6,0.00280200265208611
"8846","Miyagi",2018,7,0.00252976047203065
"8847","Miyagi",2018,8,0.00239365185410681
"8848","Miyagi",2018,9,0.00313468087067584
"8849","Miyagi",2018,10,0.0038613859093153
"8850","Miyagi",2018,11,0.0037655445955077
"8851","Miyagi",2018,12,0.00384583000041322
"8852","Miyagi",2018,13,0.00429487683232552
"8853","Miyagi",2018,14,0.00558590804817933
"8854","Miyagi",2018,15,0.0046940851049855
"8855","Miyagi",2018,16,0.00614306454669979
"8856","Miyagi",2018,17,0.00666832011217302
"8857","Miyagi",2018,18,0.0080181934285966
"8858","Miyagi",2018,19,0.00660545990955102
"8859","Miyagi",2018,20,0.00906046523218366
"8860","Miyagi",2018,21,0.00792952022812219
"8861","Miyagi",2018,22,0.0103785397846341
"8862","Miyagi",2018,23,0.0116537670513692
"8863","Miyagi",2018,24,0.00892996580561535
"8864","Miyagi",2018,25,0.0110985016842791
"8865","Miyagi",2018,26,0.014090031172345
"8866","Miyagi",2018,27,0.0150617464302777
"8867","Miyagi",2018,28,0.0161715437370363
"8868","Miyagi",2018,29,0.0169883344174249
"8869","Miyagi",2018,30,0.0157071946597088
"8870","Miyagi",2018,31,0.0168872703112991
"8871","Miyagi",2018,32,0.0158317473660068
"8872","Miyagi",2018,33,0.0150870912350327
"8873","Miyagi",2018,34,0.0169761196359449
"8874","Miyagi",2018,35,0.0153806164942599
"8875","Miyagi",2018,36,0.0153226513851677
"8876","Miyagi",2018,37,0.0121658385521977
"8877","Miyagi",2018,38,0.0114002770508205
"8878","Miyagi",2018,39,0.0109348240912731
"8879","Miyagi",2018,40,0.0111071468632959
"8880","Miyagi",2018,41,0.00970191883015164
"8881","Miyagi",2018,42,0.00774731392496592
"8882","Miyagi",2018,43,0.00736173768481554
"8883","Miyagi",2018,44,0.00599965198262264
"8884","Miyagi",2018,45,0.00822427023971871
"8885","Miyagi",2018,46,0.0053114986764481
"8886","Miyagi",2018,47,0.00453100884236331
"8887","Miyagi",2018,48,0.00457774372024788
"8888","Miyagi",2018,49,0.0047899263965761
"8889","Miyagi",2018,50,0.0031618439868395
"8890","Miyagi",2018,51,0.00381299333064125
"8891","Miyagi",2018,52,0.00315513406173833
"8892","Miyagi",2019,1,0.00283185346087115
"8893","Miyagi",2019,2,0.00282873475745404
"8894","Miyagi",2019,3,0.00281600179004615
"8895","Miyagi",2019,4,0.002807725231142
"8896","Miyagi",2019,5,0.00283757491740168
"8897","Miyagi",2019,6,0.00313110064445542
"8898","Miyagi",2019,7,0.00244454217667885
"8899","Miyagi",2019,8,0.0035124935759046
"8900","Miyagi",2019,9,0.00323394715839135
"8901","Miyagi",2019,10,0.00377756341411192
"8902","Miyagi",2019,11,0.00404533225494047
"8903","Miyagi",2019,12,0.00407507814440418
"8904","Miyagi",2019,13,0.00327975841489053
"8905","Miyagi",2019,14,0.00366642295597823
"8906","Miyagi",2019,15,0.00382019305175039
"8907","Miyagi",2019,16,0.00512763001055531
"8908","Miyagi",2019,17,0.00640000035038752
"8909","Miyagi",2019,18,0.00617179160099055
"8910","Miyagi",2019,19,0.00619235385801245
"8911","Miyagi",2019,20,0.00818919511344401
"8912","Miyagi",2019,21,0.00857556238922881
"8913","Miyagi",2019,22,0.00950789043159644
"8914","Miyagi",2019,23,0.0113768505224317
"8915","Miyagi",2019,24,0.00955861530475289
"8916","Miyagi",2019,25,0.0113685628136434
"8917","Miyagi",2019,26,0.0122651447533095
"8918","Miyagi",2019,27,0.0129141815674985
"8919","Miyagi",2019,28,0.0113501317595032
"8920","Miyagi",2019,29,0.0144237889984265
"8921","Miyagi",2019,30,0.0162109303678085
"8922","Miyagi",2019,31,0.018464771286269
"8923","Miyagi",2019,32,0.0188426054339404
"8924","Miyagi",2019,33,0.0186142014356705
"8925","Miyagi",2019,34,0.0161954092632646
"8926","Miyagi",2019,35,0.015207357256411
"8927","Miyagi",2019,36,0.0150733553913812
"8928","Miyagi",2019,37,0.0145492066405423
"8929","Miyagi",2019,38,0.0112845508109106
"8930","Miyagi",2019,39,0.0110334055225958
"8931","Miyagi",2019,40,0.01229087106632
"8932","Miyagi",2019,41,0.0101139736149359
"8933","Miyagi",2019,42,0.00776264841956988
"8934","Miyagi",2019,43,0.0089523502476963
"8935","Miyagi",2019,44,0.00687698199805415
"8936","Miyagi",2019,45,0.00532847148773851
"8937","Miyagi",2019,46,0.00559907977715117
"8938","Miyagi",2019,47,0.00490823520457349
"8939","Miyagi",2019,48,0.00436850931383003
"8940","Miyagi",2019,49,0.00399916221245567
"8941","Miyagi",2019,50,0.00386252945138416
"8942","Miyagi",2019,51,0.00384572580312942
"8943","Miyagi",2019,52,0.00366759120607511
"8944","Miyagi",2020,1,0.00330765226459806
"8945","Miyagi",2020,2,0.00365879609229974
"8946","Miyagi",2020,3,0.00350138550108317
"8947","Miyagi",2020,4,0.00325595202558469
"8948","Miyagi",2020,5,0.0039070890880172
"8949","Miyagi",2020,6,0.00273775140970521
"8950","Miyagi",2020,7,0.00374260064644397
"8951","Miyagi",2020,8,0.00384889480135405
"8952","Miyagi",2020,9,0.00360138421160603
"8953","Miyazaki",2013,1,0.00311027965003565
"8954","Miyazaki",2013,2,0.00343334628925791
"8955","Miyazaki",2013,3,0.00375672674656597
"8956","Miyazaki",2013,4,0.00442286560176195
"8957","Miyazaki",2013,5,0.0045932586213703
"8958","Miyazaki",2013,6,0.00503804317438945
"8959","Miyazaki",2013,7,0.00396392286877691
"8960","Miyazaki",2013,8,0.00438237580849602
"8961","Miyazaki",2013,9,0.00507114239342456
"8962","Miyazaki",2013,10,0.00516091828969634
"8963","Miyazaki",2013,11,0.00601924576560345
"8964","Miyazaki",2013,12,0.00747080404649972
"8965","Miyazaki",2013,13,0.00688837390358686
"8966","Miyazaki",2013,14,0.00756132589054702
"8967","Miyazaki",2013,15,0.0042246043634839
"8968","Miyazaki",2013,16,0.00840510202203962
"8969","Miyazaki",2013,17,0.00619517469688664
"8970","Miyazaki",2013,18,0.0073086542346831
"8971","Miyazaki",2013,19,0.00886836438319601
"8972","Miyazaki",2013,20,0.00979275853525886
"8973","Miyazaki",2013,21,0.0116671828017089
"8974","Miyazaki",2013,22,0.0129460541808812
"8975","Miyazaki",2013,23,0.0121448564414109
"8976","Miyazaki",2013,24,0.0158065722146166
"8977","Miyazaki",2013,25,0.0165977468101244
"8978","Miyazaki",2013,26,0.0153393067233428
"8979","Miyazaki",2013,27,0.0176896179430516
"8980","Miyazaki",2013,28,0.0175820143578063
"8981","Miyazaki",2013,29,0.0166312858644727
"8982","Miyazaki",2013,30,0.0174453558495336
"8983","Miyazaki",2013,31,0.0178063118430564
"8984","Miyazaki",2013,32,0.01836895573107
"8985","Miyazaki",2013,33,0.0170722058264763
"8986","Miyazaki",2013,34,0.0189615922894113
"8987","Miyazaki",2013,35,0.0166958456558632
"8988","Miyazaki",2013,36,0.0150236957196551
"8989","Miyazaki",2013,37,0.0167765285992015
"8990","Miyazaki",2013,38,0.0125013203769263
"8991","Miyazaki",2013,39,0.0124436303330257
"8992","Miyazaki",2013,40,0.0128924581183692
"8993","Miyazaki",2013,41,0.0151127439663826
"8994","Miyazaki",2013,42,0.00933640295903865
"8995","Miyazaki",2013,43,0.010955299366805
"8996","Miyazaki",2013,44,0.00815562767339748
"8997","Miyazaki",2013,45,0.00855916805439279
"8998","Miyazaki",2013,46,0.00624767716984369
"8999","Miyazaki",2013,47,0.00457621711894283
"9000","Miyazaki",2013,48,0.00506346717353398
"9001","Miyazaki",2013,49,0.00452369960651816
"9002","Miyazaki",2013,50,0.00433222611321478
"9003","Miyazaki",2013,51,0.00412803030640511
"9004","Miyazaki",2013,52,0.00372046278701805
"9005","Miyazaki",2014,1,0.0041368877112125
"9006","Miyazaki",2014,2,0.00394364625555475
"9007","Miyazaki",2014,3,0.00318330005265984
"9008","Miyazaki",2014,4,0.00400845742874829
"9009","Miyazaki",2014,5,0.00560065257949055
"9010","Miyazaki",2014,6,0.00527008571413946
"9011","Miyazaki",2014,7,0.00373799524905978
"9012","Miyazaki",2014,8,0.00381468910258406
"9013","Miyazaki",2014,9,0.00616023406444103
"9014","Miyazaki",2014,10,0.00405877640339638
"9015","Miyazaki",2014,11,0.00439274673308261
"9016","Miyazaki",2014,12,0.0061606340341071
"9017","Miyazaki",2014,13,0.00788138235510282
"9018","Miyazaki",2014,14,0.00642419386868992
"9019","Miyazaki",2014,15,0.00642203740357357
"9020","Miyazaki",2014,16,0.00781764442811034
"9021","Miyazaki",2014,17,0.00809038423119585
"9022","Miyazaki",2014,18,0.00850411070635083
"9023","Miyazaki",2014,19,0.00796361846505267
"9024","Miyazaki",2014,20,0.00982930738605507
"9025","Miyazaki",2014,21,0.0104191575983734
"9026","Miyazaki",2014,22,0.0110594797933388
"9027","Miyazaki",2014,23,0.013295355791783
"9028","Miyazaki",2014,24,0.0130591116972846
"9029","Miyazaki",2014,25,0.0131964104888008
"9030","Miyazaki",2014,26,0.0139508347680152
"9031","Miyazaki",2014,27,0.0144742529262964
"9032","Miyazaki",2014,28,0.0171131226779309
"9033","Miyazaki",2014,29,0.0174423929874909
"9034","Miyazaki",2014,30,0.0181198584473921
"9035","Miyazaki",2014,31,0.0183147892514253
"9036","Miyazaki",2014,32,0.0188951500145226
"9037","Miyazaki",2014,33,0.0181223854972756
"9038","Miyazaki",2014,34,0.0182476423507134
"9039","Miyazaki",2014,35,0.0166683388782812
"9040","Miyazaki",2014,36,0.0171653181684535
"9041","Miyazaki",2014,37,0.0137854999785492
"9042","Miyazaki",2014,38,0.0123812983345186
"9043","Miyazaki",2014,39,0.0141432791977415
"9044","Miyazaki",2014,40,0.0129694854190161
"9045","Miyazaki",2014,41,0.0115677782536631
"9046","Miyazaki",2014,42,0.0094851442709071
"9047","Miyazaki",2014,43,0.0103204183671022
"9048","Miyazaki",2014,44,0.00983740616313799
"9049","Miyazaki",2014,45,0.00733781484777114
"9050","Miyazaki",2014,46,0.00669939869934936
"9051","Miyazaki",2014,47,0.00656308180927456
"9052","Miyazaki",2014,48,0.0088864631188907
"9053","Miyazaki",2014,49,0.00497347272587053
"9054","Miyazaki",2014,50,0.00461779082439923
"9055","Miyazaki",2014,51,0.00370038248675595
"9056","Miyazaki",2014,52,0.00373273608091601
"9057","Miyazaki",2015,1,0.00422418975169813
"9058","Miyazaki",2015,2,0.00428702139816665
"9059","Miyazaki",2015,3,0.00422418711533261
"9060","Miyazaki",2015,4,0.00492174469747446
"9061","Miyazaki",2015,5,0.00354550142757091
"9062","Miyazaki",2015,6,0.00304116274416606
"9063","Miyazaki",2015,7,0.00482145944975666
"9064","Miyazaki",2015,8,0.00546164768495719
"9065","Miyazaki",2015,9,0.0048601566775733
"9066","Miyazaki",2015,10,0.00418813047340053
"9067","Miyazaki",2015,11,0.00916423538775405
"9068","Miyazaki",2015,12,0.00423135220013483
"9069","Miyazaki",2015,13,0.0110665859605944
"9070","Miyazaki",2015,14,0.00929669037878009
"9071","Miyazaki",2015,15,0.0078165647198288
"9072","Miyazaki",2015,16,0.00852956314560635
"9073","Miyazaki",2015,17,0.00988104996437508
"9074","Miyazaki",2015,18,0.00992314539938099
"9075","Miyazaki",2015,19,0.0115694512471281
"9076","Miyazaki",2015,20,0.0102402262412215
"9077","Miyazaki",2015,21,0.011215251011181
"9078","Miyazaki",2015,22,0.0127272873198975
"9079","Miyazaki",2015,23,0.0144726803771656
"9080","Miyazaki",2015,24,0.0144702408184386
"9081","Miyazaki",2015,25,0.0152402469854407
"9082","Miyazaki",2015,26,0.0143253553365391
"9083","Miyazaki",2015,27,0.0174171930249164
"9084","Miyazaki",2015,28,0.0169498401562511
"9085","Miyazaki",2015,29,0.0179336333037289
"9086","Miyazaki",2015,30,0.0185442105457224
"9087","Miyazaki",2015,31,0.017477137301006
"9088","Miyazaki",2015,32,0.0169991209125936
"9089","Miyazaki",2015,33,0.0181115877633412
"9090","Miyazaki",2015,34,0.0163058789835887
"9091","Miyazaki",2015,35,0.0162627179297439
"9092","Miyazaki",2015,36,0.0136020555435525
"9093","Miyazaki",2015,37,0.012232316724034
"9094","Miyazaki",2015,38,0.0143677854296782
"9095","Miyazaki",2015,39,0.0126070189866442
"9096","Miyazaki",2015,40,0.00879338936464032
"9097","Miyazaki",2015,41,0.00790337965572708
"9098","Miyazaki",2015,42,0.009121101225424
"9099","Miyazaki",2015,43,0.00740657481588248
"9100","Miyazaki",2015,44,0.00941409952196372
"9101","Miyazaki",2015,45,0.010975709086365
"9102","Miyazaki",2015,46,0.0106038537909621
"9103","Miyazaki",2015,47,0.00743034693374864
"9104","Miyazaki",2015,48,0.0059488623250639
"9105","Miyazaki",2015,49,0.00702843887176328
"9106","Miyazaki",2015,50,0.0049096796595845
"9107","Miyazaki",2015,51,0.00664511241316102
"9108","Miyazaki",2015,52,0.00431223276260552
"9109","Miyazaki",2016,1,0.00554581459204279
"9110","Miyazaki",2016,2,0.0038892772738479
"9111","Miyazaki",2016,3,0.00370202955994755
"9112","Miyazaki",2016,4,0.00509406132938771
"9113","Miyazaki",2016,5,0.00378289744603261
"9114","Miyazaki",2016,6,0.00553408769959709
"9115","Miyazaki",2016,7,0.004342146162252
"9116","Miyazaki",2016,8,0.00398102289845183
"9117","Miyazaki",2016,9,0.00510258433724838
"9118","Miyazaki",2016,10,0.00683978768328026
"9119","Miyazaki",2016,11,0.00646806451317898
"9120","Miyazaki",2016,12,0.00477942214379709
"9121","Miyazaki",2016,13,0.00702925675134394
"9122","Miyazaki",2016,14,0.0101341803734144
"9123","Miyazaki",2016,15,0.00827621830281472
"9124","Miyazaki",2016,16,0.00856587465261649
"9125","Miyazaki",2016,17,0.00975202303202159
"9126","Miyazaki",2016,18,0.00987267469114881
"9127","Miyazaki",2016,19,0.011349752079747
"9128","Miyazaki",2016,20,0.00994129576894145
"9129","Miyazaki",2016,21,0.0132465369118004
"9130","Miyazaki",2016,22,0.011540566143953
"9131","Miyazaki",2016,23,0.0147220067868961
"9132","Miyazaki",2016,24,0.0154433224403512
"9133","Miyazaki",2016,25,0.0172460322279272
"9134","Miyazaki",2016,26,0.0162220690366838
"9135","Miyazaki",2016,27,0.0181418545698392
"9136","Miyazaki",2016,28,0.018868631385542
"9137","Miyazaki",2016,29,0.0179581239597713
"9138","Miyazaki",2016,30,0.0172140471842356
"9139","Miyazaki",2016,31,0.0180050191689044
"9140","Miyazaki",2016,32,0.0183868114992875
"9141","Miyazaki",2016,33,0.0186001476632409
"9142","Miyazaki",2016,34,0.0183408457762277
"9143","Miyazaki",2016,35,0.0143179940545411
"9144","Miyazaki",2016,36,0.0167144461296229
"9145","Miyazaki",2016,37,0.0178541931855006
"9146","Miyazaki",2016,38,0.0155302208575607
"9147","Miyazaki",2016,39,0.0182843064608057
"9148","Miyazaki",2016,40,0.0166234766024469
"9149","Miyazaki",2016,41,0.00991022859492232
"9150","Miyazaki",2016,42,0.0141846163492337
"9151","Miyazaki",2016,43,0.0116221907604389
"9152","Miyazaki",2016,44,0.00708148119506937
"9153","Miyazaki",2016,45,0.00738922737152256
"9154","Miyazaki",2016,46,0.0101817105132981
"9155","Miyazaki",2016,47,0.00792405163569097
"9156","Miyazaki",2016,48,0.00617438837587795
"9157","Miyazaki",2016,49,0.00557673097163029
"9158","Miyazaki",2016,50,0.005074500630499
"9159","Miyazaki",2016,51,0.00680430473758068
"9160","Miyazaki",2016,52,0.00496016565766243
"9161","Miyazaki",2017,1,0.00513138252245869
"9162","Miyazaki",2017,2,0.00411624918095943
"9163","Miyazaki",2017,3,0.00368271968378538
"9164","Miyazaki",2017,4,0.00320836666193218
"9165","Miyazaki",2017,5,0.00437610652644042
"9166","Miyazaki",2017,6,0.00365434278848117
"9167","Miyazaki",2017,7,0.00397237204968606
"9168","Miyazaki",2017,8,0.00466023305890374
"9169","Miyazaki",2017,9,0.00425299150233418
"9170","Miyazaki",2017,10,0.00395028774241865
"9171","Miyazaki",2017,11,0.00470146892095573
"9172","Miyazaki",2017,12,0.00559577686273607
"9173","Miyazaki",2017,13,0.00575618448526265
"9174","Miyazaki",2017,14,0.00823362830503149
"9175","Miyazaki",2017,15,0.0082662597279694
"9176","Miyazaki",2017,16,0.00910722625061348
"9177","Miyazaki",2017,17,0.00759430481788365
"9178","Miyazaki",2017,18,0.0104826230250318
"9179","Miyazaki",2017,19,0.00981111728041373
"9180","Miyazaki",2017,20,0.00865612218966574
"9181","Miyazaki",2017,21,0.0106923956459606
"9182","Miyazaki",2017,22,0.0111960329581812
"9183","Miyazaki",2017,23,0.0103528387065213
"9184","Miyazaki",2017,24,0.0109776219227964
"9185","Miyazaki",2017,25,0.0145155291473332
"9186","Miyazaki",2017,26,0.0170045359343609
"9187","Miyazaki",2017,27,0.0184548638599344
"9188","Miyazaki",2017,28,0.0179476521554182
"9189","Miyazaki",2017,29,0.018426042210111
"9190","Miyazaki",2017,30,0.0203820547030847
"9191","Miyazaki",2017,31,0.0200254409674719
"9192","Miyazaki",2017,32,0.0193104473399296
"9193","Miyazaki",2017,33,0.0184108823865781
"9194","Miyazaki",2017,34,0.0187199609543784
"9195","Miyazaki",2017,35,0.0152846551739462
"9196","Miyazaki",2017,36,0.015721970174603
"9197","Miyazaki",2017,37,0.0158184561958795
"9198","Miyazaki",2017,38,0.0140242863320423
"9199","Miyazaki",2017,39,0.0124040019937119
"9200","Miyazaki",2017,40,0.0132804196599293
"9201","Miyazaki",2017,41,0.01318584001335
"9202","Miyazaki",2017,42,0.0120790319506649
"9203","Miyazaki",2017,43,0.0094460849497198
"9204","Miyazaki",2017,44,0.00789991404157636
"9205","Miyazaki",2017,45,0.00846212003165241
"9206","Miyazaki",2017,46,0.00674843477950431
"9207","Miyazaki",2017,47,0.00470027334572427
"9208","Miyazaki",2017,48,0.0071745133771859
"9209","Miyazaki",2017,49,0.00417815654190805
"9210","Miyazaki",2017,50,0.00380573199098868
"9211","Miyazaki",2017,51,0.0035283548700475
"9212","Miyazaki",2017,52,0.00393789782867443
"9213","Miyazaki",2018,1,0.00364235436718265
"9214","Miyazaki",2018,2,0.00388813707293057
"9215","Miyazaki",2018,3,0.00527282186829228
"9216","Miyazaki",2018,4,0.00309556515481362
"9217","Miyazaki",2018,5,0.00343396090475943
"9218","Miyazaki",2018,6,0.0030828104983138
"9219","Miyazaki",2018,7,0.00410577310871043
"9220","Miyazaki",2018,8,0.00429061134508721
"9221","Miyazaki",2018,9,0.00564833119411806
"9222","Miyazaki",2018,10,0.00650590548028479
"9223","Miyazaki",2018,11,0.00634547297124284
"9224","Miyazaki",2018,12,0.00664990367127432
"9225","Miyazaki",2018,13,0.00666528386907414
"9226","Miyazaki",2018,14,0.00819930589832207
"9227","Miyazaki",2018,15,0.00796877333856954
"9228","Miyazaki",2018,16,0.00752107665402611
"9229","Miyazaki",2018,17,0.00922500956588212
"9230","Miyazaki",2018,18,0.00841127250851369
"9231","Miyazaki",2018,19,0.0100298907145459
"9232","Miyazaki",2018,20,0.0129343185723109
"9233","Miyazaki",2018,21,0.0109075359542897
"9234","Miyazaki",2018,22,0.0120299671248858
"9235","Miyazaki",2018,23,0.0147617797017102
"9236","Miyazaki",2018,24,0.0130352747602222
"9237","Miyazaki",2018,25,0.0150560073666157
"9238","Miyazaki",2018,26,0.0166770650286815
"9239","Miyazaki",2018,27,0.0184460606742835
"9240","Miyazaki",2018,28,0.0182038334883405
"9241","Miyazaki",2018,29,0.0177689740992848
"9242","Miyazaki",2018,30,0.0194267293193271
"9243","Miyazaki",2018,31,0.0189135763647244
"9244","Miyazaki",2018,32,0.018889188026122
"9245","Miyazaki",2018,33,0.0186107949156772
"9246","Miyazaki",2018,34,0.0186027440551811
"9247","Miyazaki",2018,35,0.0182146556106996
"9248","Miyazaki",2018,36,0.0166310188991637
"9249","Miyazaki",2018,37,0.0163518358240511
"9250","Miyazaki",2018,38,0.0166709468254283
"9251","Miyazaki",2018,39,0.0128573370733164
"9252","Miyazaki",2018,40,0.0129095981833536
"9253","Miyazaki",2018,41,0.0105279531891737
"9254","Miyazaki",2018,42,0.00861621877489431
"9255","Miyazaki",2018,43,0.00860102115959601
"9256","Miyazaki",2018,44,0.00625105571556817
"9257","Miyazaki",2018,45,0.0083595196116824
"9258","Miyazaki",2018,46,0.00700754296806181
"9259","Miyazaki",2018,47,0.00597393928303722
"9260","Miyazaki",2018,48,0.00749266947845149
"9261","Miyazaki",2018,49,0.00838080080014443
"9262","Miyazaki",2018,50,0.00446721558567198
"9263","Miyazaki",2018,51,0.00662138474146586
"9264","Miyazaki",2018,52,0.00439486775034878
"9265","Miyazaki",2019,1,0.0039964262544587
"9266","Miyazaki",2019,2,0.00471248734825641
"9267","Miyazaki",2019,3,0.00435114363212483
"9268","Miyazaki",2019,4,0.00379586563683096
"9269","Miyazaki",2019,5,0.00433893475305619
"9270","Miyazaki",2019,6,0.00617526951531184
"9271","Miyazaki",2019,7,0.00442177344252067
"9272","Miyazaki",2019,8,0.00571260179788132
"9273","Miyazaki",2019,9,0.00615519607812658
"9274","Miyazaki",2019,10,0.0059109989340065
"9275","Miyazaki",2019,11,0.00476708855046409
"9276","Miyazaki",2019,12,0.00631406254364839
"9277","Miyazaki",2019,13,0.00607730452855547
"9278","Miyazaki",2019,14,0.00474121592484999
"9279","Miyazaki",2019,15,0.00719083577349408
"9280","Miyazaki",2019,16,0.00813543778360621
"9281","Miyazaki",2019,17,0.0102169101283961
"9282","Miyazaki",2019,18,0.00956885345396026
"9283","Miyazaki",2019,19,0.00816360363226374
"9284","Miyazaki",2019,20,0.011253371057898
"9285","Miyazaki",2019,21,0.00989360943175561
"9286","Miyazaki",2019,22,0.0108539255837003
"9287","Miyazaki",2019,23,0.0142227046324801
"9288","Miyazaki",2019,24,0.0124176455396908
"9289","Miyazaki",2019,25,0.0127886749739368
"9290","Miyazaki",2019,26,0.0159984181203163
"9291","Miyazaki",2019,27,0.0164697707916474
"9292","Miyazaki",2019,28,0.0165114642639329
"9293","Miyazaki",2019,29,0.0183568196385782
"9294","Miyazaki",2019,30,0.018587015195481
"9295","Miyazaki",2019,31,0.0183160618755382
"9296","Miyazaki",2019,32,0.0185808050968423
"9297","Miyazaki",2019,33,0.019021632760289
"9298","Miyazaki",2019,34,0.0186566245493224
"9299","Miyazaki",2019,35,0.0175578140623003
"9300","Miyazaki",2019,36,0.0184166131929221
"9301","Miyazaki",2019,37,0.0183673487556926
"9302","Miyazaki",2019,38,0.0142771296535516
"9303","Miyazaki",2019,39,0.0153667630271144
"9304","Miyazaki",2019,40,0.0155479835750268
"9305","Miyazaki",2019,41,0.0116610603237017
"9306","Miyazaki",2019,42,0.0110381720877434
"9307","Miyazaki",2019,43,0.0116171428402542
"9308","Miyazaki",2019,44,0.0087800055341671
"9309","Miyazaki",2019,45,0.0070902606988227
"9310","Miyazaki",2019,46,0.00667490828118335
"9311","Miyazaki",2019,47,0.00774738735155759
"9312","Miyazaki",2019,48,0.0078979876797007
"9313","Miyazaki",2019,49,0.0050078748872766
"9314","Miyazaki",2019,50,0.00517993763623198
"9315","Miyazaki",2019,51,0.00661956832270594
"9316","Miyazaki",2019,52,0.00563291439643041
"9317","Miyazaki",2020,1,0.00498159552942256
"9318","Miyazaki",2020,2,0.00549529678439674
"9319","Miyazaki",2020,3,0.00435922205314439
"9320","Miyazaki",2020,4,0.00635410705117213
"9321","Miyazaki",2020,5,0.00556617395174582
"9322","Miyazaki",2020,6,0.00383392771965508
"9323","Miyazaki",2020,7,0.00691059757103747
"9324","Miyazaki",2020,8,0.00454197819625528
"9325","Miyazaki",2020,9,0.00609911944578541
"9326","Nagano",2013,1,0.00178463210324469
"9327","Nagano",2013,2,0.00198574913712858
"9328","Nagano",2013,3,0.00219486476463965
"9329","Nagano",2013,4,0.00250049185678726
"9330","Nagano",2013,5,0.00252702396484357
"9331","Nagano",2013,6,0.00257194055564704
"9332","Nagano",2013,7,0.00205134881916688
"9333","Nagano",2013,8,0.00199472802773928
"9334","Nagano",2013,9,0.00231057122306517
"9335","Nagano",2013,10,0.00279894090074755
"9336","Nagano",2013,11,0.00283162357173682
"9337","Nagano",2013,12,0.00393815317098629
"9338","Nagano",2013,13,0.00405027893133849
"9339","Nagano",2013,14,0.0052594919156655
"9340","Nagano",2013,15,0.00314884680181552
"9341","Nagano",2013,16,0.00472465896452361
"9342","Nagano",2013,17,0.00412582146103021
"9343","Nagano",2013,18,0.00404597271889207
"9344","Nagano",2013,19,0.00509661371097365
"9345","Nagano",2013,20,0.00664821269087608
"9346","Nagano",2013,21,0.00755934822913047
"9347","Nagano",2013,22,0.00936497708542709
"9348","Nagano",2013,23,0.00866606590057049
"9349","Nagano",2013,24,0.0119382893215005
"9350","Nagano",2013,25,0.0118696665700258
"9351","Nagano",2013,26,0.011165383405823
"9352","Nagano",2013,27,0.0132769823031996
"9353","Nagano",2013,28,0.0140531845108384
"9354","Nagano",2013,29,0.0123238862068687
"9355","Nagano",2013,30,0.0139344553853545
"9356","Nagano",2013,31,0.0140332412180298
"9357","Nagano",2013,32,0.015209196423174
"9358","Nagano",2013,33,0.0141541535205512
"9359","Nagano",2013,34,0.0145550984523581
"9360","Nagano",2013,35,0.0129615717093757
"9361","Nagano",2013,36,0.0137372571331425
"9362","Nagano",2013,37,0.0129665499744907
"9363","Nagano",2013,38,0.0100384220071809
"9364","Nagano",2013,39,0.00939075643380759
"9365","Nagano",2013,40,0.0100462829998899
"9366","Nagano",2013,41,0.0111211594960104
"9367","Nagano",2013,42,0.0068065689198611
"9368","Nagano",2013,43,0.0085427654297549
"9369","Nagano",2013,44,0.00577170499280029
"9370","Nagano",2013,45,0.00580109773009313
"9371","Nagano",2013,46,0.00412600848550795
"9372","Nagano",2013,47,0.00354342325944552
"9373","Nagano",2013,48,0.00337520384352137
"9374","Nagano",2013,49,0.0034284311333433
"9375","Nagano",2013,50,0.0025999545461763
"9376","Nagano",2013,51,0.00288903880995762
"9377","Nagano",2013,52,0.00229050465472679
"9378","Nagano",2014,1,0.0023548309869788
"9379","Nagano",2014,2,0.00208902080076607
"9380","Nagano",2014,3,0.0018339429522019
"9381","Nagano",2014,4,0.00206969896069427
"9382","Nagano",2014,5,0.0023248298277515
"9383","Nagano",2014,6,0.00266231442870117
"9384","Nagano",2014,7,0.00231656370208714
"9385","Nagano",2014,8,0.00189582164601813
"9386","Nagano",2014,9,0.00324632091669334
"9387","Nagano",2014,10,0.00247915558943069
"9388","Nagano",2014,11,0.00253932760059584
"9389","Nagano",2014,12,0.0034030615581288
"9390","Nagano",2014,13,0.00403747348071098
"9391","Nagano",2014,14,0.00426217546284046
"9392","Nagano",2014,15,0.00284602023534215
"9393","Nagano",2014,16,0.00414136650009931
"9394","Nagano",2014,17,0.00476235182404249
"9395","Nagano",2014,18,0.00612022644743066
"9396","Nagano",2014,19,0.00481065730283774
"9397","Nagano",2014,20,0.00586010268702914
"9398","Nagano",2014,21,0.00679039635412854
"9399","Nagano",2014,22,0.00831517436700554
"9400","Nagano",2014,23,0.00974580563591238
"9401","Nagano",2014,24,0.0107730669171906
"9402","Nagano",2014,25,0.00999608833705972
"9403","Nagano",2014,26,0.0109540839070177
"9404","Nagano",2014,27,0.0115505584964181
"9405","Nagano",2014,28,0.0136794304448585
"9406","Nagano",2014,29,0.0136879361815604
"9407","Nagano",2014,30,0.0140489020327065
"9408","Nagano",2014,31,0.013114392092349
"9409","Nagano",2014,32,0.0145516169101282
"9410","Nagano",2014,33,0.0150906873708472
"9411","Nagano",2014,34,0.0143439652025562
"9412","Nagano",2014,35,0.0128514132322621
"9413","Nagano",2014,36,0.0125250901592989
"9414","Nagano",2014,37,0.00985446224787984
"9415","Nagano",2014,38,0.00814596693302464
"9416","Nagano",2014,39,0.00890790154863232
"9417","Nagano",2014,40,0.00955794240698271
"9418","Nagano",2014,41,0.00828856918530093
"9419","Nagano",2014,42,0.00657645747269131
"9420","Nagano",2014,43,0.00713082621144918
"9421","Nagano",2014,44,0.00631442941864157
"9422","Nagano",2014,45,0.00583415395869048
"9423","Nagano",2014,46,0.00519791653632196
"9424","Nagano",2014,47,0.00357313477794401
"9425","Nagano",2014,48,0.00567497341982263
"9426","Nagano",2014,49,0.00363776563520246
"9427","Nagano",2014,50,0.00279455635787807
"9428","Nagano",2014,51,0.00240463582257191
"9429","Nagano",2014,52,0.00239735745012254
"9430","Nagano",2015,1,0.002489904711377
"9431","Nagano",2015,2,0.00244677141454064
"9432","Nagano",2015,3,0.00261190479612966
"9433","Nagano",2015,4,0.00280194512831069
"9434","Nagano",2015,5,0.00212010696516552
"9435","Nagano",2015,6,0.00218660277006278
"9436","Nagano",2015,7,0.00272962726406253
"9437","Nagano",2015,8,0.003480938637597
"9438","Nagano",2015,9,0.00323230060490332
"9439","Nagano",2015,10,0.00286192531302494
"9440","Nagano",2015,11,0.00446413013948334
"9441","Nagano",2015,12,0.00233241622262389
"9442","Nagano",2015,13,0.00581845197217188
"9443","Nagano",2015,14,0.00568857625911322
"9444","Nagano",2015,15,0.00505658329991599
"9445","Nagano",2015,16,0.00601004114481365
"9446","Nagano",2015,17,0.00593477936118456
"9447","Nagano",2015,18,0.00680237185168521
"9448","Nagano",2015,19,0.00691134128511872
"9449","Nagano",2015,20,0.0065465799728572
"9450","Nagano",2015,21,0.00815343813012821
"9451","Nagano",2015,22,0.008446947259342
"9452","Nagano",2015,23,0.0100934006544484
"9453","Nagano",2015,24,0.0109043011782958
"9454","Nagano",2015,25,0.0110428134148718
"9455","Nagano",2015,26,0.0114787870579245
"9456","Nagano",2015,27,0.0124035776360388
"9457","Nagano",2015,28,0.0142245437181334
"9458","Nagano",2015,29,0.0146048895985634
"9459","Nagano",2015,30,0.0153674673732888
"9460","Nagano",2015,31,0.0146686464580087
"9461","Nagano",2015,32,0.0141073092070853
"9462","Nagano",2015,33,0.0147231506497892
"9463","Nagano",2015,34,0.013463862680812
"9464","Nagano",2015,35,0.0130268514142886
"9465","Nagano",2015,36,0.011966262986651
"9466","Nagano",2015,37,0.0104287608696843
"9467","Nagano",2015,38,0.0100166563596625
"9468","Nagano",2015,39,0.00804769576041201
"9469","Nagano",2015,40,0.00650074676864624
"9470","Nagano",2015,41,0.00684581382048035
"9471","Nagano",2015,42,0.00728963847368873
"9472","Nagano",2015,43,0.00526818387967273
"9473","Nagano",2015,44,0.00564663454351317
"9474","Nagano",2015,45,0.00707797668955131
"9475","Nagano",2015,46,0.00725016064771444
"9476","Nagano",2015,47,0.00503770100056081
"9477","Nagano",2015,48,0.00391463942186542
"9478","Nagano",2015,49,0.00395581667112231
"9479","Nagano",2015,50,0.00417214098568598
"9480","Nagano",2015,51,0.00383322751573069
"9481","Nagano",2015,52,0.00238558988831093
"9482","Nagano",2016,1,0.00309261942089684
"9483","Nagano",2016,2,0.00238535547910991
"9484","Nagano",2016,3,0.00223202814376163
"9485","Nagano",2016,4,0.00254336457125195
"9486","Nagano",2016,5,0.00232155852995537
"9487","Nagano",2016,6,0.00292975733488186
"9488","Nagano",2016,7,0.00305365156834621
"9489","Nagano",2016,8,0.00242612846228175
"9490","Nagano",2016,9,0.00288067121409639
"9491","Nagano",2016,10,0.00443831640705693
"9492","Nagano",2016,11,0.00366273962412436
"9493","Nagano",2016,12,0.00277917673153274
"9494","Nagano",2016,13,0.0039841220595524
"9495","Nagano",2016,14,0.00548319857129523
"9496","Nagano",2016,15,0.00452385077866555
"9497","Nagano",2016,16,0.00595409126273504
"9498","Nagano",2016,17,0.00619458681214652
"9499","Nagano",2016,18,0.00627157866375606
"9500","Nagano",2016,19,0.00834749645638529
"9501","Nagano",2016,20,0.00733714454887067
"9502","Nagano",2016,21,0.00852476738927204
"9503","Nagano",2016,22,0.00740985081543672
"9504","Nagano",2016,23,0.0100234868074312
"9505","Nagano",2016,24,0.0112690217711017
"9506","Nagano",2016,25,0.0120806421572328
"9507","Nagano",2016,26,0.0122435142202011
"9508","Nagano",2016,27,0.0140644215663109
"9509","Nagano",2016,28,0.0136704903500719
"9510","Nagano",2016,29,0.0133798292499262
"9511","Nagano",2016,30,0.0143369877484612
"9512","Nagano",2016,31,0.0150252977664866
"9513","Nagano",2016,32,0.0140505788930539
"9514","Nagano",2016,33,0.0155537648947993
"9515","Nagano",2016,34,0.0151264003266862
"9516","Nagano",2016,35,0.0127174208710591
"9517","Nagano",2016,36,0.0139684345050748
"9518","Nagano",2016,37,0.0129795929103554
"9519","Nagano",2016,38,0.0124460465928477
"9520","Nagano",2016,39,0.0128557260338783
"9521","Nagano",2016,40,0.0115109034145731
"9522","Nagano",2016,41,0.00650723307800249
"9523","Nagano",2016,42,0.00841137136797076
"9524","Nagano",2016,43,0.00671205735159849
"9525","Nagano",2016,44,0.0046943091939878
"9526","Nagano",2016,45,0.00467026735582528
"9527","Nagano",2016,46,0.0055164347788019
"9528","Nagano",2016,47,0.00499739035429916
"9529","Nagano",2016,48,0.0041357367857755
"9530","Nagano",2016,49,0.0034612788012537
"9531","Nagano",2016,50,0.00275406669325777
"9532","Nagano",2016,51,0.0039084637382421
"9533","Nagano",2016,52,0.00285498459719329
"9534","Nagano",2017,1,0.00247138959332486
"9535","Nagano",2017,2,0.00258176485836327
"9536","Nagano",2017,3,0.00206246700390273
"9537","Nagano",2017,4,0.00191137600091585
"9538","Nagano",2017,5,0.002370308520545
"9539","Nagano",2017,6,0.00239237337584133
"9540","Nagano",2017,7,0.00233017792103103
"9541","Nagano",2017,8,0.00268326290946339
"9542","Nagano",2017,9,0.00281329530804148
"9543","Nagano",2017,10,0.00252851620449844
"9544","Nagano",2017,11,0.00278399486758419
"9545","Nagano",2017,12,0.00281234739882765
"9546","Nagano",2017,13,0.00332554695254199
"9547","Nagano",2017,14,0.00526304408077886
"9548","Nagano",2017,15,0.00434018508390817
"9549","Nagano",2017,16,0.00511502789358975
"9550","Nagano",2017,17,0.00468452839822271
"9551","Nagano",2017,18,0.00617989153153255
"9552","Nagano",2017,19,0.00689419978745076
"9553","Nagano",2017,20,0.00729640495908937
"9554","Nagano",2017,21,0.0091541018333224
"9555","Nagano",2017,22,0.00794490925096605
"9556","Nagano",2017,23,0.00784279145495119
"9557","Nagano",2017,24,0.00737857451792825
"9558","Nagano",2017,25,0.00996500988105797
"9559","Nagano",2017,26,0.012702877265455
"9560","Nagano",2017,27,0.0134511762333077
"9561","Nagano",2017,28,0.0148453309002361
"9562","Nagano",2017,29,0.0139264453138759
"9563","Nagano",2017,30,0.0161667742974396
"9564","Nagano",2017,31,0.015513394028516
"9565","Nagano",2017,32,0.0162734392265364
"9566","Nagano",2017,33,0.0150352950352123
"9567","Nagano",2017,34,0.0146826522618715
"9568","Nagano",2017,35,0.0122494680298768
"9569","Nagano",2017,36,0.0115544805514157
"9570","Nagano",2017,37,0.0108638632428102
"9571","Nagano",2017,38,0.00995143986090328
"9572","Nagano",2017,39,0.00859208406619912
"9573","Nagano",2017,40,0.00853194561071895
"9574","Nagano",2017,41,0.0104339339359607
"9575","Nagano",2017,42,0.00801455956217468
"9576","Nagano",2017,43,0.00674879607890891
"9577","Nagano",2017,44,0.00529333142618594
"9578","Nagano",2017,45,0.00498803128329865
"9579","Nagano",2017,46,0.00428021104218943
"9580","Nagano",2017,47,0.00321042045456068
"9581","Nagano",2017,48,0.00399428444532389
"9582","Nagano",2017,49,0.00274842434865854
"9583","Nagano",2017,50,0.00249920686814803
"9584","Nagano",2017,51,0.00227168168813893
"9585","Nagano",2017,52,0.00246353599154396
"9586","Nagano",2018,1,0.00224059132788134
"9587","Nagano",2018,2,0.00233862191161305
"9588","Nagano",2018,3,0.00317986531899366
"9589","Nagano",2018,4,0.00189858551826205
"9590","Nagano",2018,5,0.002328720613279
"9591","Nagano",2018,6,0.00183604755558776
"9592","Nagano",2018,7,0.00208052666695586
"9593","Nagano",2018,8,0.00206345078757191
"9594","Nagano",2018,9,0.00257408904777403
"9595","Nagano",2018,10,0.00406841000648003
"9596","Nagano",2018,11,0.00338536891756094
"9597","Nagano",2018,12,0.00410055329555486
"9598","Nagano",2018,13,0.00377514567329481
"9599","Nagano",2018,14,0.00585218150587264
"9600","Nagano",2018,15,0.00432413700757118
"9601","Nagano",2018,16,0.00553429431069048
"9602","Nagano",2018,17,0.00693219185777626
"9603","Nagano",2018,18,0.00628950724109036
"9604","Nagano",2018,19,0.0065476594952051
"9605","Nagano",2018,20,0.00930458198203897
"9606","Nagano",2018,21,0.00686910870596859
"9607","Nagano",2018,22,0.00858498002989059
"9608","Nagano",2018,23,0.0101764336168284
"9609","Nagano",2018,24,0.0102015450633096
"9610","Nagano",2018,25,0.0104819371112763
"9611","Nagano",2018,26,0.013169151362177
"9612","Nagano",2018,27,0.0139223478960413
"9613","Nagano",2018,28,0.014536337762586
"9614","Nagano",2018,29,0.0159928610065831
"9615","Nagano",2018,30,0.0143729649582093
"9616","Nagano",2018,31,0.0146600350197433
"9617","Nagano",2018,32,0.0157485807614641
"9618","Nagano",2018,33,0.0136124443380379
"9619","Nagano",2018,34,0.014632341688141
"9620","Nagano",2018,35,0.0142852575299315
"9621","Nagano",2018,36,0.0137422317943788
"9622","Nagano",2018,37,0.0121349794338975
"9623","Nagano",2018,38,0.0111819507500236
"9624","Nagano",2018,39,0.0102402974369151
"9625","Nagano",2018,40,0.0105085908624715
"9626","Nagano",2018,41,0.00941624572925539
"9627","Nagano",2018,42,0.00702043705165091
"9628","Nagano",2018,43,0.00647500206169287
"9629","Nagano",2018,44,0.00491467400050639
"9630","Nagano",2018,45,0.00766857621537622
"9631","Nagano",2018,46,0.00496758767841869
"9632","Nagano",2018,47,0.00394300388555227
"9633","Nagano",2018,48,0.00431230221744414
"9634","Nagano",2018,49,0.00562368344520285
"9635","Nagano",2018,50,0.00267308738563674
"9636","Nagano",2018,51,0.00363686370515254
"9637","Nagano",2018,52,0.00270220853591633
"9638","Nagano",2019,1,0.00227874220551919
"9639","Nagano",2019,2,0.00229466264651382
"9640","Nagano",2019,3,0.00248501242969596
"9641","Nagano",2019,4,0.00237553324332344
"9642","Nagano",2019,5,0.00221382600008438
"9643","Nagano",2019,6,0.00308018787792243
"9644","Nagano",2019,7,0.00225168208938419
"9645","Nagano",2019,8,0.00310214797703822
"9646","Nagano",2019,9,0.00328242467386892
"9647","Nagano",2019,10,0.00362542146978721
"9648","Nagano",2019,11,0.00323462048544809
"9649","Nagano",2019,12,0.0035702681321804
"9650","Nagano",2019,13,0.00325087418611212
"9651","Nagano",2019,14,0.00279742302991656
"9652","Nagano",2019,15,0.00362787746852862
"9653","Nagano",2019,16,0.00460217847524652
"9654","Nagano",2019,17,0.00721596752501977
"9655","Nagano",2019,18,0.00573182699716823
"9656","Nagano",2019,19,0.00469741405209554
"9657","Nagano",2019,20,0.00730845500666033
"9658","Nagano",2019,21,0.00669570701237792
"9659","Nagano",2019,22,0.00757757578162265
"9660","Nagano",2019,23,0.0098330897552701
"9661","Nagano",2019,24,0.0093497236137187
"9662","Nagano",2019,25,0.00971711952787148
"9663","Nagano",2019,26,0.0122912612896107
"9664","Nagano",2019,27,0.0134830663434907
"9665","Nagano",2019,28,0.0126990571686682
"9666","Nagano",2019,29,0.0143764423660551
"9667","Nagano",2019,30,0.0151758005698672
"9668","Nagano",2019,31,0.0165705262029958
"9669","Nagano",2019,32,0.0160949157156466
"9670","Nagano",2019,33,0.0166296970941626
"9671","Nagano",2019,34,0.014933757863156
"9672","Nagano",2019,35,0.0133882497908984
"9673","Nagano",2019,36,0.0137107461809658
"9674","Nagano",2019,37,0.0137343351501612
"9675","Nagano",2019,38,0.0114214883872245
"9676","Nagano",2019,39,0.0110267187930189
"9677","Nagano",2019,40,0.0110459415513778
"9678","Nagano",2019,41,0.0101211518778145
"9679","Nagano",2019,42,0.00884347336339026
"9680","Nagano",2019,43,0.00873714811582448
"9681","Nagano",2019,44,0.00648021082262391
"9682","Nagano",2019,45,0.00461223650243749
"9683","Nagano",2019,46,0.00509755658228309
"9684","Nagano",2019,47,0.00502812505869013
"9685","Nagano",2019,48,0.00495861121911574
"9686","Nagano",2019,49,0.00351033363579094
"9687","Nagano",2019,50,0.00363262438134841
"9688","Nagano",2019,51,0.0041591220980981
"9689","Nagano",2019,52,0.00326063199897363
"9690","Nagano",2020,1,0.00321741892026476
"9691","Nagano",2020,2,0.00323878769124141
"9692","Nagano",2020,3,0.00299895132686234
"9693","Nagano",2020,4,0.00338375316034786
"9694","Nagano",2020,5,0.00341901009681041
"9695","Nagano",2020,6,0.00211200625132054
"9696","Nagano",2020,7,0.00322746440069759
"9697","Nagano",2020,8,0.00351416174701011
"9698","Nagano",2020,9,0.00322202706849857
"9699","Naoasaki",2013,1,0.00345397498772465
"9700","Naoasaki",2013,2,0.00369046135670586
"9701","Naoasaki",2013,3,0.00418973864762957
"9702","Naoasaki",2013,4,0.00489081040349639
"9703","Naoasaki",2013,5,0.00507595180500513
"9704","Naoasaki",2013,6,0.00486329724974988
"9705","Naoasaki",2013,7,0.0038354419963489
"9706","Naoasaki",2013,8,0.0044563168587073
"9707","Naoasaki",2013,9,0.00501700423292252
"9708","Naoasaki",2013,10,0.00633688497577219
"9709","Naoasaki",2013,11,0.00593378519796691
"9710","Naoasaki",2013,12,0.00711317160502553
"9711","Naoasaki",2013,13,0.00608315711691387
"9712","Naoasaki",2013,14,0.00739140376518285
"9713","Naoasaki",2013,15,0.00475247889162652
"9714","Naoasaki",2013,16,0.0083029454824095
"9715","Naoasaki",2013,17,0.0069741309072826
"9716","Naoasaki",2013,18,0.00788379688921614
"9717","Naoasaki",2013,19,0.00965761821563605
"9718","Naoasaki",2013,20,0.0110524154124754
"9719","Naoasaki",2013,21,0.0120508074025939
"9720","Naoasaki",2013,22,0.0125807022803828
"9721","Naoasaki",2013,23,0.0132134964943696
"9722","Naoasaki",2013,24,0.0154116302463927
"9723","Naoasaki",2013,25,0.0167142993618246
"9724","Naoasaki",2013,26,0.0150147038406653
"9725","Naoasaki",2013,27,0.0182215961715242
"9726","Naoasaki",2013,28,0.019455110933569
"9727","Naoasaki",2013,29,0.0190644998672789
"9728","Naoasaki",2013,30,0.0198008705629836
"9729","Naoasaki",2013,31,0.0210334139661032
"9730","Naoasaki",2013,32,0.0211561574487606
"9731","Naoasaki",2013,33,0.0195568130612197
"9732","Naoasaki",2013,34,0.0205534309663079
"9733","Naoasaki",2013,35,0.0178099400380106
"9734","Naoasaki",2013,36,0.0148196276852339
"9735","Naoasaki",2013,37,0.0168492839078811
"9736","Naoasaki",2013,38,0.0137473362183271
"9737","Naoasaki",2013,39,0.0133417403885755
"9738","Naoasaki",2013,40,0.0137576922662576
"9739","Naoasaki",2013,41,0.0144461256794379
"9740","Naoasaki",2013,42,0.00970853724483083
"9741","Naoasaki",2013,43,0.0109540603324335
"9742","Naoasaki",2013,44,0.00877070005522557
"9743","Naoasaki",2013,45,0.00917890266454961
"9744","Naoasaki",2013,46,0.00635595886163246
"9745","Naoasaki",2013,47,0.0053737931715848
"9746","Naoasaki",2013,48,0.00555147557994008
"9747","Naoasaki",2013,49,0.00509620000169205
"9748","Naoasaki",2013,50,0.0048407395684815
"9749","Naoasaki",2013,51,0.00477406053120535
"9750","Naoasaki",2013,52,0.00426296445784442
"9751","Naoasaki",2014,1,0.00455372810242785
"9752","Naoasaki",2014,2,0.00415315996607612
"9753","Naoasaki",2014,3,0.0035400039362554
"9754","Naoasaki",2014,4,0.00475253033615455
"9755","Naoasaki",2014,5,0.00621733023602386
"9756","Naoasaki",2014,6,0.00520822952332236
"9757","Naoasaki",2014,7,0.00429923477996399
"9758","Naoasaki",2014,8,0.00421589500629839
"9759","Naoasaki",2014,9,0.00633706017748162
"9760","Naoasaki",2014,10,0.00410540131700369
"9761","Naoasaki",2014,11,0.00510123357550309
"9762","Naoasaki",2014,12,0.0065293929257839
"9763","Naoasaki",2014,13,0.00887838465243269
"9764","Naoasaki",2014,14,0.00680396324323919
"9765","Naoasaki",2014,15,0.00701318176995111
"9766","Naoasaki",2014,16,0.00834138871716784
"9767","Naoasaki",2014,17,0.00875402384912183
"9768","Naoasaki",2014,18,0.00903558222423972
"9769","Naoasaki",2014,19,0.00764094303300956
"9770","Naoasaki",2014,20,0.0103389878715172
"9771","Naoasaki",2014,21,0.0114451454993887
"9772","Naoasaki",2014,22,0.012440947521588
"9773","Naoasaki",2014,23,0.0130412048060777
"9774","Naoasaki",2014,24,0.0136499931350836
"9775","Naoasaki",2014,25,0.013785584575999
"9776","Naoasaki",2014,26,0.0143502695480883
"9777","Naoasaki",2014,27,0.0154158680366718
"9778","Naoasaki",2014,28,0.0172777546744599
"9779","Naoasaki",2014,29,0.017710941335094
"9780","Naoasaki",2014,30,0.0196522361295649
"9781","Naoasaki",2014,31,0.0182109649694852
"9782","Naoasaki",2014,32,0.01921387575159
"9783","Naoasaki",2014,33,0.0177967697448803
"9784","Naoasaki",2014,34,0.0182550967622074
"9785","Naoasaki",2014,35,0.0169737673429029
"9786","Naoasaki",2014,36,0.0168674939003998
"9787","Naoasaki",2014,37,0.0140995085666613
"9788","Naoasaki",2014,38,0.0122214022569986
"9789","Naoasaki",2014,39,0.0141385381576421
"9790","Naoasaki",2014,40,0.0129309601721047
"9791","Naoasaki",2014,41,0.0113958714604784
"9792","Naoasaki",2014,42,0.00904870953315368
"9793","Naoasaki",2014,43,0.0109638351813058
"9794","Naoasaki",2014,44,0.00990111385866039
"9795","Naoasaki",2014,45,0.0074952990302213
"9796","Naoasaki",2014,46,0.00660085229749722
"9797","Naoasaki",2014,47,0.00641854739820965
"9798","Naoasaki",2014,48,0.00889186988970608
"9799","Naoasaki",2014,49,0.00544580461668848
"9800","Naoasaki",2014,50,0.00499050426438949
"9801","Naoasaki",2014,51,0.00422185685742878
"9802","Naoasaki",2014,52,0.00420848985771337
"9803","Naoasaki",2015,1,0.00475174212724037
"9804","Naoasaki",2015,2,0.00460233678246897
"9805","Naoasaki",2015,3,0.0047752386760619
"9806","Naoasaki",2015,4,0.00508086025094742
"9807","Naoasaki",2015,5,0.00393917187155775
"9808","Naoasaki",2015,6,0.00361679786508499
"9809","Naoasaki",2015,7,0.00557525919703885
"9810","Naoasaki",2015,8,0.00488510162755046
"9811","Naoasaki",2015,9,0.00438127392575083
"9812","Naoasaki",2015,10,0.00425755063921108
"9813","Naoasaki",2015,11,0.0081807757069651
"9814","Naoasaki",2015,12,0.00478423043580146
"9815","Naoasaki",2015,13,0.00971204869615747
"9816","Naoasaki",2015,14,0.00758143830603735
"9817","Naoasaki",2015,15,0.00761509485779046
"9818","Naoasaki",2015,16,0.00821364750899409
"9819","Naoasaki",2015,17,0.0106238527144135
"9820","Naoasaki",2015,18,0.00932761395722696
"9821","Naoasaki",2015,19,0.0112719136288473
"9822","Naoasaki",2015,20,0.0105992926776366
"9823","Naoasaki",2015,21,0.0121416483972142
"9824","Naoasaki",2015,22,0.0119459854816592
"9825","Naoasaki",2015,23,0.0144711070101591
"9826","Naoasaki",2015,24,0.0137004107117308
"9827","Naoasaki",2015,25,0.0147492317381359
"9828","Naoasaki",2015,26,0.0141576799294215
"9829","Naoasaki",2015,27,0.0166171489929071
"9830","Naoasaki",2015,28,0.0161568336773716
"9831","Naoasaki",2015,29,0.0181788737443976
"9832","Naoasaki",2015,30,0.0196477066764798
"9833","Naoasaki",2015,31,0.019462042308366
"9834","Naoasaki",2015,32,0.0181092774292132
"9835","Naoasaki",2015,33,0.0182057248983791
"9836","Naoasaki",2015,34,0.0161827665552598
"9837","Naoasaki",2015,35,0.0161728485720991
"9838","Naoasaki",2015,36,0.0134270346289746
"9839","Naoasaki",2015,37,0.0125240660004879
"9840","Naoasaki",2015,38,0.0142953653093639
"9841","Naoasaki",2015,39,0.0123877002111214
"9842","Naoasaki",2015,40,0.00940030755513808
"9843","Naoasaki",2015,41,0.00886694280316545
"9844","Naoasaki",2015,42,0.0107084108555439
"9845","Naoasaki",2015,43,0.00761344937490852
"9846","Naoasaki",2015,44,0.00931640320428761
"9847","Naoasaki",2015,45,0.0105038608763206
"9848","Naoasaki",2015,46,0.0103521490959389
"9849","Naoasaki",2015,47,0.00711402755752759
"9850","Naoasaki",2015,48,0.00628606052398289
"9851","Naoasaki",2015,49,0.00705234224304307
"9852","Naoasaki",2015,50,0.00524880746576594
"9853","Naoasaki",2015,51,0.00644331264961896
"9854","Naoasaki",2015,52,0.00474426591020175
"9855","Naoasaki",2016,1,0.00528615623043258
"9856","Naoasaki",2016,2,0.00407013414422378
"9857","Naoasaki",2016,3,0.00398236782913371
"9858","Naoasaki",2016,4,0.00534564736599719
"9859","Naoasaki",2016,5,0.00376231363893226
"9860","Naoasaki",2016,6,0.00584430643238852
"9861","Naoasaki",2016,7,0.00433580311713632
"9862","Naoasaki",2016,8,0.00411081395341743
"9863","Naoasaki",2016,9,0.00596018164532482
"9864","Naoasaki",2016,10,0.00621460126264704
"9865","Naoasaki",2016,11,0.00661214574508245
"9866","Naoasaki",2016,12,0.00498323001579667
"9867","Naoasaki",2016,13,0.00751415825342477
"9868","Naoasaki",2016,14,0.00957179988197307
"9869","Naoasaki",2016,15,0.00891325241477649
"9870","Naoasaki",2016,16,0.00869171481097056
"9871","Naoasaki",2016,17,0.00965487780261926
"9872","Naoasaki",2016,18,0.0104829220195669
"9873","Naoasaki",2016,19,0.0109943020259619
"9874","Naoasaki",2016,20,0.0105573457219224
"9875","Naoasaki",2016,21,0.0127189388367444
"9876","Naoasaki",2016,22,0.0118298516082746
"9877","Naoasaki",2016,23,0.0146608550451109
"9878","Naoasaki",2016,24,0.0152363756854452
"9879","Naoasaki",2016,25,0.0166833990481724
"9880","Naoasaki",2016,26,0.016327720016523
"9881","Naoasaki",2016,27,0.0187293046137792
"9882","Naoasaki",2016,28,0.0188808979092605
"9883","Naoasaki",2016,29,0.0173385311156426
"9884","Naoasaki",2016,30,0.0193584897757183
"9885","Naoasaki",2016,31,0.0199533357653836
"9886","Naoasaki",2016,32,0.0198056384461381
"9887","Naoasaki",2016,33,0.0195482483172326
"9888","Naoasaki",2016,34,0.0186866159089043
"9889","Naoasaki",2016,35,0.0151172983785672
"9890","Naoasaki",2016,36,0.0170505003681206
"9891","Naoasaki",2016,37,0.0166864555257163
"9892","Naoasaki",2016,38,0.0147635968116968
"9893","Naoasaki",2016,39,0.0178534630104763
"9894","Naoasaki",2016,40,0.0165395926238574
"9895","Naoasaki",2016,41,0.00986714404487202
"9896","Naoasaki",2016,42,0.0133836270488699
"9897","Naoasaki",2016,43,0.0114055386472533
"9898","Naoasaki",2016,44,0.00731058538259231
"9899","Naoasaki",2016,45,0.00771421550117309
"9900","Naoasaki",2016,46,0.0102007100532982
"9901","Naoasaki",2016,47,0.00753448778028741
"9902","Naoasaki",2016,48,0.00611581411658222
"9903","Naoasaki",2016,49,0.00575465431956997
"9904","Naoasaki",2016,50,0.00572703090058422
"9905","Naoasaki",2016,51,0.00732697922622403
"9906","Naoasaki",2016,52,0.00533617696246263
"9907","Naoasaki",2017,1,0.00561540027384862
"9908","Naoasaki",2017,2,0.00448164350287307
"9909","Naoasaki",2017,3,0.00415336328851773
"9910","Naoasaki",2017,4,0.00384227003272262
"9911","Naoasaki",2017,5,0.00496931787432712
"9912","Naoasaki",2017,6,0.0040587553832049
"9913","Naoasaki",2017,7,0.00456501451120786
"9914","Naoasaki",2017,8,0.00494452625749415
"9915","Naoasaki",2017,9,0.00455715769405491
"9916","Naoasaki",2017,10,0.00427685069691607
"9917","Naoasaki",2017,11,0.00489015352750875
"9918","Naoasaki",2017,12,0.00551875713037794
"9919","Naoasaki",2017,13,0.00600938309198417
"9920","Naoasaki",2017,14,0.0085628922711952
"9921","Naoasaki",2017,15,0.00850318315261387
"9922","Naoasaki",2017,16,0.00875202964803705
"9923","Naoasaki",2017,17,0.00860524641713503
"9924","Naoasaki",2017,18,0.0105998020642639
"9925","Naoasaki",2017,19,0.0107445321078229
"9926","Naoasaki",2017,20,0.00977251126890396
"9927","Naoasaki",2017,21,0.0110948598074256
"9928","Naoasaki",2017,22,0.0120881932959797
"9929","Naoasaki",2017,23,0.0116200040590633
"9930","Naoasaki",2017,24,0.0118327507319269
"9931","Naoasaki",2017,25,0.0146990648970979
"9932","Naoasaki",2017,26,0.0168683124611526
"9933","Naoasaki",2017,27,0.0190264595244679
"9934","Naoasaki",2017,28,0.0197963073855956
"9935","Naoasaki",2017,29,0.0207833984260654
"9936","Naoasaki",2017,30,0.0210164309757561
"9937","Naoasaki",2017,31,0.0203347153558854
"9938","Naoasaki",2017,32,0.0200674035275889
"9939","Naoasaki",2017,33,0.0190403222761348
"9940","Naoasaki",2017,34,0.0200483218717725
"9941","Naoasaki",2017,35,0.0152726238157894
"9942","Naoasaki",2017,36,0.0158591507253392
"9943","Naoasaki",2017,37,0.015446081566551
"9944","Naoasaki",2017,38,0.0143940754259877
"9945","Naoasaki",2017,39,0.012921036614086
"9946","Naoasaki",2017,40,0.0133842681985397
"9947","Naoasaki",2017,41,0.0138553199521081
"9948","Naoasaki",2017,42,0.0113231439515213
"9949","Naoasaki",2017,43,0.00956291858237887
"9950","Naoasaki",2017,44,0.00797943182783971
"9951","Naoasaki",2017,45,0.00864507032302637
"9952","Naoasaki",2017,46,0.00640533450172666
"9953","Naoasaki",2017,47,0.00516475540496703
"9954","Naoasaki",2017,48,0.00681103642378917
"9955","Naoasaki",2017,49,0.00467746196865178
"9956","Naoasaki",2017,50,0.004273390425998
"9957","Naoasaki",2017,51,0.00430744877372749
"9958","Naoasaki",2017,52,0.0045634839188276
"9959","Naoasaki",2018,1,0.00393107955098613
"9960","Naoasaki",2018,2,0.00438510749651583
"9961","Naoasaki",2018,3,0.00577963406399618
"9962","Naoasaki",2018,4,0.00349042673255823
"9963","Naoasaki",2018,5,0.00356795197115132
"9964","Naoasaki",2018,6,0.00348649887157574
"9965","Naoasaki",2018,7,0.0042379086204979
"9966","Naoasaki",2018,8,0.00415012174920033
"9967","Naoasaki",2018,9,0.00563252623826957
"9968","Naoasaki",2018,10,0.00626250460677667
"9969","Naoasaki",2018,11,0.00709611770314636
"9970","Naoasaki",2018,12,0.00658276349537433
"9971","Naoasaki",2018,13,0.00808129035533841
"9972","Naoasaki",2018,14,0.00888249166496885
"9973","Naoasaki",2018,15,0.00824327113576957
"9974","Naoasaki",2018,16,0.00804031793181148
"9975","Naoasaki",2018,17,0.00939207655974442
"9976","Naoasaki",2018,18,0.0093562548664818
"9977","Naoasaki",2018,19,0.0100907959803826
"9978","Naoasaki",2018,20,0.0127472930085888
"9979","Naoasaki",2018,21,0.011128765984266
"9980","Naoasaki",2018,22,0.0130511501428044
"9981","Naoasaki",2018,23,0.0142329619740502
"9982","Naoasaki",2018,24,0.0130776025112284
"9983","Naoasaki",2018,25,0.0145296317082354
"9984","Naoasaki",2018,26,0.0171772089792677
"9985","Naoasaki",2018,27,0.0174168910198588
"9986","Naoasaki",2018,28,0.0183371550189371
"9987","Naoasaki",2018,29,0.0192987495708738
"9988","Naoasaki",2018,30,0.0200947251993909
"9989","Naoasaki",2018,31,0.0194735733622915
"9990","Naoasaki",2018,32,0.0190208751456184
"9991","Naoasaki",2018,33,0.0185921330263573
"9992","Naoasaki",2018,34,0.0184540614582192
"9993","Naoasaki",2018,35,0.0190053585388795
"9994","Naoasaki",2018,36,0.0160726183896407
"9995","Naoasaki",2018,37,0.0161870670562133
"9996","Naoasaki",2018,38,0.0162192158229237
"9997","Naoasaki",2018,39,0.0126826975230122
"9998","Naoasaki",2018,40,0.0123531870884338
"9999","Naoasaki",2018,41,0.00981702476608175
"10000","Naoasaki",2018,42,0.00863581314763047
"10001","Naoasaki",2018,43,0.0088093254090354
"10002","Naoasaki",2018,44,0.00672520975320504
"10003","Naoasaki",2018,45,0.00887483279984281
"10004","Naoasaki",2018,46,0.00765573402086229
"10005","Naoasaki",2018,47,0.00577617639482487
"10006","Naoasaki",2018,48,0.00760394183960155
"10007","Naoasaki",2018,49,0.00799487228499805
"10008","Naoasaki",2018,50,0.0046959976273285
"10009","Naoasaki",2018,51,0.00674295119073813
"10010","Naoasaki",2018,52,0.00430087215538696
"10011","Naoasaki",2019,1,0.00425876618123415
"10012","Naoasaki",2019,2,0.0047002526213244
"10013","Naoasaki",2019,3,0.0049065020631814
"10014","Naoasaki",2019,4,0.00412992158804861
"10015","Naoasaki",2019,5,0.00472338351141089
"10016","Naoasaki",2019,6,0.00551894005759808
"10017","Naoasaki",2019,7,0.00420495509623806
"10018","Naoasaki",2019,8,0.00522235427530785
"10019","Naoasaki",2019,9,0.005761300796809
"10020","Naoasaki",2019,10,0.00605933905291227
"10021","Naoasaki",2019,11,0.00507781170738079
"10022","Naoasaki",2019,12,0.00605914183317606
"10023","Naoasaki",2019,13,0.00685154424949493
"10024","Naoasaki",2019,14,0.00527055005115767
"10025","Naoasaki",2019,15,0.00721361028897799
"10026","Naoasaki",2019,16,0.00836594474790778
"10027","Naoasaki",2019,17,0.00989687641528045
"10028","Naoasaki",2019,18,0.0097204389365399
"10029","Naoasaki",2019,19,0.00860679707426113
"10030","Naoasaki",2019,20,0.0117908191120369
"10031","Naoasaki",2019,21,0.0111130114603333
"10032","Naoasaki",2019,22,0.0114314856567772
"10033","Naoasaki",2019,23,0.0139740587579831
"10034","Naoasaki",2019,24,0.0120715753694862
"10035","Naoasaki",2019,25,0.013245644920731
"10036","Naoasaki",2019,26,0.0151877136236662
"10037","Naoasaki",2019,27,0.015557311214341
"10038","Naoasaki",2019,28,0.0160101035057439
"10039","Naoasaki",2019,29,0.0174294683538298
"10040","Naoasaki",2019,30,0.0196852179204499
"10041","Naoasaki",2019,31,0.0203962747874715
"10042","Naoasaki",2019,32,0.0197132460147422
"10043","Naoasaki",2019,33,0.0198081976041993
"10044","Naoasaki",2019,34,0.0185837590123394
"10045","Naoasaki",2019,35,0.0162436284185312
"10046","Naoasaki",2019,36,0.0185093887554695
"10047","Naoasaki",2019,37,0.0186160691785081
"10048","Naoasaki",2019,38,0.0143605105790256
"10049","Naoasaki",2019,39,0.0148325360616352
"10050","Naoasaki",2019,40,0.0159940010440901
"10051","Naoasaki",2019,41,0.0115769021545947
"10052","Naoasaki",2019,42,0.0107179998733669
"10053","Naoasaki",2019,43,0.011449652841029
"10054","Naoasaki",2019,44,0.0083068654878099
"10055","Naoasaki",2019,45,0.00783895762707029
"10056","Naoasaki",2019,46,0.00720794622438876
"10057","Naoasaki",2019,47,0.00765558806242375
"10058","Naoasaki",2019,48,0.00758826496710467
"10059","Naoasaki",2019,49,0.00541458607959394
"10060","Naoasaki",2019,50,0.00543752486041906
"10061","Naoasaki",2019,51,0.00646307272308634
"10062","Naoasaki",2019,52,0.00571438886770988
"10063","Naoasaki",2020,1,0.0052964130302422
"10064","Naoasaki",2020,2,0.00608661677179181
"10065","Naoasaki",2020,3,0.004507843409241
"10066","Naoasaki",2020,4,0.00636606631128754
"10067","Naoasaki",2020,5,0.00580483713552337
"10068","Naoasaki",2020,6,0.00418726109711968
"10069","Naoasaki",2020,7,0.00693607998236731
"10070","Naoasaki",2020,8,0.00468344417774824
"10071","Naoasaki",2020,9,0.0063645913918525
"10072","Nara",2013,1,0.00271736348429781
"10073","Nara",2013,2,0.00297004364051876
"10074","Nara",2013,3,0.00305887013983394
"10075","Nara",2013,4,0.00339713277865
"10076","Nara",2013,5,0.00376277327191248
"10077","Nara",2013,6,0.00357124359443424
"10078","Nara",2013,7,0.00303885441849225
"10079","Nara",2013,8,0.00308944919903169
"10080","Nara",2013,9,0.0035948338254386
"10081","Nara",2013,10,0.00407268286722259
"10082","Nara",2013,11,0.00390288746885567
"10083","Nara",2013,12,0.00578709499021073
"10084","Nara",2013,13,0.00532448915777379
"10085","Nara",2013,14,0.0066338009775261
"10086","Nara",2013,15,0.00398746840687576
"10087","Nara",2013,16,0.0063163895944972
"10088","Nara",2013,17,0.00534419589448817
"10089","Nara",2013,18,0.0056475411844411
"10090","Nara",2013,19,0.00662762716319023
"10091","Nara",2013,20,0.00837389483383321
"10092","Nara",2013,21,0.00899147499506214
"10093","Nara",2013,22,0.0108054363869912
"10094","Nara",2013,23,0.0099146756802514
"10095","Nara",2013,24,0.0131540799216601
"10096","Nara",2013,25,0.0136478871126322
"10097","Nara",2013,26,0.0130979401206616
"10098","Nara",2013,27,0.0152957615350965
"10099","Nara",2013,28,0.0164877272420344
"10100","Nara",2013,29,0.0148321302612133
"10101","Nara",2013,30,0.015611818128384
"10102","Nara",2013,31,0.0164723778779021
"10103","Nara",2013,32,0.0168391266711874
"10104","Nara",2013,33,0.0145684885617814
"10105","Nara",2013,34,0.0174477563049734
"10106","Nara",2013,35,0.0151268806841529
"10107","Nara",2013,36,0.0155339238893117
"10108","Nara",2013,37,0.0150286960096019
"10109","Nara",2013,38,0.011804634837311
"10110","Nara",2013,39,0.0109480153168417
"10111","Nara",2013,40,0.0111883252004325
"10112","Nara",2013,41,0.0133491375234555
"10113","Nara",2013,42,0.00859076538894892
"10114","Nara",2013,43,0.0104525377678519
"10115","Nara",2013,44,0.007302026949914
"10116","Nara",2013,45,0.00756340448887499
"10117","Nara",2013,46,0.00582489290572659
"10118","Nara",2013,47,0.00442969118131132
"10119","Nara",2013,48,0.00441291117974997
"10120","Nara",2013,49,0.0043797968700183
"10121","Nara",2013,50,0.00365485950992078
"10122","Nara",2013,51,0.00399270548174141
"10123","Nara",2013,52,0.00338409259045104
"10124","Nara",2014,1,0.00340141497318853
"10125","Nara",2014,2,0.00318766054557212
"10126","Nara",2014,3,0.00287856409197796
"10127","Nara",2014,4,0.00345773235026403
"10128","Nara",2014,5,0.00405309833420367
"10129","Nara",2014,6,0.00395050310184996
"10130","Nara",2014,7,0.0030305120697106
"10131","Nara",2014,8,0.00263013312105279
"10132","Nara",2014,9,0.00465866212864256
"10133","Nara",2014,10,0.00349755684325165
"10134","Nara",2014,11,0.00365019067976939
"10135","Nara",2014,12,0.00495094364392931
"10136","Nara",2014,13,0.00609737884180694
"10137","Nara",2014,14,0.00572691305817116
"10138","Nara",2014,15,0.00403165235674087
"10139","Nara",2014,16,0.00548571985263803
"10140","Nara",2014,17,0.00618327486724611
"10141","Nara",2014,18,0.0077468592489437
"10142","Nara",2014,19,0.00643488726339481
"10143","Nara",2014,20,0.00809351550378136
"10144","Nara",2014,21,0.00843673620940256
"10145","Nara",2014,22,0.010060015460434
"10146","Nara",2014,23,0.0114410174523178
"10147","Nara",2014,24,0.0119654052303241
"10148","Nara",2014,25,0.0112321614522792
"10149","Nara",2014,26,0.0126510653771478
"10150","Nara",2014,27,0.013026018650196
"10151","Nara",2014,28,0.015964176515345
"10152","Nara",2014,29,0.0160482017997768
"10153","Nara",2014,30,0.0157538272986924
"10154","Nara",2014,31,0.0156627010890822
"10155","Nara",2014,32,0.0172397568083698
"10156","Nara",2014,33,0.0178944090266523
"10157","Nara",2014,34,0.0172318993194235
"10158","Nara",2014,35,0.0152989796769606
"10159","Nara",2014,36,0.0154375437119244
"10160","Nara",2014,37,0.0112821467216314
"10161","Nara",2014,38,0.00948641053111844
"10162","Nara",2014,39,0.0110106177824093
"10163","Nara",2014,40,0.0108656266295453
"10164","Nara",2014,41,0.010605968575064
"10165","Nara",2014,42,0.00818413082884173
"10166","Nara",2014,43,0.00966172489826901
"10167","Nara",2014,44,0.00850203379274739
"10168","Nara",2014,45,0.00707233553567865
"10169","Nara",2014,46,0.00604188109623295
"10170","Nara",2014,47,0.00456508712262137
"10171","Nara",2014,48,0.00740555333940119
"10172","Nara",2014,49,0.00446128066236447
"10173","Nara",2014,50,0.00385277423666309
"10174","Nara",2014,51,0.00341299355017354
"10175","Nara",2014,52,0.00344426562409891
"10176","Nara",2015,1,0.00388638251546783
"10177","Nara",2015,2,0.00370873302645073
"10178","Nara",2015,3,0.00386911729029295
"10179","Nara",2015,4,0.00388640462835472
"10180","Nara",2015,5,0.003136802822062
"10181","Nara",2015,6,0.00296293664941938
"10182","Nara",2015,7,0.00364985290217828
"10183","Nara",2015,8,0.00476370705595177
"10184","Nara",2015,9,0.0043521948395797
"10185","Nara",2015,10,0.0037518120724907
"10186","Nara",2015,11,0.00676690225072117
"10187","Nara",2015,12,0.00350671793835329
"10188","Nara",2015,13,0.00819425809619116
"10189","Nara",2015,14,0.00721113928041385
"10190","Nara",2015,15,0.0065099689272329
"10191","Nara",2015,16,0.00720967846841289
"10192","Nara",2015,17,0.00788144514015429
"10193","Nara",2015,18,0.00871680036090313
"10194","Nara",2015,19,0.00912818997451065
"10195","Nara",2015,20,0.00843880070297403
"10196","Nara",2015,21,0.00942333402132382
"10197","Nara",2015,22,0.00999363875379773
"10198","Nara",2015,23,0.0122087369246949
"10199","Nara",2015,24,0.0126255463917412
"10200","Nara",2015,25,0.0133622624321976
"10201","Nara",2015,26,0.0132146666712509
"10202","Nara",2015,27,0.0158511872420531
"10203","Nara",2015,28,0.0168584863413379
"10204","Nara",2015,29,0.016007216555339
"10205","Nara",2015,30,0.0174386790041283
"10206","Nara",2015,31,0.0172721456099596
"10207","Nara",2015,32,0.0158306478710751
"10208","Nara",2015,33,0.0171123377982204
"10209","Nara",2015,34,0.0157298537724495
"10210","Nara",2015,35,0.0153911426288679
"10211","Nara",2015,36,0.0134775381382025
"10212","Nara",2015,37,0.0113406174216823
"10213","Nara",2015,38,0.012498025059791
"10214","Nara",2015,39,0.00962354309434486
"10215","Nara",2015,40,0.00815153453274775
"10216","Nara",2015,41,0.00778959246710315
"10217","Nara",2015,42,0.00833801930304772
"10218","Nara",2015,43,0.00615820966861942
"10219","Nara",2015,44,0.00783632481938448
"10220","Nara",2015,45,0.00919782693600951
"10221","Nara",2015,46,0.00845848735865981
"10222","Nara",2015,47,0.00619739829861231
"10223","Nara",2015,48,0.00471374035307151
"10224","Nara",2015,49,0.00562003150686451
"10225","Nara",2015,50,0.00506567535180453
"10226","Nara",2015,51,0.00529213046178535
"10227","Nara",2015,52,0.00349008688935495
"10228","Nara",2016,1,0.00431964704804387
"10229","Nara",2016,2,0.00323834503369039
"10230","Nara",2016,3,0.00330082403096119
"10231","Nara",2016,4,0.0037641931852459
"10232","Nara",2016,5,0.00323155277808885
"10233","Nara",2016,6,0.00426773235472207
"10234","Nara",2016,7,0.00431949657475736
"10235","Nara",2016,8,0.00316139228156415
"10236","Nara",2016,9,0.00421389928027869
"10237","Nara",2016,10,0.00558261914432866
"10238","Nara",2016,11,0.00512988840670176
"10239","Nara",2016,12,0.0034216104492745
"10240","Nara",2016,13,0.00599204389825154
"10241","Nara",2016,14,0.00763449283264406
"10242","Nara",2016,15,0.00643058288288856
"10243","Nara",2016,16,0.0075432301480813
"10244","Nara",2016,17,0.00773865486520122
"10245","Nara",2016,18,0.00774057011634576
"10246","Nara",2016,19,0.00946124749811559
"10247","Nara",2016,20,0.00832912888213515
"10248","Nara",2016,21,0.0107706491647157
"10249","Nara",2016,22,0.00943248808753691
"10250","Nara",2016,23,0.0119221672065028
"10251","Nara",2016,24,0.0133813515385916
"10252","Nara",2016,25,0.0144844126315875
"10253","Nara",2016,26,0.0144607309632006
"10254","Nara",2016,27,0.016305677728608
"10255","Nara",2016,28,0.0170487985786991
"10256","Nara",2016,29,0.0150398483439072
"10257","Nara",2016,30,0.0154669566789385
"10258","Nara",2016,31,0.0159586835799667
"10259","Nara",2016,32,0.0141435302571465
"10260","Nara",2016,33,0.0173450384403464
"10261","Nara",2016,34,0.0161851957242538
"10262","Nara",2016,35,0.0138989626355061
"10263","Nara",2016,36,0.0155572096818002
"10264","Nara",2016,37,0.0159292228369032
"10265","Nara",2016,38,0.0153479750873823
"10266","Nara",2016,39,0.0157720141668587
"10267","Nara",2016,40,0.013970334605877
"10268","Nara",2016,41,0.00768844361440437
"10269","Nara",2016,42,0.0109448163439165
"10270","Nara",2016,43,0.0084536475346344
"10271","Nara",2016,44,0.00575574140304796
"10272","Nara",2016,45,0.00592004771572688
"10273","Nara",2016,46,0.00767335893701685
"10274","Nara",2016,47,0.00680369663859173
"10275","Nara",2016,48,0.00521608002470532
"10276","Nara",2016,49,0.00499215378144032
"10277","Nara",2016,50,0.00408419241326565
"10278","Nara",2016,51,0.00523087070324097
"10279","Nara",2016,52,0.00406288602796267
"10280","Nara",2017,1,0.003702840615524
"10281","Nara",2017,2,0.0036961302263083
"10282","Nara",2017,3,0.00299427357414338
"10283","Nara",2017,4,0.00291816186750058
"10284","Nara",2017,5,0.00380279018922354
"10285","Nara",2017,6,0.00338646429785903
"10286","Nara",2017,7,0.00367431462311985
"10287","Nara",2017,8,0.00382544198903536
"10288","Nara",2017,9,0.00376231223047825
"10289","Nara",2017,10,0.00352418431401821
"10290","Nara",2017,11,0.0035741637799417
"10291","Nara",2017,12,0.00373649071456061
"10292","Nara",2017,13,0.00447958405530948
"10293","Nara",2017,14,0.00717002027558405
"10294","Nara",2017,15,0.00618176673350359
"10295","Nara",2017,16,0.00699137644470433
"10296","Nara",2017,17,0.00602294136316767
"10297","Nara",2017,18,0.00799807093156009
"10298","Nara",2017,19,0.00840216194303276
"10299","Nara",2017,20,0.00770170921300443
"10300","Nara",2017,21,0.00992989898745741
"10301","Nara",2017,22,0.0090882763265436
"10302","Nara",2017,23,0.00863611912952065
"10303","Nara",2017,24,0.00755355174014609
"10304","Nara",2017,25,0.0117466076405759
"10305","Nara",2017,26,0.0150209553076326
"10306","Nara",2017,27,0.0160147938678968
"10307","Nara",2017,28,0.0170707300176042
"10308","Nara",2017,29,0.016447015184268
"10309","Nara",2017,30,0.018276126153229
"10310","Nara",2017,31,0.0177572592219851
"10311","Nara",2017,32,0.0174592523315601
"10312","Nara",2017,33,0.01687121759343
"10313","Nara",2017,34,0.0166273348976835
"10314","Nara",2017,35,0.0131273825951667
"10315","Nara",2017,36,0.0128634337803566
"10316","Nara",2017,37,0.0129161102952747
"10317","Nara",2017,38,0.0121962739431143
"10318","Nara",2017,39,0.0107908584264727
"10319","Nara",2017,40,0.010837170316584
"10320","Nara",2017,41,0.0123400768207201
"10321","Nara",2017,42,0.0099548061583268
"10322","Nara",2017,43,0.00849662480190899
"10323","Nara",2017,44,0.00656149289218445
"10324","Nara",2017,45,0.00689971273752369
"10325","Nara",2017,46,0.00527771153658846
"10326","Nara",2017,47,0.00420858063159807
"10327","Nara",2017,48,0.005661044569853
"10328","Nara",2017,49,0.00363001538151408
"10329","Nara",2017,50,0.00340629961408968
"10330","Nara",2017,51,0.00308567379162084
"10331","Nara",2017,52,0.00371982785252115
"10332","Nara",2018,1,0.00336776168213929
"10333","Nara",2018,2,0.00333006285014169
"10334","Nara",2018,3,0.00451618726018512
"10335","Nara",2018,4,0.0026534848380543
"10336","Nara",2018,5,0.0030999229165825
"10337","Nara",2018,6,0.00240807817296538
"10338","Nara",2018,7,0.00301522708543106
"10339","Nara",2018,8,0.00304781806958024
"10340","Nara",2018,9,0.00411674311817795
"10341","Nara",2018,10,0.00518718751155837
"10342","Nara",2018,11,0.00483493986184729
"10343","Nara",2018,12,0.00553650622719598
"10344","Nara",2018,13,0.00488387407207766
"10345","Nara",2018,14,0.00729455948307182
"10346","Nara",2018,15,0.00589195463412036
"10347","Nara",2018,16,0.00650669214566886
"10348","Nara",2018,17,0.0079295434672939
"10349","Nara",2018,18,0.00742876444836648
"10350","Nara",2018,19,0.00799358802496718
"10351","Nara",2018,20,0.0102607131136286
"10352","Nara",2018,21,0.00812540784446179
"10353","Nara",2018,22,0.0102115446443348
"10354","Nara",2018,23,0.011966546268989
"10355","Nara",2018,24,0.0117376061420942
"10356","Nara",2018,25,0.0128384082228793
"10357","Nara",2018,26,0.01515184224643
"10358","Nara",2018,27,0.01658919756565
"10359","Nara",2018,28,0.0160958514476834
"10360","Nara",2018,29,0.0173346916702252
"10361","Nara",2018,30,0.0167332857206652
"10362","Nara",2018,31,0.0168531087191014
"10363","Nara",2018,32,0.0170017084957057
"10364","Nara",2018,33,0.0156342533791272
"10365","Nara",2018,34,0.0168461449777581
"10366","Nara",2018,35,0.0164444802253237
"10367","Nara",2018,36,0.015955547479714
"10368","Nara",2018,37,0.0146667638578236
"10369","Nara",2018,38,0.0138484258378089
"10370","Nara",2018,39,0.0115561238594478
"10371","Nara",2018,40,0.012477222713054
"10372","Nara",2018,41,0.0104032533076254
"10373","Nara",2018,42,0.00840760746439613
"10374","Nara",2018,43,0.00821619739796503
"10375","Nara",2018,44,0.00598059154648625
"10376","Nara",2018,45,0.0090113911052323
"10377","Nara",2018,46,0.00622170190395768
"10378","Nara",2018,47,0.00506094853177056
"10379","Nara",2018,48,0.00574283400975337
"10380","Nara",2018,49,0.00707380468316034
"10381","Nara",2018,50,0.00383258628627709
"10382","Nara",2018,51,0.0054493794984019
"10383","Nara",2018,52,0.0039174571037423
"10384","Nara",2019,1,0.00345528011886015
"10385","Nara",2019,2,0.00336067384911325
"10386","Nara",2019,3,0.00354686540967304
"10387","Nara",2019,4,0.00346228765063201
"10388","Nara",2019,5,0.00324057656051007
"10389","Nara",2019,6,0.00468644871430476
"10390","Nara",2019,7,0.00335431842423441
"10391","Nara",2019,8,0.00431131721787691
"10392","Nara",2019,9,0.00429444008925615
"10393","Nara",2019,10,0.00487765095734311
"10394","Nara",2019,11,0.00444657334177885
"10395","Nara",2019,12,0.00519847075672099
"10396","Nara",2019,13,0.0047623561792503
"10397","Nara",2019,14,0.00390797333606277
"10398","Nara",2019,15,0.00474312136078818
"10399","Nara",2019,16,0.00610103310179432
"10400","Nara",2019,17,0.00933007298697494
"10401","Nara",2019,18,0.00739914783276295
"10402","Nara",2019,19,0.00600355103865394
"10403","Nara",2019,20,0.00900325209306157
"10404","Nara",2019,21,0.00769075159910504
"10405","Nara",2019,22,0.00882079894578001
"10406","Nara",2019,23,0.0113607164727139
"10407","Nara",2019,24,0.0115036558507217
"10408","Nara",2019,25,0.011218945180224
"10409","Nara",2019,26,0.014194292391592
"10410","Nara",2019,27,0.0153576526558623
"10411","Nara",2019,28,0.0143919547512188
"10412","Nara",2019,29,0.016752486642615
"10413","Nara",2019,30,0.0174970031666259
"10414","Nara",2019,31,0.0177879185883354
"10415","Nara",2019,32,0.0174621839284785
"10416","Nara",2019,33,0.018469532088401
"10417","Nara",2019,34,0.0173598000961932
"10418","Nara",2019,35,0.0157326462072815
"10419","Nara",2019,36,0.0168654331660073
"10420","Nara",2019,37,0.015792231719822
"10421","Nara",2019,38,0.0125907556746403
"10422","Nara",2019,39,0.0136723062299928
"10423","Nara",2019,40,0.0137031303916999
"10424","Nara",2019,41,0.0114381996040263
"10425","Nara",2019,42,0.0106394041497667
"10426","Nara",2019,43,0.0102330884978623
"10427","Nara",2019,44,0.00777642120241324
"10428","Nara",2019,45,0.00570259111922106
"10429","Nara",2019,46,0.00602298668474721
"10430","Nara",2019,47,0.00658278127924608
"10431","Nara",2019,48,0.00590609179825713
"10432","Nara",2019,49,0.0046338937421879
"10433","Nara",2019,50,0.00471215905091603
"10434","Nara",2019,51,0.00518905679975874
"10435","Nara",2019,52,0.00472867714994613
"10436","Nara",2020,1,0.0045070647460754
"10437","Nara",2020,2,0.00434832542473127
"10438","Nara",2020,3,0.00377001088943051
"10439","Nara",2020,4,0.00454769488104264
"10440","Nara",2020,5,0.00487793487914496
"10441","Nara",2020,6,0.00310969239555413
"10442","Nara",2020,7,0.00501259126188973
"10443","Nara",2020,8,0.00427307131858637
"10444","Nara",2020,9,0.00424471368711846
"10445","Niigata",2013,1,0.00270884224332814
"10446","Niigata",2013,2,0.00289180729926487
"10447","Niigata",2013,3,0.00316317265646037
"10448","Niigata",2013,4,0.00315433373882341
"10449","Niigata",2013,5,0.00317620138712198
"10450","Niigata",2013,6,0.0028884287297701
"10451","Niigata",2013,7,0.00287759888382737
"10452","Niigata",2013,8,0.00257827884977882
"10453","Niigata",2013,9,0.00295490978004323
"10454","Niigata",2013,10,0.00357868825272789
"10455","Niigata",2013,11,0.0030255079234035
"10456","Niigata",2013,12,0.00422400890241012
"10457","Niigata",2013,13,0.00395444216153967
"10458","Niigata",2013,14,0.00548860247338826
"10459","Niigata",2013,15,0.00413898198306467
"10460","Niigata",2013,16,0.00501056850476253
"10461","Niigata",2013,17,0.0050834631840731
"10462","Niigata",2013,18,0.00520071753090321
"10463","Niigata",2013,19,0.00616200665512812
"10464","Niigata",2013,20,0.00792057953469372
"10465","Niigata",2013,21,0.00884301998361645
"10466","Niigata",2013,22,0.0101964413777145
"10467","Niigata",2013,23,0.00961547466189971
"10468","Niigata",2013,24,0.012888289812265
"10469","Niigata",2013,25,0.0127165234221055
"10470","Niigata",2013,26,0.012679041459385
"10471","Niigata",2013,27,0.0148760112535945
"10472","Niigata",2013,28,0.0159945669059057
"10473","Niigata",2013,29,0.014167841704027
"10474","Niigata",2013,30,0.0161240203177919
"10475","Niigata",2013,31,0.0160919513134086
"10476","Niigata",2013,32,0.0179637750161398
"10477","Niigata",2013,33,0.0170262067986342
"10478","Niigata",2013,34,0.0165220291337248
"10479","Niigata",2013,35,0.0147277220627272
"10480","Niigata",2013,36,0.0147717525368387
"10481","Niigata",2013,37,0.0143858583454454
"10482","Niigata",2013,38,0.0112189205006068
"10483","Niigata",2013,39,0.010352501494245
"10484","Niigata",2013,40,0.0108987841178145
"10485","Niigata",2013,41,0.0126952426890842
"10486","Niigata",2013,42,0.00760093151913172
"10487","Niigata",2013,43,0.00922063618255693
"10488","Niigata",2013,44,0.00676138283003778
"10489","Niigata",2013,45,0.00668414134051375
"10490","Niigata",2013,46,0.00485918157531999
"10491","Niigata",2013,47,0.00487090763386003
"10492","Niigata",2013,48,0.0045335234152041
"10493","Niigata",2013,49,0.00462539369023433
"10494","Niigata",2013,50,0.00362548648275287
"10495","Niigata",2013,51,0.00385931754293013
"10496","Niigata",2013,52,0.00327316407181871
"10497","Niigata",2014,1,0.00332134200150618
"10498","Niigata",2014,2,0.00292622041522995
"10499","Niigata",2014,3,0.00261403495752498
"10500","Niigata",2014,4,0.00309716842996136
"10501","Niigata",2014,5,0.00292424185775694
"10502","Niigata",2014,6,0.00297494212211789
"10503","Niigata",2014,7,0.00294694642157552
"10504","Niigata",2014,8,0.00265946802364386
"10505","Niigata",2014,9,0.00352577061738588
"10506","Niigata",2014,10,0.00287030714520421
"10507","Niigata",2014,11,0.00334225466233866
"10508","Niigata",2014,12,0.00386866850072669
"10509","Niigata",2014,13,0.00480379669024841
"10510","Niigata",2014,14,0.00473310840000606
"10511","Niigata",2014,15,0.00377583261715379
"10512","Niigata",2014,16,0.00429770199961394
"10513","Niigata",2014,17,0.00536790680801462
"10514","Niigata",2014,18,0.00739533636160339
"10515","Niigata",2014,19,0.00572267420323227
"10516","Niigata",2014,20,0.00725171689433123
"10517","Niigata",2014,21,0.00781797176603435
"10518","Niigata",2014,22,0.00981161077736462
"10519","Niigata",2014,23,0.0109379472740892
"10520","Niigata",2014,24,0.0126211592042472
"10521","Niigata",2014,25,0.0116813932316156
"10522","Niigata",2014,26,0.0120157096669743
"10523","Niigata",2014,27,0.0134487498425375
"10524","Niigata",2014,28,0.0154567998806391
"10525","Niigata",2014,29,0.015106418182158
"10526","Niigata",2014,30,0.0163682100114586
"10527","Niigata",2014,31,0.0154537300973368
"10528","Niigata",2014,32,0.0169810580659277
"10529","Niigata",2014,33,0.0159933361415515
"10530","Niigata",2014,34,0.0172743279450406
"10531","Niigata",2014,35,0.0140962197652722
"10532","Niigata",2014,36,0.0139925251793625
"10533","Niigata",2014,37,0.0114178349576429
"10534","Niigata",2014,38,0.00940650841471624
"10535","Niigata",2014,39,0.00961823568102856
"10536","Niigata",2014,40,0.0105253607134492
"10537","Niigata",2014,41,0.00859274698410382
"10538","Niigata",2014,42,0.00748633697641218
"10539","Niigata",2014,43,0.00778442498954655
"10540","Niigata",2014,44,0.00699049778104844
"10541","Niigata",2014,45,0.00620164109133883
"10542","Niigata",2014,46,0.00573617664199949
"10543","Niigata",2014,47,0.00463660469653496
"10544","Niigata",2014,48,0.00632846686023753
"10545","Niigata",2014,49,0.00461448360018868
"10546","Niigata",2014,50,0.00355634531699603
"10547","Niigata",2014,51,0.0033062813047551
"10548","Niigata",2014,52,0.00333479320938913
"10549","Niigata",2015,1,0.00336007910306378
"10550","Niigata",2015,2,0.0032688309785073
"10551","Niigata",2015,3,0.00317704267807091
"10552","Niigata",2015,4,0.00331280498386402
"10553","Niigata",2015,5,0.00297813524712167
"10554","Niigata",2015,6,0.00311727160723317
"10555","Niigata",2015,7,0.00349127121176834
"10556","Niigata",2015,8,0.00388493128123982
"10557","Niigata",2015,9,0.00375557081337106
"10558","Niigata",2015,10,0.00365640945537111
"10559","Niigata",2015,11,0.00453277847031998
"10560","Niigata",2015,12,0.00333631929912393
"10561","Niigata",2015,13,0.00535977481753515
"10562","Niigata",2015,14,0.00494457972435307
"10563","Niigata",2015,15,0.0056358973788246
"10564","Niigata",2015,16,0.00605514839896148
"10565","Niigata",2015,17,0.00683044278126396
"10566","Niigata",2015,18,0.00722232307743049
"10567","Niigata",2015,19,0.00737037263701142
"10568","Niigata",2015,20,0.0076243629051884
"10569","Niigata",2015,21,0.00886925571908597
"10570","Niigata",2015,22,0.00890953243076012
"10571","Niigata",2015,23,0.0107216910373705
"10572","Niigata",2015,24,0.0120205411399547
"10573","Niigata",2015,25,0.0123563517103604
"10574","Niigata",2015,26,0.0123981000280728
"10575","Niigata",2015,27,0.0126466948485541
"10576","Niigata",2015,28,0.0153807618705562
"10577","Niigata",2015,29,0.0164925590050774
"10578","Niigata",2015,30,0.017038225088067
"10579","Niigata",2015,31,0.0160767509286321
"10580","Niigata",2015,32,0.0158354956176637
"10581","Niigata",2015,33,0.0155022567639151
"10582","Niigata",2015,34,0.0134601378670643
"10583","Niigata",2015,35,0.0141930207540376
"10584","Niigata",2015,36,0.0132550236396056
"10585","Niigata",2015,37,0.0113743795521834
"10586","Niigata",2015,38,0.0108784387806857
"10587","Niigata",2015,39,0.00885503009627838
"10588","Niigata",2015,40,0.00735826511702548
"10589","Niigata",2015,41,0.00758220283525593
"10590","Niigata",2015,42,0.0078029023793435
"10591","Niigata",2015,43,0.00606637591146534
"10592","Niigata",2015,44,0.00664176784067076
"10593","Niigata",2015,45,0.00735865776624215
"10594","Niigata",2015,46,0.00740495578133204
"10595","Niigata",2015,47,0.00535150230392155
"10596","Niigata",2015,48,0.00471781442548153
"10597","Niigata",2015,49,0.00437505509809696
"10598","Niigata",2015,50,0.00471360568533022
"10599","Niigata",2015,51,0.00425353766439157
"10600","Niigata",2015,52,0.0033338005140531
"10601","Niigata",2016,1,0.00408418734152437
"10602","Niigata",2016,2,0.00305094784366233
"10603","Niigata",2016,3,0.00315192710900015
"10604","Niigata",2016,4,0.00331725432336845
"10605","Niigata",2016,5,0.00310550581209339
"10606","Niigata",2016,6,0.0032567647379199
"10607","Niigata",2016,7,0.00359889682597663
"10608","Niigata",2016,8,0.00310647190323814
"10609","Niigata",2016,9,0.00355813349986562
"10610","Niigata",2016,10,0.00413441416190659
"10611","Niigata",2016,11,0.00412808216987993
"10612","Niigata",2016,12,0.00342435031848107
"10613","Niigata",2016,13,0.00440162774509347
"10614","Niigata",2016,14,0.00586055477570469
"10615","Niigata",2016,15,0.00508388244165136
"10616","Niigata",2016,16,0.00657709563579906
"10617","Niigata",2016,17,0.00618499610745165
"10618","Niigata",2016,18,0.00737057263024074
"10619","Niigata",2016,19,0.0083435057266931
"10620","Niigata",2016,20,0.00804737636673087
"10621","Niigata",2016,21,0.00956014582966006
"10622","Niigata",2016,22,0.00833091309772293
"10623","Niigata",2016,23,0.0108811217790502
"10624","Niigata",2016,24,0.0123758940329586
"10625","Niigata",2016,25,0.0129537085918815
"10626","Niigata",2016,26,0.0134155410065422
"10627","Niigata",2016,27,0.0149815715310518
"10628","Niigata",2016,28,0.0150695626954098
"10629","Niigata",2016,29,0.0141338960755616
"10630","Niigata",2016,30,0.016195247907117
"10631","Niigata",2016,31,0.0168965959462233
"10632","Niigata",2016,32,0.0154161514236242
"10633","Niigata",2016,33,0.0173668639305841
"10634","Niigata",2016,34,0.0166580562587735
"10635","Niigata",2016,35,0.0146356179180352
"10636","Niigata",2016,36,0.0155824110072154
"10637","Niigata",2016,37,0.0140758031173082
"10638","Niigata",2016,38,0.0125539507646587
"10639","Niigata",2016,39,0.0130229392529905
"10640","Niigata",2016,40,0.0114481756321736
"10641","Niigata",2016,41,0.00689932752402048
"10642","Niigata",2016,42,0.00865823083163896
"10643","Niigata",2016,43,0.00653184774945502
"10644","Niigata",2016,44,0.00551490235463632
"10645","Niigata",2016,45,0.00494197790241336
"10646","Niigata",2016,46,0.00591918241333991
"10647","Niigata",2016,47,0.00512736058404667
"10648","Niigata",2016,48,0.00477129981166669
"10649","Niigata",2016,49,0.00440791416870776
"10650","Niigata",2016,50,0.00368370586531259
"10651","Niigata",2016,51,0.00481438393097101
"10652","Niigata",2016,52,0.00361020764384744
"10653","Niigata",2017,1,0.00366177633932883
"10654","Niigata",2017,2,0.00345134971399109
"10655","Niigata",2017,3,0.00327105189046504
"10656","Niigata",2017,4,0.0029987895309473
"10657","Niigata",2017,5,0.00322404359080631
"10658","Niigata",2017,6,0.00331797072640251
"10659","Niigata",2017,7,0.00318972961733998
"10660","Niigata",2017,8,0.0032241371931942
"10661","Niigata",2017,9,0.00341737421117799
"10662","Niigata",2017,10,0.00342940708078904
"10663","Niigata",2017,11,0.00370420424456223
"10664","Niigata",2017,12,0.00363927666139512
"10665","Niigata",2017,13,0.003937970020397
"10666","Niigata",2017,14,0.00529444474409134
"10667","Niigata",2017,15,0.0046138165906594
"10668","Niigata",2017,16,0.00603047173434457
"10669","Niigata",2017,17,0.00548670307597264
"10670","Niigata",2017,18,0.00681533946017975
"10671","Niigata",2017,19,0.00821894742428329
"10672","Niigata",2017,20,0.0081428401991984
"10673","Niigata",2017,21,0.0100234841232838
"10674","Niigata",2017,22,0.00942048422423505
"10675","Niigata",2017,23,0.00901939116175293
"10676","Niigata",2017,24,0.00894322024983461
"10677","Niigata",2017,25,0.0113400819394496
"10678","Niigata",2017,26,0.0132001811968942
"10679","Niigata",2017,27,0.0148779308291189
"10680","Niigata",2017,28,0.0172200169334722
"10681","Niigata",2017,29,0.016814206922721
"10682","Niigata",2017,30,0.0170253763117294
"10683","Niigata",2017,31,0.0168536019943387
"10684","Niigata",2017,32,0.0180474022395629
"10685","Niigata",2017,33,0.0163952885036741
"10686","Niigata",2017,34,0.0168202017706138
"10687","Niigata",2017,35,0.0128231106690481
"10688","Niigata",2017,36,0.0128010484964555
"10689","Niigata",2017,37,0.0121193723273479
"10690","Niigata",2017,38,0.0117387943757448
"10691","Niigata",2017,39,0.0101784505520754
"10692","Niigata",2017,40,0.00921108777635892
"10693","Niigata",2017,41,0.0108870121919876
"10694","Niigata",2017,42,0.00791707274341091
"10695","Niigata",2017,43,0.00781154606415197
"10696","Niigata",2017,44,0.00670215721813981
"10697","Niigata",2017,45,0.00564968512431347
"10698","Niigata",2017,46,0.00510317459368087
"10699","Niigata",2017,47,0.00410173134516345
"10700","Niigata",2017,48,0.00438019994300408
"10701","Niigata",2017,49,0.00395645968891125
"10702","Niigata",2017,50,0.00359192780689243
"10703","Niigata",2017,51,0.00342956607798592
"10704","Niigata",2017,52,0.00340522081328809
"10705","Niigata",2018,1,0.00333820631872762
"10706","Niigata",2018,2,0.00319021242551026
"10707","Niigata",2018,3,0.00367481415102299
"10708","Niigata",2018,4,0.00271298272049744
"10709","Niigata",2018,5,0.00295937689219061
"10710","Niigata",2018,6,0.0029442436560569
"10711","Niigata",2018,7,0.00290878607009744
"10712","Niigata",2018,8,0.0028716338972832
"10713","Niigata",2018,9,0.00333562849580701
"10714","Niigata",2018,10,0.00384354975505409
"10715","Niigata",2018,11,0.00380045688042397
"10716","Niigata",2018,12,0.00425454693524503
"10717","Niigata",2018,13,0.00420353802769604
"10718","Niigata",2018,14,0.00589939264973354
"10719","Niigata",2018,15,0.00502320067179998
"10720","Niigata",2018,16,0.00619375562464446
"10721","Niigata",2018,17,0.00756804531340099
"10722","Niigata",2018,18,0.00751305361730026
"10723","Niigata",2018,19,0.00727659583623513
"10724","Niigata",2018,20,0.00995027378096853
"10725","Niigata",2018,21,0.00801545546956375
"10726","Niigata",2018,22,0.0099908708714195
"10727","Niigata",2018,23,0.0114311625241696
"10728","Niigata",2018,24,0.0100149815397693
"10729","Niigata",2018,25,0.0114540049498446
"10730","Niigata",2018,26,0.0145535819210981
"10731","Niigata",2018,27,0.0157322811817014
"10732","Niigata",2018,28,0.016462512383108
"10733","Niigata",2018,29,0.0171121680917931
"10734","Niigata",2018,30,0.0164763525156755
"10735","Niigata",2018,31,0.0156208847170825
"10736","Niigata",2018,32,0.0169385757751818
"10737","Niigata",2018,33,0.0149657862310084
"10738","Niigata",2018,34,0.0164962235847859
"10739","Niigata",2018,35,0.0161694627998943
"10740","Niigata",2018,36,0.0149702355231855
"10741","Niigata",2018,37,0.01296632999761
"10742","Niigata",2018,38,0.0118615419060072
"10743","Niigata",2018,39,0.0110418963109775
"10744","Niigata",2018,40,0.0112623811877979
"10745","Niigata",2018,41,0.0099422826413181
"10746","Niigata",2018,42,0.00816308227597165
"10747","Niigata",2018,43,0.00744385615844925
"10748","Niigata",2018,44,0.00645232346301546
"10749","Niigata",2018,45,0.0082160658416279
"10750","Niigata",2018,46,0.0059327265377651
"10751","Niigata",2018,47,0.00506461267440265
"10752","Niigata",2018,48,0.00521243500629695
"10753","Niigata",2018,49,0.00562492939391057
"10754","Niigata",2018,50,0.00346840700075013
"10755","Niigata",2018,51,0.00429096870188569
"10756","Niigata",2018,52,0.00360531667480446
"10757","Niigata",2019,1,0.00328900016773274
"10758","Niigata",2019,2,0.00316820853967387
"10759","Niigata",2019,3,0.0032630694515963
"10760","Niigata",2019,4,0.00321934885027645
"10761","Niigata",2019,5,0.00327132488928166
"10762","Niigata",2019,6,0.00336865985124938
"10763","Niigata",2019,7,0.00280737377368361
"10764","Niigata",2019,8,0.00376696285558708
"10765","Niigata",2019,9,0.00357871585074644
"10766","Niigata",2019,10,0.00407200857944917
"10767","Niigata",2019,11,0.0041309669718408
"10768","Niigata",2019,12,0.00407273645898932
"10769","Niigata",2019,13,0.00382994627404267
"10770","Niigata",2019,14,0.00389591243772403
"10771","Niigata",2019,15,0.00416258473462547
"10772","Niigata",2019,16,0.00506713229169902
"10773","Niigata",2019,17,0.00719691497481386
"10774","Niigata",2019,18,0.00647154465611252
"10775","Niigata",2019,19,0.00592229934914376
"10776","Niigata",2019,20,0.00838847441286581
"10777","Niigata",2019,21,0.00769597926039314
"10778","Niigata",2019,22,0.00904482102364176
"10779","Niigata",2019,23,0.0110296824367775
"10780","Niigata",2019,24,0.0101264485107658
"10781","Niigata",2019,25,0.011408674216093
"10782","Niigata",2019,26,0.0137178038197244
"10783","Niigata",2019,27,0.014377764968682
"10784","Niigata",2019,28,0.0132750271163594
"10785","Niigata",2019,29,0.0158942005153934
"10786","Niigata",2019,30,0.0177307406347023
"10787","Niigata",2019,31,0.0184070330543034
"10788","Niigata",2019,32,0.0189229142814372
"10789","Niigata",2019,33,0.0184794279226868
"10790","Niigata",2019,34,0.0166962501034582
"10791","Niigata",2019,35,0.0151601319566673
"10792","Niigata",2019,36,0.0155342877497704
"10793","Niigata",2019,37,0.0148044372091509
"10794","Niigata",2019,38,0.0116695742577135
"10795","Niigata",2019,39,0.0115402285455727
"10796","Niigata",2019,40,0.0122818140551944
"10797","Niigata",2019,41,0.0104258943091085
"10798","Niigata",2019,42,0.00849527903346645
"10799","Niigata",2019,43,0.00920672683364162
"10800","Niigata",2019,44,0.00720802581495523
"10801","Niigata",2019,45,0.00570265452274948
"10802","Niigata",2019,46,0.0060535164987096
"10803","Niigata",2019,47,0.005396905447167
"10804","Niigata",2019,48,0.00499339379434765
"10805","Niigata",2019,49,0.00438101382717181
"10806","Niigata",2019,50,0.00408151322313738
"10807","Niigata",2019,51,0.00434663436397532
"10808","Niigata",2019,52,0.00411851636103385
"10809","Niigata",2020,1,0.00382656966851729
"10810","Niigata",2020,2,0.00409365857894581
"10811","Niigata",2020,3,0.00382500559279684
"10812","Niigata",2020,4,0.00371299592121923
"10813","Niigata",2020,5,0.00414804858020534
"10814","Niigata",2020,6,0.00298237093307744
"10815","Niigata",2020,7,0.00401606245198155
"10816","Niigata",2020,8,0.004131481458554
"10817","Niigata",2020,9,0.00383960538589974
"10818","Oita",2013,1,0.00298047962082838
"10819","Oita",2013,2,0.00306128729360106
"10820","Oita",2013,3,0.00353230816639227
"10821","Oita",2013,4,0.00408408708742605
"10822","Oita",2013,5,0.0042859416404615
"10823","Oita",2013,6,0.00438878606984354
"10824","Oita",2013,7,0.00355216742203176
"10825","Oita",2013,8,0.00391648623781603
"10826","Oita",2013,9,0.0043536787447195
"10827","Oita",2013,10,0.00483293338771225
"10828","Oita",2013,11,0.005095827575995
"10829","Oita",2013,12,0.00658717930074547
"10830","Oita",2013,13,0.00602128229653225
"10831","Oita",2013,14,0.00687419918801614
"10832","Oita",2013,15,0.0041147614548231
"10833","Oita",2013,16,0.00748438171624168
"10834","Oita",2013,17,0.00598820865343451
"10835","Oita",2013,18,0.00664360052445393
"10836","Oita",2013,19,0.00815855716704918
"10837","Oita",2013,20,0.00927033040868215
"10838","Oita",2013,21,0.0106773838776616
"10839","Oita",2013,22,0.0121179177529261
"10840","Oita",2013,23,0.0117706547180295
"10841","Oita",2013,24,0.0155607745232938
"10842","Oita",2013,25,0.0159793122243115
"10843","Oita",2013,26,0.0145589799940728
"10844","Oita",2013,27,0.0169287511734816
"10845","Oita",2013,28,0.017145617559197
"10846","Oita",2013,29,0.0162041749697184
"10847","Oita",2013,30,0.0169246259672161
"10848","Oita",2013,31,0.018270150928716
"10849","Oita",2013,32,0.0183075948180777
"10850","Oita",2013,33,0.0167329882868768
"10851","Oita",2013,34,0.018226660515202
"10852","Oita",2013,35,0.0164132924721304
"10853","Oita",2013,36,0.0147576590009829
"10854","Oita",2013,37,0.0164833351117017
"10855","Oita",2013,38,0.0123488336722816
"10856","Oita",2013,39,0.0122509245075455
"10857","Oita",2013,40,0.0126307316589084
"10858","Oita",2013,41,0.014414036928418
"10859","Oita",2013,42,0.00916289220325315
"10860","Oita",2013,43,0.0107472258470636
"10861","Oita",2013,44,0.00787452925385035
"10862","Oita",2013,45,0.00840232375897344
"10863","Oita",2013,46,0.00604529609596755
"10864","Oita",2013,47,0.00445857230412363
"10865","Oita",2013,48,0.00477680026730029
"10866","Oita",2013,49,0.00443991118971209
"10867","Oita",2013,50,0.00406185675454853
"10868","Oita",2013,51,0.00415755850558899
"10869","Oita",2013,52,0.00361642148755892
"10870","Oita",2014,1,0.00391235026711447
"10871","Oita",2014,2,0.0037788843064629
"10872","Oita",2014,3,0.00321329940992919
"10873","Oita",2014,4,0.00397517612405149
"10874","Oita",2014,5,0.00501395341984373
"10875","Oita",2014,6,0.00479171282336215
"10876","Oita",2014,7,0.00358528053719632
"10877","Oita",2014,8,0.0034354396306916
"10878","Oita",2014,9,0.00565154418969564
"10879","Oita",2014,10,0.00376706112169602
"10880","Oita",2014,11,0.00422472997641324
"10881","Oita",2014,12,0.00586552190882188
"10882","Oita",2014,13,0.00754838874618895
"10883","Oita",2014,14,0.00612161182724098
"10884","Oita",2014,15,0.00580386138864142
"10885","Oita",2014,16,0.00693305831843934
"10886","Oita",2014,17,0.00732632908115172
"10887","Oita",2014,18,0.00826573199381685
"10888","Oita",2014,19,0.00683776952799362
"10889","Oita",2014,20,0.00929888123541595
"10890","Oita",2014,21,0.0099974686734317
"10891","Oita",2014,22,0.0109626207984688
"10892","Oita",2014,23,0.0126082096128657
"10893","Oita",2014,24,0.0131092401539555
"10894","Oita",2014,25,0.0130062202099352
"10895","Oita",2014,26,0.0138093145136332
"10896","Oita",2014,27,0.0141795545836399
"10897","Oita",2014,28,0.0166422523313045
"10898","Oita",2014,29,0.0173298374552051
"10899","Oita",2014,30,0.0180090577520205
"10900","Oita",2014,31,0.01741800512312
"10901","Oita",2014,32,0.0186226156607899
"10902","Oita",2014,33,0.0179485604576768
"10903","Oita",2014,34,0.018119866128924
"10904","Oita",2014,35,0.0162093288398667
"10905","Oita",2014,36,0.0166702470690519
"10906","Oita",2014,37,0.012999782717809
"10907","Oita",2014,38,0.0116670134741607
"10908","Oita",2014,39,0.0135646688946802
"10909","Oita",2014,40,0.012322134440365
"10910","Oita",2014,41,0.0111136734751609
"10911","Oita",2014,42,0.00889572680692897
"10912","Oita",2014,43,0.00995805269759179
"10913","Oita",2014,44,0.00951067576920426
"10914","Oita",2014,45,0.00708881779565757
"10915","Oita",2014,46,0.00638602251070314
"10916","Oita",2014,47,0.00627340369136084
"10917","Oita",2014,48,0.00825937770738059
"10918","Oita",2014,49,0.00473040351109516
"10919","Oita",2014,50,0.00444539685640387
"10920","Oita",2014,51,0.00350297171850245
"10921","Oita",2014,52,0.00360713622621859
"10922","Oita",2015,1,0.00411201461677829
"10923","Oita",2015,2,0.00410905074081754
"10924","Oita",2015,3,0.00418273863631733
"10925","Oita",2015,4,0.00474475699768547
"10926","Oita",2015,5,0.00358569486656211
"10927","Oita",2015,6,0.00298140171882969
"10928","Oita",2015,7,0.00466112092870913
"10929","Oita",2015,8,0.0049775101656342
"10930","Oita",2015,9,0.00439232353493251
"10931","Oita",2015,10,0.00379531422312157
"10932","Oita",2015,11,0.00776160659904459
"10933","Oita",2015,12,0.00398654272107002
"10934","Oita",2015,13,0.00974003862370663
"10935","Oita",2015,14,0.00815653406332993
"10936","Oita",2015,15,0.00700893324639246
"10937","Oita",2015,16,0.00766127572320357
"10938","Oita",2015,17,0.00918363116745847
"10939","Oita",2015,18,0.00959795151317513
"10940","Oita",2015,19,0.0105784292105654
"10941","Oita",2015,20,0.00948612856983778
"10942","Oita",2015,21,0.0109464069825762
"10943","Oita",2015,22,0.0118195109052227
"10944","Oita",2015,23,0.0138434999364983
"10945","Oita",2015,24,0.014046944636227
"10946","Oita",2015,25,0.0147249085913826
"10947","Oita",2015,26,0.0140032508052861
"10948","Oita",2015,27,0.0167341115539275
"10949","Oita",2015,28,0.0165524146223564
"10950","Oita",2015,29,0.0176330465606195
"10951","Oita",2015,30,0.018640985103081
"10952","Oita",2015,31,0.0177128636377488
"10953","Oita",2015,32,0.0168554247066767
"10954","Oita",2015,33,0.0176501063174523
"10955","Oita",2015,34,0.0157718998408229
"10956","Oita",2015,35,0.0161542035926278
"10957","Oita",2015,36,0.0132419284817414
"10958","Oita",2015,37,0.0120335202753959
"10959","Oita",2015,38,0.0138329196873678
"10960","Oita",2015,39,0.011516933926641
"10961","Oita",2015,40,0.00859005477534833
"10962","Oita",2015,41,0.00796178304600149
"10963","Oita",2015,42,0.00933874337103014
"10964","Oita",2015,43,0.00702172194420364
"10965","Oita",2015,44,0.00902656203604214
"10966","Oita",2015,45,0.0104070453142511
"10967","Oita",2015,46,0.00989963406148639
"10968","Oita",2015,47,0.00684090635129127
"10969","Oita",2015,48,0.00558986399791311
"10970","Oita",2015,49,0.00651582227398828
"10971","Oita",2015,50,0.00494183025907828
"10972","Oita",2015,51,0.0060742516556159
"10973","Oita",2015,52,0.00415158268773226
"10974","Oita",2016,1,0.00500915246445138
"10975","Oita",2016,2,0.00362706732431037
"10976","Oita",2016,3,0.00358030838427605
"10977","Oita",2016,4,0.0045748502489408
"10978","Oita",2016,5,0.00373915877735956
"10979","Oita",2016,6,0.00517592564890064
"10980","Oita",2016,7,0.00407053529117419
"10981","Oita",2016,8,0.00370548374084975
"10982","Oita",2016,9,0.0048480786719628
"10983","Oita",2016,10,0.00627915831173063
"10984","Oita",2016,11,0.00594038969644105
"10985","Oita",2016,12,0.00428745254534389
"10986","Oita",2016,13,0.0067264545364761
"10987","Oita",2016,14,0.00896083024478779
"10988","Oita",2016,15,0.00756192944019629
"10989","Oita",2016,16,0.00804113380039507
"10990","Oita",2016,17,0.00921966697898102
"10991","Oita",2016,18,0.00912020126961515
"10992","Oita",2016,19,0.0107056793931995
"10993","Oita",2016,20,0.00914650892289449
"10994","Oita",2016,21,0.0124297197131757
"10995","Oita",2016,22,0.0109663288356986
"10996","Oita",2016,23,0.0142812477659773
"10997","Oita",2016,24,0.0147714966779297
"10998","Oita",2016,25,0.0167383518665999
"10999","Oita",2016,26,0.0156568597120036
"11000","Oita",2016,27,0.0182743008058589
"11001","Oita",2016,28,0.0183965829792112
"11002","Oita",2016,29,0.0168317089940483
"11003","Oita",2016,30,0.0178516564104485
"11004","Oita",2016,31,0.0180160886405143
"11005","Oita",2016,32,0.017558988651338
"11006","Oita",2016,33,0.018516763971133
"11007","Oita",2016,34,0.0177606549476309
"11008","Oita",2016,35,0.014117978645346
"11009","Oita",2016,36,0.01648294471572
"11010","Oita",2016,37,0.0169299584551313
"11011","Oita",2016,38,0.0149417844843149
"11012","Oita",2016,39,0.0178821582442158
"11013","Oita",2016,40,0.0159134479214198
"11014","Oita",2016,41,0.00928890850534026
"11015","Oita",2016,42,0.0132370206066846
"11016","Oita",2016,43,0.0108175246305253
"11017","Oita",2016,44,0.00683429444398247
"11018","Oita",2016,45,0.00709349453038942
"11019","Oita",2016,46,0.00947795782251948
"11020","Oita",2016,47,0.00733204630143995
"11021","Oita",2016,48,0.00569894722330093
"11022","Oita",2016,49,0.00528165973336418
"11023","Oita",2016,50,0.00502291172742711
"11024","Oita",2016,51,0.00633737131171482
"11025","Oita",2016,52,0.0048246774577393
"11026","Oita",2017,1,0.00483086365914454
"11027","Oita",2017,2,0.00400743364460762
"11028","Oita",2017,3,0.00362132465647442
"11029","Oita",2017,4,0.00311327061047352
"11030","Oita",2017,5,0.00420724506135481
"11031","Oita",2017,6,0.00362670042448807
"11032","Oita",2017,7,0.0038988568092445
"11033","Oita",2017,8,0.00436386083506002
"11034","Oita",2017,9,0.00418021218903465
"11035","Oita",2017,10,0.00362442869964506
"11036","Oita",2017,11,0.00442355814176425
"11037","Oita",2017,12,0.00502810208046311
"11038","Oita",2017,13,0.00546797819448784
"11039","Oita",2017,14,0.00808844891293048
"11040","Oita",2017,15,0.00754590389130678
"11041","Oita",2017,16,0.00831608634082948
"11042","Oita",2017,17,0.00701688714588985
"11043","Oita",2017,18,0.00989787440196251
"11044","Oita",2017,19,0.00928098955811259
"11045","Oita",2017,20,0.00838282084788103
"11046","Oita",2017,21,0.0106750138785966
"11047","Oita",2017,22,0.010842644711654
"11048","Oita",2017,23,0.0099948148978131
"11049","Oita",2017,24,0.0105072851209561
"11050","Oita",2017,25,0.0138769329224681
"11051","Oita",2017,26,0.0168981588005235
"11052","Oita",2017,27,0.0182931998338848
"11053","Oita",2017,28,0.0178597677767489
"11054","Oita",2017,29,0.0185853532431808
"11055","Oita",2017,30,0.0203989385764115
"11056","Oita",2017,31,0.0195620932468765
"11057","Oita",2017,32,0.0189645383805872
"11058","Oita",2017,33,0.0183043269689652
"11059","Oita",2017,34,0.01852896140761
"11060","Oita",2017,35,0.0150626529608088
"11061","Oita",2017,36,0.0152524911469354
"11062","Oita",2017,37,0.0151168402461722
"11063","Oita",2017,38,0.0137026069957285
"11064","Oita",2017,39,0.0120636063806031
"11065","Oita",2017,40,0.0126349203667186
"11066","Oita",2017,41,0.0132881860535776
"11067","Oita",2017,42,0.0113407759498939
"11068","Oita",2017,43,0.00914794678655018
"11069","Oita",2017,44,0.00773833347815594
"11070","Oita",2017,45,0.00797032369353554
"11071","Oita",2017,46,0.00617003541138806
"11072","Oita",2017,47,0.00438967133626772
"11073","Oita",2017,48,0.00636926379053204
"11074","Oita",2017,49,0.00395594784813215
"11075","Oita",2017,50,0.00371166738673773
"11076","Oita",2017,51,0.00357256650393701
"11077","Oita",2017,52,0.00382416110820408
"11078","Oita",2018,1,0.00349329958232105
"11079","Oita",2018,2,0.00373628102578435
"11080","Oita",2018,3,0.00498284166281484
"11081","Oita",2018,4,0.00295548633368035
"11082","Oita",2018,5,0.00328202290564179
"11083","Oita",2018,6,0.00281192889991682
"11084","Oita",2018,7,0.00361713870221173
"11085","Oita",2018,8,0.00373758868893334
"11086","Oita",2018,9,0.00509180459791584
"11087","Oita",2018,10,0.0058801440878539
"11088","Oita",2018,11,0.00566034237549067
"11089","Oita",2018,12,0.0061031140270055
"11090","Oita",2018,13,0.00601541953996725
"11091","Oita",2018,14,0.00794454501198933
"11092","Oita",2018,15,0.00713909238876891
"11093","Oita",2018,16,0.0071289937621221
"11094","Oita",2018,17,0.00862732755108746
"11095","Oita",2018,18,0.00817562534676956
"11096","Oita",2018,19,0.00933909718428687
"11097","Oita",2018,20,0.0123432263405629
"11098","Oita",2018,21,0.010409652491376
"11099","Oita",2018,22,0.0118533889847692
"11100","Oita",2018,23,0.0139133383339259
"11101","Oita",2018,24,0.0125590416097292
"11102","Oita",2018,25,0.0141877177722242
"11103","Oita",2018,26,0.0162270025852459
"11104","Oita",2018,27,0.0179406042506005
"11105","Oita",2018,28,0.0176741749927064
"11106","Oita",2018,29,0.0181993692385363
"11107","Oita",2018,30,0.0194119105453959
"11108","Oita",2018,31,0.0187929154599013
"11109","Oita",2018,32,0.0181312347819598
"11110","Oita",2018,33,0.0178538585705406
"11111","Oita",2018,34,0.0180264561737354
"11112","Oita",2018,35,0.0177743200489062
"11113","Oita",2018,36,0.0156857887150172
"11114","Oita",2018,37,0.0157635296655457
"11115","Oita",2018,38,0.0156980694723375
"11116","Oita",2018,39,0.0124078647343806
"11117","Oita",2018,40,0.0125632464155849
"11118","Oita",2018,41,0.0101454661192785
"11119","Oita",2018,42,0.00850871658259389
"11120","Oita",2018,43,0.00850707694715066
"11121","Oita",2018,44,0.00611195239491536
"11122","Oita",2018,45,0.00811967981233473
"11123","Oita",2018,46,0.00690791892516895
"11124","Oita",2018,47,0.00553944277376703
"11125","Oita",2018,48,0.00703413147481219
"11126","Oita",2018,49,0.00771148953954302
"11127","Oita",2018,50,0.00428031419589328
"11128","Oita",2018,51,0.00619211188598761
"11129","Oita",2018,52,0.0039713627018077
"11130","Oita",2019,1,0.00366896873146021
"11131","Oita",2019,2,0.00440105373509929
"11132","Oita",2019,3,0.00426110169069701
"11133","Oita",2019,4,0.00384574310134801
"11134","Oita",2019,5,0.0041320321037239
"11135","Oita",2019,6,0.00546659490042356
"11136","Oita",2019,7,0.00401061726144206
"11137","Oita",2019,8,0.00509294914956302
"11138","Oita",2019,9,0.00528174989687207
"11139","Oita",2019,10,0.00559541603725396
"11140","Oita",2019,11,0.00455958186160774
"11141","Oita",2019,12,0.00578404722461753
"11142","Oita",2019,13,0.00567985352233857
"11143","Oita",2019,14,0.00452956696314492
"11144","Oita",2019,15,0.00651634871946078
"11145","Oita",2019,16,0.00750631649301647
"11146","Oita",2019,17,0.00966981627636031
"11147","Oita",2019,18,0.00897180640415078
"11148","Oita",2019,19,0.00763440800873725
"11149","Oita",2019,20,0.0106393160514285
"11150","Oita",2019,21,0.00961902937595068
"11151","Oita",2019,22,0.0101001848913085
"11152","Oita",2019,23,0.0138309303019546
"11153","Oita",2019,24,0.0117868318230268
"11154","Oita",2019,25,0.0126757270187455
"11155","Oita",2019,26,0.0152441429648758
"11156","Oita",2019,27,0.0157457069293972
"11157","Oita",2019,28,0.0159306082106876
"11158","Oita",2019,29,0.0177058059757182
"11159","Oita",2019,30,0.0187066494786422
"11160","Oita",2019,31,0.0185207746388885
"11161","Oita",2019,32,0.0180941997352036
"11162","Oita",2019,33,0.018925745969585
"11163","Oita",2019,34,0.0182950317406242
"11164","Oita",2019,35,0.0162619183952611
"11165","Oita",2019,36,0.0178848767543063
"11166","Oita",2019,37,0.0179732281575103
"11167","Oita",2019,38,0.0139300042416014
"11168","Oita",2019,39,0.0143999371594009
"11169","Oita",2019,40,0.0151679008937171
"11170","Oita",2019,41,0.0113103795011712
"11171","Oita",2019,42,0.0102640969548864
"11172","Oita",2019,43,0.0111843830066446
"11173","Oita",2019,44,0.00821793735802029
"11174","Oita",2019,45,0.00704389798472092
"11175","Oita",2019,46,0.00648025165696726
"11176","Oita",2019,47,0.00698809824104095
"11177","Oita",2019,48,0.0071754956312744
"11178","Oita",2019,49,0.00489415767020925
"11179","Oita",2019,50,0.00464898591860374
"11180","Oita",2019,51,0.00617550196143994
"11181","Oita",2019,52,0.0053380651453884
"11182","Oita",2020,1,0.00487450683548256
"11183","Oita",2020,2,0.00522188683855978
"11184","Oita",2020,3,0.00412866212744463
"11185","Oita",2020,4,0.00582789649716789
"11186","Oita",2020,5,0.00527128526715158
"11187","Oita",2020,6,0.00375607596222451
"11188","Oita",2020,7,0.00623700043135054
"11189","Oita",2020,8,0.00422450855362713
"11190","Oita",2020,9,0.00535753835852879
"11191","Okayama",2013,1,0.00286889657135199
"11192","Okayama",2013,2,0.00316115056888024
"11193","Okayama",2013,3,0.00334449451647484
"11194","Okayama",2013,4,0.00351083025459034
"11195","Okayama",2013,5,0.00404799979028192
"11196","Okayama",2013,6,0.00365532385725214
"11197","Okayama",2013,7,0.00317295646876515
"11198","Okayama",2013,8,0.00322312712019081
"11199","Okayama",2013,9,0.0038887797529413
"11200","Okayama",2013,10,0.00452365659065338
"11201","Okayama",2013,11,0.0040794228351562
"11202","Okayama",2013,12,0.00578492245500322
"11203","Okayama",2013,13,0.00530590217663554
"11204","Okayama",2013,14,0.00626619804100277
"11205","Okayama",2013,15,0.00412660327885528
"11206","Okayama",2013,16,0.0062780487175545
"11207","Okayama",2013,17,0.00585243230367414
"11208","Okayama",2013,18,0.00614566692950243
"11209","Okayama",2013,19,0.00696798778924489
"11210","Okayama",2013,20,0.00832476317045749
"11211","Okayama",2013,21,0.00959250096483512
"11212","Okayama",2013,22,0.0110979460395289
"11213","Okayama",2013,23,0.0108085012653031
"11214","Okayama",2013,24,0.0137441911945335
"11215","Okayama",2013,25,0.014399852737113
"11216","Okayama",2013,26,0.0139630262379694
"11217","Okayama",2013,27,0.0160242682132229
"11218","Okayama",2013,28,0.0174452923068939
"11219","Okayama",2013,29,0.0164131824504505
"11220","Okayama",2013,30,0.0171939512518552
"11221","Okayama",2013,31,0.0182567501101121
"11222","Okayama",2013,32,0.0190735117961984
"11223","Okayama",2013,33,0.0173661206732967
"11224","Okayama",2013,34,0.0183766520364514
"11225","Okayama",2013,35,0.0157516950766959
"11226","Okayama",2013,36,0.0142085122443292
"11227","Okayama",2013,37,0.0152851478659587
"11228","Okayama",2013,38,0.0115688979873454
"11229","Okayama",2013,39,0.0112170116903443
"11230","Okayama",2013,40,0.0115700194428592
"11231","Okayama",2013,41,0.0137542197794997
"11232","Okayama",2013,42,0.00841325296994084
"11233","Okayama",2013,43,0.0102488704761188
"11234","Okayama",2013,44,0.00709742086537466
"11235","Okayama",2013,45,0.00782189466676414
"11236","Okayama",2013,46,0.00604280766686816
"11237","Okayama",2013,47,0.00442789847180333
"11238","Okayama",2013,48,0.0045106790782369
"11239","Okayama",2013,49,0.00463290074107083
"11240","Okayama",2013,50,0.00390382646108556
"11241","Okayama",2013,51,0.0039211039142088
"11242","Okayama",2013,52,0.00356789309865135
"11243","Okayama",2014,1,0.00357204873821848
"11244","Okayama",2014,2,0.00346602489534416
"11245","Okayama",2014,3,0.0032857872039461
"11246","Okayama",2014,4,0.00364504746397753
"11247","Okayama",2014,5,0.0043727048503205
"11248","Okayama",2014,6,0.00427688169199458
"11249","Okayama",2014,7,0.00317769911944891
"11250","Okayama",2014,8,0.0030201468450932
"11251","Okayama",2014,9,0.00498409259939128
"11252","Okayama",2014,10,0.00338852573351374
"11253","Okayama",2014,11,0.00387676146565352
"11254","Okayama",2014,12,0.00510809835776097
"11255","Okayama",2014,13,0.00655242838439791
"11256","Okayama",2014,14,0.00561664818466478
"11257","Okayama",2014,15,0.00478536051638842
"11258","Okayama",2014,16,0.00580769632827987
"11259","Okayama",2014,17,0.00653295894679403
"11260","Okayama",2014,18,0.0085689855303851
"11261","Okayama",2014,19,0.00623863792875707
"11262","Okayama",2014,20,0.00829096945570322
"11263","Okayama",2014,21,0.00890497703396964
"11264","Okayama",2014,22,0.0107862074257207
"11265","Okayama",2014,23,0.012289615077681
"11266","Okayama",2014,24,0.0127907624426633
"11267","Okayama",2014,25,0.0122967390847717
"11268","Okayama",2014,26,0.0133600982507812
"11269","Okayama",2014,27,0.0137582841602017
"11270","Okayama",2014,28,0.0163984167597948
"11271","Okayama",2014,29,0.0165028811889491
"11272","Okayama",2014,30,0.0172607417092028
"11273","Okayama",2014,31,0.0167172732110229
"11274","Okayama",2014,32,0.0181433801087539
"11275","Okayama",2014,33,0.0176059063267583
"11276","Okayama",2014,34,0.0180113110391061
"11277","Okayama",2014,35,0.0155604221256621
"11278","Okayama",2014,36,0.015919718658223
"11279","Okayama",2014,37,0.0119225997154615
"11280","Okayama",2014,38,0.0102350649449237
"11281","Okayama",2014,39,0.0118001297859343
"11282","Okayama",2014,40,0.0116546841755365
"11283","Okayama",2014,41,0.0101085357013817
"11284","Okayama",2014,42,0.00778703240428115
"11285","Okayama",2014,43,0.00927053259789958
"11286","Okayama",2014,44,0.0084375441759617
"11287","Okayama",2014,45,0.00662352063347029
"11288","Okayama",2014,46,0.00546816860866957
"11289","Okayama",2014,47,0.00566466585931008
"11290","Okayama",2014,48,0.00742426496191423
"11291","Okayama",2014,49,0.00445851074210471
"11292","Okayama",2014,50,0.00392527599126461
"11293","Okayama",2014,51,0.00334322500234948
"11294","Okayama",2014,52,0.00354526885108801
"11295","Okayama",2015,1,0.0039455689500658
"11296","Okayama",2015,2,0.00382598048377991
"11297","Okayama",2015,3,0.00407267859264213
"11298","Okayama",2015,4,0.00407935179279306
"11299","Okayama",2015,5,0.00336029840893859
"11300","Okayama",2015,6,0.00307881266509915
"11301","Okayama",2015,7,0.0039866256991535
"11302","Okayama",2015,8,0.00466310091249673
"11303","Okayama",2015,9,0.00404837131402845
"11304","Okayama",2015,10,0.00362691905331987
"11305","Okayama",2015,11,0.00695929768736729
"11306","Okayama",2015,12,0.00381904305278946
"11307","Okayama",2015,13,0.00831190871416357
"11308","Okayama",2015,14,0.00640017094511766
"11309","Okayama",2015,15,0.006554574050479
"11310","Okayama",2015,16,0.00704706364020523
"11311","Okayama",2015,17,0.0086382903369905
"11312","Okayama",2015,18,0.00888919759008604
"11313","Okayama",2015,19,0.00910153153816727
"11314","Okayama",2015,20,0.00870269935772158
"11315","Okayama",2015,21,0.0101284021543123
"11316","Okayama",2015,22,0.00975591949575134
"11317","Okayama",2015,23,0.0123445506689082
"11318","Okayama",2015,24,0.0131248329703606
"11319","Okayama",2015,25,0.0137972649206394
"11320","Okayama",2015,26,0.0129602292821749
"11321","Okayama",2015,27,0.0158748878603487
"11322","Okayama",2015,28,0.0168107537698298
"11323","Okayama",2015,29,0.01755180165252
"11324","Okayama",2015,30,0.0186505617480754
"11325","Okayama",2015,31,0.0185054865141816
"11326","Okayama",2015,32,0.0169646903267539
"11327","Okayama",2015,33,0.0168485674344135
"11328","Okayama",2015,34,0.0150269639583566
"11329","Okayama",2015,35,0.0150519855399416
"11330","Okayama",2015,36,0.0131460578035641
"11331","Okayama",2015,37,0.0110494061979398
"11332","Okayama",2015,38,0.012340122880646
"11333","Okayama",2015,39,0.0100424466829943
"11334","Okayama",2015,40,0.0082230210812065
"11335","Okayama",2015,41,0.00755674867141834
"11336","Okayama",2015,42,0.00861654740532464
"11337","Okayama",2015,43,0.00627597334983288
"11338","Okayama",2015,44,0.00816470954949427
"11339","Okayama",2015,45,0.0092249106846537
"11340","Okayama",2015,46,0.00840977062425959
"11341","Okayama",2015,47,0.00572735343351019
"11342","Okayama",2015,48,0.00504119690991605
"11343","Okayama",2015,49,0.00573862635343028
"11344","Okayama",2015,50,0.00498558797132962
"11345","Okayama",2015,51,0.00542343088602653
"11346","Okayama",2015,52,0.00390274356617869
"11347","Okayama",2016,1,0.00442014661376422
"11348","Okayama",2016,2,0.00345863418669357
"11349","Okayama",2016,3,0.0033694941553782
"11350","Okayama",2016,4,0.00373179290342793
"11351","Okayama",2016,5,0.00364173177914905
"11352","Okayama",2016,6,0.00464104778825738
"11353","Okayama",2016,7,0.00401542567811694
"11354","Okayama",2016,8,0.0033786341836644
"11355","Okayama",2016,9,0.00476628494186871
"11356","Okayama",2016,10,0.00557730566473063
"11357","Okayama",2016,11,0.0053191837008671
"11358","Okayama",2016,12,0.00366366803952048
"11359","Okayama",2016,13,0.00641828501532203
"11360","Okayama",2016,14,0.00783928523653938
"11361","Okayama",2016,15,0.00662482104453804
"11362","Okayama",2016,16,0.00763619174604225
"11363","Okayama",2016,17,0.00757738889433391
"11364","Okayama",2016,18,0.00801766340664926
"11365","Okayama",2016,19,0.00937187206732215
"11366","Okayama",2016,20,0.0090765014792375
"11367","Okayama",2016,21,0.0114175475935917
"11368","Okayama",2016,22,0.0101772904981976
"11369","Okayama",2016,23,0.0128266620608365
"11370","Okayama",2016,24,0.0140752788981453
"11371","Okayama",2016,25,0.0150578865604084
"11372","Okayama",2016,26,0.0149254487405197
"11373","Okayama",2016,27,0.017608061386471
"11374","Okayama",2016,28,0.0172947492800156
"11375","Okayama",2016,29,0.0156811938683053
"11376","Okayama",2016,30,0.0177386644878885
"11377","Okayama",2016,31,0.017850447630738
"11378","Okayama",2016,32,0.0162177467912774
"11379","Okayama",2016,33,0.0183669027374965
"11380","Okayama",2016,34,0.017004371731314
"11381","Okayama",2016,35,0.013726357643543
"11382","Okayama",2016,36,0.0159677536181917
"11383","Okayama",2016,37,0.015498350387982
"11384","Okayama",2016,38,0.0139166262439155
"11385","Okayama",2016,39,0.0155697256555277
"11386","Okayama",2016,40,0.0141876938961394
"11387","Okayama",2016,41,0.00773725845672916
"11388","Okayama",2016,42,0.010951537201665
"11389","Okayama",2016,43,0.00868863518424177
"11390","Okayama",2016,44,0.0063447023087303
"11391","Okayama",2016,45,0.00595212165647738
"11392","Okayama",2016,46,0.00808504014479731
"11393","Okayama",2016,47,0.00652285776059175
"11394","Okayama",2016,48,0.00549215589063853
"11395","Okayama",2016,49,0.00528455690214603
"11396","Okayama",2016,50,0.00449274503407908
"11397","Okayama",2016,51,0.00601315136626957
"11398","Okayama",2016,52,0.00428167988378563
"11399","Okayama",2017,1,0.00406886105055356
"11400","Okayama",2017,2,0.00372692981320788
"11401","Okayama",2017,3,0.00347577123841267
"11402","Okayama",2017,4,0.00314363953768246
"11403","Okayama",2017,5,0.00379985048080198
"11404","Okayama",2017,6,0.00349150637050915
"11405","Okayama",2017,7,0.00387069730190332
"11406","Okayama",2017,8,0.00392024419853008
"11407","Okayama",2017,9,0.00389064785918812
"11408","Okayama",2017,10,0.00354069995620637
"11409","Okayama",2017,11,0.00391422399506159
"11410","Okayama",2017,12,0.00405168697766259
"11411","Okayama",2017,13,0.00475196567063508
"11412","Okayama",2017,14,0.0073964204861935
"11413","Okayama",2017,15,0.0063251680679148
"11414","Okayama",2017,16,0.00715895666501571
"11415","Okayama",2017,17,0.00680206581299186
"11416","Okayama",2017,18,0.00828987633567246
"11417","Okayama",2017,19,0.00902337089437657
"11418","Okayama",2017,20,0.0080859072084551
"11419","Okayama",2017,21,0.0101044505565707
"11420","Okayama",2017,22,0.00982943765229564
"11421","Okayama",2017,23,0.00996266127898507
"11422","Okayama",2017,24,0.00900056162818016
"11423","Okayama",2017,25,0.0124068979868293
"11424","Okayama",2017,26,0.0151198384349847
"11425","Okayama",2017,27,0.0170758100170485
"11426","Okayama",2017,28,0.0176412657799696
"11427","Okayama",2017,29,0.0178059783023205
"11428","Okayama",2017,30,0.0190869695247917
"11429","Okayama",2017,31,0.0185768184440499
"11430","Okayama",2017,32,0.018159078896355
"11431","Okayama",2017,33,0.0172936701016469
"11432","Okayama",2017,34,0.0179119619107885
"11433","Okayama",2017,35,0.0135068681236425
"11434","Okayama",2017,36,0.0134665342500686
"11435","Okayama",2017,37,0.0133099064732258
"11436","Okayama",2017,38,0.012281743978647
"11437","Okayama",2017,39,0.0111260321235401
"11438","Okayama",2017,40,0.010898928679502
"11439","Okayama",2017,41,0.012120013178647
"11440","Okayama",2017,42,0.00960443185049549
"11441","Okayama",2017,43,0.00826780707405963
"11442","Okayama",2017,44,0.00708579463603985
"11443","Okayama",2017,45,0.00689524794851238
"11444","Okayama",2017,46,0.00531730284198017
"11445","Okayama",2017,47,0.00429341872815498
"11446","Okayama",2017,48,0.00563848731216648
"11447","Okayama",2017,49,0.00391782718686884
"11448","Okayama",2017,50,0.00341962828616586
"11449","Okayama",2017,51,0.00342531023145168
"11450","Okayama",2017,52,0.0037926584862905
"11451","Okayama",2018,1,0.00359024254916588
"11452","Okayama",2018,2,0.00335704210133327
"11453","Okayama",2018,3,0.00478431996702131
"11454","Okayama",2018,4,0.00282586208267476
"11455","Okayama",2018,5,0.00307941901104258
"11456","Okayama",2018,6,0.0026747530823561
"11457","Okayama",2018,7,0.00310447607465492
"11458","Okayama",2018,8,0.00344004284539808
"11459","Okayama",2018,9,0.00436461749203347
"11460","Okayama",2018,10,0.00483877323181152
"11461","Okayama",2018,11,0.00514379348142042
"11462","Okayama",2018,12,0.00530160562605632
"11463","Okayama",2018,13,0.00532076836905077
"11464","Okayama",2018,14,0.00714906275114926
"11465","Okayama",2018,15,0.00601084470029019
"11466","Okayama",2018,16,0.00636733573650783
"11467","Okayama",2018,17,0.00799714608671265
"11468","Okayama",2018,18,0.00782100650218124
"11469","Okayama",2018,19,0.00816383729557848
"11470","Okayama",2018,20,0.0108567518823274
"11471","Okayama",2018,21,0.00870928625686377
"11472","Okayama",2018,22,0.0110320118729628
"11473","Okayama",2018,23,0.0119728571734047
"11474","Okayama",2018,24,0.0110356446994051
"11475","Okayama",2018,25,0.0131768277267601
"11476","Okayama",2018,26,0.0156954392391546
"11477","Okayama",2018,27,0.0170197752167251
"11478","Okayama",2018,28,0.0174789350087741
"11479","Okayama",2018,29,0.0186206441464704
"11480","Okayama",2018,30,0.018337740880372
"11481","Okayama",2018,31,0.0180533949292283
"11482","Okayama",2018,32,0.0169817292974297
"11483","Okayama",2018,33,0.0166009732962339
"11484","Okayama",2018,34,0.0174612926147882
"11485","Okayama",2018,35,0.0172302057043203
"11486","Okayama",2018,36,0.0153162991473586
"11487","Okayama",2018,37,0.0146512638908453
"11488","Okayama",2018,38,0.0140863757309027
"11489","Okayama",2018,39,0.0114977987851529
"11490","Okayama",2018,40,0.0118478229474437
"11491","Okayama",2018,41,0.0100813214818437
"11492","Okayama",2018,42,0.00831915731816592
"11493","Okayama",2018,43,0.00827574332528906
"11494","Okayama",2018,44,0.00603648941514114
"11495","Okayama",2018,45,0.00809302348296406
"11496","Okayama",2018,46,0.00640254648601799
"11497","Okayama",2018,47,0.00535302203657679
"11498","Okayama",2018,48,0.00620805769231075
"11499","Okayama",2018,49,0.00682839109454689
"11500","Okayama",2018,50,0.00405479651050883
"11501","Okayama",2018,51,0.00549607414140177
"11502","Okayama",2018,52,0.00415625334611715
"11503","Okayama",2019,1,0.00363313450925897
"11504","Okayama",2019,2,0.00363689731662892
"11505","Okayama",2019,3,0.00395976254027264
"11506","Okayama",2019,4,0.00357233566660906
"11507","Okayama",2019,5,0.0036484709303212
"11508","Okayama",2019,6,0.00457563164329446
"11509","Okayama",2019,7,0.00349970285729826
"11510","Okayama",2019,8,0.00437792962554692
"11511","Okayama",2019,9,0.0043243139242106
"11512","Okayama",2019,10,0.00483507754541419
"11513","Okayama",2019,11,0.00457966119447015
"11514","Okayama",2019,12,0.00541387414012019
"11515","Okayama",2019,13,0.00499734399146584
"11516","Okayama",2019,14,0.00436009969298154
"11517","Okayama",2019,15,0.00503956621688787
"11518","Okayama",2019,16,0.00629427468933554
"11519","Okayama",2019,17,0.00893562794428633
"11520","Okayama",2019,18,0.00792618840025937
"11521","Okayama",2019,19,0.00674842089931128
"11522","Okayama",2019,20,0.00929738404895564
"11523","Okayama",2019,21,0.00891492120648842
"11524","Okayama",2019,22,0.00966816042682403
"11525","Okayama",2019,23,0.0119591593575843
"11526","Okayama",2019,24,0.0112036715191244
"11527","Okayama",2019,25,0.0120132537070439
"11528","Okayama",2019,26,0.0143929102356939
"11529","Okayama",2019,27,0.0152348248333602
"11530","Okayama",2019,28,0.0150826292645422
"11531","Okayama",2019,29,0.0166680072580535
"11532","Okayama",2019,30,0.0184112399387857
"11533","Okayama",2019,31,0.0189896654676844
"11534","Okayama",2019,32,0.0181647069295397
"11535","Okayama",2019,33,0.0183710997688941
"11536","Okayama",2019,34,0.0177045704672756
"11537","Okayama",2019,35,0.0158205154429093
"11538","Okayama",2019,36,0.0175022210241658
"11539","Okayama",2019,37,0.0163343374657387
"11540","Okayama",2019,38,0.0121553000120202
"11541","Okayama",2019,39,0.0133014964713886
"11542","Okayama",2019,40,0.0146178088711265
"11543","Okayama",2019,41,0.0104972505883859
"11544","Okayama",2019,42,0.00942279898177093
"11545","Okayama",2019,43,0.0104060313656198
"11546","Okayama",2019,44,0.00780642855162612
"11547","Okayama",2019,45,0.00649614380786487
"11548","Okayama",2019,46,0.00627383570373146
"11549","Okayama",2019,47,0.00614983112628692
"11550","Okayama",2019,48,0.00553959232394157
"11551","Okayama",2019,49,0.00466358568389885
"11552","Okayama",2019,50,0.0046341662803652
"11553","Okayama",2019,51,0.00507022526890801
"11554","Okayama",2019,52,0.00501863105144008
"11555","Okayama",2020,1,0.00465862029661949
"11556","Okayama",2020,2,0.00462463111909833
"11557","Okayama",2020,3,0.00395940786807879
"11558","Okayama",2020,4,0.00474371419033974
"11559","Okayama",2020,5,0.00456961448446078
"11560","Okayama",2020,6,0.00336743672695404
"11561","Okayama",2020,7,0.00512714184220351
"11562","Okayama",2020,8,0.00413817781594122
"11563","Okayama",2020,9,0.00446769472009628
"11564","Okinawa",2013,1,0.00966732277339309
"11565","Okinawa",2013,2,0.0103730448084654
"11566","Okinawa",2013,3,0.00792399206028457
"11567","Okinawa",2013,4,0.00880463090701905
"11568","Okinawa",2013,5,0.0093298425712286
"11569","Okinawa",2013,6,0.0115232810979857
"11570","Okinawa",2013,7,0.0105086168307688
"11571","Okinawa",2013,8,0.0102197615031741
"11572","Okinawa",2013,9,0.0105822934434366
"11573","Okinawa",2013,10,0.00849483637077906
"11574","Okinawa",2013,11,0.0119639849117569
"11575","Okinawa",2013,12,0.0147625662030583
"11576","Okinawa",2013,13,0.0126019389475045
"11577","Okinawa",2013,14,0.0129989131259801
"11578","Okinawa",2013,15,0.00890396863386874
"11579","Okinawa",2013,16,0.0149493896240572
"11580","Okinawa",2013,17,0.0119094056681004
"11581","Okinawa",2013,18,0.0123211773572309
"11582","Okinawa",2013,19,0.01425224060327
"11583","Okinawa",2013,20,0.0173282621149209
"11584","Okinawa",2013,21,0.0173423676921447
"11585","Okinawa",2013,22,0.0191157044643413
"11586","Okinawa",2013,23,0.0181586832272531
"11587","Okinawa",2013,24,0.0192039923578194
"11588","Okinawa",2013,25,0.0197192915994995
"11589","Okinawa",2013,26,0.0210934139676659
"11590","Okinawa",2013,27,0.0205659535672763
"11591","Okinawa",2013,28,0.0197788070394901
"11592","Okinawa",2013,29,0.0185690673301264
"11593","Okinawa",2013,30,0.0192382085064914
"11594","Okinawa",2013,31,0.0200095568593491
"11595","Okinawa",2013,32,0.0201668114581171
"11596","Okinawa",2013,33,0.0196382198127972
"11597","Okinawa",2013,34,0.020551784340392
"11598","Okinawa",2013,35,0.020326310693343
"11599","Okinawa",2013,36,0.0171652346570727
"11600","Okinawa",2013,37,0.0196683900848932
"11601","Okinawa",2013,38,0.0192442037988542
"11602","Okinawa",2013,39,0.017637033238958
"11603","Okinawa",2013,40,0.0176322188570443
"11604","Okinawa",2013,41,0.0184426418611658
"11605","Okinawa",2013,42,0.0139713942973323
"11606","Okinawa",2013,43,0.0142944201878895
"11607","Okinawa",2013,44,0.0139226173818784
"11608","Okinawa",2013,45,0.0153654113945112
"11609","Okinawa",2013,46,0.0133542022893875
"11610","Okinawa",2013,47,0.00881653568516574
"11611","Okinawa",2013,48,0.0089951914961929
"11612","Okinawa",2013,49,0.00814971784082892
"11613","Okinawa",2013,50,0.0100192719256075
"11614","Okinawa",2013,51,0.010459098021703
"11615","Okinawa",2013,52,0.00848250823342109
"11616","Okinawa",2014,1,0.00893425077331966
"11617","Okinawa",2014,2,0.00778087625841429
"11618","Okinawa",2014,3,0.00813287608606456
"11619","Okinawa",2014,4,0.0068491230963862
"11620","Okinawa",2014,5,0.0101558043847478
"11621","Okinawa",2014,6,0.011594987630793
"11622","Okinawa",2014,7,0.00881163926838431
"11623","Okinawa",2014,8,0.00856621589360007
"11624","Okinawa",2014,9,0.0101761060753606
"11625","Okinawa",2014,10,0.00993661287144061
"11626","Okinawa",2014,11,0.00796168726272943
"11627","Okinawa",2014,12,0.00994280812829195
"11628","Okinawa",2014,13,0.0125520312977911
"11629","Okinawa",2014,14,0.0108479269406318
"11630","Okinawa",2014,15,0.011288213967754
"11631","Okinawa",2014,16,0.0121365603712475
"11632","Okinawa",2014,17,0.0143695459619195
"11633","Okinawa",2014,18,0.0117221956496809
"11634","Okinawa",2014,19,0.0147099069113914
"11635","Okinawa",2014,20,0.0175640980364388
"11636","Okinawa",2014,21,0.0164701671198515
"11637","Okinawa",2014,22,0.017715309690772
"11638","Okinawa",2014,23,0.0172102839940447
"11639","Okinawa",2014,24,0.0180369815593349
"11640","Okinawa",2014,25,0.0207768491389096
"11641","Okinawa",2014,26,0.02115774473091
"11642","Okinawa",2014,27,0.0210458901348432
"11643","Okinawa",2014,28,0.0216867158022517
"11644","Okinawa",2014,29,0.0202492305655421
"11645","Okinawa",2014,30,0.0205516614066157
"11646","Okinawa",2014,31,0.0210549464585882
"11647","Okinawa",2014,32,0.0206871302416227
"11648","Okinawa",2014,33,0.0204716921217838
"11649","Okinawa",2014,34,0.0195784558743276
"11650","Okinawa",2014,35,0.0195939890394569
"11651","Okinawa",2014,36,0.0197142312991155
"11652","Okinawa",2014,37,0.0191023973699511
"11653","Okinawa",2014,38,0.0200041928284217
"11654","Okinawa",2014,39,0.0188581135120073
"11655","Okinawa",2014,40,0.0171495874271044
"11656","Okinawa",2014,41,0.0160695075348833
"11657","Okinawa",2014,42,0.0127633583583838
"11658","Okinawa",2014,43,0.0148281957198728
"11659","Okinawa",2014,44,0.0149568671574602
"11660","Okinawa",2014,45,0.0116955224991859
"11661","Okinawa",2014,46,0.0114604602227384
"11662","Okinawa",2014,47,0.0120559873705669
"11663","Okinawa",2014,48,0.014498191092526
"11664","Okinawa",2014,49,0.00982137929937026
"11665","Okinawa",2014,50,0.0102480823934831
"11666","Okinawa",2014,51,0.00847563948224573
"11667","Okinawa",2014,52,0.00801434114587336
"11668","Okinawa",2015,1,0.00830270997647534
"11669","Okinawa",2015,2,0.00829679723455694
"11670","Okinawa",2015,3,0.00793584004835319
"11671","Okinawa",2015,4,0.009409512417252
"11672","Okinawa",2015,5,0.00779514694754815
"11673","Okinawa",2015,6,0.00674510995015045
"11674","Okinawa",2015,7,0.0088634239694102
"11675","Okinawa",2015,8,0.0130766688092732
"11676","Okinawa",2015,9,0.0103446636075258
"11677","Okinawa",2015,10,0.00983729104648915
"11678","Okinawa",2015,11,0.0130413653669249
"11679","Okinawa",2015,12,0.00976191338674177
"11680","Okinawa",2015,13,0.0148461145076071
"11681","Okinawa",2015,14,0.0143039716153845
"11682","Okinawa",2015,15,0.01172208689584
"11683","Okinawa",2015,16,0.0133853826683131
"11684","Okinawa",2015,17,0.0141970427303144
"11685","Okinawa",2015,18,0.0154511842309874
"11686","Okinawa",2015,19,0.0174637612878451
"11687","Okinawa",2015,20,0.0174530377610881
"11688","Okinawa",2015,21,0.018756161655812
"11689","Okinawa",2015,22,0.0194286636340447
"11690","Okinawa",2015,23,0.0204497523875692
"11691","Okinawa",2015,24,0.0206529916168897
"11692","Okinawa",2015,25,0.0210017405090314
"11693","Okinawa",2015,26,0.0214717690251194
"11694","Okinawa",2015,27,0.0211817956194989
"11695","Okinawa",2015,28,0.0197218639106242
"11696","Okinawa",2015,29,0.0196762047932215
"11697","Okinawa",2015,30,0.0191302604756674
"11698","Okinawa",2015,31,0.019688487409065
"11699","Okinawa",2015,32,0.020258764043625
"11700","Okinawa",2015,33,0.0204432931862414
"11701","Okinawa",2015,34,0.019846421862573
"11702","Okinawa",2015,35,0.0193958790756115
"11703","Okinawa",2015,36,0.0163669764789343
"11704","Okinawa",2015,37,0.016323791939847
"11705","Okinawa",2015,38,0.0172407520476955
"11706","Okinawa",2015,39,0.0196981907015421
"11707","Okinawa",2015,40,0.0157287997775009
"11708","Okinawa",2015,41,0.0130343664372674
"11709","Okinawa",2015,42,0.0160969870806537
"11710","Okinawa",2015,43,0.0140024020023384
"11711","Okinawa",2015,44,0.0155933917071548
"11712","Okinawa",2015,45,0.0149638444043603
"11713","Okinawa",2015,46,0.0157389011786067
"11714","Okinawa",2015,47,0.0118621722521855
"11715","Okinawa",2015,48,0.012246399653938
"11716","Okinawa",2015,49,0.0120091278077351
"11717","Okinawa",2015,50,0.0101966699280923
"11718","Okinawa",2015,51,0.0122525907515532
"11719","Okinawa",2015,52,0.00996072759148938
"11720","Okinawa",2016,1,0.0119410399084369
"11721","Okinawa",2016,2,0.0103655267134002
"11722","Okinawa",2016,3,0.00936269806283156
"11723","Okinawa",2016,4,0.00901856500318323
"11724","Okinawa",2016,5,0.00921232019364477
"11725","Okinawa",2016,6,0.00948104640173733
"11726","Okinawa",2016,7,0.00862222808921003
"11727","Okinawa",2016,8,0.00913041873553375
"11728","Okinawa",2016,9,0.00943924754712354
"11729","Okinawa",2016,10,0.0112143749512845
"11730","Okinawa",2016,11,0.0117461896851476
"11731","Okinawa",2016,12,0.00974096065409639
"11732","Okinawa",2016,13,0.00956470493079213
"11733","Okinawa",2016,14,0.0165510157868185
"11734","Okinawa",2016,15,0.0151617893532024
"11735","Okinawa",2016,16,0.0162704136111524
"11736","Okinawa",2016,17,0.0148338033963713
"11737","Okinawa",2016,18,0.0166154048002356
"11738","Okinawa",2016,19,0.0175369894556324
"11739","Okinawa",2016,20,0.0172250180282978
"11740","Okinawa",2016,21,0.0195836664730192
"11741","Okinawa",2016,22,0.0201043491232974
"11742","Okinawa",2016,23,0.0190735126243139
"11743","Okinawa",2016,24,0.0211581104329463
"11744","Okinawa",2016,25,0.0205855264016802
"11745","Okinawa",2016,26,0.0209034990305974
"11746","Okinawa",2016,27,0.0206041700580704
"11747","Okinawa",2016,28,0.021181152563735
"11748","Okinawa",2016,29,0.0203421939951569
"11749","Okinawa",2016,30,0.0199120885069278
"11750","Okinawa",2016,31,0.0204645695935507
"11751","Okinawa",2016,32,0.0208135718628117
"11752","Okinawa",2016,33,0.0200818737611398
"11753","Okinawa",2016,34,0.0208673276897411
"11754","Okinawa",2016,35,0.0169962842214513
"11755","Okinawa",2016,36,0.0199666914220274
"11756","Okinawa",2016,37,0.0200553841927317
"11757","Okinawa",2016,38,0.0180560656865841
"11758","Okinawa",2016,39,0.0198938912220346
"11759","Okinawa",2016,40,0.019484006791791
"11760","Okinawa",2016,41,0.0185549871071978
"11761","Okinawa",2016,42,0.0199604586383741
"11762","Okinawa",2016,43,0.0178291248009379
"11763","Okinawa",2016,44,0.0132236684737902
"11764","Okinawa",2016,45,0.012382112073701
"11765","Okinawa",2016,46,0.0148469530248931
"11766","Okinawa",2016,47,0.0140962845983301
"11767","Okinawa",2016,48,0.0126635995034499
"11768","Okinawa",2016,49,0.0119668926609796
"11769","Okinawa",2016,50,0.00993031228313911
"11770","Okinawa",2016,51,0.0119841782065195
"11771","Okinawa",2016,52,0.00977796314580993
"11772","Okinawa",2017,1,0.0119422431322434
"11773","Okinawa",2017,2,0.00978817536236728
"11774","Okinawa",2017,3,0.00924797472174828
"11775","Okinawa",2017,4,0.00801207512982374
"11776","Okinawa",2017,5,0.00962252916415163
"11777","Okinawa",2017,6,0.00811799111610189
"11778","Okinawa",2017,7,0.00788727305308551
"11779","Okinawa",2017,8,0.0110243218592738
"11780","Okinawa",2017,9,0.00837809939232381
"11781","Okinawa",2017,10,0.00922617480809867
"11782","Okinawa",2017,11,0.0106787818350207
"11783","Okinawa",2017,12,0.0116029896639885
"11784","Okinawa",2017,13,0.00901099223269777
"11785","Okinawa",2017,14,0.01115910542105
"11786","Okinawa",2017,15,0.0138196237090756
"11787","Okinawa",2017,16,0.0155299114692548
"11788","Okinawa",2017,17,0.0116271557208621
"11789","Okinawa",2017,18,0.0150636928005293
"11790","Okinawa",2017,19,0.0172187927634339
"11791","Okinawa",2017,20,0.0145502037765951
"11792","Okinawa",2017,21,0.0157217059819701
"11793","Okinawa",2017,22,0.017506488983169
"11794","Okinawa",2017,23,0.0188808790113224
"11795","Okinawa",2017,24,0.0188192284540173
"11796","Okinawa",2017,25,0.0203282259927599
"11797","Okinawa",2017,26,0.0207465142125308
"11798","Okinawa",2017,27,0.0203292113171224
"11799","Okinawa",2017,28,0.0198112034616474
"11800","Okinawa",2017,29,0.0201390392329214
"11801","Okinawa",2017,30,0.0205769604622448
"11802","Okinawa",2017,31,0.0215725973198583
"11803","Okinawa",2017,32,0.0221624195881813
"11804","Okinawa",2017,33,0.0204232691424558
"11805","Okinawa",2017,34,0.0206006277031653
"11806","Okinawa",2017,35,0.0198070780025536
"11807","Okinawa",2017,36,0.0207611984593724
"11808","Okinawa",2017,37,0.0199732107975336
"11809","Okinawa",2017,38,0.0184339709755366
"11810","Okinawa",2017,39,0.0192034069444117
"11811","Okinawa",2017,40,0.0184164676223488
"11812","Okinawa",2017,41,0.020006043192946
"11813","Okinawa",2017,42,0.0189827665822796
"11814","Okinawa",2017,43,0.0143263113603178
"11815","Okinawa",2017,44,0.0132609022170889
"11816","Okinawa",2017,45,0.01520836665613
"11817","Okinawa",2017,46,0.0147014066042915
"11818","Okinawa",2017,47,0.0117672224960507
"11819","Okinawa",2017,48,0.0145265994474777
"11820","Okinawa",2017,49,0.00995906824320208
"11821","Okinawa",2017,50,0.00936007330294756
"11822","Okinawa",2017,51,0.00898845792094405
"11823","Okinawa",2017,52,0.00875789409055224
"11824","Okinawa",2018,1,0.0094924892824196
"11825","Okinawa",2018,2,0.00804283723813386
"11826","Okinawa",2018,3,0.0115899529296329
"11827","Okinawa",2018,4,0.00983076890355765
"11828","Okinawa",2018,5,0.00901229374936581
"11829","Okinawa",2018,6,0.00784578138784065
"11830","Okinawa",2018,7,0.00908081570930592
"11831","Okinawa",2018,8,0.0112573972079336
"11832","Okinawa",2018,9,0.0114236473021573
"11833","Okinawa",2018,10,0.010902381009879
"11834","Okinawa",2018,11,0.0107470583632577
"11835","Okinawa",2018,12,0.00997961921338365
"11836","Okinawa",2018,13,0.0104103015454566
"11837","Okinawa",2018,14,0.0110712523849809
"11838","Okinawa",2018,15,0.0134737061309216
"11839","Okinawa",2018,16,0.011912686045298
"11840","Okinawa",2018,17,0.0134383614778742
"11841","Okinawa",2018,18,0.0139012121138719
"11842","Okinawa",2018,19,0.0157542031725344
"11843","Okinawa",2018,20,0.0185220782331515
"11844","Okinawa",2018,21,0.017429427636523
"11845","Okinawa",2018,22,0.0190297042690778
"11846","Okinawa",2018,23,0.0197926394869803
"11847","Okinawa",2018,24,0.0183795703770345
"11848","Okinawa",2018,25,0.0202864180501951
"11849","Okinawa",2018,26,0.0198253436703475
"11850","Okinawa",2018,27,0.0201511997409222
"11851","Okinawa",2018,28,0.0195966499461009
"11852","Okinawa",2018,29,0.0198969677371966
"11853","Okinawa",2018,30,0.0200720027483916
"11854","Okinawa",2018,31,0.0204750504665509
"11855","Okinawa",2018,32,0.0200340706359075
"11856","Okinawa",2018,33,0.0201678406301712
"11857","Okinawa",2018,34,0.0200528759916293
"11858","Okinawa",2018,35,0.018812182299493
"11859","Okinawa",2018,36,0.019260233386525
"11860","Okinawa",2018,37,0.0193406559329395
"11861","Okinawa",2018,38,0.0191219009034329
"11862","Okinawa",2018,39,0.0194028179301055
"11863","Okinawa",2018,40,0.0155899911242977
"11864","Okinawa",2018,41,0.0146660852640521
"11865","Okinawa",2018,42,0.014244509704885
"11866","Okinawa",2018,43,0.0133724238632136
"11867","Okinawa",2018,44,0.0135445719246512
"11868","Okinawa",2018,45,0.0153998801646843
"11869","Okinawa",2018,46,0.0134167472453243
"11870","Okinawa",2018,47,0.0126326636978922
"11871","Okinawa",2018,48,0.0117852887287803
"11872","Okinawa",2018,49,0.0153026087344598
"11873","Okinawa",2018,50,0.0115486615916242
"11874","Okinawa",2018,51,0.0105891297380717
"11875","Okinawa",2018,52,0.0116973762228387
"11876","Okinawa",2019,1,0.0112928075226428
"11877","Okinawa",2019,2,0.0121174661548236
"11878","Okinawa",2019,3,0.00928935967429477
"11879","Okinawa",2019,4,0.00803103632636573
"11880","Okinawa",2019,5,0.00851365857218779
"11881","Okinawa",2019,6,0.0126097592350656
"11882","Okinawa",2019,7,0.0121292251779551
"11883","Okinawa",2019,8,0.012931100129408
"11884","Okinawa",2019,9,0.0124991514122891
"11885","Okinawa",2019,10,0.011107477457408
"11886","Okinawa",2019,11,0.00893131168182855
"11887","Okinawa",2019,12,0.0122882490993165
"11888","Okinawa",2019,13,0.0124782429484906
"11889","Okinawa",2019,14,0.0109706362877529
"11890","Okinawa",2019,15,0.014221341712817
"11891","Okinawa",2019,16,0.0135153457163825
"11892","Okinawa",2019,17,0.0171412265706656
"11893","Okinawa",2019,18,0.0142702911139243
"11894","Okinawa",2019,19,0.0140862896165932
"11895","Okinawa",2019,20,0.0177859689151661
"11896","Okinawa",2019,21,0.0135365440352821
"11897","Okinawa",2019,22,0.0168183670145952
"11898","Okinawa",2019,23,0.020175706038429
"11899","Okinawa",2019,24,0.0179615029035726
"11900","Okinawa",2019,25,0.0196175490637893
"11901","Okinawa",2019,26,0.0196709177116822
"11902","Okinawa",2019,27,0.0211873263238276
"11903","Okinawa",2019,28,0.0212704273847616
"11904","Okinawa",2019,29,0.0210208504003269
"11905","Okinawa",2019,30,0.0195666659968885
"11906","Okinawa",2019,31,0.0201429395734753
"11907","Okinawa",2019,32,0.0211852980224903
"11908","Okinawa",2019,33,0.0214061388360694
"11909","Okinawa",2019,34,0.0202249956569089
"11910","Okinawa",2019,35,0.0202403125565191
"11911","Okinawa",2019,36,0.0199336976662809
"11912","Okinawa",2019,37,0.0198042000331495
"11913","Okinawa",2019,38,0.0192192056421094
"11914","Okinawa",2019,39,0.0170694962983093
"11915","Okinawa",2019,40,0.0187421449092078
"11916","Okinawa",2019,41,0.0150750238268134
"11917","Okinawa",2019,42,0.0161234334894853
"11918","Okinawa",2019,43,0.0143447467878144
"11919","Okinawa",2019,44,0.0151716544554229
"11920","Okinawa",2019,45,0.012975788754134
"11921","Okinawa",2019,46,0.0110530800840666
"11922","Okinawa",2019,47,0.0152997231008008
"11923","Okinawa",2019,48,0.0126166516864867
"11924","Okinawa",2019,49,0.0103240843472182
"11925","Okinawa",2019,50,0.010120381544827
"11926","Okinawa",2019,51,0.0135933633933686
"11927","Okinawa",2019,52,0.0115728687395243
"11928","Okinawa",2020,1,0.0102278559194529
"11929","Okinawa",2020,2,0.010135962915471
"11930","Okinawa",2020,3,0.00992196590617458
"11931","Okinawa",2020,4,0.0114521253956218
"11932","Okinawa",2020,5,0.008837126647659
"11933","Okinawa",2020,6,0.00922488331736484
"11934","Okinawa",2020,7,0.0115754033233003
"11935","Okinawa",2020,8,0.008350374636514
"11936","Okinawa",2020,9,0.0122441754124106
"11937","Osaka",2013,1,0.00303124217831481
"11938","Osaka",2013,2,0.0034052791476627
"11939","Osaka",2013,3,0.00341604483485472
"11940","Osaka",2013,4,0.00361094030515118
"11941","Osaka",2013,5,0.00407549059733042
"11942","Osaka",2013,6,0.00366727952408999
"11943","Osaka",2013,7,0.00330205344584128
"11944","Osaka",2013,8,0.00333243942241099
"11945","Osaka",2013,9,0.00384449778395462
"11946","Osaka",2013,10,0.00461098745011762
"11947","Osaka",2013,11,0.00402796341922888
"11948","Osaka",2013,12,0.00600242489680898
"11949","Osaka",2013,13,0.00523310596528391
"11950","Osaka",2013,14,0.00673821297460923
"11951","Osaka",2013,15,0.00435812996180645
"11952","Osaka",2013,16,0.0067744469565689
"11953","Osaka",2013,17,0.00581572919341994
"11954","Osaka",2013,18,0.00612410817042405
"11955","Osaka",2013,19,0.00707428725894608
"11956","Osaka",2013,20,0.00901975499024095
"11957","Osaka",2013,21,0.00930391879141292
"11958","Osaka",2013,22,0.0109098402083404
"11959","Osaka",2013,23,0.010157275782659
"11960","Osaka",2013,24,0.0131019595388169
"11961","Osaka",2013,25,0.014444301182898
"11962","Osaka",2013,26,0.0140387437700665
"11963","Osaka",2013,27,0.0162496469452288
"11964","Osaka",2013,28,0.0178719984503428
"11965","Osaka",2013,29,0.015954374321262
"11966","Osaka",2013,30,0.0163879566487312
"11967","Osaka",2013,31,0.0178265427215978
"11968","Osaka",2013,32,0.0180711161415882
"11969","Osaka",2013,33,0.0153342499442149
"11970","Osaka",2013,34,0.0183090937244527
"11971","Osaka",2013,35,0.0162562529976693
"11972","Osaka",2013,36,0.0158168612984946
"11973","Osaka",2013,37,0.0156724237226337
"11974","Osaka",2013,38,0.0123470561241115
"11975","Osaka",2013,39,0.0109552799338448
"11976","Osaka",2013,40,0.0111894620224271
"11977","Osaka",2013,41,0.0133692475926571
"11978","Osaka",2013,42,0.00865809933765846
"11979","Osaka",2013,43,0.0107059707508629
"11980","Osaka",2013,44,0.00773726765367747
"11981","Osaka",2013,45,0.00807942339383473
"11982","Osaka",2013,46,0.00633747193039265
"11983","Osaka",2013,47,0.00486096625935905
"11984","Osaka",2013,48,0.00466383531980482
"11985","Osaka",2013,49,0.00499224121353692
"11986","Osaka",2013,50,0.00380914142678463
"11987","Osaka",2013,51,0.00420184089396714
"11988","Osaka",2013,52,0.0036782477857283
"11989","Osaka",2014,1,0.00377971103142897
"11990","Osaka",2014,2,0.00350168572285067
"11991","Osaka",2014,3,0.0032334284198772
"11992","Osaka",2014,4,0.00379846664779353
"11993","Osaka",2014,5,0.00430483690113782
"11994","Osaka",2014,6,0.00419332509862127
"11995","Osaka",2014,7,0.00325875237998933
"11996","Osaka",2014,8,0.00288279164416945
"11997","Osaka",2014,9,0.00479436945046013
"11998","Osaka",2014,10,0.00364985956930574
"11999","Osaka",2014,11,0.00396528704790032
"12000","Osaka",2014,12,0.00522585520658657
"12001","Osaka",2014,13,0.0066666665715541
"12002","Osaka",2014,14,0.00597044894369751
"12003","Osaka",2014,15,0.00468997934992398
"12004","Osaka",2014,16,0.00572626539382564
"12005","Osaka",2014,17,0.00677729990275729
"12006","Osaka",2014,18,0.00848743959129105
"12007","Osaka",2014,19,0.00668668551899876
"12008","Osaka",2014,20,0.00873929820941389
"12009","Osaka",2014,21,0.00900719392627511
"12010","Osaka",2014,22,0.0111933298158055
"12011","Osaka",2014,23,0.0123040003570953
"12012","Osaka",2014,24,0.0127557980388249
"12013","Osaka",2014,25,0.0117151434274203
"12014","Osaka",2014,26,0.0130507005775866
"12015","Osaka",2014,27,0.0140843814006281
"12016","Osaka",2014,28,0.0170161960144339
"12017","Osaka",2014,29,0.0170807827615096
"12018","Osaka",2014,30,0.0167509271885921
"12019","Osaka",2014,31,0.0157460531731747
"12020","Osaka",2014,32,0.0181101969757364
"12021","Osaka",2014,33,0.0185558587405878
"12022","Osaka",2014,34,0.0181471741942715
"12023","Osaka",2014,35,0.015786165223717
"12024","Osaka",2014,36,0.0161169816499046
"12025","Osaka",2014,37,0.0118813853566689
"12026","Osaka",2014,38,0.0100697436932119
"12027","Osaka",2014,39,0.0109836214242806
"12028","Osaka",2014,40,0.0110881381065526
"12029","Osaka",2014,41,0.0107296173954984
"12030","Osaka",2014,42,0.00832639558149608
"12031","Osaka",2014,43,0.00960038814862598
"12032","Osaka",2014,44,0.00874907567259296
"12033","Osaka",2014,45,0.00728351334846449
"12034","Osaka",2014,46,0.00621341013289194
"12035","Osaka",2014,47,0.0051327317490599
"12036","Osaka",2014,48,0.007427094429194
"12037","Osaka",2014,49,0.00469197532931835
"12038","Osaka",2014,50,0.00418861192921435
"12039","Osaka",2014,51,0.00362052211029491
"12040","Osaka",2014,52,0.00375465564962699
"12041","Osaka",2015,1,0.00416527792352407
"12042","Osaka",2015,2,0.00390341008739865
"12043","Osaka",2015,3,0.00415127211768006
"12044","Osaka",2015,4,0.00416306081662754
"12045","Osaka",2015,5,0.00347159385046465
"12046","Osaka",2015,6,0.00331069332160824
"12047","Osaka",2015,7,0.00397417192137122
"12048","Osaka",2015,8,0.00507907796575043
"12049","Osaka",2015,9,0.00448442553821846
"12050","Osaka",2015,10,0.0039787302065703
"12051","Osaka",2015,11,0.00712708830120783
"12052","Osaka",2015,12,0.00401426020056492
"12053","Osaka",2015,13,0.00850825767196938
"12054","Osaka",2015,14,0.0069307379601899
"12055","Osaka",2015,15,0.00692939504433697
"12056","Osaka",2015,16,0.00762207268662444
"12057","Osaka",2015,17,0.00901030739976946
"12058","Osaka",2015,18,0.00918825149732497
"12059","Osaka",2015,19,0.00954556111928165
"12060","Osaka",2015,20,0.009281312447625
"12061","Osaka",2015,21,0.0100450019959771
"12062","Osaka",2015,22,0.0103219821350798
"12063","Osaka",2015,23,0.013124544149045
"12064","Osaka",2015,24,0.013440682232346
"12065","Osaka",2015,25,0.0141107043020202
"12066","Osaka",2015,26,0.013777130569817
"12067","Osaka",2015,27,0.0165453592143955
"12068","Osaka",2015,28,0.0174354226001319
"12069","Osaka",2015,29,0.0169850555453894
"12070","Osaka",2015,30,0.0190785113337361
"12071","Osaka",2015,31,0.0182319351558877
"12072","Osaka",2015,32,0.0167724502407163
"12073","Osaka",2015,33,0.017646162670138
"12074","Osaka",2015,34,0.0160266871008662
"12075","Osaka",2015,35,0.0161095911193727
"12076","Osaka",2015,36,0.0140607336395957
"12077","Osaka",2015,37,0.0118792864033135
"12078","Osaka",2015,38,0.0128185501909145
"12079","Osaka",2015,39,0.0102897108120534
"12080","Osaka",2015,40,0.00868710959090727
"12081","Osaka",2015,41,0.00815135470692319
"12082","Osaka",2015,42,0.00887840959141668
"12083","Osaka",2015,43,0.00661271472920898
"12084","Osaka",2015,44,0.00820552308515718
"12085","Osaka",2015,45,0.00940270742752403
"12086","Osaka",2015,46,0.0088489212747403
"12087","Osaka",2015,47,0.0063203908720069
"12088","Osaka",2015,48,0.0051319160240088
"12089","Osaka",2015,49,0.00589892405621271
"12090","Osaka",2015,50,0.00526343724949727
"12091","Osaka",2015,51,0.00567268268355105
"12092","Osaka",2015,52,0.00396790096704058
"12093","Osaka",2016,1,0.00492054572100089
"12094","Osaka",2016,2,0.0036393648604157
"12095","Osaka",2016,3,0.00353820307656726
"12096","Osaka",2016,4,0.00386595477871251
"12097","Osaka",2016,5,0.00364386249970464
"12098","Osaka",2016,6,0.00450937496029658
"12099","Osaka",2016,7,0.00449233289071085
"12100","Osaka",2016,8,0.00349160979377037
"12101","Osaka",2016,9,0.00452471536147058
"12102","Osaka",2016,10,0.0056875125062537
"12103","Osaka",2016,11,0.00527020629127026
"12104","Osaka",2016,12,0.00369441938116809
"12105","Osaka",2016,13,0.00633751628204524
"12106","Osaka",2016,14,0.00808657695971778
"12107","Osaka",2016,15,0.00681590547341416
"12108","Osaka",2016,16,0.00814456996854635
"12109","Osaka",2016,17,0.0080594823778147
"12110","Osaka",2016,18,0.00853570494349164
"12111","Osaka",2016,19,0.0100575608663798
"12112","Osaka",2016,20,0.00932928860543137
"12113","Osaka",2016,21,0.0116600894077207
"12114","Osaka",2016,22,0.0102460987576311
"12115","Osaka",2016,23,0.0127011134358855
"12116","Osaka",2016,24,0.0142043036194201
"12117","Osaka",2016,25,0.0154072016256961
"12118","Osaka",2016,26,0.0154306568582445
"12119","Osaka",2016,27,0.0177240507782397
"12120","Osaka",2016,28,0.0180750317445812
"12121","Osaka",2016,29,0.0157024768211794
"12122","Osaka",2016,30,0.0167982041951638
"12123","Osaka",2016,31,0.0169732198544721
"12124","Osaka",2016,32,0.0152695829936865
"12125","Osaka",2016,33,0.0178320081145249
"12126","Osaka",2016,34,0.0161516067151159
"12127","Osaka",2016,35,0.0143303971260482
"12128","Osaka",2016,36,0.0162920918390751
"12129","Osaka",2016,37,0.0160332699152133
"12130","Osaka",2016,38,0.0153115599872429
"12131","Osaka",2016,39,0.016213533704339
"12132","Osaka",2016,40,0.014588495183222
"12133","Osaka",2016,41,0.00805551825465003
"12134","Osaka",2016,42,0.0111820244569176
"12135","Osaka",2016,43,0.00873904473683503
"12136","Osaka",2016,44,0.0062720674318854
"12137","Osaka",2016,45,0.00626306372708214
"12138","Osaka",2016,46,0.0079264330975682
"12139","Osaka",2016,47,0.00710556123844933
"12140","Osaka",2016,48,0.0056689315441849
"12141","Osaka",2016,49,0.00547863712712713
"12142","Osaka",2016,50,0.00439373314386277
"12143","Osaka",2016,51,0.00570698805964245
"12144","Osaka",2016,52,0.00438113547980345
"12145","Osaka",2017,1,0.00414855437994451
"12146","Osaka",2017,2,0.00398971116671403
"12147","Osaka",2017,3,0.00336937996738951
"12148","Osaka",2017,4,0.00340628145726346
"12149","Osaka",2017,5,0.00405083530041467
"12150","Osaka",2017,6,0.00366707848786565
"12151","Osaka",2017,7,0.00408397880812342
"12152","Osaka",2017,8,0.00408004601276348
"12153","Osaka",2017,9,0.00389736927610396
"12154","Osaka",2017,10,0.00381084242370233
"12155","Osaka",2017,11,0.00391184122820046
"12156","Osaka",2017,12,0.00416463046115742
"12157","Osaka",2017,13,0.00484130002528172
"12158","Osaka",2017,14,0.00761170495456031
"12159","Osaka",2017,15,0.00662236873243569
"12160","Osaka",2017,16,0.00764781861276452
"12161","Osaka",2017,17,0.0065653241117566
"12162","Osaka",2017,18,0.00830389342022409
"12163","Osaka",2017,19,0.0090679586011
"12164","Osaka",2017,20,0.00812631992125468
"12165","Osaka",2017,21,0.0102925984768664
"12166","Osaka",2017,22,0.00939939597578778
"12167","Osaka",2017,23,0.00920964441867568
"12168","Osaka",2017,24,0.00774449632737571
"12169","Osaka",2017,25,0.0123466536252679
"12170","Osaka",2017,26,0.0156948299455403
"12171","Osaka",2017,27,0.0173567174974701
"12172","Osaka",2017,28,0.0177826505607309
"12173","Osaka",2017,29,0.017383153717985
"12174","Osaka",2017,30,0.0185242387375845
"12175","Osaka",2017,31,0.0179385738563754
"12176","Osaka",2017,32,0.0182699590992277
"12177","Osaka",2017,33,0.0178936672996878
"12178","Osaka",2017,34,0.0179924080066713
"12179","Osaka",2017,35,0.0132153136623814
"12180","Osaka",2017,36,0.0130385294417182
"12181","Osaka",2017,37,0.0134691260449118
"12182","Osaka",2017,38,0.0128836904997971
"12183","Osaka",2017,39,0.0114867698612848
"12184","Osaka",2017,40,0.0111570722890655
"12185","Osaka",2017,41,0.0125044765167584
"12186","Osaka",2017,42,0.0101382413118615
"12187","Osaka",2017,43,0.0089116076555581
"12188","Osaka",2017,44,0.00717376367265074
"12189","Osaka",2017,45,0.00721398804188262
"12190","Osaka",2017,46,0.00577088032375551
"12191","Osaka",2017,47,0.00454665745519724
"12192","Osaka",2017,48,0.00600821381445582
"12193","Osaka",2017,49,0.00409994674031472
"12194","Osaka",2017,50,0.00365472993344978
"12195","Osaka",2017,51,0.00356513696162611
"12196","Osaka",2017,52,0.00400506422213556
"12197","Osaka",2018,1,0.0037396905897825
"12198","Osaka",2018,2,0.00355236323139521
"12199","Osaka",2018,3,0.00495115095949198
"12200","Osaka",2018,4,0.00300576098594681
"12201","Osaka",2018,5,0.00343379268391806
"12202","Osaka",2018,6,0.0027829227882974
"12203","Osaka",2018,7,0.00328615129922056
"12204","Osaka",2018,8,0.00340567364833551
"12205","Osaka",2018,9,0.0043347142659717
"12206","Osaka",2018,10,0.00522928212167693
"12207","Osaka",2018,11,0.0052139352282425
"12208","Osaka",2018,12,0.00566137292504703
"12209","Osaka",2018,13,0.00526971382339686
"12210","Osaka",2018,14,0.00759943498376922
"12211","Osaka",2018,15,0.00630367252319717
"12212","Osaka",2018,16,0.00708916838846083
"12213","Osaka",2018,17,0.00867191628665383
"12214","Osaka",2018,18,0.0082989034147605
"12215","Osaka",2018,19,0.00846349343478426
"12216","Osaka",2018,20,0.0109592328439891
"12217","Osaka",2018,21,0.0090080804566554
"12218","Osaka",2018,22,0.0110438258999737
"12219","Osaka",2018,23,0.012783382740254
"12220","Osaka",2018,24,0.0117092775993527
"12221","Osaka",2018,25,0.0135451528795753
"12222","Osaka",2018,26,0.0162952560522816
"12223","Osaka",2018,27,0.0172542440130055
"12224","Osaka",2018,28,0.017821060111088
"12225","Osaka",2018,29,0.0184409173949977
"12226","Osaka",2018,30,0.0176593597243767
"12227","Osaka",2018,31,0.0179143578119479
"12228","Osaka",2018,32,0.0170601483127857
"12229","Osaka",2018,33,0.0158779686435254
"12230","Osaka",2018,34,0.0165964187692641
"12231","Osaka",2018,35,0.0177840250925882
"12232","Osaka",2018,36,0.016506330289043
"12233","Osaka",2018,37,0.0152977743518352
"12234","Osaka",2018,38,0.0142153631866506
"12235","Osaka",2018,39,0.0119895764925942
"12236","Osaka",2018,40,0.0125438967165482
"12237","Osaka",2018,41,0.0107287033620164
"12238","Osaka",2018,42,0.00874315425882148
"12239","Osaka",2018,43,0.00858162083335038
"12240","Osaka",2018,44,0.00648964225958923
"12241","Osaka",2018,45,0.00920964146599342
"12242","Osaka",2018,46,0.0068275531403266
"12243","Osaka",2018,47,0.00557265411429488
"12244","Osaka",2018,48,0.00639962884300269
"12245","Osaka",2018,49,0.00711110445081971
"12246","Osaka",2018,50,0.00416215166482773
"12247","Osaka",2018,51,0.0057830670248868
"12248","Osaka",2018,52,0.00423685514357871
"12249","Osaka",2019,1,0.00388598534751684
"12250","Osaka",2019,2,0.00372021456163884
"12251","Osaka",2019,3,0.00395870944928216
"12252","Osaka",2019,4,0.00377457453175873
"12253","Osaka",2019,5,0.00362383826242814
"12254","Osaka",2019,6,0.00485349597416487
"12255","Osaka",2019,7,0.00363050251707681
"12256","Osaka",2019,8,0.00458008352085045
"12257","Osaka",2019,9,0.00444880161046001
"12258","Osaka",2019,10,0.00498893864938156
"12259","Osaka",2019,11,0.00489113982487894
"12260","Osaka",2019,12,0.00558642884093293
"12261","Osaka",2019,13,0.00502427781542843
"12262","Osaka",2019,14,0.00435283120066745
"12263","Osaka",2019,15,0.00502060306042618
"12264","Osaka",2019,16,0.00637670163355847
"12265","Osaka",2019,17,0.00931967750833587
"12266","Osaka",2019,18,0.00795193038372987
"12267","Osaka",2019,19,0.00650187125352598
"12268","Osaka",2019,20,0.00873189122160624
"12269","Osaka",2019,21,0.00829453314038108
"12270","Osaka",2019,22,0.00944859225184663
"12271","Osaka",2019,23,0.0118694935641744
"12272","Osaka",2019,24,0.0117123604588685
"12273","Osaka",2019,25,0.0116995667949533
"12274","Osaka",2019,26,0.0143213809521321
"12275","Osaka",2019,27,0.0160356411965896
"12276","Osaka",2019,28,0.0151698172176462
"12277","Osaka",2019,29,0.0172852445249136
"12278","Osaka",2019,30,0.0186467700628568
"12279","Osaka",2019,31,0.0189948627885265
"12280","Osaka",2019,32,0.0175819510848939
"12281","Osaka",2019,33,0.0186004079668876
"12282","Osaka",2019,34,0.0187278546498753
"12283","Osaka",2019,35,0.0167705527382142
"12284","Osaka",2019,36,0.0175817329411433
"12285","Osaka",2019,37,0.0165191896398402
"12286","Osaka",2019,38,0.012836484329396
"12287","Osaka",2019,39,0.0138663434654432
"12288","Osaka",2019,40,0.0140927459722481
"12289","Osaka",2019,41,0.0112414659990958
"12290","Osaka",2019,42,0.01042377071932
"12291","Osaka",2019,43,0.0108353245657673
"12292","Osaka",2019,44,0.00850333515426621
"12293","Osaka",2019,45,0.00650779906148116
"12294","Osaka",2019,46,0.00653151863602214
"12295","Osaka",2019,47,0.00669764425897013
"12296","Osaka",2019,48,0.00593516853776636
"12297","Osaka",2019,49,0.00495220048254934
"12298","Osaka",2019,50,0.00482831865814813
"12299","Osaka",2019,51,0.00545342254355214
"12300","Osaka",2019,52,0.00509403952023744
"12301","Osaka",2020,1,0.00483457180775601
"12302","Osaka",2020,2,0.004719337935665
"12303","Osaka",2020,3,0.00419196306356029
"12304","Osaka",2020,4,0.00481246460758573
"12305","Osaka",2020,5,0.004927250213421
"12306","Osaka",2020,6,0.00351632293591896
"12307","Osaka",2020,7,0.00525345315208688
"12308","Osaka",2020,8,0.0046379030146052
"12309","Osaka",2020,9,0.00458760557409969
"12310","Saga",2013,1,0.00308579015545547
"12311","Saga",2013,2,0.00339762066557471
"12312","Saga",2013,3,0.00379226015814181
"12313","Saga",2013,4,0.00444528670050204
"12314","Saga",2013,5,0.00466314729835306
"12315","Saga",2013,6,0.0046193426741021
"12316","Saga",2013,7,0.00359374895093164
"12317","Saga",2013,8,0.0042319469087358
"12318","Saga",2013,9,0.00462217670532742
"12319","Saga",2013,10,0.00588410410897008
"12320","Saga",2013,11,0.00559035497384944
"12321","Saga",2013,12,0.00705644458399287
"12322","Saga",2013,13,0.00614068933230426
"12323","Saga",2013,14,0.00711886298709682
"12324","Saga",2013,15,0.00435981019732675
"12325","Saga",2013,16,0.00812375153015767
"12326","Saga",2013,17,0.00662443793511816
"12327","Saga",2013,18,0.0074173441223268
"12328","Saga",2013,19,0.00886257139167615
"12329","Saga",2013,20,0.010030091740191
"12330","Saga",2013,21,0.0110847899424178
"12331","Saga",2013,22,0.0123071714437434
"12332","Saga",2013,23,0.0123432019193258
"12333","Saga",2013,24,0.0159678883584482
"12334","Saga",2013,25,0.0170809485550438
"12335","Saga",2013,26,0.0153075834470136
"12336","Saga",2013,27,0.0185212012646454
"12337","Saga",2013,28,0.018481661831694
"12338","Saga",2013,29,0.0180078550641026
"12339","Saga",2013,30,0.0190075093082019
"12340","Saga",2013,31,0.0206204092662249
"12341","Saga",2013,32,0.0204494447846498
"12342","Saga",2013,33,0.0196681713153209
"12343","Saga",2013,34,0.0204187958900418
"12344","Saga",2013,35,0.0178387697253908
"12345","Saga",2013,36,0.01494347856247
"12346","Saga",2013,37,0.0167854893287378
"12347","Saga",2013,38,0.0128730923336531
"12348","Saga",2013,39,0.0126140627211758
"12349","Saga",2013,40,0.0135254510678351
"12350","Saga",2013,41,0.0142991761676967
"12351","Saga",2013,42,0.00893394821988685
"12352","Saga",2013,43,0.0106377736332693
"12353","Saga",2013,44,0.00838758141201522
"12354","Saga",2013,45,0.00891279725224844
"12355","Saga",2013,46,0.00616530778019556
"12356","Saga",2013,47,0.00474431159506951
"12357","Saga",2013,48,0.00506772520020604
"12358","Saga",2013,49,0.00491832808724472
"12359","Saga",2013,50,0.00419337200998728
"12360","Saga",2013,51,0.00429013577689018
"12361","Saga",2013,52,0.00369374452358378
"12362","Saga",2014,1,0.00416178588888475
"12363","Saga",2014,2,0.0038017424854583
"12364","Saga",2014,3,0.00326986412983388
"12365","Saga",2014,4,0.00442981458867767
"12366","Saga",2014,5,0.00572549420342382
"12367","Saga",2014,6,0.00494335916092885
"12368","Saga",2014,7,0.00378338207623788
"12369","Saga",2014,8,0.00377925304097256
"12370","Saga",2014,9,0.00617043780429023
"12371","Saga",2014,10,0.0037884861729773
"12372","Saga",2014,11,0.00476020627788135
"12373","Saga",2014,12,0.00632017847549702
"12374","Saga",2014,13,0.00845355716800051
"12375","Saga",2014,14,0.00632458805505719
"12376","Saga",2014,15,0.0064769540081865
"12377","Saga",2014,16,0.00783455980542515
"12378","Saga",2014,17,0.00794589968531259
"12379","Saga",2014,18,0.00870466531653489
"12380","Saga",2014,19,0.00705662077026708
"12381","Saga",2014,20,0.00962270869474326
"12382","Saga",2014,21,0.0106904897173601
"12383","Saga",2014,22,0.011743155707206
"12384","Saga",2014,23,0.0129662118186908
"12385","Saga",2014,24,0.0137410767243377
"12386","Saga",2014,25,0.0137027144165976
"12387","Saga",2014,26,0.0142783692904881
"12388","Saga",2014,27,0.015133436636201
"12389","Saga",2014,28,0.0171770720210459
"12390","Saga",2014,29,0.0179205112425344
"12391","Saga",2014,30,0.0194251304492354
"12392","Saga",2014,31,0.0178404071235231
"12393","Saga",2014,32,0.0191882013210229
"12394","Saga",2014,33,0.0180824222043157
"12395","Saga",2014,34,0.0185340871768338
"12396","Saga",2014,35,0.0170259357296995
"12397","Saga",2014,36,0.0170872741644936
"12398","Saga",2014,37,0.0138494413612144
"12399","Saga",2014,38,0.0118079161537545
"12400","Saga",2014,39,0.0138838168100587
"12401","Saga",2014,40,0.0126166629072811
"12402","Saga",2014,41,0.0106727526124035
"12403","Saga",2014,42,0.00877111983884658
"12404","Saga",2014,43,0.0104492053921734
"12405","Saga",2014,44,0.00963770451822451
"12406","Saga",2014,45,0.00707546428644231
"12407","Saga",2014,46,0.00623973932982023
"12408","Saga",2014,47,0.00623164525521653
"12409","Saga",2014,48,0.0085437989993287
"12410","Saga",2014,49,0.00487057899590582
"12411","Saga",2014,50,0.00450120264265154
"12412","Saga",2014,51,0.00361398501055581
"12413","Saga",2014,52,0.00380658442320834
"12414","Saga",2015,1,0.00431025463954679
"12415","Saga",2015,2,0.0042524181938331
"12416","Saga",2015,3,0.00454501348680684
"12417","Saga",2015,4,0.00489378690586558
"12418","Saga",2015,5,0.00377544424762683
"12419","Saga",2015,6,0.0031534360189523
"12420","Saga",2015,7,0.00513121342685606
"12421","Saga",2015,8,0.00484579741688711
"12422","Saga",2015,9,0.00424379629216024
"12423","Saga",2015,10,0.00393935266349997
"12424","Saga",2015,11,0.00808388347338353
"12425","Saga",2015,12,0.00436307020884539
"12426","Saga",2015,13,0.00990915311766522
"12427","Saga",2015,14,0.00771892775914499
"12428","Saga",2015,15,0.00736728689766356
"12429","Saga",2015,16,0.00781871348486415
"12430","Saga",2015,17,0.00985529639625124
"12431","Saga",2015,18,0.00967328589675682
"12432","Saga",2015,19,0.0110804294901235
"12433","Saga",2015,20,0.0100708362712924
"12434","Saga",2015,21,0.0116289476198809
"12435","Saga",2015,22,0.0119393090052264
"12436","Saga",2015,23,0.0145480513040509
"12437","Saga",2015,24,0.0137686256452331
"12438","Saga",2015,25,0.0151778671757451
"12439","Saga",2015,26,0.014073600393853
"12440","Saga",2015,27,0.0174122965628547
"12441","Saga",2015,28,0.016412228412394
"12442","Saga",2015,29,0.0183848163911275
"12443","Saga",2015,30,0.0193548855770911
"12444","Saga",2015,31,0.0186226751123156
"12445","Saga",2015,32,0.0178385086889778
"12446","Saga",2015,33,0.0182613291378532
"12447","Saga",2015,34,0.0163534927581038
"12448","Saga",2015,35,0.0163288790998714
"12449","Saga",2015,36,0.013433667964169
"12450","Saga",2015,37,0.0122580602099853
"12451","Saga",2015,38,0.0139934065352593
"12452","Saga",2015,39,0.0119711867799716
"12453","Saga",2015,40,0.00903456545035754
"12454","Saga",2015,41,0.0085811103760664
"12455","Saga",2015,42,0.00995594050203051
"12456","Saga",2015,43,0.00726755089791758
"12457","Saga",2015,44,0.00886808159495039
"12458","Saga",2015,45,0.0104449692381812
"12459","Saga",2015,46,0.0101821173780731
"12460","Saga",2015,47,0.00675896259157785
"12461","Saga",2015,48,0.00573779938609472
"12462","Saga",2015,49,0.00671457246478115
"12463","Saga",2015,50,0.00499576070745076
"12464","Saga",2015,51,0.00614177335851959
"12465","Saga",2015,52,0.00448237399437598
"12466","Saga",2016,1,0.00514445773192814
"12467","Saga",2016,2,0.00374986790120602
"12468","Saga",2016,3,0.00364989331657333
"12469","Saga",2016,4,0.00496747436201466
"12470","Saga",2016,5,0.0037142720871738
"12471","Saga",2016,6,0.00543975730293563
"12472","Saga",2016,7,0.00411250026497458
"12473","Saga",2016,8,0.00388050490125482
"12474","Saga",2016,9,0.00535914582932102
"12475","Saga",2016,10,0.00637159887368658
"12476","Saga",2016,11,0.00630819521445249
"12477","Saga",2016,12,0.00453638875790473
"12478","Saga",2016,13,0.00717553850595972
"12479","Saga",2016,14,0.00942125251250608
"12480","Saga",2016,15,0.00826058393743421
"12481","Saga",2016,16,0.00847461683276509
"12482","Saga",2016,17,0.00964864020768021
"12483","Saga",2016,18,0.00979049743286201
"12484","Saga",2016,19,0.0109476292771952
"12485","Saga",2016,20,0.00980927974783949
"12486","Saga",2016,21,0.0128355988833521
"12487","Saga",2016,22,0.0113234265175249
"12488","Saga",2016,23,0.0146704793774656
"12489","Saga",2016,24,0.0150712032004126
"12490","Saga",2016,25,0.0172247329859861
"12491","Saga",2016,26,0.0165089005604386
"12492","Saga",2016,27,0.0188045431194561
"12493","Saga",2016,28,0.0191578058126782
"12494","Saga",2016,29,0.0172627340736134
"12495","Saga",2016,30,0.0185900913285358
"12496","Saga",2016,31,0.0194416398714696
"12497","Saga",2016,32,0.0189152024686337
"12498","Saga",2016,33,0.0189125556498766
"12499","Saga",2016,34,0.0175360813736916
"12500","Saga",2016,35,0.0146411912781852
"12501","Saga",2016,36,0.0169681107093181
"12502","Saga",2016,37,0.0169404902761536
"12503","Saga",2016,38,0.0148143943931375
"12504","Saga",2016,39,0.0182040920481086
"12505","Saga",2016,40,0.0165655305609107
"12506","Saga",2016,41,0.00938416950936828
"12507","Saga",2016,42,0.0133811073776867
"12508","Saga",2016,43,0.0110437605929162
"12509","Saga",2016,44,0.00710679341240653
"12510","Saga",2016,45,0.00732957714769457
"12511","Saga",2016,46,0.0096929555958403
"12512","Saga",2016,47,0.00728035882847118
"12513","Saga",2016,48,0.00572964705393783
"12514","Saga",2016,49,0.00548820969249521
"12515","Saga",2016,50,0.00518333893601916
"12516","Saga",2016,51,0.00662080897018313
"12517","Saga",2016,52,0.00499377010523209
"12518","Saga",2017,1,0.00506935438274273
"12519","Saga",2017,2,0.0040417034677895
"12520","Saga",2017,3,0.00376988694603954
"12521","Saga",2017,4,0.00341933849267662
"12522","Saga",2017,5,0.00458724638779781
"12523","Saga",2017,6,0.00369482888241432
"12524","Saga",2017,7,0.004294633549372
"12525","Saga",2017,8,0.00462878510422472
"12526","Saga",2017,9,0.00437442565869008
"12527","Saga",2017,10,0.00390875469227987
"12528","Saga",2017,11,0.00469638387273465
"12529","Saga",2017,12,0.00524087659349399
"12530","Saga",2017,13,0.00582512345031968
"12531","Saga",2017,14,0.00843611722146826
"12532","Saga",2017,15,0.00826221614676927
"12533","Saga",2017,16,0.00873581453093461
"12534","Saga",2017,17,0.00806846938628171
"12535","Saga",2017,18,0.0105869693548552
"12536","Saga",2017,19,0.0102615673427603
"12537","Saga",2017,20,0.00905323949908572
"12538","Saga",2017,21,0.0110484781408949
"12539","Saga",2017,22,0.0111546880964722
"12540","Saga",2017,23,0.0106550421831863
"12541","Saga",2017,24,0.0109483256403889
"12542","Saga",2017,25,0.0141739005755101
"12543","Saga",2017,26,0.0174060298928193
"12544","Saga",2017,27,0.0193357145679849
"12545","Saga",2017,28,0.0195401509159378
"12546","Saga",2017,29,0.020322212683303
"12547","Saga",2017,30,0.0209852123100843
"12548","Saga",2017,31,0.0202949749571936
"12549","Saga",2017,32,0.019912440196744
"12550","Saga",2017,33,0.0192871331902487
"12551","Saga",2017,34,0.0197091052042586
"12552","Saga",2017,35,0.0152446630943034
"12553","Saga",2017,36,0.0159532575468932
"12554","Saga",2017,37,0.0154563008275415
"12555","Saga",2017,38,0.0145268961787224
"12556","Saga",2017,39,0.0126481092135821
"12557","Saga",2017,40,0.0128882742886032
"12558","Saga",2017,41,0.0138320081335093
"12559","Saga",2017,42,0.0110826664604247
"12560","Saga",2017,43,0.00909660540388099
"12561","Saga",2017,44,0.00794132339901158
"12562","Saga",2017,45,0.00834045389534107
"12563","Saga",2017,46,0.00607872983839895
"12564","Saga",2017,47,0.00463550883744444
"12565","Saga",2017,48,0.0066949281941301
"12566","Saga",2017,49,0.00425570398303015
"12567","Saga",2017,50,0.00383157374536885
"12568","Saga",2017,51,0.00395812062613134
"12569","Saga",2017,52,0.00405206990295223
"12570","Saga",2018,1,0.0036556312947401
"12571","Saga",2018,2,0.0038831396128184
"12572","Saga",2018,3,0.00554610532708466
"12573","Saga",2018,4,0.00309506870274033
"12574","Saga",2018,5,0.00334591287121709
"12575","Saga",2018,6,0.00308686350139656
"12576","Saga",2018,7,0.00395258805448455
"12577","Saga",2018,8,0.00406330672558397
"12578","Saga",2018,9,0.0052452776581049
"12579","Saga",2018,10,0.00599490718117782
"12580","Saga",2018,11,0.00633467780426145
"12581","Saga",2018,12,0.00631107044007097
"12582","Saga",2018,13,0.00716607438932572
"12583","Saga",2018,14,0.00839486876170018
"12584","Saga",2018,15,0.00789365019383175
"12585","Saga",2018,16,0.00753874188688185
"12586","Saga",2018,17,0.00901266882595207
"12587","Saga",2018,18,0.00856016486484025
"12588","Saga",2018,19,0.00974638141425592
"12589","Saga",2018,20,0.0127501425200275
"12590","Saga",2018,21,0.0105315319129399
"12591","Saga",2018,22,0.012921055712338
"12592","Saga",2018,23,0.0143735680862197
"12593","Saga",2018,24,0.0130213624797761
"12594","Saga",2018,25,0.0145856061551188
"12595","Saga",2018,26,0.0173232575346317
"12596","Saga",2018,27,0.0177682622868036
"12597","Saga",2018,28,0.0183337527726378
"12598","Saga",2018,29,0.0187110994011164
"12599","Saga",2018,30,0.0196797306250249
"12600","Saga",2018,31,0.0187249892790403
"12601","Saga",2018,32,0.018215742893517
"12602","Saga",2018,33,0.0175881062501243
"12603","Saga",2018,34,0.0176267917933209
"12604","Saga",2018,35,0.0184081607897367
"12605","Saga",2018,36,0.0158327890426985
"12606","Saga",2018,37,0.0159262221173516
"12607","Saga",2018,38,0.0161542854537921
"12608","Saga",2018,39,0.0123651760098125
"12609","Saga",2018,40,0.0123989929312042
"12610","Saga",2018,41,0.00996773214345532
"12611","Saga",2018,42,0.00859572638624481
"12612","Saga",2018,43,0.00855696756791856
"12613","Saga",2018,44,0.00645886468035834
"12614","Saga",2018,45,0.00847748523977186
"12615","Saga",2018,46,0.00707936233707837
"12616","Saga",2018,47,0.00557072003305491
"12617","Saga",2018,48,0.00747997872531414
"12618","Saga",2018,49,0.00769621729185539
"12619","Saga",2018,50,0.0042618374905682
"12620","Saga",2018,51,0.00645771702485425
"12621","Saga",2018,52,0.00401554562683616
"12622","Saga",2019,1,0.00386190958254571
"12623","Saga",2019,2,0.00448059661513461
"12624","Saga",2019,3,0.00462610153148749
"12625","Saga",2019,4,0.00384290952102414
"12626","Saga",2019,5,0.00439423292742244
"12627","Saga",2019,6,0.00555676762347243
"12628","Saga",2019,7,0.0040759087008025
"12629","Saga",2019,8,0.00504174623971007
"12630","Saga",2019,9,0.00567172717169992
"12631","Saga",2019,10,0.0059410330639886
"12632","Saga",2019,11,0.00475896045099944
"12633","Saga",2019,12,0.0059601888393185
"12634","Saga",2019,13,0.0063684817536601
"12635","Saga",2019,14,0.00482364246688251
"12636","Saga",2019,15,0.00703763329823102
"12637","Saga",2019,16,0.00798461439886263
"12638","Saga",2019,17,0.00981877092272043
"12639","Saga",2019,18,0.00930757351618792
"12640","Saga",2019,19,0.0078262145231877
"12641","Saga",2019,20,0.0111563191749156
"12642","Saga",2019,21,0.0103812537022999
"12643","Saga",2019,22,0.0106832381737019
"12644","Saga",2019,23,0.0140234839969448
"12645","Saga",2019,24,0.0119028286343174
"12646","Saga",2019,25,0.0128317368216813
"12647","Saga",2019,26,0.0153625849634409
"12648","Saga",2019,27,0.0159611246282501
"12649","Saga",2019,28,0.0162177748445954
"12650","Saga",2019,29,0.0178115170315972
"12651","Saga",2019,30,0.0197774310197149
"12652","Saga",2019,31,0.0199499332479068
"12653","Saga",2019,32,0.0188838908714908
"12654","Saga",2019,33,0.019536416977644
"12655","Saga",2019,34,0.0186763795624886
"12656","Saga",2019,35,0.0165052080659994
"12657","Saga",2019,36,0.018170758283564
"12658","Saga",2019,37,0.0185547025342073
"12659","Saga",2019,38,0.0139661339510764
"12660","Saga",2019,39,0.014715686640037
"12661","Saga",2019,40,0.0159184058595981
"12662","Saga",2019,41,0.0112878428772092
"12663","Saga",2019,42,0.0102587883094592
"12664","Saga",2019,43,0.0113269723286586
"12665","Saga",2019,44,0.00830449908971786
"12666","Saga",2019,45,0.0076153975179685
"12667","Saga",2019,46,0.00700183495480035
"12668","Saga",2019,47,0.00687894471255796
"12669","Saga",2019,48,0.00718967017850706
"12670","Saga",2019,49,0.00498479321998145
"12671","Saga",2019,50,0.00496471743099391
"12672","Saga",2019,51,0.00623580181439008
"12673","Saga",2019,52,0.0053688127580764
"12674","Saga",2020,1,0.00494023121427745
"12675","Saga",2020,2,0.00565312273933419
"12676","Saga",2020,3,0.00432623651743467
"12677","Saga",2020,4,0.00599689638641264
"12678","Saga",2020,5,0.00555351529536503
"12679","Saga",2020,6,0.00389290745702705
"12680","Saga",2020,7,0.00653793933867876
"12681","Saga",2020,8,0.00434120613083776
"12682","Saga",2020,9,0.0057821367102276
"12683","Saitama",2013,1,0.00207814078778029
"12684","Saitama",2013,2,0.00263829339694764
"12685","Saitama",2013,3,0.00248247436912996
"12686","Saitama",2013,4,0.00272156395284193
"12687","Saitama",2013,5,0.00297266328707337
"12688","Saitama",2013,6,0.00296702380292118
"12689","Saitama",2013,7,0.00246550540905446
"12690","Saitama",2013,8,0.00220464644953609
"12691","Saitama",2013,9,0.00281590018754027
"12692","Saitama",2013,10,0.0034259275732828
"12693","Saitama",2013,11,0.00319363738277129
"12694","Saitama",2013,12,0.00523146632393556
"12695","Saitama",2013,13,0.00529945964392807
"12696","Saitama",2013,14,0.00653416298862014
"12697","Saitama",2013,15,0.00408627949655056
"12698","Saitama",2013,16,0.0058248229923525
"12699","Saitama",2013,17,0.00494219756552151
"12700","Saitama",2013,18,0.00522512155584991
"12701","Saitama",2013,19,0.0059044602726187
"12702","Saitama",2013,20,0.00884737904582705
"12703","Saitama",2013,21,0.00930895733514002
"12704","Saitama",2013,22,0.0103238344724689
"12705","Saitama",2013,23,0.00985476869557585
"12706","Saitama",2013,24,0.0131521526191916
"12707","Saitama",2013,25,0.0141157244465181
"12708","Saitama",2013,26,0.0125958704256586
"12709","Saitama",2013,27,0.0147439558857254
"12710","Saitama",2013,28,0.0172630921006203
"12711","Saitama",2013,29,0.0138221951733742
"12712","Saitama",2013,30,0.0161528173035809
"12713","Saitama",2013,31,0.0163187759529267
"12714","Saitama",2013,32,0.0180181186114039
"12715","Saitama",2013,33,0.0169101548780288
"12716","Saitama",2013,34,0.0172814078096833
"12717","Saitama",2013,35,0.0148724633934242
"12718","Saitama",2013,36,0.0162196515926293
"12719","Saitama",2013,37,0.0147120442507522
"12720","Saitama",2013,38,0.0119301363027522
"12721","Saitama",2013,39,0.0105307623078781
"12722","Saitama",2013,40,0.0114001858979464
"12723","Saitama",2013,41,0.012997775751033
"12724","Saitama",2013,42,0.00772376506190215
"12725","Saitama",2013,43,0.00916478095043983
"12726","Saitama",2013,44,0.00712359036718096
"12727","Saitama",2013,45,0.00667580809178097
"12728","Saitama",2013,46,0.00488521070219576
"12729","Saitama",2013,47,0.004091791169984
"12730","Saitama",2013,48,0.00398347341854657
"12731","Saitama",2013,49,0.00419533671811223
"12732","Saitama",2013,50,0.00296373338039432
"12733","Saitama",2013,51,0.00324076071514615
"12734","Saitama",2013,52,0.00260225447959134
"12735","Saitama",2014,1,0.00257031598926655
"12736","Saitama",2014,2,0.0024161876378847
"12737","Saitama",2014,3,0.00216848149430007
"12738","Saitama",2014,4,0.00237497797768031
"12739","Saitama",2014,5,0.00267076839227229
"12740","Saitama",2014,6,0.00294621173691537
"12741","Saitama",2014,7,0.00273041886477066
"12742","Saitama",2014,8,0.00222078419756144
"12743","Saitama",2014,9,0.00389757000708154
"12744","Saitama",2014,10,0.00275991555037243
"12745","Saitama",2014,11,0.00299166778900794
"12746","Saitama",2014,12,0.00379654058654394
"12747","Saitama",2014,13,0.00484713824199779
"12748","Saitama",2014,14,0.00503412851664637
"12749","Saitama",2014,15,0.00347401813071753
"12750","Saitama",2014,16,0.0051061971578747
"12751","Saitama",2014,17,0.00574976354837418
"12752","Saitama",2014,18,0.00721734189428389
"12753","Saitama",2014,19,0.00603917581694467
"12754","Saitama",2014,20,0.00642234422266483
"12755","Saitama",2014,21,0.00804046953895262
"12756","Saitama",2014,22,0.0107903283621584
"12757","Saitama",2014,23,0.0115482653092061
"12758","Saitama",2014,24,0.0126306341428842
"12759","Saitama",2014,25,0.0124069871114833
"12760","Saitama",2014,26,0.01316382350134
"12761","Saitama",2014,27,0.0135072760816131
"12762","Saitama",2014,28,0.0155733045988849
"12763","Saitama",2014,29,0.0158342235056417
"12764","Saitama",2014,30,0.0169918547251395
"12765","Saitama",2014,31,0.0155537046758192
"12766","Saitama",2014,32,0.0165808864203947
"12767","Saitama",2014,33,0.0169229554544602
"12768","Saitama",2014,34,0.0171753016433546
"12769","Saitama",2014,35,0.0137766362567033
"12770","Saitama",2014,36,0.0141773112118244
"12771","Saitama",2014,37,0.0119782238932593
"12772","Saitama",2014,38,0.00997579781604665
"12773","Saitama",2014,39,0.0103559174308819
"12774","Saitama",2014,40,0.0110181520293866
"12775","Saitama",2014,41,0.00963411508128047
"12776","Saitama",2014,42,0.00743138259276748
"12777","Saitama",2014,43,0.00829211795436484
"12778","Saitama",2014,44,0.00731462526933423
"12779","Saitama",2014,45,0.0067037057397621
"12780","Saitama",2014,46,0.00550343985669315
"12781","Saitama",2014,47,0.00437421738170087
"12782","Saitama",2014,48,0.00633377124156271
"12783","Saitama",2014,49,0.00425601749614413
"12784","Saitama",2014,50,0.00341518963021891
"12785","Saitama",2014,51,0.00272252232701118
"12786","Saitama",2014,52,0.00268877779266664
"12787","Saitama",2015,1,0.00263719467579254
"12788","Saitama",2015,2,0.0028035492802571
"12789","Saitama",2015,3,0.00287323818941201
"12790","Saitama",2015,4,0.00322271115479193
"12791","Saitama",2015,5,0.00258485827528472
"12792","Saitama",2015,6,0.00237765154202602
"12793","Saitama",2015,7,0.00298182717524469
"12794","Saitama",2015,8,0.00433391969917076
"12795","Saitama",2015,9,0.00365650313906372
"12796","Saitama",2015,10,0.00336351008154452
"12797","Saitama",2015,11,0.00590813682148499
"12798","Saitama",2015,12,0.00307724219414272
"12799","Saitama",2015,13,0.00642430383845099
"12800","Saitama",2015,14,0.00587192736566067
"12801","Saitama",2015,15,0.006101489818788
"12802","Saitama",2015,16,0.00758405464834401
"12803","Saitama",2015,17,0.00762621574103832
"12804","Saitama",2015,18,0.00790822937020234
"12805","Saitama",2015,19,0.00778964568328645
"12806","Saitama",2015,20,0.0087405914307705
"12807","Saitama",2015,21,0.00979053871706128
"12808","Saitama",2015,22,0.00930902404444558
"12809","Saitama",2015,23,0.011907425123666
"12810","Saitama",2015,24,0.0122443077287504
"12811","Saitama",2015,25,0.0129806004464626
"12812","Saitama",2015,26,0.0131281530750649
"12813","Saitama",2015,27,0.0135698290009584
"12814","Saitama",2015,28,0.0165799947455525
"12815","Saitama",2015,29,0.0175414089113474
"12816","Saitama",2015,30,0.0183501705527306
"12817","Saitama",2015,31,0.0172971055177706
"12818","Saitama",2015,32,0.0169825670176319
"12819","Saitama",2015,33,0.0172710462606379
"12820","Saitama",2015,34,0.0131346386990377
"12821","Saitama",2015,35,0.0148032381332346
"12822","Saitama",2015,36,0.0140960730346186
"12823","Saitama",2015,37,0.0118664109813316
"12824","Saitama",2015,38,0.0112026343388217
"12825","Saitama",2015,39,0.0101108824168997
"12826","Saitama",2015,40,0.00723794745281339
"12827","Saitama",2015,41,0.00848440545211945
"12828","Saitama",2015,42,0.00852617508332644
"12829","Saitama",2015,43,0.00667215211183897
"12830","Saitama",2015,44,0.0067220128806574
"12831","Saitama",2015,45,0.00803874886727759
"12832","Saitama",2015,46,0.00824457401675837
"12833","Saitama",2015,47,0.00530135157251997
"12834","Saitama",2015,48,0.00450258386720504
"12835","Saitama",2015,49,0.00462294791026839
"12836","Saitama",2015,50,0.00479185328419719
"12837","Saitama",2015,51,0.0042296612901347
"12838","Saitama",2015,52,0.00283034662383475
"12839","Saitama",2016,1,0.00374406148413462
"12840","Saitama",2016,2,0.00314243981016002
"12841","Saitama",2016,3,0.00260010757816157
"12842","Saitama",2016,4,0.00267873301636428
"12843","Saitama",2016,5,0.00312833000373627
"12844","Saitama",2016,6,0.00328242740859943
"12845","Saitama",2016,7,0.00387667887178915
"12846","Saitama",2016,8,0.00304925316346011
"12847","Saitama",2016,9,0.00361984274682722
"12848","Saitama",2016,10,0.00563012742038284
"12849","Saitama",2016,11,0.00461500598383801
"12850","Saitama",2016,12,0.00363508972472378
"12851","Saitama",2016,13,0.00514711561346693
"12852","Saitama",2016,14,0.00696500269696116
"12853","Saitama",2016,15,0.00557736892120114
"12854","Saitama",2016,16,0.00782803916372359
"12855","Saitama",2016,17,0.0070713345227497
"12856","Saitama",2016,18,0.00799760037500943
"12857","Saitama",2016,19,0.00947270381397435
"12858","Saitama",2016,20,0.00822893250733614
"12859","Saitama",2016,21,0.0101171967839556
"12860","Saitama",2016,22,0.00861507765948772
"12861","Saitama",2016,23,0.0111773600269641
"12862","Saitama",2016,24,0.0125507352341499
"12863","Saitama",2016,25,0.0140411269717983
"12864","Saitama",2016,26,0.0136259332831417
"12865","Saitama",2016,27,0.0150940352518644
"12866","Saitama",2016,28,0.0157423927847828
"12867","Saitama",2016,29,0.0147775462429438
"12868","Saitama",2016,30,0.0149370014667511
"12869","Saitama",2016,31,0.0171220018395356
"12870","Saitama",2016,32,0.0148374591554914
"12871","Saitama",2016,33,0.0170220236160925
"12872","Saitama",2016,34,0.0168676761112043
"12873","Saitama",2016,35,0.0149872227704951
"12874","Saitama",2016,36,0.0165411319583654
"12875","Saitama",2016,37,0.0147165092506579
"12876","Saitama",2016,38,0.0133628049333181
"12877","Saitama",2016,39,0.0140951171783464
"12878","Saitama",2016,40,0.012479986064136
"12879","Saitama",2016,41,0.00762840195425919
"12880","Saitama",2016,42,0.00962202233661498
"12881","Saitama",2016,43,0.00728910199499556
"12882","Saitama",2016,44,0.00572674154037876
"12883","Saitama",2016,45,0.00508462954977793
"12884","Saitama",2016,46,0.00633601598175509
"12885","Saitama",2016,47,0.00554233991008784
"12886","Saitama",2016,48,0.00458324964025191
"12887","Saitama",2016,49,0.00417252170321132
"12888","Saitama",2016,50,0.00307455185601222
"12889","Saitama",2016,51,0.0045259722375444
"12890","Saitama",2016,52,0.00321883376953857
"12891","Saitama",2017,1,0.00284216287878475
"12892","Saitama",2017,2,0.00294763881580106
"12893","Saitama",2017,3,0.00251528361612665
"12894","Saitama",2017,4,0.00221324083395302
"12895","Saitama",2017,5,0.0027388278428199
"12896","Saitama",2017,6,0.00251533560388322
"12897","Saitama",2017,7,0.00260682236735842
"12898","Saitama",2017,8,0.00306517887261829
"12899","Saitama",2017,9,0.00347181342409125
"12900","Saitama",2017,10,0.00304030980249601
"12901","Saitama",2017,11,0.00345890282520226
"12902","Saitama",2017,12,0.00317210665172232
"12903","Saitama",2017,13,0.00403351548260876
"12904","Saitama",2017,14,0.00636332003133638
"12905","Saitama",2017,15,0.00519486605189741
"12906","Saitama",2017,16,0.00651373091552939
"12907","Saitama",2017,17,0.00584573904717607
"12908","Saitama",2017,18,0.00731750255716699
"12909","Saitama",2017,19,0.00822119734782193
"12910","Saitama",2017,20,0.00932610328974468
"12911","Saitama",2017,21,0.0111256016152246
"12912","Saitama",2017,22,0.00995254303727831
"12913","Saitama",2017,23,0.00907271194404789
"12914","Saitama",2017,24,0.00964659491021718
"12915","Saitama",2017,25,0.0117589914905173
"12916","Saitama",2017,26,0.0144246292167476
"12917","Saitama",2017,27,0.0159561217629484
"12918","Saitama",2017,28,0.0169402326590249
"12919","Saitama",2017,29,0.0162221031529563
"12920","Saitama",2017,30,0.0173081681132317
"12921","Saitama",2017,31,0.0165060844272375
"12922","Saitama",2017,32,0.0178008761523025
"12923","Saitama",2017,33,0.0163555606401392
"12924","Saitama",2017,34,0.0171185391822032
"12925","Saitama",2017,35,0.0139214645805103
"12926","Saitama",2017,36,0.013278711134834
"12927","Saitama",2017,37,0.0130757922838841
"12928","Saitama",2017,38,0.011952491131212
"12929","Saitama",2017,39,0.0112879196181893
"12930","Saitama",2017,40,0.00969275671190449
"12931","Saitama",2017,41,0.0116144265713436
"12932","Saitama",2017,42,0.00852599874404924
"12933","Saitama",2017,43,0.00761750807453479
"12934","Saitama",2017,44,0.00637029583033706
"12935","Saitama",2017,45,0.00567334831825324
"12936","Saitama",2017,46,0.00514163293077477
"12937","Saitama",2017,47,0.0036817904495235
"12938","Saitama",2017,48,0.00511002209968865
"12939","Saitama",2017,49,0.00349290698899754
"12940","Saitama",2017,50,0.00275993888332908
"12941","Saitama",2017,51,0.00273488656883793
"12942","Saitama",2017,52,0.00264508781422462
"12943","Saitama",2018,1,0.00237131740099617
"12944","Saitama",2018,2,0.0024814503849484
"12945","Saitama",2018,3,0.00364205693892602
"12946","Saitama",2018,4,0.00205015135995512
"12947","Saitama",2018,5,0.00279296081779259
"12948","Saitama",2018,6,0.00214066026466233
"12949","Saitama",2018,7,0.0023220558417961
"12950","Saitama",2018,8,0.0027719420547198
"12951","Saitama",2018,9,0.00336051561670112
"12952","Saitama",2018,10,0.00474356139477875
"12953","Saitama",2018,11,0.00437906747683883
"12954","Saitama",2018,12,0.0048864312070821
"12955","Saitama",2018,13,0.00507564147535179
"12956","Saitama",2018,14,0.0072078632922577
"12957","Saitama",2018,15,0.0048482927360705
"12958","Saitama",2018,16,0.00695288899753775
"12959","Saitama",2018,17,0.00833177656999656
"12960","Saitama",2018,18,0.00804108824314816
"12961","Saitama",2018,19,0.00747695756810052
"12962","Saitama",2018,20,0.0104890973706331
"12963","Saitama",2018,21,0.00841741684292044
"12964","Saitama",2018,22,0.0106357370237155
"12965","Saitama",2018,23,0.0113344619582806
"12966","Saitama",2018,24,0.0110898510419897
"12967","Saitama",2018,25,0.012343968317977
"12968","Saitama",2018,26,0.015134962488498
"12969","Saitama",2018,27,0.0159199426748923
"12970","Saitama",2018,28,0.0170951557478734
"12971","Saitama",2018,29,0.0194144319210734
"12972","Saitama",2018,30,0.0163289469799825
"12973","Saitama",2018,31,0.0182793355147753
"12974","Saitama",2018,32,0.0181674607896379
"12975","Saitama",2018,33,0.0154879606994135
"12976","Saitama",2018,34,0.0169484785624913
"12977","Saitama",2018,35,0.0168331958353519
"12978","Saitama",2018,36,0.0160652964775051
"12979","Saitama",2018,37,0.0131937274443252
"12980","Saitama",2018,38,0.0128855476421969
"12981","Saitama",2018,39,0.0117655110678502
"12982","Saitama",2018,40,0.0119623755237886
"12983","Saitama",2018,41,0.0110738917120865
"12984","Saitama",2018,42,0.00855803066598518
"12985","Saitama",2018,43,0.00790223992828812
"12986","Saitama",2018,44,0.00606480765688632
"12987","Saitama",2018,45,0.00896086561094437
"12988","Saitama",2018,46,0.00619233454178487
"12989","Saitama",2018,47,0.00513149989502771
"12990","Saitama",2018,48,0.0054473875290049
"12991","Saitama",2018,49,0.00617917998294745
"12992","Saitama",2018,50,0.00315100670725639
"12993","Saitama",2018,51,0.00422601823561958
"12994","Saitama",2018,52,0.00304284150645669
"12995","Saitama",2019,1,0.00241609982414437
"12996","Saitama",2019,2,0.00249475422647915
"12997","Saitama",2019,3,0.00268661037220487
"12998","Saitama",2019,4,0.00244290485778557
"12999","Saitama",2019,5,0.00234325564399894
"13000","Saitama",2019,6,0.00358480415306985
"13001","Saitama",2019,7,0.00256042177123683
"13002","Saitama",2019,8,0.00359486104321799
"13003","Saitama",2019,9,0.00401805230815496
"13004","Saitama",2019,10,0.00443983894240643
"13005","Saitama",2019,11,0.0037568526009896
"13006","Saitama",2019,12,0.00438086007322584
"13007","Saitama",2019,13,0.00373458156495222
"13008","Saitama",2019,14,0.00298872748722455
"13009","Saitama",2019,15,0.00398834001139871
"13010","Saitama",2019,16,0.00559342535478728
"13011","Saitama",2019,17,0.00795250462501177
"13012","Saitama",2019,18,0.00726959136580782
"13013","Saitama",2019,19,0.00628430855327419
"13014","Saitama",2019,20,0.00855357580419098
"13015","Saitama",2019,21,0.00882568730573569
"13016","Saitama",2019,22,0.0100435495908771
"13017","Saitama",2019,23,0.0115265935659409
"13018","Saitama",2019,24,0.0102432806310909
"13019","Saitama",2019,25,0.0117552184100662
"13020","Saitama",2019,26,0.0137848241254687
"13021","Saitama",2019,27,0.0147519872922982
"13022","Saitama",2019,28,0.0124981363437005
"13023","Saitama",2019,29,0.0156913930284125
"13024","Saitama",2019,30,0.0172606335952878
"13025","Saitama",2019,31,0.0192910846854959
"13026","Saitama",2019,32,0.0186630582703011
"13027","Saitama",2019,33,0.0190146573952266
"13028","Saitama",2019,34,0.0172861451283097
"13029","Saitama",2019,35,0.0160188061052135
"13030","Saitama",2019,36,0.0160059109330177
"13031","Saitama",2019,37,0.015300552919507
"13032","Saitama",2019,38,0.0127605258088027
"13033","Saitama",2019,39,0.0129579628418599
"13034","Saitama",2019,40,0.0127530640523349
"13035","Saitama",2019,41,0.0115465550018208
"13036","Saitama",2019,42,0.00941331252189619
"13037","Saitama",2019,43,0.00966516826301813
"13038","Saitama",2019,44,0.00796717751239027
"13039","Saitama",2019,45,0.00589257222600281
"13040","Saitama",2019,46,0.0058943108189851
"13041","Saitama",2019,47,0.00577055404761008
"13042","Saitama",2019,48,0.00554270513488778
"13043","Saitama",2019,49,0.00411703770847193
"13044","Saitama",2019,50,0.00439802068950874
"13045","Saitama",2019,51,0.00477681490592659
"13046","Saitama",2019,52,0.00374916633591056
"13047","Saitama",2020,1,0.00345087656751275
"13048","Saitama",2020,2,0.00354044014987137
"13049","Saitama",2020,3,0.00380615242091673
"13050","Saitama",2020,4,0.00378866261536522
"13051","Saitama",2020,5,0.00380194129954491
"13052","Saitama",2020,6,0.0026070011779666
"13053","Saitama",2020,7,0.0039227840091501
"13054","Saitama",2020,8,0.00436725801056517
"13055","Saitama",2020,9,0.00376634636361684
"13056","Shiga",2013,1,0.0029264168619639
"13057","Shiga",2013,2,0.00337058062684471
"13058","Shiga",2013,3,0.00335060630762196
"13059","Shiga",2013,4,0.00345485177913606
"13060","Shiga",2013,5,0.00390906284737952
"13061","Shiga",2013,6,0.00335280572336539
"13062","Shiga",2013,7,0.0031933677748947
"13063","Shiga",2013,8,0.00305518657952098
"13064","Shiga",2013,9,0.003531432660658
"13065","Shiga",2013,10,0.00419086067038914
"13066","Shiga",2013,11,0.00377146074132394
"13067","Shiga",2013,12,0.00542469669990034
"13068","Shiga",2013,13,0.0048615940680538
"13069","Shiga",2013,14,0.006778518580494
"13070","Shiga",2013,15,0.00421264856873033
"13071","Shiga",2013,16,0.00606781986874461
"13072","Shiga",2013,17,0.00559904095509439
"13073","Shiga",2013,18,0.00551826514963816
"13074","Shiga",2013,19,0.00667463661301278
"13075","Shiga",2013,20,0.00885443448352728
"13076","Shiga",2013,21,0.00964450881218375
"13077","Shiga",2013,22,0.0110262435168933
"13078","Shiga",2013,23,0.0104679569606586
"13079","Shiga",2013,24,0.0132288377766006
"13080","Shiga",2013,25,0.0137274875892635
"13081","Shiga",2013,26,0.0133554310748099
"13082","Shiga",2013,27,0.0154501355529273
"13083","Shiga",2013,28,0.0175283770923055
"13084","Shiga",2013,29,0.0158420005036763
"13085","Shiga",2013,30,0.0172232531162494
"13086","Shiga",2013,31,0.0173408736811789
"13087","Shiga",2013,32,0.018861317231067
"13088","Shiga",2013,33,0.0166309340355512
"13089","Shiga",2013,34,0.0176422273079172
"13090","Shiga",2013,35,0.015519050934964
"13091","Shiga",2013,36,0.0155838273120342
"13092","Shiga",2013,37,0.0153548654023734
"13093","Shiga",2013,38,0.0124412599827562
"13094","Shiga",2013,39,0.0113105344953262
"13095","Shiga",2013,40,0.0116923400675517
"13096","Shiga",2013,41,0.0134148516192582
"13097","Shiga",2013,42,0.00852700137572713
"13098","Shiga",2013,43,0.0103715621063207
"13099","Shiga",2013,44,0.00756114294346629
"13100","Shiga",2013,45,0.00749404444158754
"13101","Shiga",2013,46,0.00583988546732742
"13102","Shiga",2013,47,0.00473431555641576
"13103","Shiga",2013,48,0.00450622144716564
"13104","Shiga",2013,49,0.00484289780458338
"13105","Shiga",2013,50,0.00372660444523182
"13106","Shiga",2013,51,0.00414121683983504
"13107","Shiga",2013,52,0.00354944248082651
"13108","Shiga",2014,1,0.00348629407754295
"13109","Shiga",2014,2,0.00326017246478514
"13110","Shiga",2014,3,0.00309272584181119
"13111","Shiga",2014,4,0.00353296530908715
"13112","Shiga",2014,5,0.00377755023493557
"13113","Shiga",2014,6,0.00389911225933677
"13114","Shiga",2014,7,0.00320276903142193
"13115","Shiga",2014,8,0.00272846089802305
"13116","Shiga",2014,9,0.00453618908343155
"13117","Shiga",2014,10,0.0035835780421436
"13118","Shiga",2014,11,0.00363732053815409
"13119","Shiga",2014,12,0.00489836385476965
"13120","Shiga",2014,13,0.00608421470629866
"13121","Shiga",2014,14,0.00571888539577318
"13122","Shiga",2014,15,0.00429768173906522
"13123","Shiga",2014,16,0.00554103894991379
"13124","Shiga",2014,17,0.00652102405005927
"13125","Shiga",2014,18,0.00812660229532652
"13126","Shiga",2014,19,0.00653032329726961
"13127","Shiga",2014,20,0.00831150571973863
"13128","Shiga",2014,21,0.00864874453372657
"13129","Shiga",2014,22,0.0105901909533724
"13130","Shiga",2014,23,0.0117240989318641
"13131","Shiga",2014,24,0.0125705188165919
"13132","Shiga",2014,25,0.0117342411197755
"13133","Shiga",2014,26,0.0124964170882386
"13134","Shiga",2014,27,0.0136098065820586
"13135","Shiga",2014,28,0.0166746647692325
"13136","Shiga",2014,29,0.0163871940990652
"13137","Shiga",2014,30,0.0167937729301038
"13138","Shiga",2014,31,0.0162725319724622
"13139","Shiga",2014,32,0.0178559923117505
"13140","Shiga",2014,33,0.0181244762305879
"13141","Shiga",2014,34,0.0178029927237962
"13142","Shiga",2014,35,0.0155003882035297
"13143","Shiga",2014,36,0.0154371680966623
"13144","Shiga",2014,37,0.0121155267083127
"13145","Shiga",2014,38,0.0103735819369247
"13146","Shiga",2014,39,0.0115639926128246
"13147","Shiga",2014,40,0.0116568854108161
"13148","Shiga",2014,41,0.0107674353183524
"13149","Shiga",2014,42,0.00804928399790017
"13150","Shiga",2014,43,0.00939480630429857
"13151","Shiga",2014,44,0.00837616546303918
"13152","Shiga",2014,45,0.0071302028907126
"13153","Shiga",2014,46,0.00627404852549247
"13154","Shiga",2014,47,0.00507440314158961
"13155","Shiga",2014,48,0.00719029454828258
"13156","Shiga",2014,49,0.00448892839255856
"13157","Shiga",2014,50,0.00408670764929564
"13158","Shiga",2014,51,0.00357252272890977
"13159","Shiga",2014,52,0.00362904903317801
"13160","Shiga",2015,1,0.00386315699780908
"13161","Shiga",2015,2,0.00376570494688648
"13162","Shiga",2015,3,0.00401921254666457
"13163","Shiga",2015,4,0.00396521914490392
"13164","Shiga",2015,5,0.0033402017599924
"13165","Shiga",2015,6,0.00329636010140676
"13166","Shiga",2015,7,0.00392185265248534
"13167","Shiga",2015,8,0.00474463899227403
"13168","Shiga",2015,9,0.00424930285092932
"13169","Shiga",2015,10,0.00385469202473798
"13170","Shiga",2015,11,0.00647317331739285
"13171","Shiga",2015,12,0.00371958004643103
"13172","Shiga",2015,13,0.00765259594497259
"13173","Shiga",2015,14,0.00638124179807618
"13174","Shiga",2015,15,0.00645872085207683
"13175","Shiga",2015,16,0.00701392180714511
"13176","Shiga",2015,17,0.00812228863994951
"13177","Shiga",2015,18,0.00856231634774696
"13178","Shiga",2015,19,0.00881137673629617
"13179","Shiga",2015,20,0.00856499516814153
"13180","Shiga",2015,21,0.0097355400860933
"13181","Shiga",2015,22,0.0104236262614817
"13182","Shiga",2015,23,0.0120643894994888
"13183","Shiga",2015,24,0.0133392352576316
"13184","Shiga",2015,25,0.0136694015321117
"13185","Shiga",2015,26,0.0133327595133247
"13186","Shiga",2015,27,0.0155364691864767
"13187","Shiga",2015,28,0.0173485687384419
"13188","Shiga",2015,29,0.0171288674766553
"13189","Shiga",2015,30,0.0179566217006844
"13190","Shiga",2015,31,0.0187711129054683
"13191","Shiga",2015,32,0.0165011354594815
"13192","Shiga",2015,33,0.0170381698772486
"13193","Shiga",2015,34,0.015633554915562
"13194","Shiga",2015,35,0.0155767385866699
"13195","Shiga",2015,36,0.0138940556404468
"13196","Shiga",2015,37,0.0119145603619172
"13197","Shiga",2015,38,0.0123968523662954
"13198","Shiga",2015,39,0.00993713154987392
"13199","Shiga",2015,40,0.00857181164981314
"13200","Shiga",2015,41,0.00811215325926848
"13201","Shiga",2015,42,0.00907894224980996
"13202","Shiga",2015,43,0.0064274591310475
"13203","Shiga",2015,44,0.00781318937608895
"13204","Shiga",2015,45,0.00868769175699908
"13205","Shiga",2015,46,0.00869151315431529
"13206","Shiga",2015,47,0.00614825458092397
"13207","Shiga",2015,48,0.00497412731956797
"13208","Shiga",2015,49,0.005664203942584
"13209","Shiga",2015,50,0.005301976718921
"13210","Shiga",2015,51,0.00525131280000858
"13211","Shiga",2015,52,0.00382686199035591
"13212","Shiga",2016,1,0.00455989881851151
"13213","Shiga",2016,2,0.0036163493804205
"13214","Shiga",2016,3,0.00338570581587173
"13215","Shiga",2016,4,0.00347766149656844
"13216","Shiga",2016,5,0.00347299948287677
"13217","Shiga",2016,6,0.00424270817278916
"13218","Shiga",2016,7,0.00421235904826103
"13219","Shiga",2016,8,0.00335341331906925
"13220","Shiga",2016,9,0.00440807219047244
"13221","Shiga",2016,10,0.0055285900069551
"13222","Shiga",2016,11,0.00503097029321079
"13223","Shiga",2016,12,0.00357303347889236
"13224","Shiga",2016,13,0.00569071289277869
"13225","Shiga",2016,14,0.00715084218756447
"13226","Shiga",2016,15,0.00633247220582797
"13227","Shiga",2016,16,0.00759250288802465
"13228","Shiga",2016,17,0.00758973444328803
"13229","Shiga",2016,18,0.00784089495946633
"13230","Shiga",2016,19,0.00950594678264367
"13231","Shiga",2016,20,0.0089778238292081
"13232","Shiga",2016,21,0.0111117082869389
"13233","Shiga",2016,22,0.00967492709908859
"13234","Shiga",2016,23,0.0122131322950254
"13235","Shiga",2016,24,0.0135915574968084
"13236","Shiga",2016,25,0.0146693846255219
"13237","Shiga",2016,26,0.0144862186486755
"13238","Shiga",2016,27,0.0169270963400285
"13239","Shiga",2016,28,0.0168384710194145
"13240","Shiga",2016,29,0.0151069181590516
"13241","Shiga",2016,30,0.0164226455805946
"13242","Shiga",2016,31,0.0176001723659106
"13243","Shiga",2016,32,0.0158244234609463
"13244","Shiga",2016,33,0.0184438073662977
"13245","Shiga",2016,34,0.0170394391058344
"13246","Shiga",2016,35,0.014446973881892
"13247","Shiga",2016,36,0.0163524907855065
"13248","Shiga",2016,37,0.0155540109038414
"13249","Shiga",2016,38,0.0149811326840484
"13250","Shiga",2016,39,0.0155877808722393
"13251","Shiga",2016,40,0.0139524863865965
"13252","Shiga",2016,41,0.00789028755655595
"13253","Shiga",2016,42,0.0107375289652862
"13254","Shiga",2016,43,0.00827897487224546
"13255","Shiga",2016,44,0.00614276699364339
"13256","Shiga",2016,45,0.00600230569984441
"13257","Shiga",2016,46,0.00752889470814977
"13258","Shiga",2016,47,0.00674541687391695
"13259","Shiga",2016,48,0.00551191912671215
"13260","Shiga",2016,49,0.00510521375704593
"13261","Shiga",2016,50,0.00411326199342284
"13262","Shiga",2016,51,0.00558422007872783
"13263","Shiga",2016,52,0.00414378925417235
"13264","Shiga",2017,1,0.0039036488238987
"13265","Shiga",2017,2,0.00391943723554853
"13266","Shiga",2017,3,0.00335972727320159
"13267","Shiga",2017,4,0.00330109595748736
"13268","Shiga",2017,5,0.00366642537586925
"13269","Shiga",2017,6,0.00355290388189582
"13270","Shiga",2017,7,0.00368855530827607
"13271","Shiga",2017,8,0.00380950183300692
"13272","Shiga",2017,9,0.00378443923822877
"13273","Shiga",2017,10,0.00369837795703701
"13274","Shiga",2017,11,0.00394545747043041
"13275","Shiga",2017,12,0.00400447937838047
"13276","Shiga",2017,13,0.0046544054702956
"13277","Shiga",2017,14,0.00722170384957083
"13278","Shiga",2017,15,0.00594073858009397
"13279","Shiga",2017,16,0.00693333781461106
"13280","Shiga",2017,17,0.0063332949709242
"13281","Shiga",2017,18,0.00793787557524543
"13282","Shiga",2017,19,0.00891172615496808
"13283","Shiga",2017,20,0.00805282381956902
"13284","Shiga",2017,21,0.0105104586009696
"13285","Shiga",2017,22,0.00979758384803678
"13286","Shiga",2017,23,0.00958967182385746
"13287","Shiga",2017,24,0.00830490837236396
"13288","Shiga",2017,25,0.0116261760594402
"13289","Shiga",2017,26,0.0152825323132942
"13290","Shiga",2017,27,0.0164531012274827
"13291","Shiga",2017,28,0.0180935354844175
"13292","Shiga",2017,29,0.0178471487230241
"13293","Shiga",2017,30,0.0187955167097884
"13294","Shiga",2017,31,0.0181876218660133
"13295","Shiga",2017,32,0.0183270233821369
"13296","Shiga",2017,33,0.0173277930615645
"13297","Shiga",2017,34,0.0177135436635549
"13298","Shiga",2017,35,0.0140708767723827
"13299","Shiga",2017,36,0.0136374148183592
"13300","Shiga",2017,37,0.0132183963445156
"13301","Shiga",2017,38,0.0123697063200425
"13302","Shiga",2017,39,0.0111168480638876
"13303","Shiga",2017,40,0.0105149497754442
"13304","Shiga",2017,41,0.0121322696332195
"13305","Shiga",2017,42,0.0100173033399489
"13306","Shiga",2017,43,0.00865635505215098
"13307","Shiga",2017,44,0.00689849525331909
"13308","Shiga",2017,45,0.00683826763350518
"13309","Shiga",2017,46,0.00570217321235571
"13310","Shiga",2017,47,0.00450320946620535
"13311","Shiga",2017,48,0.00562689327937274
"13312","Shiga",2017,49,0.00392340532341594
"13313","Shiga",2017,50,0.00361690345517988
"13314","Shiga",2017,51,0.00360281917967591
"13315","Shiga",2017,52,0.00402658453794959
"13316","Shiga",2018,1,0.00383544804727623
"13317","Shiga",2018,2,0.00328578162502932
"13318","Shiga",2018,3,0.00443958197600914
"13319","Shiga",2018,4,0.00295542355999486
"13320","Shiga",2018,5,0.00329299198359874
"13321","Shiga",2018,6,0.0026485499445168
"13322","Shiga",2018,7,0.00300680231792226
"13323","Shiga",2018,8,0.00316931552941284
"13324","Shiga",2018,9,0.00392022167797729
"13325","Shiga",2018,10,0.00502797416230765
"13326","Shiga",2018,11,0.00463787206710914
"13327","Shiga",2018,12,0.00543686728943469
"13328","Shiga",2018,13,0.00513238331646128
"13329","Shiga",2018,14,0.00719197736328278
"13330","Shiga",2018,15,0.00609954488249763
"13331","Shiga",2018,16,0.0066692112962916
"13332","Shiga",2018,17,0.00829541866027112
"13333","Shiga",2018,18,0.00815102294994455
"13334","Shiga",2018,19,0.00812080019095833
"13335","Shiga",2018,20,0.0107618741262078
"13336","Shiga",2018,21,0.00867280557284571
"13337","Shiga",2018,22,0.0107824219271739
"13338","Shiga",2018,23,0.0122037884500275
"13339","Shiga",2018,24,0.0116381516535201
"13340","Shiga",2018,25,0.0128547744248053
"13341","Shiga",2018,26,0.0160156638180825
"13342","Shiga",2018,27,0.0173585906526758
"13343","Shiga",2018,28,0.0168389439754905
"13344","Shiga",2018,29,0.0183322101951821
"13345","Shiga",2018,30,0.0175577715359295
"13346","Shiga",2018,31,0.0168637929492755
"13347","Shiga",2018,32,0.0171630512131384
"13348","Shiga",2018,33,0.0162671924377301
"13349","Shiga",2018,34,0.0171487890252941
"13350","Shiga",2018,35,0.0173491463225258
"13351","Shiga",2018,36,0.0160863094343997
"13352","Shiga",2018,37,0.0146300747215025
"13353","Shiga",2018,38,0.0130621848853544
"13354","Shiga",2018,39,0.0119225338748667
"13355","Shiga",2018,40,0.0122986895070725
"13356","Shiga",2018,41,0.0106191429085243
"13357","Shiga",2018,42,0.0088724824178427
"13358","Shiga",2018,43,0.00826528843460309
"13359","Shiga",2018,44,0.00639157003555001
"13360","Shiga",2018,45,0.00917009826745938
"13361","Shiga",2018,46,0.00675268791714758
"13362","Shiga",2018,47,0.00553474231228535
"13363","Shiga",2018,48,0.00607534010875619
"13364","Shiga",2018,49,0.00686537786060554
"13365","Shiga",2018,50,0.00410628997668285
"13366","Shiga",2018,51,0.0052510231078705
"13367","Shiga",2018,52,0.00421217849932158
"13368","Shiga",2019,1,0.00377478645011302
"13369","Shiga",2019,2,0.00356390939107941
"13370","Shiga",2019,3,0.0038514876218138
"13371","Shiga",2019,4,0.00366384284235385
"13372","Shiga",2019,5,0.00349474288135549
"13373","Shiga",2019,6,0.00434414379235144
"13374","Shiga",2019,7,0.00347089596130629
"13375","Shiga",2019,8,0.00432618080783094
"13376","Shiga",2019,9,0.00436341732261503
"13377","Shiga",2019,10,0.00483292324658864
"13378","Shiga",2019,11,0.0048237341871017
"13379","Shiga",2019,12,0.00510741543435281
"13380","Shiga",2019,13,0.00469150266866094
"13381","Shiga",2019,14,0.00419397747457386
"13382","Shiga",2019,15,0.00487173121351632
"13383","Shiga",2019,16,0.00630420468165218
"13384","Shiga",2019,17,0.00887275232546461
"13385","Shiga",2019,18,0.00749602694491627
"13386","Shiga",2019,19,0.00649530323130355
"13387","Shiga",2019,20,0.00939038980883411
"13388","Shiga",2019,21,0.0080627681340404
"13389","Shiga",2019,22,0.00925591479246411
"13390","Shiga",2019,23,0.0117739271986819
"13391","Shiga",2019,24,0.011789142338737
"13392","Shiga",2019,25,0.0117764796782125
"13393","Shiga",2019,26,0.0143212924236002
"13394","Shiga",2019,27,0.0157800293041019
"13395","Shiga",2019,28,0.0143097144871302
"13396","Shiga",2019,29,0.0169261331798236
"13397","Shiga",2019,30,0.0184091023951635
"13398","Shiga",2019,31,0.0190723840545673
"13399","Shiga",2019,32,0.0184885765583012
"13400","Shiga",2019,33,0.018925976573967
"13401","Shiga",2019,34,0.0181372241968409
"13402","Shiga",2019,35,0.016040866112067
"13403","Shiga",2019,36,0.0173279103269296
"13404","Shiga",2019,37,0.0158540208235776
"13405","Shiga",2019,38,0.0128559925571562
"13406","Shiga",2019,39,0.013519444488415
"13407","Shiga",2019,40,0.0139629077480473
"13408","Shiga",2019,41,0.0112305383036898
"13409","Shiga",2019,42,0.0101737662200109
"13410","Shiga",2019,43,0.010744096258562
"13411","Shiga",2019,44,0.00827018017821619
"13412","Shiga",2019,45,0.00634017703747963
"13413","Shiga",2019,46,0.0063151898505599
"13414","Shiga",2019,47,0.00639793845337106
"13415","Shiga",2019,48,0.00576516198754919
"13416","Shiga",2019,49,0.00489452670888211
"13417","Shiga",2019,50,0.00473395584701308
"13418","Shiga",2019,51,0.00539264562906599
"13419","Shiga",2019,52,0.00478097533130885
"13420","Shiga",2020,1,0.00458780828417157
"13421","Shiga",2020,2,0.00453569769778024
"13422","Shiga",2020,3,0.00411843044474
"13423","Shiga",2020,4,0.00452076147097794
"13424","Shiga",2020,5,0.00476724420779828
"13425","Shiga",2020,6,0.00336352105004939
"13426","Shiga",2020,7,0.00502820575238509
"13427","Shiga",2020,8,0.00439898704298645
"13428","Shiga",2020,9,0.00433527991611167
"13429","Shimane",2013,1,0.00304602488648526
"13430","Shimane",2013,2,0.00323987841426527
"13431","Shimane",2013,3,0.00351397260062697
"13432","Shimane",2013,4,0.0036972439293315
"13433","Shimane",2013,5,0.00420202661189862
"13434","Shimane",2013,6,0.00379627581256604
"13435","Shimane",2013,7,0.00325207534289838
"13436","Shimane",2013,8,0.00338255650591316
"13437","Shimane",2013,9,0.00389775103098249
"13438","Shimane",2013,10,0.00470525671107228
"13439","Shimane",2013,11,0.00423285232350275
"13440","Shimane",2013,12,0.00571823912674078
"13441","Shimane",2013,13,0.00528227472304736
"13442","Shimane",2013,14,0.00625106378284542
"13443","Shimane",2013,15,0.00414066702088743
"13444","Shimane",2013,16,0.00633467539948144
"13445","Shimane",2013,17,0.0061210112646423
"13446","Shimane",2013,18,0.00640795326385713
"13447","Shimane",2013,19,0.00758265216014581
"13448","Shimane",2013,20,0.0088098598020559
"13449","Shimane",2013,21,0.00985472789282396
"13450","Shimane",2013,22,0.0111256619421538
"13451","Shimane",2013,23,0.0114009524040677
"13452","Shimane",2013,24,0.0142172814962773
"13453","Shimane",2013,25,0.014538368720147
"13454","Shimane",2013,26,0.0142920217009926
"13455","Shimane",2013,27,0.016069836636325
"13456","Shimane",2013,28,0.0168155547924317
"13457","Shimane",2013,29,0.0168822917546734
"13458","Shimane",2013,30,0.0175194769425336
"13459","Shimane",2013,31,0.0190935018982035
"13460","Shimane",2013,32,0.0192547126438645
"13461","Shimane",2013,33,0.0184900625106479
"13462","Shimane",2013,34,0.0188965981812543
"13463","Shimane",2013,35,0.0159461190708962
"13464","Shimane",2013,36,0.0137813688378547
"13465","Shimane",2013,37,0.0154825337081714
"13466","Shimane",2013,38,0.0119216198650039
"13467","Shimane",2013,39,0.011811278845808
"13468","Shimane",2013,40,0.0122069450709506
"13469","Shimane",2013,41,0.0133863322747145
"13470","Shimane",2013,42,0.00833610408242202
"13471","Shimane",2013,43,0.0100768300910455
"13472","Shimane",2013,44,0.00728363519223459
"13473","Shimane",2013,45,0.00785629562251796
"13474","Shimane",2013,46,0.00608084656428848
"13475","Shimane",2013,47,0.00470947699576921
"13476","Shimane",2013,48,0.0046488547203341
"13477","Shimane",2013,49,0.00471245493151659
"13478","Shimane",2013,50,0.00421780636321445
"13479","Shimane",2013,51,0.0041940272693064
"13480","Shimane",2013,52,0.00389616830127686
"13481","Shimane",2014,1,0.00368377535520682
"13482","Shimane",2014,2,0.00366732691745627
"13483","Shimane",2014,3,0.00365155393250084
"13484","Shimane",2014,4,0.00397096405797318
"13485","Shimane",2014,5,0.00444366729087099
"13486","Shimane",2014,6,0.00438383469965281
"13487","Shimane",2014,7,0.00324735588890371
"13488","Shimane",2014,8,0.00320209030943619
"13489","Shimane",2014,9,0.00516211081422684
"13490","Shimane",2014,10,0.00342212227734537
"13491","Shimane",2014,11,0.00409098909641936
"13492","Shimane",2014,12,0.00528748437842858
"13493","Shimane",2014,13,0.00683237193158031
"13494","Shimane",2014,14,0.00555779125288165
"13495","Shimane",2014,15,0.00504020590901163
"13496","Shimane",2014,16,0.00606576148789704
"13497","Shimane",2014,17,0.00650598068420157
"13498","Shimane",2014,18,0.00831330371065265
"13499","Shimane",2014,19,0.00626278879713416
"13500","Shimane",2014,20,0.00836431002866411
"13501","Shimane",2014,21,0.00944613645756763
"13502","Shimane",2014,22,0.0100544741316391
"13503","Shimane",2014,23,0.0119731480749232
"13504","Shimane",2014,24,0.0128903962361681
"13505","Shimane",2014,25,0.0126429794852649
"13506","Shimane",2014,26,0.013252609540828
"13507","Shimane",2014,27,0.0140500648747489
"13508","Shimane",2014,28,0.0162073179015101
"13509","Shimane",2014,29,0.0161234897908507
"13510","Shimane",2014,30,0.0176623454178613
"13511","Shimane",2014,31,0.016695244497582
"13512","Shimane",2014,32,0.0178955400523046
"13513","Shimane",2014,33,0.0170209262254506
"13514","Shimane",2014,34,0.0172206721264114
"13515","Shimane",2014,35,0.0153179837167208
"13516","Shimane",2014,36,0.0151717674233976
"13517","Shimane",2014,37,0.0120759102435432
"13518","Shimane",2014,38,0.0104342284730627
"13519","Shimane",2014,39,0.0117395850417239
"13520","Shimane",2014,40,0.0115239333116407
"13521","Shimane",2014,41,0.00990271437927461
"13522","Shimane",2014,42,0.00776612806938614
"13523","Shimane",2014,43,0.00923571153496111
"13524","Shimane",2014,44,0.00849713612808399
"13525","Shimane",2014,45,0.0064832794094404
"13526","Shimane",2014,46,0.00568982295754769
"13527","Shimane",2014,47,0.00589131680463852
"13528","Shimane",2014,48,0.00748060316319839
"13529","Shimane",2014,49,0.00454780704005986
"13530","Shimane",2014,50,0.00418793782443633
"13531","Shimane",2014,51,0.00355710607845182
"13532","Shimane",2014,52,0.00369323180462194
"13533","Shimane",2015,1,0.0039184395752543
"13534","Shimane",2015,2,0.00400293231287345
"13535","Shimane",2015,3,0.00416187021781603
"13536","Shimane",2015,4,0.0041819967424598
"13537","Shimane",2015,5,0.00352260586111638
"13538","Shimane",2015,6,0.00320521760807294
"13539","Shimane",2015,7,0.00426172369612078
"13540","Shimane",2015,8,0.00436133495696779
"13541","Shimane",2015,9,0.00383675291598787
"13542","Shimane",2015,10,0.00367017272580694
"13543","Shimane",2015,11,0.00666466840105113
"13544","Shimane",2015,12,0.00403046178834307
"13545","Shimane",2015,13,0.00797574822766323
"13546","Shimane",2015,14,0.00603398074685985
"13547","Shimane",2015,15,0.00632688115249515
"13548","Shimane",2015,16,0.00689926127666849
"13549","Shimane",2015,17,0.0084275952123228
"13550","Shimane",2015,18,0.00860650375732871
"13551","Shimane",2015,19,0.00887150717445197
"13552","Shimane",2015,20,0.0086218386983852
"13553","Shimane",2015,21,0.0103790169342498
"13554","Shimane",2015,22,0.0103383551105963
"13555","Shimane",2015,23,0.0123216309367963
"13556","Shimane",2015,24,0.0131526005853738
"13557","Shimane",2015,25,0.0135695008447454
"13558","Shimane",2015,26,0.01277145172936
"13559","Shimane",2015,27,0.0156933438604236
"13560","Shimane",2015,28,0.0161823269701815
"13561","Shimane",2015,29,0.0168617491159723
"13562","Shimane",2015,30,0.018146548432128
"13563","Shimane",2015,31,0.018176773914164
"13564","Shimane",2015,32,0.0166887484218293
"13565","Shimane",2015,33,0.0167731208217256
"13566","Shimane",2015,34,0.0149209690840326
"13567","Shimane",2015,35,0.0150834124827592
"13568","Shimane",2015,36,0.0128883010456322
"13569","Shimane",2015,37,0.0112536229819612
"13570","Shimane",2015,38,0.0124143621242759
"13571","Shimane",2015,39,0.0100807755854437
"13572","Shimane",2015,40,0.0082672147888672
"13573","Shimane",2015,41,0.00781005575860237
"13574","Shimane",2015,42,0.00911655950243348
"13575","Shimane",2015,43,0.00630333995975491
"13576","Shimane",2015,44,0.00825253079051208
"13577","Shimane",2015,45,0.00914001335128765
"13578","Shimane",2015,46,0.00859975483789723
"13579","Shimane",2015,47,0.0059339885887806
"13580","Shimane",2015,48,0.00529196460161716
"13581","Shimane",2015,49,0.00575940052500518
"13582","Shimane",2015,50,0.00517861234274326
"13583","Shimane",2015,51,0.00553467780383766
"13584","Shimane",2015,52,0.00416402098351222
"13585","Shimane",2016,1,0.00451818751776837
"13586","Shimane",2016,2,0.00363328597144619
"13587","Shimane",2016,3,0.0037075420326182
"13588","Shimane",2016,4,0.00399275453543396
"13589","Shimane",2016,5,0.00381169072572703
"13590","Shimane",2016,6,0.00472807611313935
"13591","Shimane",2016,7,0.00405718942077152
"13592","Shimane",2016,8,0.00351668392140526
"13593","Shimane",2016,9,0.00485109169725772
"13594","Shimane",2016,10,0.00544110831319712
"13595","Shimane",2016,11,0.00535025563316085
"13596","Shimane",2016,12,0.00382052323537216
"13597","Shimane",2016,13,0.00667095289876955
"13598","Shimane",2016,14,0.00758051159728592
"13599","Shimane",2016,15,0.00657325257366678
"13600","Shimane",2016,16,0.0074407835753372
"13601","Shimane",2016,17,0.00760755727967851
"13602","Shimane",2016,18,0.00792719940995381
"13603","Shimane",2016,19,0.0091698725338131
"13604","Shimane",2016,20,0.00891538253077197
"13605","Shimane",2016,21,0.01161922898187
"13606","Shimane",2016,22,0.0102127189432836
"13607","Shimane",2016,23,0.0133767905688705
"13608","Shimane",2016,24,0.0141147685624651
"13609","Shimane",2016,25,0.0153085676736355
"13610","Shimane",2016,26,0.0149569629866998
"13611","Shimane",2016,27,0.0172730615871165
"13612","Shimane",2016,28,0.017347068045562
"13613","Shimane",2016,29,0.0156193730711579
"13614","Shimane",2016,30,0.0176433008505894
"13615","Shimane",2016,31,0.0182483890445169
"13616","Shimane",2016,32,0.0172078570089043
"13617","Shimane",2016,33,0.0183364930007762
"13618","Shimane",2016,34,0.0170739555239022
"13619","Shimane",2016,35,0.0138628928723596
"13620","Shimane",2016,36,0.0161091912630517
"13621","Shimane",2016,37,0.0153074566842137
"13622","Shimane",2016,38,0.0133720965064917
"13623","Shimane",2016,39,0.015489379920832
"13624","Shimane",2016,40,0.0138987815992351
"13625","Shimane",2016,41,0.00785811841942233
"13626","Shimane",2016,42,0.0112683559912197
"13627","Shimane",2016,43,0.00886344100962937
"13628","Shimane",2016,44,0.0066218867527489
"13629","Shimane",2016,45,0.00622594471115472
"13630","Shimane",2016,46,0.00835916148905919
"13631","Shimane",2016,47,0.00666245865976688
"13632","Shimane",2016,48,0.00545801158413164
"13633","Shimane",2016,49,0.00534586573471969
"13634","Shimane",2016,50,0.0048690170891332
"13635","Shimane",2016,51,0.00636373378249931
"13636","Shimane",2016,52,0.00450142321467755
"13637","Shimane",2017,1,0.00436750329581719
"13638","Shimane",2017,2,0.00399633004761139
"13639","Shimane",2017,3,0.00383367947707789
"13640","Shimane",2017,4,0.00338577786943556
"13641","Shimane",2017,5,0.00404980686245998
"13642","Shimane",2017,6,0.00384993137226952
"13643","Shimane",2017,7,0.00413628681395007
"13644","Shimane",2017,8,0.00409702260297203
"13645","Shimane",2017,9,0.00400801274092614
"13646","Shimane",2017,10,0.00367015462339613
"13647","Shimane",2017,11,0.00405885412286032
"13648","Shimane",2017,12,0.00417599771352886
"13649","Shimane",2017,13,0.0049851683885845
"13650","Shimane",2017,14,0.00759881784806538
"13651","Shimane",2017,15,0.00648055973886848
"13652","Shimane",2017,16,0.00728761563225486
"13653","Shimane",2017,17,0.00669340604420459
"13654","Shimane",2017,18,0.00823430445582074
"13655","Shimane",2017,19,0.00912341455250634
"13656","Shimane",2017,20,0.00797158149215236
"13657","Shimane",2017,21,0.00997363833081457
"13658","Shimane",2017,22,0.00987205995714197
"13659","Shimane",2017,23,0.0101055098979341
"13660","Shimane",2017,24,0.00942448047398068
"13661","Shimane",2017,25,0.0127910193556017
"13662","Shimane",2017,26,0.0157251371295224
"13663","Shimane",2017,27,0.0172078215163382
"13664","Shimane",2017,28,0.0176044589332958
"13665","Shimane",2017,29,0.0187015011358856
"13666","Shimane",2017,30,0.0189343784444343
"13667","Shimane",2017,31,0.0185673404001232
"13668","Shimane",2017,32,0.0184398839115806
"13669","Shimane",2017,33,0.0173768519536821
"13670","Shimane",2017,34,0.0180822648802121
"13671","Shimane",2017,35,0.0139835154851952
"13672","Shimane",2017,36,0.0140714768640325
"13673","Shimane",2017,37,0.0133102095435409
"13674","Shimane",2017,38,0.0124106004525149
"13675","Shimane",2017,39,0.0112140788959848
"13676","Shimane",2017,40,0.0108258254323029
"13677","Shimane",2017,41,0.0121171740684982
"13678","Shimane",2017,42,0.00947060991187722
"13679","Shimane",2017,43,0.00842670172937582
"13680","Shimane",2017,44,0.00729031300481216
"13681","Shimane",2017,45,0.00714847636076396
"13682","Shimane",2017,46,0.00544923424946556
"13683","Shimane",2017,47,0.00434938958720169
"13684","Shimane",2017,48,0.00578519754252365
"13685","Shimane",2017,49,0.00435122336272224
"13686","Shimane",2017,50,0.00369533610340788
"13687","Shimane",2017,51,0.00376237057215259
"13688","Shimane",2017,52,0.003843986969551
"13689","Shimane",2018,1,0.00367043288653545
"13690","Shimane",2018,2,0.00366039048767339
"13691","Shimane",2018,3,0.00490281117970931
"13692","Shimane",2018,4,0.00303662897093772
"13693","Shimane",2018,5,0.00326188523349213
"13694","Shimane",2018,6,0.00293316161505925
"13695","Shimane",2018,7,0.00335616357706104
"13696","Shimane",2018,8,0.00350070226203267
"13697","Shimane",2018,9,0.00456734432903242
"13698","Shimane",2018,10,0.00485051479563197
"13699","Shimane",2018,11,0.00531907963081908
"13700","Shimane",2018,12,0.00544139060516077
"13701","Shimane",2018,13,0.00544733179520641
"13702","Shimane",2018,14,0.00730652571506338
"13703","Shimane",2018,15,0.00604660317412543
"13704","Shimane",2018,16,0.00652984539991368
"13705","Shimane",2018,17,0.00812296135976737
"13706","Shimane",2018,18,0.00807281904436452
"13707","Shimane",2018,19,0.00822877877893292
"13708","Shimane",2018,20,0.0107858074778173
"13709","Shimane",2018,21,0.00856406085065253
"13710","Shimane",2018,22,0.0113724179321899
"13711","Shimane",2018,23,0.0125309323409929
"13712","Shimane",2018,24,0.0111047762969327
"13713","Shimane",2018,25,0.0131234236287433
"13714","Shimane",2018,26,0.0156240385794393
"13715","Shimane",2018,27,0.0160920169028703
"13716","Shimane",2018,28,0.0170363694462423
"13717","Shimane",2018,29,0.0182021146040387
"13718","Shimane",2018,30,0.0190049896680741
"13719","Shimane",2018,31,0.0181266343201936
"13720","Shimane",2018,32,0.0172208771559365
"13721","Shimane",2018,33,0.0164936932825353
"13722","Shimane",2018,34,0.0169475030768278
"13723","Shimane",2018,35,0.0173869944405095
"13724","Shimane",2018,36,0.0150377313355683
"13725","Shimane",2018,37,0.0145807404973998
"13726","Shimane",2018,38,0.0141123714679913
"13727","Shimane",2018,39,0.0111159921272761
"13728","Shimane",2018,40,0.0115693141519159
"13729","Shimane",2018,41,0.00953351051156604
"13730","Shimane",2018,42,0.00829964129733525
"13731","Shimane",2018,43,0.00811865178693558
"13732","Shimane",2018,44,0.00596536074059091
"13733","Shimane",2018,45,0.00784713090488802
"13734","Shimane",2018,46,0.00657509675438492
"13735","Shimane",2018,47,0.00526741734017558
"13736","Shimane",2018,48,0.00620712349086903
"13737","Shimane",2018,49,0.00697892079134326
"13738","Shimane",2018,50,0.00427551262631274
"13739","Shimane",2018,51,0.00565360320317521
"13740","Shimane",2018,52,0.00430360440295033
"13741","Shimane",2019,1,0.00371920335867262
"13742","Shimane",2019,2,0.00387099578615159
"13743","Shimane",2019,3,0.00415113678522034
"13744","Shimane",2019,4,0.00375106418551774
"13745","Shimane",2019,5,0.00393629721833811
"13746","Shimane",2019,6,0.00477418136596414
"13747","Shimane",2019,7,0.0035506770620635
"13748","Shimane",2019,8,0.00435998617021152
"13749","Shimane",2019,9,0.00449182823821991
"13750","Shimane",2019,10,0.0048772329340451
"13751","Shimane",2019,11,0.00477370922034296
"13752","Shimane",2019,12,0.00541134663742014
"13753","Shimane",2019,13,0.00538264393448169
"13754","Shimane",2019,14,0.00458374708157514
"13755","Shimane",2019,15,0.0052075744012435
"13756","Shimane",2019,16,0.0066560022288845
"13757","Shimane",2019,17,0.00869783158685084
"13758","Shimane",2019,18,0.00793078638410258
"13759","Shimane",2019,19,0.00674532836715761
"13760","Shimane",2019,20,0.00949713988203519
"13761","Shimane",2019,21,0.00869810820292705
"13762","Shimane",2019,22,0.0094498983700423
"13763","Shimane",2019,23,0.0123545013819524
"13764","Shimane",2019,24,0.0113366256695749
"13765","Shimane",2019,25,0.0121475993355167
"13766","Shimane",2019,26,0.014259981030402
"13767","Shimane",2019,27,0.0149675154761636
"13768","Shimane",2019,28,0.0149376338591947
"13769","Shimane",2019,29,0.0163878650152725
"13770","Shimane",2019,30,0.0182886142476126
"13771","Shimane",2019,31,0.0189302903265669
"13772","Shimane",2019,32,0.0187626930369643
"13773","Shimane",2019,33,0.0186856897962293
"13774","Shimane",2019,34,0.017787607745654
"13775","Shimane",2019,35,0.0157368903674345
"13776","Shimane",2019,36,0.0171491446716574
"13777","Shimane",2019,37,0.0169686547715636
"13778","Shimane",2019,38,0.0124076886904491
"13779","Shimane",2019,39,0.0132953040859357
"13780","Shimane",2019,40,0.0147542321094398
"13781","Shimane",2019,41,0.0104524533643985
"13782","Shimane",2019,42,0.00932626262889944
"13783","Shimane",2019,43,0.0104879641952231
"13784","Shimane",2019,44,0.00801376406977529
"13785","Shimane",2019,45,0.00702853781362546
"13786","Shimane",2019,46,0.00654424882457975
"13787","Shimane",2019,47,0.00619180263967126
"13788","Shimane",2019,48,0.00595587226725526
"13789","Shimane",2019,49,0.00477270916565102
"13790","Shimane",2019,50,0.00469250010208559
"13791","Shimane",2019,51,0.00549732142976589
"13792","Shimane",2019,52,0.00505641742612499
"13793","Shimane",2020,1,0.00471392337883554
"13794","Shimane",2020,2,0.00499661710477219
"13795","Shimane",2020,3,0.00411604695717791
"13796","Shimane",2020,4,0.00490675708543348
"13797","Shimane",2020,5,0.00480634232278168
"13798","Shimane",2020,6,0.00351519855985422
"13799","Shimane",2020,7,0.00547579805679349
"13800","Shimane",2020,8,0.00417886457331649
"13801","Shimane",2020,9,0.00469668459485648
"13802","Shizuoka",2013,1,0.00248060252529046
"13803","Shizuoka",2013,2,0.00286780731984968
"13804","Shizuoka",2013,3,0.00295359834605775
"13805","Shizuoka",2013,4,0.00343529883179822
"13806","Shizuoka",2013,5,0.00353736412802646
"13807","Shizuoka",2013,6,0.00372042562257865
"13808","Shizuoka",2013,7,0.00292851121292378
"13809","Shizuoka",2013,8,0.00291975865555366
"13810","Shizuoka",2013,9,0.00343542302981449
"13811","Shizuoka",2013,10,0.00404121904256497
"13812","Shizuoka",2013,11,0.00461963046060593
"13813","Shizuoka",2013,12,0.00583749581829879
"13814","Shizuoka",2013,13,0.00578164684821879
"13815","Shizuoka",2013,14,0.00715037799300055
"13816","Shizuoka",2013,15,0.00398193541939862
"13817","Shizuoka",2013,16,0.00670420362050102
"13818","Shizuoka",2013,17,0.00575462364427997
"13819","Shizuoka",2013,18,0.00567986192895234
"13820","Shizuoka",2013,19,0.00711649966411143
"13821","Shizuoka",2013,20,0.00948210921896616
"13822","Shizuoka",2013,21,0.0101449480917276
"13823","Shizuoka",2013,22,0.0111829197742653
"13824","Shizuoka",2013,23,0.0109545129814795
"13825","Shizuoka",2013,24,0.0137219748391646
"13826","Shizuoka",2013,25,0.0141675218194021
"13827","Shizuoka",2013,26,0.0127803444335323
"13828","Shizuoka",2013,27,0.0147841302971406
"13829","Shizuoka",2013,28,0.0164407897225488
"13830","Shizuoka",2013,29,0.0148627516959243
"13831","Shizuoka",2013,30,0.0167943084147909
"13832","Shizuoka",2013,31,0.0167901237375029
"13833","Shizuoka",2013,32,0.0178393934520217
"13834","Shizuoka",2013,33,0.0172392105695473
"13835","Shizuoka",2013,34,0.0176515718239751
"13836","Shizuoka",2013,35,0.0156678760730622
"13837","Shizuoka",2013,36,0.0164379942006832
"13838","Shizuoka",2013,37,0.0152945804674081
"13839","Shizuoka",2013,38,0.0126453987455645
"13840","Shizuoka",2013,39,0.0113640184949556
"13841","Shizuoka",2013,40,0.012031035320772
"13842","Shizuoka",2013,41,0.013370286092222
"13843","Shizuoka",2013,42,0.0087321218040845
"13844","Shizuoka",2013,43,0.0103412750755682
"13845","Shizuoka",2013,44,0.00792959104016677
"13846","Shizuoka",2013,45,0.0075472545159504
"13847","Shizuoka",2013,46,0.00573650416309168
"13848","Shizuoka",2013,47,0.00462235168479864
"13849","Shizuoka",2013,48,0.00443975269605252
"13850","Shizuoka",2013,49,0.00435995583746952
"13851","Shizuoka",2013,50,0.0036765720533678
"13852","Shizuoka",2013,51,0.00385076875106387
"13853","Shizuoka",2013,52,0.00328992269329237
"13854","Shizuoka",2014,1,0.00309706783952962
"13855","Shizuoka",2014,2,0.00320933278779718
"13856","Shizuoka",2014,3,0.00291006845390413
"13857","Shizuoka",2014,4,0.00304224851075869
"13858","Shizuoka",2014,5,0.00351767963829886
"13859","Shizuoka",2014,6,0.00399400913726901
"13860","Shizuoka",2014,7,0.00339759401423377
"13861","Shizuoka",2014,8,0.002811888736408
"13862","Shizuoka",2014,9,0.00481364012628119
"13863","Shizuoka",2014,10,0.00356292646754975
"13864","Shizuoka",2014,11,0.00344361309926578
"13865","Shizuoka",2014,12,0.0045323306785558
"13866","Shizuoka",2014,13,0.00586312857071952
"13867","Shizuoka",2014,14,0.00558202016833917
"13868","Shizuoka",2014,15,0.00422575746768637
"13869","Shizuoka",2014,16,0.00606316367827487
"13870","Shizuoka",2014,17,0.00689049466124361
"13871","Shizuoka",2014,18,0.0079308890329822
"13872","Shizuoka",2014,19,0.00696196895961919
"13873","Shizuoka",2014,20,0.00788682829784954
"13874","Shizuoka",2014,21,0.00898435653011327
"13875","Shizuoka",2014,22,0.0113978995294444
"13876","Shizuoka",2014,23,0.0121551021844705
"13877","Shizuoka",2014,24,0.0122007509997764
"13878","Shizuoka",2014,25,0.0122269609284884
"13879","Shizuoka",2014,26,0.0133349371975329
"13880","Shizuoka",2014,27,0.0134964940956725
"13881","Shizuoka",2014,28,0.0157292334095617
"13882","Shizuoka",2014,29,0.0163444388462146
"13883","Shizuoka",2014,30,0.0167627128852927
"13884","Shizuoka",2014,31,0.0159136679838588
"13885","Shizuoka",2014,32,0.0172440028604294
"13886","Shizuoka",2014,33,0.0178437238337007
"13887","Shizuoka",2014,34,0.0171923005695777
"13888","Shizuoka",2014,35,0.0151801868320424
"13889","Shizuoka",2014,36,0.0145647958714664
"13890","Shizuoka",2014,37,0.0127247186114021
"13891","Shizuoka",2014,38,0.0110782997883865
"13892","Shizuoka",2014,39,0.0113409381768267
"13893","Shizuoka",2014,40,0.0123916352567143
"13894","Shizuoka",2014,41,0.0105981988962574
"13895","Shizuoka",2014,42,0.00860048408207014
"13896","Shizuoka",2014,43,0.00945186598930957
"13897","Shizuoka",2014,44,0.00846055599125606
"13898","Shizuoka",2014,45,0.00786648493618485
"13899","Shizuoka",2014,46,0.00669829691642072
"13900","Shizuoka",2014,47,0.0051404375401045
"13901","Shizuoka",2014,48,0.00745495298591332
"13902","Shizuoka",2014,49,0.00456130370980177
"13903","Shizuoka",2014,50,0.0038935539162362
"13904","Shizuoka",2014,51,0.00328988429659995
"13905","Shizuoka",2014,52,0.00318264813321542
"13906","Shizuoka",2015,1,0.00329644843781249
"13907","Shizuoka",2015,2,0.00329688516371058
"13908","Shizuoka",2015,3,0.00368476473046358
"13909","Shizuoka",2015,4,0.00392954222619409
"13910","Shizuoka",2015,5,0.00306083142459433
"13911","Shizuoka",2015,6,0.00284897367365917
"13912","Shizuoka",2015,7,0.00372382480368835
"13913","Shizuoka",2015,8,0.00469547636204694
"13914","Shizuoka",2015,9,0.00426699339616682
"13915","Shizuoka",2015,10,0.00371907379454977
"13916","Shizuoka",2015,11,0.00704324068446239
"13917","Shizuoka",2015,12,0.0034845264301233
"13918","Shizuoka",2015,13,0.00756386234163522
"13919","Shizuoka",2015,14,0.00724402006502454
"13920","Shizuoka",2015,15,0.00649877294467676
"13921","Shizuoka",2015,16,0.008244067002842
"13922","Shizuoka",2015,17,0.00851311457005901
"13923","Shizuoka",2015,18,0.00918453126852497
"13924","Shizuoka",2015,19,0.00890346980858859
"13925","Shizuoka",2015,20,0.00942421614075649
"13926","Shizuoka",2015,21,0.0107583891158474
"13927","Shizuoka",2015,22,0.0106961636919777
"13928","Shizuoka",2015,23,0.0121290838033729
"13929","Shizuoka",2015,24,0.0125710251815239
"13930","Shizuoka",2015,25,0.0129370916593289
"13931","Shizuoka",2015,26,0.0134052714244063
"13932","Shizuoka",2015,27,0.0147822712667626
"13933","Shizuoka",2015,28,0.0171081261508265
"13934","Shizuoka",2015,29,0.0167450361903525
"13935","Shizuoka",2015,30,0.0182481835186026
"13936","Shizuoka",2015,31,0.0180825324614472
"13937","Shizuoka",2015,32,0.0168255025886241
"13938","Shizuoka",2015,33,0.0174248136008909
"13939","Shizuoka",2015,34,0.0152467322022483
"13940","Shizuoka",2015,35,0.0154179767236847
"13941","Shizuoka",2015,36,0.014426880616365
"13942","Shizuoka",2015,37,0.0124051936699744
"13943","Shizuoka",2015,38,0.0122217468520708
"13944","Shizuoka",2015,39,0.0107682432133871
"13945","Shizuoka",2015,40,0.00828972923112627
"13946","Shizuoka",2015,41,0.00882146547798591
"13947","Shizuoka",2015,42,0.0094764883205006
"13948","Shizuoka",2015,43,0.00695293946053913
"13949","Shizuoka",2015,44,0.0074393606842996
"13950","Shizuoka",2015,45,0.00911510165562239
"13951","Shizuoka",2015,46,0.00927614151586553
"13952","Shizuoka",2015,47,0.00634047262708183
"13953","Shizuoka",2015,48,0.00506734145576017
"13954","Shizuoka",2015,49,0.00587457948636482
"13955","Shizuoka",2015,50,0.0053460976889809
"13956","Shizuoka",2015,51,0.00518708500541505
"13957","Shizuoka",2015,52,0.0032228014758269
"13958","Shizuoka",2016,1,0.00394215441767511
"13959","Shizuoka",2016,2,0.0032266511747663
"13960","Shizuoka",2016,3,0.00311238660086417
"13961","Shizuoka",2016,4,0.00335519213360667
"13962","Shizuoka",2016,5,0.00335392580021448
"13963","Shizuoka",2016,6,0.00413285374816656
"13964","Shizuoka",2016,7,0.00413387957922712
"13965","Shizuoka",2016,8,0.00329599107051668
"13966","Shizuoka",2016,9,0.00392954468605223
"13967","Shizuoka",2016,10,0.00629536769515236
"13968","Shizuoka",2016,11,0.00522800336676393
"13969","Shizuoka",2016,12,0.00431680030283555
"13970","Shizuoka",2016,13,0.00548224630755803
"13971","Shizuoka",2016,14,0.00774964641633776
"13972","Shizuoka",2016,15,0.00648940129972631
"13973","Shizuoka",2016,16,0.00793616053776077
"13974","Shizuoka",2016,17,0.00767490171736563
"13975","Shizuoka",2016,18,0.00808053820988484
"13976","Shizuoka",2016,19,0.0100089938073522
"13977","Shizuoka",2016,20,0.00949330579383307
"13978","Shizuoka",2016,21,0.0112854573601514
"13979","Shizuoka",2016,22,0.00979680939316491
"13980","Shizuoka",2016,23,0.0116383006661039
"13981","Shizuoka",2016,24,0.0132502946341357
"13982","Shizuoka",2016,25,0.0142793636000042
"13983","Shizuoka",2016,26,0.0142223620466675
"13984","Shizuoka",2016,27,0.0156887769518031
"13985","Shizuoka",2016,28,0.015993323976483
"13986","Shizuoka",2016,29,0.0156534911736674
"13987","Shizuoka",2016,30,0.0151235662139515
"13988","Shizuoka",2016,31,0.0171309855680593
"13989","Shizuoka",2016,32,0.0161033465748788
"13990","Shizuoka",2016,33,0.017570636496566
"13991","Shizuoka",2016,34,0.0170957618985382
"13992","Shizuoka",2016,35,0.0148848119016609
"13993","Shizuoka",2016,36,0.0166774568644215
"13994","Shizuoka",2016,37,0.0157856965190291
"13995","Shizuoka",2016,38,0.0147097682198781
"13996","Shizuoka",2016,39,0.015382579227617
"13997","Shizuoka",2016,40,0.0141545162505353
"13998","Shizuoka",2016,41,0.00903206460832803
"13999","Shizuoka",2016,42,0.010997284186702
"14000","Shizuoka",2016,43,0.00969608457002631
"14001","Shizuoka",2016,44,0.00649852384151464
"14002","Shizuoka",2016,45,0.00648946838941284
"14003","Shizuoka",2016,46,0.00784529179458988
"14004","Shizuoka",2016,47,0.00677313280704427
"14005","Shizuoka",2016,48,0.00558902260371703
"14006","Shizuoka",2016,49,0.00472215956484479
"14007","Shizuoka",2016,50,0.00389568740834157
"14008","Shizuoka",2016,51,0.00524451270847678
"14009","Shizuoka",2016,52,0.00413638492767208
"14010","Shizuoka",2017,1,0.0033647585995975
"14011","Shizuoka",2017,2,0.00342892022930661
"14012","Shizuoka",2017,3,0.00295997955419949
"14013","Shizuoka",2017,4,0.00259774798154185
"14014","Shizuoka",2017,5,0.003228468569909
"14015","Shizuoka",2017,6,0.00313448113704867
"14016","Shizuoka",2017,7,0.00321209951540812
"14017","Shizuoka",2017,8,0.00359183905883409
"14018","Shizuoka",2017,9,0.00393877708838262
"14019","Shizuoka",2017,10,0.00339343250016018
"14020","Shizuoka",2017,11,0.0038654730141903
"14021","Shizuoka",2017,12,0.00384269729179781
"14022","Shizuoka",2017,13,0.00443548779881482
"14023","Shizuoka",2017,14,0.00711932030056265
"14024","Shizuoka",2017,15,0.00607293140415107
"14025","Shizuoka",2017,16,0.00687365237191745
"14026","Shizuoka",2017,17,0.0063889774934354
"14027","Shizuoka",2017,18,0.00796330931108816
"14028","Shizuoka",2017,19,0.00827370178737527
"14029","Shizuoka",2017,20,0.00949586957482382
"14030","Shizuoka",2017,21,0.0108345470590082
"14031","Shizuoka",2017,22,0.00997618319519907
"14032","Shizuoka",2017,23,0.0100919551735369
"14033","Shizuoka",2017,24,0.00964693750157359
"14034","Shizuoka",2017,25,0.0125816864201437
"14035","Shizuoka",2017,26,0.0150808809902565
"14036","Shizuoka",2017,27,0.015608450685305
"14037","Shizuoka",2017,28,0.017267065541446
"14038","Shizuoka",2017,29,0.0164981330535719
"14039","Shizuoka",2017,30,0.0180226365206634
"14040","Shizuoka",2017,31,0.0173716654195926
"14041","Shizuoka",2017,32,0.0181780079920458
"14042","Shizuoka",2017,33,0.017416081628426
"14043","Shizuoka",2017,34,0.0172459715002724
"14044","Shizuoka",2017,35,0.0154334075864278
"14045","Shizuoka",2017,36,0.0144417641663703
"14046","Shizuoka",2017,37,0.0135299462563035
"14047","Shizuoka",2017,38,0.0121244381007732
"14048","Shizuoka",2017,39,0.011894831928095
"14049","Shizuoka",2017,40,0.0109935020191136
"14050","Shizuoka",2017,41,0.0127567475695964
"14051","Shizuoka",2017,42,0.00990736831795746
"14052","Shizuoka",2017,43,0.00831017569668156
"14053","Shizuoka",2017,44,0.00713752029319904
"14054","Shizuoka",2017,45,0.00736380360679108
"14055","Shizuoka",2017,46,0.00586709103352497
"14056","Shizuoka",2017,47,0.00427145882754739
"14057","Shizuoka",2017,48,0.00548284708865379
"14058","Shizuoka",2017,49,0.00359575479704772
"14059","Shizuoka",2017,50,0.00324680073954424
"14060","Shizuoka",2017,51,0.00309813352721166
"14061","Shizuoka",2017,52,0.00328579506479988
"14062","Shizuoka",2018,1,0.00292615780299716
"14063","Shizuoka",2018,2,0.00306776493233327
"14064","Shizuoka",2018,3,0.00435375637787652
"14065","Shizuoka",2018,4,0.00252711532094177
"14066","Shizuoka",2018,5,0.00313836377486318
"14067","Shizuoka",2018,6,0.00236325574198707
"14068","Shizuoka",2018,7,0.00275778681901702
"14069","Shizuoka",2018,8,0.00275703575035546
"14070","Shizuoka",2018,9,0.00380377947436986
"14071","Shizuoka",2018,10,0.0060997984039338
"14072","Shizuoka",2018,11,0.00512877897901661
"14073","Shizuoka",2018,12,0.00553023312730757
"14074","Shizuoka",2018,13,0.00573514106074689
"14075","Shizuoka",2018,14,0.00767276083114178
"14076","Shizuoka",2018,15,0.00576828552462715
"14077","Shizuoka",2018,16,0.00742103607427529
"14078","Shizuoka",2018,17,0.00901004803225844
"14079","Shizuoka",2018,18,0.00802337258816761
"14080","Shizuoka",2018,19,0.00830093987828298
"14081","Shizuoka",2018,20,0.0112153212087039
"14082","Shizuoka",2018,21,0.00904562615620291
"14083","Shizuoka",2018,22,0.0109677223260692
"14084","Shizuoka",2018,23,0.0121078721166767
"14085","Shizuoka",2018,24,0.012587100102833
"14086","Shizuoka",2018,25,0.0126746714364184
"14087","Shizuoka",2018,26,0.0158885740969566
"14088","Shizuoka",2018,27,0.016776509912072
"14089","Shizuoka",2018,28,0.0171790880214246
"14090","Shizuoka",2018,29,0.0190323310161833
"14091","Shizuoka",2018,30,0.0174303091547892
"14092","Shizuoka",2018,31,0.0185513643567092
"14093","Shizuoka",2018,32,0.0186948716868407
"14094","Shizuoka",2018,33,0.0164239271121284
"14095","Shizuoka",2018,34,0.0172879722442922
"14096","Shizuoka",2018,35,0.0172345825441394
"14097","Shizuoka",2018,36,0.0168660035475233
"14098","Shizuoka",2018,37,0.0140001109603171
"14099","Shizuoka",2018,38,0.0139262525430355
"14100","Shizuoka",2018,39,0.0127595298948549
"14101","Shizuoka",2018,40,0.0123939982951495
"14102","Shizuoka",2018,41,0.0115604521467888
"14103","Shizuoka",2018,42,0.00902910958402738
"14104","Shizuoka",2018,43,0.00840161077300411
"14105","Shizuoka",2018,44,0.00630529820509658
"14106","Shizuoka",2018,45,0.00977519842444943
"14107","Shizuoka",2018,46,0.00701066980338219
"14108","Shizuoka",2018,47,0.00565930650709843
"14109","Shizuoka",2018,48,0.00568168174109888
"14110","Shizuoka",2018,49,0.00732060765930449
"14111","Shizuoka",2018,50,0.00389423525809814
"14112","Shizuoka",2018,51,0.00503093605406806
"14113","Shizuoka",2018,52,0.00358178193972162
"14114","Shizuoka",2019,1,0.00297927989041294
"14115","Shizuoka",2019,2,0.00327112601684238
"14116","Shizuoka",2019,3,0.00338643812207245
"14117","Shizuoka",2019,4,0.00298567419332382
"14118","Shizuoka",2019,5,0.00297875299884533
"14119","Shizuoka",2019,6,0.00455773129136964
"14120","Shizuoka",2019,7,0.00327505422676797
"14121","Shizuoka",2019,8,0.00436743542279677
"14122","Shizuoka",2019,9,0.0051096631665307
"14123","Shizuoka",2019,10,0.00517019913994803
"14124","Shizuoka",2019,11,0.00422751898345104
"14125","Shizuoka",2019,12,0.00501888814586531
"14126","Shizuoka",2019,13,0.00459821962199731
"14127","Shizuoka",2019,14,0.00350728086765036
"14128","Shizuoka",2019,15,0.00487463011019746
"14129","Shizuoka",2019,16,0.00650147547138442
"14130","Shizuoka",2019,17,0.00913788436340478
"14131","Shizuoka",2019,18,0.00782185889516973
"14132","Shizuoka",2019,19,0.00712696888646892
"14133","Shizuoka",2019,20,0.00936202396823589
"14134","Shizuoka",2019,21,0.00940203215522396
"14135","Shizuoka",2019,22,0.0105696941302945
"14136","Shizuoka",2019,23,0.0123043736095166
"14137","Shizuoka",2019,24,0.0111341267483782
"14138","Shizuoka",2019,25,0.0120080523738182
"14139","Shizuoka",2019,26,0.0147596986557939
"14140","Shizuoka",2019,27,0.0156108436351027
"14141","Shizuoka",2019,28,0.0136816718041021
"14142","Shizuoka",2019,29,0.0162550291812734
"14143","Shizuoka",2019,30,0.0176324419861792
"14144","Shizuoka",2019,31,0.0191905589958576
"14145","Shizuoka",2019,32,0.0182389625744465
"14146","Shizuoka",2019,33,0.0189724905219608
"14147","Shizuoka",2019,34,0.0176667514214076
"14148","Shizuoka",2019,35,0.0162591100514833
"14149","Shizuoka",2019,36,0.0166720875230909
"14150","Shizuoka",2019,37,0.016112474485457
"14151","Shizuoka",2019,38,0.0139242879951483
"14152","Shizuoka",2019,39,0.0136250253240351
"14153","Shizuoka",2019,40,0.0135120914128135
"14154","Shizuoka",2019,41,0.0124903515552708
"14155","Shizuoka",2019,42,0.0112196201128165
"14156","Shizuoka",2019,43,0.0106224410647242
"14157","Shizuoka",2019,44,0.00843388391473373
"14158","Shizuoka",2019,45,0.00682906926984898
"14159","Shizuoka",2019,46,0.00680024155967057
"14160","Shizuoka",2019,47,0.00689816585785992
"14161","Shizuoka",2019,48,0.00687091987175471
"14162","Shizuoka",2019,49,0.00471624539430631
"14163","Shizuoka",2019,50,0.00520876271579764
"14164","Shizuoka",2019,51,0.00589095949949326
"14165","Shizuoka",2019,52,0.00453067412329657
"14166","Shizuoka",2020,1,0.0042599393583255
"14167","Shizuoka",2020,2,0.00439170365646129
"14168","Shizuoka",2020,3,0.00396984197745252
"14169","Shizuoka",2020,4,0.00473241743741309
"14170","Shizuoka",2020,5,0.00443449392357984
"14171","Shizuoka",2020,6,0.00289360196749945
"14172","Shizuoka",2020,7,0.00460809492217854
"14173","Shizuoka",2020,8,0.00457112003109273
"14174","Shizuoka",2020,9,0.00424910309489938
"14175","Tochigi",2013,1,0.0021894855743854
"14176","Tochigi",2013,2,0.00249882889548266
"14177","Tochigi",2013,3,0.00261705652193978
"14178","Tochigi",2013,4,0.00276744363788932
"14179","Tochigi",2013,5,0.0028696358183211
"14180","Tochigi",2013,6,0.00272480353829641
"14181","Tochigi",2013,7,0.00245654120979169
"14182","Tochigi",2013,8,0.00208656902126433
"14183","Tochigi",2013,9,0.00275086525198288
"14184","Tochigi",2013,10,0.00333179828077597
"14185","Tochigi",2013,11,0.00292838077606093
"14186","Tochigi",2013,12,0.00495453609684237
"14187","Tochigi",2013,13,0.00485525630257228
"14188","Tochigi",2013,14,0.00624389580727212
"14189","Tochigi",2013,15,0.00405288699527206
"14190","Tochigi",2013,16,0.00561705494331828
"14191","Tochigi",2013,17,0.00498798175207882
"14192","Tochigi",2013,18,0.00483318884331702
"14193","Tochigi",2013,19,0.0058976837728433
"14194","Tochigi",2013,20,0.00825895615392411
"14195","Tochigi",2013,21,0.00907850735084706
"14196","Tochigi",2013,22,0.0100704156793793
"14197","Tochigi",2013,23,0.00973178555428236
"14198","Tochigi",2013,24,0.0129985439188635
"14199","Tochigi",2013,25,0.0136258499044049
"14200","Tochigi",2013,26,0.0121084010944461
"14201","Tochigi",2013,27,0.0145801134586971
"14202","Tochigi",2013,28,0.0168032914681188
"14203","Tochigi",2013,29,0.013523173393729
"14204","Tochigi",2013,30,0.015705851893634
"14205","Tochigi",2013,31,0.0157498077954948
"14206","Tochigi",2013,32,0.0176412668437599
"14207","Tochigi",2013,33,0.0165953718736452
"14208","Tochigi",2013,34,0.0169288927740797
"14209","Tochigi",2013,35,0.0145328008494895
"14210","Tochigi",2013,36,0.0160867854250377
"14211","Tochigi",2013,37,0.014094144998095
"14212","Tochigi",2013,38,0.0116081672148124
"14213","Tochigi",2013,39,0.0103970725249364
"14214","Tochigi",2013,40,0.0112059438268245
"14215","Tochigi",2013,41,0.0128558027734526
"14216","Tochigi",2013,42,0.0074809639612866
"14217","Tochigi",2013,43,0.00905655198932135
"14218","Tochigi",2013,44,0.00679093083039482
"14219","Tochigi",2013,45,0.00647496575460663
"14220","Tochigi",2013,46,0.00452372234629393
"14221","Tochigi",2013,47,0.00416906958362816
"14222","Tochigi",2013,48,0.00409394199773748
"14223","Tochigi",2013,49,0.00418675055310693
"14224","Tochigi",2013,50,0.00299833162586805
"14225","Tochigi",2013,51,0.00337894502583517
"14226","Tochigi",2013,52,0.00269595825705927
"14227","Tochigi",2014,1,0.00267495650270163
"14228","Tochigi",2014,2,0.00240499681927242
"14229","Tochigi",2014,3,0.00208286246242781
"14230","Tochigi",2014,4,0.00250063999468649
"14231","Tochigi",2014,5,0.00270010015088481
"14232","Tochigi",2014,6,0.00274004757108786
"14233","Tochigi",2014,7,0.00274502705295001
"14234","Tochigi",2014,8,0.00220438930526834
"14235","Tochigi",2014,9,0.0037418965138238
"14236","Tochigi",2014,10,0.0026449243569842
"14237","Tochigi",2014,11,0.00309243137455487
"14238","Tochigi",2014,12,0.00370051005347146
"14239","Tochigi",2014,13,0.00465032489403575
"14240","Tochigi",2014,14,0.00493386066334318
"14241","Tochigi",2014,15,0.00329891382612969
"14242","Tochigi",2014,16,0.00460832076398735
"14243","Tochigi",2014,17,0.00550031328963581
"14244","Tochigi",2014,18,0.00733927984551675
"14245","Tochigi",2014,19,0.00621433098202297
"14246","Tochigi",2014,20,0.0070760609499983
"14247","Tochigi",2014,21,0.00817886328882551
"14248","Tochigi",2014,22,0.0106715743209597
"14249","Tochigi",2014,23,0.0114617627774546
"14250","Tochigi",2014,24,0.0125019222077911
"14251","Tochigi",2014,25,0.0118955827051401
"14252","Tochigi",2014,26,0.0128916776916332
"14253","Tochigi",2014,27,0.013068942232898
"14254","Tochigi",2014,28,0.0149494944919864
"14255","Tochigi",2014,29,0.0153847921955378
"14256","Tochigi",2014,30,0.0165721885910951
"14257","Tochigi",2014,31,0.0153489289016176
"14258","Tochigi",2014,32,0.0171944755023272
"14259","Tochigi",2014,33,0.0165874418732167
"14260","Tochigi",2014,34,0.0170780049930976
"14261","Tochigi",2014,35,0.013650107961609
"14262","Tochigi",2014,36,0.0137402882806477
"14263","Tochigi",2014,37,0.0114553688022045
"14264","Tochigi",2014,38,0.0095604579757797
"14265","Tochigi",2014,39,0.00991022682542634
"14266","Tochigi",2014,40,0.0106900379051507
"14267","Tochigi",2014,41,0.0092550261202122
"14268","Tochigi",2014,42,0.00732638739589473
"14269","Tochigi",2014,43,0.0080337522960127
"14270","Tochigi",2014,44,0.00702563827327536
"14271","Tochigi",2014,45,0.00623161478652965
"14272","Tochigi",2014,46,0.00544578671606338
"14273","Tochigi",2014,47,0.00433072858773717
"14274","Tochigi",2014,48,0.00610882596643182
"14275","Tochigi",2014,49,0.00412529455802754
"14276","Tochigi",2014,50,0.00320752676076055
"14277","Tochigi",2014,51,0.00278025381102544
"14278","Tochigi",2014,52,0.00270481301953114
"14279","Tochigi",2015,1,0.00272993410461403
"14280","Tochigi",2015,2,0.00288545544601347
"14281","Tochigi",2015,3,0.00283685472167575
"14282","Tochigi",2015,4,0.00316186297513812
"14283","Tochigi",2015,5,0.00259218979379486
"14284","Tochigi",2015,6,0.00254343649055788
"14285","Tochigi",2015,7,0.00304635877758218
"14286","Tochigi",2015,8,0.00403034164917604
"14287","Tochigi",2015,9,0.0035401535874148
"14288","Tochigi",2015,10,0.00332288964866584
"14289","Tochigi",2015,11,0.00519762571321717
"14290","Tochigi",2015,12,0.00288857495605649
"14291","Tochigi",2015,13,0.00588045590798918
"14292","Tochigi",2015,14,0.00552525564680782
"14293","Tochigi",2015,15,0.00594625572593586
"14294","Tochigi",2015,16,0.00679868042323421
"14295","Tochigi",2015,17,0.00734867662412334
"14296","Tochigi",2015,18,0.0075008072287001
"14297","Tochigi",2015,19,0.00736063955888097
"14298","Tochigi",2015,20,0.0082557287529409
"14299","Tochigi",2015,21,0.00950197431627617
"14300","Tochigi",2015,22,0.00901368914622833
"14301","Tochigi",2015,23,0.0113486889057979
"14302","Tochigi",2015,24,0.0119398746890913
"14303","Tochigi",2015,25,0.0126640703620844
"14304","Tochigi",2015,26,0.0126739186516152
"14305","Tochigi",2015,27,0.0129734314377625
"14306","Tochigi",2015,28,0.0164450894603101
"14307","Tochigi",2015,29,0.0173056952885944
"14308","Tochigi",2015,30,0.0177112893980631
"14309","Tochigi",2015,31,0.017103641514612
"14310","Tochigi",2015,32,0.0164799591135383
"14311","Tochigi",2015,33,0.0163416850530796
"14312","Tochigi",2015,34,0.0125718720058638
"14313","Tochigi",2015,35,0.0142503742418645
"14314","Tochigi",2015,36,0.0138332357191943
"14315","Tochigi",2015,37,0.0117550276698054
"14316","Tochigi",2015,38,0.0107078371713825
"14317","Tochigi",2015,39,0.00930986833486263
"14318","Tochigi",2015,40,0.00711001399510125
"14319","Tochigi",2015,41,0.00818412797109365
"14320","Tochigi",2015,42,0.00829729146023852
"14321","Tochigi",2015,43,0.00627869678023167
"14322","Tochigi",2015,44,0.00653955781435238
"14323","Tochigi",2015,45,0.00760044716923605
"14324","Tochigi",2015,46,0.00784792629065815
"14325","Tochigi",2015,47,0.00517780504213199
"14326","Tochigi",2015,48,0.00439445930616361
"14327","Tochigi",2015,49,0.00435667887043561
"14328","Tochigi",2015,50,0.0044949791507077
"14329","Tochigi",2015,51,0.00386706411365373
"14330","Tochigi",2015,52,0.00274043633509082
"14331","Tochigi",2016,1,0.00357892538907917
"14332","Tochigi",2016,2,0.0028156647008236
"14333","Tochigi",2016,3,0.00266522673510681
"14334","Tochigi",2016,4,0.00273539586169132
"14335","Tochigi",2016,5,0.00289453388234312
"14336","Tochigi",2016,6,0.00323963543761947
"14337","Tochigi",2016,7,0.00365526387415589
"14338","Tochigi",2016,8,0.00277679350819785
"14339","Tochigi",2016,9,0.00341313129552687
"14340","Tochigi",2016,10,0.00527465399409604
"14341","Tochigi",2016,11,0.00442478436276159
"14342","Tochigi",2016,12,0.00329866385274277
"14343","Tochigi",2016,13,0.00460456740748404
"14344","Tochigi",2016,14,0.00645621917322813
"14345","Tochigi",2016,15,0.00525317718976014
"14346","Tochigi",2016,16,0.00731020067246345
"14347","Tochigi",2016,17,0.00658542457563905
"14348","Tochigi",2016,18,0.00783112033085186
"14349","Tochigi",2016,19,0.00895626331730986
"14350","Tochigi",2016,20,0.00783124752905129
"14351","Tochigi",2016,21,0.00985632931379836
"14352","Tochigi",2016,22,0.00826970799179427
"14353","Tochigi",2016,23,0.0108342544855913
"14354","Tochigi",2016,24,0.0120124040420159
"14355","Tochigi",2016,25,0.0134063380217256
"14356","Tochigi",2016,26,0.0133951761926301
"14357","Tochigi",2016,27,0.0144033555261757
"14358","Tochigi",2016,28,0.0149829220834586
"14359","Tochigi",2016,29,0.014164502053476
"14360","Tochigi",2016,30,0.0147438853285176
"14361","Tochigi",2016,31,0.0170495842032297
"14362","Tochigi",2016,32,0.0145218633881101
"14363","Tochigi",2016,33,0.0168144231709673
"14364","Tochigi",2016,34,0.0165223588989571
"14365","Tochigi",2016,35,0.0149030699680211
"14366","Tochigi",2016,36,0.0160028347999353
"14367","Tochigi",2016,37,0.0141805169733498
"14368","Tochigi",2016,38,0.0129675894102028
"14369","Tochigi",2016,39,0.0133275414635227
"14370","Tochigi",2016,40,0.0116103796991734
"14371","Tochigi",2016,41,0.00704968065104671
"14372","Tochigi",2016,42,0.00903188959877422
"14373","Tochigi",2016,43,0.00655499024514846
"14374","Tochigi",2016,44,0.00540726568399347
"14375","Tochigi",2016,45,0.00479093178179125
"14376","Tochigi",2016,46,0.00575187574015643
"14377","Tochigi",2016,47,0.00512929253375342
"14378","Tochigi",2016,48,0.00447134712618836
"14379","Tochigi",2016,49,0.00391361237134325
"14380","Tochigi",2016,50,0.00310489024582468
"14381","Tochigi",2016,51,0.00450683091837838
"14382","Tochigi",2016,52,0.00309643315186391
"14383","Tochigi",2017,1,0.00292225785404578
"14384","Tochigi",2017,2,0.00299392443935826
"14385","Tochigi",2017,3,0.00260636368184381
"14386","Tochigi",2017,4,0.00238016135055763
"14387","Tochigi",2017,5,0.00273937527040839
"14388","Tochigi",2017,6,0.00264726749939932
"14389","Tochigi",2017,7,0.00259695522980785
"14390","Tochigi",2017,8,0.00283587545491202
"14391","Tochigi",2017,9,0.00323350135190379
"14392","Tochigi",2017,10,0.00301032326996101
"14393","Tochigi",2017,11,0.00337593315011949
"14394","Tochigi",2017,12,0.00318977336452444
"14395","Tochigi",2017,13,0.00384198964400677
"14396","Tochigi",2017,14,0.00598158009384543
"14397","Tochigi",2017,15,0.00470511098616387
"14398","Tochigi",2017,16,0.00614411115115009
"14399","Tochigi",2017,17,0.00554092926777773
"14400","Tochigi",2017,18,0.00693263428881206
"14401","Tochigi",2017,19,0.00805549110652991
"14402","Tochigi",2017,20,0.00878329431464536
"14403","Tochigi",2017,21,0.0105718846361817
"14404","Tochigi",2017,22,0.00973450293103784
"14405","Tochigi",2017,23,0.00884440970413976
"14406","Tochigi",2017,24,0.00903098971413283
"14407","Tochigi",2017,25,0.0114173380079483
"14408","Tochigi",2017,26,0.013756802182502
"14409","Tochigi",2017,27,0.0154485048081429
"14410","Tochigi",2017,28,0.0164719819853167
"14411","Tochigi",2017,29,0.0161220757726479
"14412","Tochigi",2017,30,0.0171517095742085
"14413","Tochigi",2017,31,0.0161362552646957
"14414","Tochigi",2017,32,0.0175701281337674
"14415","Tochigi",2017,33,0.0160909079936381
"14416","Tochigi",2017,34,0.0166493846438736
"14417","Tochigi",2017,35,0.0131599623273728
"14418","Tochigi",2017,36,0.0126151245245063
"14419","Tochigi",2017,37,0.0124318788523718
"14420","Tochigi",2017,38,0.0116214016402217
"14421","Tochigi",2017,39,0.0106241198476351
"14422","Tochigi",2017,40,0.00929958144622585
"14423","Tochigi",2017,41,0.0112359415613532
"14424","Tochigi",2017,42,0.00833589561773972
"14425","Tochigi",2017,43,0.00754046568885115
"14426","Tochigi",2017,44,0.00639652839356856
"14427","Tochigi",2017,45,0.0052767389784963
"14428","Tochigi",2017,46,0.0048635046259443
"14429","Tochigi",2017,47,0.00359845331855351
"14430","Tochigi",2017,48,0.0047552029216568
"14431","Tochigi",2017,49,0.00359373660108344
"14432","Tochigi",2017,50,0.00292408689532303
"14433","Tochigi",2017,51,0.00276044886805874
"14434","Tochigi",2017,52,0.00277281729845549
"14435","Tochigi",2018,1,0.00256603508858201
"14436","Tochigi",2018,2,0.00263390179162246
"14437","Tochigi",2018,3,0.00344055090217715
"14438","Tochigi",2018,4,0.00212561919435302
"14439","Tochigi",2018,5,0.00268274353157895
"14440","Tochigi",2018,6,0.00233052038401682
"14441","Tochigi",2018,7,0.00242948587365298
"14442","Tochigi",2018,8,0.00263460530733517
"14443","Tochigi",2018,9,0.00336039459698487
"14444","Tochigi",2018,10,0.00453890166270067
"14445","Tochigi",2018,11,0.00408709528617062
"14446","Tochigi",2018,12,0.00462857345135761
"14447","Tochigi",2018,13,0.00454282041093527
"14448","Tochigi",2018,14,0.00675154164730781
"14449","Tochigi",2018,15,0.00491923507945756
"14450","Tochigi",2018,16,0.0065750623060635
"14451","Tochigi",2018,17,0.00790367800240946
"14452","Tochigi",2018,18,0.008211275147735
"14453","Tochigi",2018,19,0.00727202328561282
"14454","Tochigi",2018,20,0.0100882505999269
"14455","Tochigi",2018,21,0.00845402825035542
"14456","Tochigi",2018,22,0.010543347314287
"14457","Tochigi",2018,23,0.0114310193653602
"14458","Tochigi",2018,24,0.0105166156651509
"14459","Tochigi",2018,25,0.0117695367101318
"14460","Tochigi",2018,26,0.0150061685360412
"14461","Tochigi",2018,27,0.0158101741154553
"14462","Tochigi",2018,28,0.0166800758489402
"14463","Tochigi",2018,29,0.0186224423696708
"14464","Tochigi",2018,30,0.0162736743591278
"14465","Tochigi",2018,31,0.0175902471763632
"14466","Tochigi",2018,32,0.017424681080778
"14467","Tochigi",2018,33,0.0153092662742616
"14468","Tochigi",2018,34,0.0167292491036133
"14469","Tochigi",2018,35,0.0166649967961876
"14470","Tochigi",2018,36,0.0158186041025867
"14471","Tochigi",2018,37,0.0130808448530369
"14472","Tochigi",2018,38,0.0120656246406538
"14473","Tochigi",2018,39,0.0113487532486443
"14474","Tochigi",2018,40,0.0119762657282791
"14475","Tochigi",2018,41,0.0103665616781014
"14476","Tochigi",2018,42,0.00808639475446552
"14477","Tochigi",2018,43,0.00754384862664004
"14478","Tochigi",2018,44,0.0060452749582555
"14479","Tochigi",2018,45,0.0087266376514309
"14480","Tochigi",2018,46,0.00591065604040222
"14481","Tochigi",2018,47,0.00478005007690261
"14482","Tochigi",2018,48,0.00521233444359014
"14483","Tochigi",2018,49,0.00563647784261126
"14484","Tochigi",2018,50,0.00300202799369861
"14485","Tochigi",2018,51,0.00394327086681989
"14486","Tochigi",2018,52,0.00297632549945227
"14487","Tochigi",2019,1,0.0025255660196262
"14488","Tochigi",2019,2,0.00251225423426002
"14489","Tochigi",2019,3,0.00261918134995485
"14490","Tochigi",2019,4,0.00246670041524587
"14491","Tochigi",2019,5,0.00255670449339845
"14492","Tochigi",2019,6,0.00323332012385044
"14493","Tochigi",2019,7,0.00232086043027738
"14494","Tochigi",2019,8,0.0034613167495519
"14495","Tochigi",2019,9,0.0035362144023929
"14496","Tochigi",2019,10,0.00433278501382195
"14497","Tochigi",2019,11,0.00370321629947338
"14498","Tochigi",2019,12,0.00405907697901218
"14499","Tochigi",2019,13,0.00339532427351612
"14500","Tochigi",2019,14,0.00313248632380778
"14501","Tochigi",2019,15,0.00388584489250546
"14502","Tochigi",2019,16,0.00539562269288772
"14503","Tochigi",2019,17,0.00772051399242781
"14504","Tochigi",2019,18,0.00693467528668656
"14505","Tochigi",2019,19,0.00619560975885574
"14506","Tochigi",2019,20,0.00841637149278542
"14507","Tochigi",2019,21,0.008386349040509
"14508","Tochigi",2019,22,0.0095505131639226
"14509","Tochigi",2019,23,0.0113674184880365
"14510","Tochigi",2019,24,0.00992248876004693
"14511","Tochigi",2019,25,0.0115738726877213
"14512","Tochigi",2019,26,0.0134702315678012
"14513","Tochigi",2019,27,0.0140703701735291
"14514","Tochigi",2019,28,0.0120489834114164
"14515","Tochigi",2019,29,0.015532580873823
"14516","Tochigi",2019,30,0.0170400714522402
"14517","Tochigi",2019,31,0.0190599686428595
"14518","Tochigi",2019,32,0.0184062850062005
"14519","Tochigi",2019,33,0.0189797573192819
"14520","Tochigi",2019,34,0.0165281119257414
"14521","Tochigi",2019,35,0.0154333202256916
"14522","Tochigi",2019,36,0.0154893612120733
"14523","Tochigi",2019,37,0.014829380586958
"14524","Tochigi",2019,38,0.0121933082491749
"14525","Tochigi",2019,39,0.0124366130382193
"14526","Tochigi",2019,40,0.0123851023330787
"14527","Tochigi",2019,41,0.0111650507225442
"14528","Tochigi",2019,42,0.00888891862603249
"14529","Tochigi",2019,43,0.00921762276373656
"14530","Tochigi",2019,44,0.00745130114855593
"14531","Tochigi",2019,45,0.005666335604282
"14532","Tochigi",2019,46,0.0056779783023766
"14533","Tochigi",2019,47,0.00538871738495504
"14534","Tochigi",2019,48,0.0051441785035031
"14535","Tochigi",2019,49,0.00383536786185216
"14536","Tochigi",2019,50,0.00422447985097137
"14537","Tochigi",2019,51,0.0043699293582338
"14538","Tochigi",2019,52,0.00368988551317011
"14539","Tochigi",2020,1,0.00326675770884897
"14540","Tochigi",2020,2,0.00363344168930178
"14541","Tochigi",2020,3,0.00373019686621008
"14542","Tochigi",2020,4,0.00344906499939547
"14543","Tochigi",2020,5,0.00377171721065481
"14544","Tochigi",2020,6,0.00259876073219901
"14545","Tochigi",2020,7,0.00390098038256514
"14546","Tochigi",2020,8,0.00420932983548132
"14547","Tochigi",2020,9,0.00364818226915559
"14548","Tokushima",2013,1,0.00298197783792777
"14549","Tokushima",2013,2,0.00309029481270778
"14550","Tokushima",2013,3,0.00335226079743627
"14551","Tokushima",2013,4,0.00365651741906757
"14552","Tokushima",2013,5,0.00407759397565108
"14553","Tokushima",2013,6,0.0040637133074122
"14554","Tokushima",2013,7,0.00343702990128938
"14555","Tokushima",2013,8,0.00351337527413593
"14556","Tokushima",2013,9,0.00418453228683162
"14557","Tokushima",2013,10,0.00444949218406141
"14558","Tokushima",2013,11,0.00456551258387639
"14559","Tokushima",2013,12,0.00639901347544677
"14560","Tokushima",2013,13,0.00601888842313489
"14561","Tokushima",2013,14,0.00665101249301362
"14562","Tokushima",2013,15,0.00414103701521336
"14563","Tokushima",2013,16,0.00687563953798633
"14564","Tokushima",2013,17,0.00597732260879512
"14565","Tokushima",2013,18,0.00648780028715036
"14566","Tokushima",2013,19,0.00739048131944086
"14567","Tokushima",2013,20,0.00892815502015179
"14568","Tokushima",2013,21,0.010354112839777
"14569","Tokushima",2013,22,0.0116679655502067
"14570","Tokushima",2013,23,0.0109954381837761
"14571","Tokushima",2013,24,0.0141110969708094
"14572","Tokushima",2013,25,0.014618335637053
"14573","Tokushima",2013,26,0.0141411094388498
"14574","Tokushima",2013,27,0.0161259008844791
"14575","Tokushima",2013,28,0.0174640793697108
"14576","Tokushima",2013,29,0.016322276459844
"14577","Tokushima",2013,30,0.0173265540120063
"14578","Tokushima",2013,31,0.018268434238729
"14579","Tokushima",2013,32,0.0184513841230755
"14580","Tokushima",2013,33,0.0171150348344011
"14581","Tokushima",2013,34,0.0187664901610006
"14582","Tokushima",2013,35,0.0160829115007087
"14583","Tokushima",2013,36,0.0153084234540504
"14584","Tokushima",2013,37,0.0153786728727908
"14585","Tokushima",2013,38,0.0121358087120857
"14586","Tokushima",2013,39,0.0113593366237947
"14587","Tokushima",2013,40,0.0115293972558005
"14588","Tokushima",2013,41,0.0143768882039975
"14589","Tokushima",2013,42,0.00901250264448677
"14590","Tokushima",2013,43,0.0107726469915955
"14591","Tokushima",2013,44,0.00731868887436909
"14592","Tokushima",2013,45,0.00826443971211305
"14593","Tokushima",2013,46,0.00616847839120805
"14594","Tokushima",2013,47,0.00441461007897293
"14595","Tokushima",2013,48,0.00467852855247839
"14596","Tokushima",2013,49,0.00448554767925408
"14597","Tokushima",2013,50,0.00404645664569562
"14598","Tokushima",2013,51,0.00397084170236563
"14599","Tokushima",2013,52,0.0036262797195889
"14600","Tokushima",2014,1,0.00363626644263005
"14601","Tokushima",2014,2,0.00365012853855171
"14602","Tokushima",2014,3,0.00326680347012681
"14603","Tokushima",2014,4,0.00366315437358269
"14604","Tokushima",2014,5,0.00468993471536372
"14605","Tokushima",2014,6,0.00454412036079318
"14606","Tokushima",2014,7,0.00330458497134845
"14607","Tokushima",2014,8,0.00310342598576532
"14608","Tokushima",2014,9,0.00522212193134915
"14609","Tokushima",2014,10,0.00366429871014791
"14610","Tokushima",2014,11,0.00394311088631144
"14611","Tokushima",2014,12,0.00542621863706182
"14612","Tokushima",2014,13,0.00675040186229553
"14613","Tokushima",2014,14,0.00572396553903162
"14614","Tokushima",2014,15,0.00490258613593381
"14615","Tokushima",2014,16,0.00611648853654035
"14616","Tokushima",2014,17,0.00676150331325088
"14617","Tokushima",2014,18,0.00841228555210867
"14618","Tokushima",2014,19,0.00643115604762685
"14619","Tokushima",2014,20,0.00846901745965344
"14620","Tokushima",2014,21,0.00904267197220072
"14621","Tokushima",2014,22,0.0105779174373597
"14622","Tokushima",2014,23,0.012611473535715
"14623","Tokushima",2014,24,0.0127321182450621
"14624","Tokushima",2014,25,0.0122445683344829
"14625","Tokushima",2014,26,0.0134673189183528
"14626","Tokushima",2014,27,0.0137089461521241
"14627","Tokushima",2014,28,0.0163406677513449
"14628","Tokushima",2014,29,0.0172263061696499
"14629","Tokushima",2014,30,0.0172299505395041
"14630","Tokushima",2014,31,0.0169705302185548
"14631","Tokushima",2014,32,0.0182243456915387
"14632","Tokushima",2014,33,0.0180262504144742
"14633","Tokushima",2014,34,0.0176968657884108
"14634","Tokushima",2014,35,0.0157176219308481
"14635","Tokushima",2014,36,0.0164227534381996
"14636","Tokushima",2014,37,0.0118218024272051
"14637","Tokushima",2014,38,0.0106092546197283
"14638","Tokushima",2014,39,0.0123480225777969
"14639","Tokushima",2014,40,0.0118711283980177
"14640","Tokushima",2014,41,0.0108028963784114
"14641","Tokushima",2014,42,0.00843337305160339
"14642","Tokushima",2014,43,0.00999927048285355
"14643","Tokushima",2014,44,0.00891428732409513
"14644","Tokushima",2014,45,0.00712357444563284
"14645","Tokushima",2014,46,0.0060084956438609
"14646","Tokushima",2014,47,0.00561092125330325
"14647","Tokushima",2014,48,0.00798762775162886
"14648","Tokushima",2014,49,0.00460967047359347
"14649","Tokushima",2014,50,0.00404994288038838
"14650","Tokushima",2014,51,0.00351789675264986
"14651","Tokushima",2014,52,0.00352233351903126
"14652","Tokushima",2015,1,0.00400679377853992
"14653","Tokushima",2015,2,0.00395828397801457
"14654","Tokushima",2015,3,0.00412639164003153
"14655","Tokushima",2015,4,0.00426089990014787
"14656","Tokushima",2015,5,0.00330965463959148
"14657","Tokushima",2015,6,0.00286521478887884
"14658","Tokushima",2015,7,0.00408355557558735
"14659","Tokushima",2015,8,0.00499597585474438
"14660","Tokushima",2015,9,0.00447111539898711
"14661","Tokushima",2015,10,0.00365989345449752
"14662","Tokushima",2015,11,0.00757988444671816
"14663","Tokushima",2015,12,0.00376057517284954
"14664","Tokushima",2015,13,0.0092934005134039
"14665","Tokushima",2015,14,0.00758008601602382
"14666","Tokushima",2015,15,0.00690093019563221
"14667","Tokushima",2015,16,0.00758122522265218
"14668","Tokushima",2015,17,0.00870516361797941
"14669","Tokushima",2015,18,0.00899974887610504
"14670","Tokushima",2015,19,0.00985319350866492
"14671","Tokushima",2015,20,0.00893618255496175
"14672","Tokushima",2015,21,0.0100626951314335
"14673","Tokushima",2015,22,0.0105229031314152
"14674","Tokushima",2015,23,0.0130067933346787
"14675","Tokushima",2015,24,0.0134261869627879
"14676","Tokushima",2015,25,0.0143014931770645
"14677","Tokushima",2015,26,0.0135356979332381
"14678","Tokushima",2015,27,0.0165804013274892
"14679","Tokushima",2015,28,0.016994832653513
"14680","Tokushima",2015,29,0.0168399181361114
"14681","Tokushima",2015,30,0.0179724379158405
"14682","Tokushima",2015,31,0.0178639933798734
"14683","Tokushima",2015,32,0.0168107659756698
"14684","Tokushima",2015,33,0.0174857386052625
"14685","Tokushima",2015,34,0.0155127934165268
"14686","Tokushima",2015,35,0.0157928652812228
"14687","Tokushima",2015,36,0.0137504499253814
"14688","Tokushima",2015,37,0.0115916794043351
"14689","Tokushima",2015,38,0.0129882447938757
"14690","Tokushima",2015,39,0.0102489743080738
"14691","Tokushima",2015,40,0.00829946122375608
"14692","Tokushima",2015,41,0.00766461678607892
"14693","Tokushima",2015,42,0.00854457114279991
"14694","Tokushima",2015,43,0.00666695800024939
"14695","Tokushima",2015,44,0.00870934349242245
"14696","Tokushima",2015,45,0.00998141294115679
"14697","Tokushima",2015,46,0.00904501383287229
"14698","Tokushima",2015,47,0.00638256073755679
"14699","Tokushima",2015,48,0.00523723487191277
"14700","Tokushima",2015,49,0.00630905715789882
"14701","Tokushima",2015,50,0.00487263936163374
"14702","Tokushima",2015,51,0.00572344805721219
"14703","Tokushima",2015,52,0.00380367703603711
"14704","Tokushima",2016,1,0.00454681652252288
"14705","Tokushima",2016,2,0.00345620075533153
"14706","Tokushima",2016,3,0.00347914747190884
"14707","Tokushima",2016,4,0.00418736759135735
"14708","Tokushima",2016,5,0.00370384135970261
"14709","Tokushima",2016,6,0.00469230859135749
"14710","Tokushima",2016,7,0.00419306130462367
"14711","Tokushima",2016,8,0.00349987963545655
"14712","Tokushima",2016,9,0.00451853137909606
"14713","Tokushima",2016,10,0.00599315446826217
"14714","Tokushima",2016,11,0.00571136455564173
"14715","Tokushima",2016,12,0.00379490745009742
"14716","Tokushima",2016,13,0.00657076424269923
"14717","Tokushima",2016,14,0.00867667722051865
"14718","Tokushima",2016,15,0.0069581240985964
"14719","Tokushima",2016,16,0.00790340558973191
"14720","Tokushima",2016,17,0.00826401787755418
"14721","Tokushima",2016,18,0.00837532328583673
"14722","Tokushima",2016,19,0.00981490182966613
"14723","Tokushima",2016,20,0.00901231728934342
"14724","Tokushima",2016,21,0.0112159617889426
"14725","Tokushima",2016,22,0.0104364986490334
"14726","Tokushima",2016,23,0.013147749243829
"14727","Tokushima",2016,24,0.0142173989594339
"14728","Tokushima",2016,25,0.0159025474270619
"14729","Tokushima",2016,26,0.0152542722221081
"14730","Tokushima",2016,27,0.0173933746199495
"14731","Tokushima",2016,28,0.017666172580977
"14732","Tokushima",2016,29,0.0161390109666983
"14733","Tokushima",2016,30,0.0169718099378534
"14734","Tokushima",2016,31,0.0170215962481674
"14735","Tokushima",2016,32,0.0160576218992658
"14736","Tokushima",2016,33,0.0184963650938238
"14737","Tokushima",2016,34,0.0173488908220114
"14738","Tokushima",2016,35,0.0140826182059635
"14739","Tokushima",2016,36,0.0162855788221387
"14740","Tokushima",2016,37,0.0164931693719883
"14741","Tokushima",2016,38,0.0152980338597902
"14742","Tokushima",2016,39,0.0167851863997998
"14743","Tokushima",2016,40,0.0149122718853388
"14744","Tokushima",2016,41,0.00801481167997633
"14745","Tokushima",2016,42,0.0119285628237545
"14746","Tokushima",2016,43,0.00957447992774844
"14747","Tokushima",2016,44,0.00636830448078744
"14748","Tokushima",2016,45,0.00658498855541338
"14749","Tokushima",2016,46,0.0084760412561793
"14750","Tokushima",2016,47,0.00718299319777744
"14751","Tokushima",2016,48,0.00581692832887686
"14752","Tokushima",2016,49,0.0053861840326573
"14753","Tokushima",2016,50,0.00479138756827221
"14754","Tokushima",2016,51,0.00605092268072331
"14755","Tokushima",2016,52,0.00453189822204413
"14756","Tokushima",2017,1,0.00418702175489832
"14757","Tokushima",2017,2,0.00367988717068651
"14758","Tokushima",2017,3,0.00336275448658842
"14759","Tokushima",2017,4,0.0031713527848206
"14760","Tokushima",2017,5,0.00409078385105762
"14761","Tokushima",2017,6,0.00351770891481067
"14762","Tokushima",2017,7,0.00390399119332571
"14763","Tokushima",2017,8,0.00427028296118077
"14764","Tokushima",2017,9,0.00400161957996442
"14765","Tokushima",2017,10,0.00363918173473379
"14766","Tokushima",2017,11,0.0039747269196204
"14767","Tokushima",2017,12,0.00412726461884188
"14768","Tokushima",2017,13,0.00495453879195449
"14769","Tokushima",2017,14,0.00769059522132067
"14770","Tokushima",2017,15,0.00683312331286575
"14771","Tokushima",2017,16,0.00786225008641728
"14772","Tokushima",2017,17,0.00677695818237775
"14773","Tokushima",2017,18,0.00880598617480594
"14774","Tokushima",2017,19,0.00899068916585746
"14775","Tokushima",2017,20,0.00846290879825486
"14776","Tokushima",2017,21,0.0102343540864448
"14777","Tokushima",2017,22,0.0101126767363814
"14778","Tokushima",2017,23,0.010131237967672
"14779","Tokushima",2017,24,0.00934595607213417
"14780","Tokushima",2017,25,0.0127807418413117
"14781","Tokushima",2017,26,0.0157982444242103
"14782","Tokushima",2017,27,0.0172192411572509
"14783","Tokushima",2017,28,0.0174666714944622
"14784","Tokushima",2017,29,0.0176781877053706
"14785","Tokushima",2017,30,0.0193012624717414
"14786","Tokushima",2017,31,0.0188173416677567
"14787","Tokushima",2017,32,0.0185639111400784
"14788","Tokushima",2017,33,0.0176893123324941
"14789","Tokushima",2017,34,0.0179840672213477
"14790","Tokushima",2017,35,0.0143806575584114
"14791","Tokushima",2017,36,0.0143231923342941
"14792","Tokushima",2017,37,0.0140132108245013
"14793","Tokushima",2017,38,0.0128890556056678
"14794","Tokushima",2017,39,0.0115229211362151
"14795","Tokushima",2017,40,0.0115969276626056
"14796","Tokushima",2017,41,0.0126895510275418
"14797","Tokushima",2017,42,0.0103389413837612
"14798","Tokushima",2017,43,0.0086496833547619
"14799","Tokushima",2017,44,0.00733299637103354
"14800","Tokushima",2017,45,0.00731037455494374
"14801","Tokushima",2017,46,0.00580953170472424
"14802","Tokushima",2017,47,0.00441293578044878
"14803","Tokushima",2017,48,0.00618416021087414
"14804","Tokushima",2017,49,0.00391153343933717
"14805","Tokushima",2017,50,0.00350619455679237
"14806","Tokushima",2017,51,0.00330427639634983
"14807","Tokushima",2017,52,0.00376369200064053
"14808","Tokushima",2018,1,0.00339252954193316
"14809","Tokushima",2018,2,0.00356446948692597
"14810","Tokushima",2018,3,0.00504286394864445
"14811","Tokushima",2018,4,0.00276794373950049
"14812","Tokushima",2018,5,0.00308402337170333
"14813","Tokushima",2018,6,0.00260727074399256
"14814","Tokushima",2018,7,0.00322182910117056
"14815","Tokushima",2018,8,0.00339929621572783
"14816","Tokushima",2018,9,0.004778323151228
"14817","Tokushima",2018,10,0.00560311699243146
"14818","Tokushima",2018,11,0.00537423338450662
"14819","Tokushima",2018,12,0.00578645639797145
"14820","Tokushima",2018,13,0.00574394298505029
"14821","Tokushima",2018,14,0.0078200458147868
"14822","Tokushima",2018,15,0.00641231109210967
"14823","Tokushima",2018,16,0.00643117176265441
"14824","Tokushima",2018,17,0.00824351172117647
"14825","Tokushima",2018,18,0.00783767508927683
"14826","Tokushima",2018,19,0.00867104321341322
"14827","Tokushima",2018,20,0.0112844107795239
"14828","Tokushima",2018,21,0.00885252321724592
"14829","Tokushima",2018,22,0.0110120514146826
"14830","Tokushima",2018,23,0.0126917638348245
"14831","Tokushima",2018,24,0.0115877359126292
"14832","Tokushima",2018,25,0.0138937109126618
"14833","Tokushima",2018,26,0.0157904475726139
"14834","Tokushima",2018,27,0.0175744387428965
"14835","Tokushima",2018,28,0.016985293600943
"14836","Tokushima",2018,29,0.0181634505986287
"14837","Tokushima",2018,30,0.0177725944548626
"14838","Tokushima",2018,31,0.0181241278742666
"14839","Tokushima",2018,32,0.0172489176982024
"14840","Tokushima",2018,33,0.0168298042358316
"14841","Tokushima",2018,34,0.0179305427274036
"14842","Tokushima",2018,35,0.0175292724763526
"14843","Tokushima",2018,36,0.0161558345113084
"14844","Tokushima",2018,37,0.0154240305598077
"14845","Tokushima",2018,38,0.0149537141188114
"14846","Tokushima",2018,39,0.012089316225158
"14847","Tokushima",2018,40,0.0128188922149708
"14848","Tokushima",2018,41,0.0105602566857583
"14849","Tokushima",2018,42,0.00856635500942136
"14850","Tokushima",2018,43,0.00862625251499336
"14851","Tokushima",2018,44,0.00612287252898865
"14852","Tokushima",2018,45,0.00833453236662563
"14853","Tokushima",2018,46,0.00663776068881774
"14854","Tokushima",2018,47,0.00548445780191323
"14855","Tokushima",2018,48,0.00646966305331221
"14856","Tokushima",2018,49,0.00761064527986888
"14857","Tokushima",2018,50,0.00414804980755422
"14858","Tokushima",2018,51,0.00588074091258736
"14859","Tokushima",2018,52,0.00428031782172519
"14860","Tokushima",2019,1,0.00354604218000305
"14861","Tokushima",2019,2,0.00378111572366268
"14862","Tokushima",2019,3,0.0038590761295736
"14863","Tokushima",2019,4,0.00357690846052638
"14864","Tokushima",2019,5,0.00372236851294725
"14865","Tokushima",2019,6,0.00514266709453285
"14866","Tokushima",2019,7,0.00367128323865906
"14867","Tokushima",2019,8,0.00467511441411596
"14868","Tokushima",2019,9,0.00461209385658586
"14869","Tokushima",2019,10,0.00511067525992599
"14870","Tokushima",2019,11,0.00451766984484219
"14871","Tokushima",2019,12,0.00580603938995984
"14872","Tokushima",2019,13,0.00532727073220156
"14873","Tokushima",2019,14,0.00414037868975721
"14874","Tokushima",2019,15,0.00533803040165497
"14875","Tokushima",2019,16,0.00692702868546375
"14876","Tokushima",2019,17,0.00971013658572037
"14877","Tokushima",2019,18,0.00844343144150011
"14878","Tokushima",2019,19,0.0071798416892327
"14879","Tokushima",2019,20,0.00980127267631836
"14880","Tokushima",2019,21,0.00924016795650486
"14881","Tokushima",2019,22,0.0101704396927344
"14882","Tokushima",2019,23,0.0127269265228916
"14883","Tokushima",2019,24,0.0118513481641705
"14884","Tokushima",2019,25,0.0121096236831323
"14885","Tokushima",2019,26,0.0150198221908515
"14886","Tokushima",2019,27,0.01571081954671
"14887","Tokushima",2019,28,0.0155130655735984
"14888","Tokushima",2019,29,0.0171004828807493
"14889","Tokushima",2019,30,0.0179279123283748
"14890","Tokushima",2019,31,0.0184650147680528
"14891","Tokushima",2019,32,0.017676371164202
"14892","Tokushima",2019,33,0.0189434364611483
"14893","Tokushima",2019,34,0.0179668326182183
"14894","Tokushima",2019,35,0.0165592560806114
"14895","Tokushima",2019,36,0.0175742291638283
"14896","Tokushima",2019,37,0.0166823847428708
"14897","Tokushima",2019,38,0.0128244966902146
"14898","Tokushima",2019,39,0.0142262383079772
"14899","Tokushima",2019,40,0.0147784742687282
"14900","Tokushima",2019,41,0.0114912962835867
"14901","Tokushima",2019,42,0.0105815833291557
"14902","Tokushima",2019,43,0.0107577327348588
"14903","Tokushima",2019,44,0.00830204828866994
"14904","Tokushima",2019,45,0.00660379133778432
"14905","Tokushima",2019,46,0.00635422289646349
"14906","Tokushima",2019,47,0.00665787262758471
"14907","Tokushima",2019,48,0.00624908836878618
"14908","Tokushima",2019,49,0.00475860757440599
"14909","Tokushima",2019,50,0.00469495502201142
"14910","Tokushima",2019,51,0.00549719903859187
"14911","Tokushima",2019,52,0.00516421405331731
"14912","Tokushima",2020,1,0.00486530521987841
"14913","Tokushima",2020,2,0.00474975160453682
"14914","Tokushima",2020,3,0.00409091747367999
"14915","Tokushima",2020,4,0.00519335027430624
"14916","Tokushima",2020,5,0.00489869807119486
"14917","Tokushima",2020,6,0.00346892708399603
"14918","Tokushima",2020,7,0.00555623683461174
"14919","Tokushima",2020,8,0.00430592037992445
"14920","Tokushima",2020,9,0.0047985968002186
"14921","Tokyo",2013,1,0.00235423767007887
"14922","Tokyo",2013,2,0.00299450027107793
"14923","Tokyo",2013,3,0.00260944713539045
"14924","Tokyo",2013,4,0.00292313836897457
"14925","Tokyo",2013,5,0.00327601731571901
"14926","Tokyo",2013,6,0.00332699382228644
"14927","Tokyo",2013,7,0.00273848084699629
"14928","Tokyo",2013,8,0.00252422823437623
"14929","Tokyo",2013,9,0.00319254859849544
"14930","Tokyo",2013,10,0.00396507912747828
"14931","Tokyo",2013,11,0.00378972088635367
"14932","Tokyo",2013,12,0.00601696840853297
"14933","Tokyo",2013,13,0.00569280904684482
"14934","Tokyo",2013,14,0.00680562670874808
"14935","Tokyo",2013,15,0.00449441465648955
"14936","Tokyo",2013,16,0.006294652852895
"14937","Tokyo",2013,17,0.00533600702848552
"14938","Tokyo",2013,18,0.0059259026311338
"14939","Tokyo",2013,19,0.00652143262725856
"14940","Tokyo",2013,20,0.00949289679660329
"14941","Tokyo",2013,21,0.0100178414057674
"14942","Tokyo",2013,22,0.0105746822165591
"14943","Tokyo",2013,23,0.0101883752670671
"14944","Tokyo",2013,24,0.013508593264435
"14945","Tokyo",2013,25,0.014337336943884
"14946","Tokyo",2013,26,0.0128344910751496
"14947","Tokyo",2013,27,0.0148107280755149
"14948","Tokyo",2013,28,0.0179339340621872
"14949","Tokyo",2013,29,0.0145046056048679
"14950","Tokyo",2013,30,0.0167583604675851
"14951","Tokyo",2013,31,0.0167574870533177
"14952","Tokyo",2013,32,0.0186576324714614
"14953","Tokyo",2013,33,0.0173581071597125
"14954","Tokyo",2013,34,0.0178420830052346
"14955","Tokyo",2013,35,0.0154571164000247
"14956","Tokyo",2013,36,0.0166874599776098
"14957","Tokyo",2013,37,0.0149737912163671
"14958","Tokyo",2013,38,0.0122514411008784
"14959","Tokyo",2013,39,0.0108226172991895
"14960","Tokyo",2013,40,0.0116670107735055
"14961","Tokyo",2013,41,0.013405630581214
"14962","Tokyo",2013,42,0.00808039515478803
"14963","Tokyo",2013,43,0.00945727769950671
"14964","Tokyo",2013,44,0.00751907930576376
"14965","Tokyo",2013,45,0.00704860276476081
"14966","Tokyo",2013,46,0.00525455496140889
"14967","Tokyo",2013,47,0.00435020220798573
"14968","Tokyo",2013,48,0.00442854940359082
"14969","Tokyo",2013,49,0.00450914739797424
"14970","Tokyo",2013,50,0.00333183172291943
"14971","Tokyo",2013,51,0.0034417839737476
"14972","Tokyo",2013,52,0.00290591891306186
"14973","Tokyo",2014,1,0.00283541437238455
"14974","Tokyo",2014,2,0.00269014902213322
"14975","Tokyo",2014,3,0.00240897763121341
"14976","Tokyo",2014,4,0.00272200500642482
"14977","Tokyo",2014,5,0.00313132048800721
"14978","Tokyo",2014,6,0.00320795486913994
"14979","Tokyo",2014,7,0.00288777278702972
"14980","Tokyo",2014,8,0.00240321366332604
"14981","Tokyo",2014,9,0.00427645502246118
"14982","Tokyo",2014,10,0.00299632632023921
"14983","Tokyo",2014,11,0.003304089939255
"14984","Tokyo",2014,12,0.00410841717634217
"14985","Tokyo",2014,13,0.00529600216707747
"14986","Tokyo",2014,14,0.00537397988539721
"14987","Tokyo",2014,15,0.00401792689392875
"14988","Tokyo",2014,16,0.00567724962352908
"14989","Tokyo",2014,17,0.0064384506217071
"14990","Tokyo",2014,18,0.00793001837363201
"14991","Tokyo",2014,19,0.00661534285505435
"14992","Tokyo",2014,20,0.00733298508982573
"14993","Tokyo",2014,21,0.00871760346594133
"14994","Tokyo",2014,22,0.0113896172759788
"14995","Tokyo",2014,23,0.0121392213872501
"14996","Tokyo",2014,24,0.012983573035204
"14997","Tokyo",2014,25,0.0127237667662225
"14998","Tokyo",2014,26,0.0134640240576118
"14999","Tokyo",2014,27,0.0137452612897115
"15000","Tokyo",2014,28,0.0160268873441964
"15001","Tokyo",2014,29,0.0161440985144249
"15002","Tokyo",2014,30,0.0173448286950588
"15003","Tokyo",2014,31,0.0161118482106498
"15004","Tokyo",2014,32,0.0165666455536016
"15005","Tokyo",2014,33,0.0172577638711248
"15006","Tokyo",2014,34,0.0174693095697356
"15007","Tokyo",2014,35,0.0140051057429186
"15008","Tokyo",2014,36,0.0144790296908468
"15009","Tokyo",2014,37,0.0123985952897263
"15010","Tokyo",2014,38,0.0104857032919036
"15011","Tokyo",2014,39,0.0107893298513123
"15012","Tokyo",2014,40,0.0116266564665628
"15013","Tokyo",2014,41,0.0099649741979582
"15014","Tokyo",2014,42,0.00776550737542233
"15015","Tokyo",2014,43,0.00854741505879377
"15016","Tokyo",2014,44,0.00789054142244692
"15017","Tokyo",2014,45,0.00713657391523676
"15018","Tokyo",2014,46,0.00583057192021183
"15019","Tokyo",2014,47,0.00474426536155598
"15020","Tokyo",2014,48,0.00669515591913036
"15021","Tokyo",2014,49,0.00456361751171893
"15022","Tokyo",2014,50,0.00373358649501045
"15023","Tokyo",2014,51,0.00293812328683478
"15024","Tokyo",2014,52,0.00291752654759746
"15025","Tokyo",2015,1,0.00295398884502772
"15026","Tokyo",2015,2,0.00305448736513167
"15027","Tokyo",2015,3,0.00309083298946332
"15028","Tokyo",2015,4,0.00349044630586702
"15029","Tokyo",2015,5,0.00278384509978683
"15030","Tokyo",2015,6,0.0025551681714465
"15031","Tokyo",2015,7,0.00317257792422814
"15032","Tokyo",2015,8,0.0047016410847261
"15033","Tokyo",2015,9,0.00398509340759899
"15034","Tokyo",2015,10,0.00356586904048787
"15035","Tokyo",2015,11,0.00636749814397522
"15036","Tokyo",2015,12,0.00355283240787685
"15037","Tokyo",2015,13,0.00674434458570821
"15038","Tokyo",2015,14,0.00601024271288354
"15039","Tokyo",2015,15,0.00642154293434162
"15040","Tokyo",2015,16,0.00799320565004434
"15041","Tokyo",2015,17,0.00809161690995097
"15042","Tokyo",2015,18,0.00833316534824137
"15043","Tokyo",2015,19,0.00842728509035494
"15044","Tokyo",2015,20,0.00953301343335105
"15045","Tokyo",2015,21,0.0105508936103433
"15046","Tokyo",2015,22,0.0100440646222393
"15047","Tokyo",2015,23,0.0121778234107686
"15048","Tokyo",2015,24,0.012387212066512
"15049","Tokyo",2015,25,0.0132612437342427
"15050","Tokyo",2015,26,0.0135310480171548
"15051","Tokyo",2015,27,0.0137949858991695
"15052","Tokyo",2015,28,0.0167752484391843
"15053","Tokyo",2015,29,0.0177472272688257
"15054","Tokyo",2015,30,0.0186823227309755
"15055","Tokyo",2015,31,0.0176916450062501
"15056","Tokyo",2015,32,0.0173312932186361
"15057","Tokyo",2015,33,0.0177726383720125
"15058","Tokyo",2015,34,0.0131918660231999
"15059","Tokyo",2015,35,0.0152705844624766
"15060","Tokyo",2015,36,0.0144592690880277
"15061","Tokyo",2015,37,0.0121554855722934
"15062","Tokyo",2015,38,0.0114598246623895
"15063","Tokyo",2015,39,0.0109351074289797
"15064","Tokyo",2015,40,0.00757172457607729
"15065","Tokyo",2015,41,0.00894031450817627
"15066","Tokyo",2015,42,0.00887725696832474
"15067","Tokyo",2015,43,0.00722900190989354
"15068","Tokyo",2015,44,0.00705439695489726
"15069","Tokyo",2015,45,0.00839537370484322
"15070","Tokyo",2015,46,0.00852523645984807
"15071","Tokyo",2015,47,0.00550249075916197
"15072","Tokyo",2015,48,0.00482888069070343
"15073","Tokyo",2015,49,0.00496099294728732
"15074","Tokyo",2015,50,0.00509134643445058
"15075","Tokyo",2015,51,0.00450891228891643
"15076","Tokyo",2015,52,0.00310578361053818
"15077","Tokyo",2016,1,0.00407082130134638
"15078","Tokyo",2016,2,0.00343301179652501
"15079","Tokyo",2016,3,0.00279188479596217
"15080","Tokyo",2016,4,0.00277071538896832
"15081","Tokyo",2016,5,0.00340943744439366
"15082","Tokyo",2016,6,0.0035905417545499
"15083","Tokyo",2016,7,0.00419062657497956
"15084","Tokyo",2016,8,0.00334405843334805
"15085","Tokyo",2016,9,0.00397189260859575
"15086","Tokyo",2016,10,0.00589496213277536
"15087","Tokyo",2016,11,0.00492286238087607
"15088","Tokyo",2016,12,0.00390850515603753
"15089","Tokyo",2016,13,0.00540489772434479
"15090","Tokyo",2016,14,0.00739506031719169
"15091","Tokyo",2016,15,0.00600360047870449
"15092","Tokyo",2016,16,0.00829047189160649
"15093","Tokyo",2016,17,0.0073151089350826
"15094","Tokyo",2016,18,0.0084724411301847
"15095","Tokyo",2016,19,0.00984816542560501
"15096","Tokyo",2016,20,0.00845264841336757
"15097","Tokyo",2016,21,0.0103005188284442
"15098","Tokyo",2016,22,0.00902361181631152
"15099","Tokyo",2016,23,0.0113873730879277
"15100","Tokyo",2016,24,0.0129993160454822
"15101","Tokyo",2016,25,0.0143193955134068
"15102","Tokyo",2016,26,0.0139095494191029
"15103","Tokyo",2016,27,0.0154827973539276
"15104","Tokyo",2016,28,0.0161405573931656
"15105","Tokyo",2016,29,0.0150950679422489
"15106","Tokyo",2016,30,0.0150272759409355
"15107","Tokyo",2016,31,0.0173885819302606
"15108","Tokyo",2016,32,0.0152721400372684
"15109","Tokyo",2016,33,0.01730616869671
"15110","Tokyo",2016,34,0.0171378817675369
"15111","Tokyo",2016,35,0.0152834165242634
"15112","Tokyo",2016,36,0.0169728240663452
"15113","Tokyo",2016,37,0.0150426150565701
"15114","Tokyo",2016,38,0.013579123753256
"15115","Tokyo",2016,39,0.0144608891236463
"15116","Tokyo",2016,40,0.0130866905674338
"15117","Tokyo",2016,41,0.00797723727633378
"15118","Tokyo",2016,42,0.0100477722506704
"15119","Tokyo",2016,43,0.00776911718172154
"15120","Tokyo",2016,44,0.00610280308007662
"15121","Tokyo",2016,45,0.00537546620138788
"15122","Tokyo",2016,46,0.00682454542922122
"15123","Tokyo",2016,47,0.00584851632759507
"15124","Tokyo",2016,48,0.00490644872687491
"15125","Tokyo",2016,49,0.004515162926899
"15126","Tokyo",2016,50,0.00340672899619676
"15127","Tokyo",2016,51,0.00495871647893052
"15128","Tokyo",2016,52,0.00359187838122515
"15129","Tokyo",2017,1,0.00313206356700643
"15130","Tokyo",2017,2,0.00320077361123237
"15131","Tokyo",2017,3,0.00266976059148354
"15132","Tokyo",2017,4,0.00244475076656922
"15133","Tokyo",2017,5,0.00305932322849653
"15134","Tokyo",2017,6,0.00276256127316239
"15135","Tokyo",2017,7,0.00296865210735372
"15136","Tokyo",2017,8,0.00353632377976153
"15137","Tokyo",2017,9,0.00375384355928483
"15138","Tokyo",2017,10,0.0033799953484309
"15139","Tokyo",2017,11,0.0038573692020561
"15140","Tokyo",2017,12,0.0035928755200335
"15141","Tokyo",2017,13,0.00431407613047798
"15142","Tokyo",2017,14,0.00671444741809475
"15143","Tokyo",2017,15,0.00571535687361445
"15144","Tokyo",2017,16,0.00698359417895387
"15145","Tokyo",2017,17,0.00630081750984703
"15146","Tokyo",2017,18,0.00780320621561259
"15147","Tokyo",2017,19,0.00889453473168292
"15148","Tokyo",2017,20,0.00971872080117464
"15149","Tokyo",2017,21,0.011420892784372
"15150","Tokyo",2017,22,0.0103607795899734
"15151","Tokyo",2017,23,0.00945071945898235
"15152","Tokyo",2017,24,0.0101687542628497
"15153","Tokyo",2017,25,0.0123143927526793
"15154","Tokyo",2017,26,0.0148354542907327
"15155","Tokyo",2017,27,0.0163017805067024
"15156","Tokyo",2017,28,0.0170669968772147
"15157","Tokyo",2017,29,0.0165800411985921
"15158","Tokyo",2017,30,0.0174513238349131
"15159","Tokyo",2017,31,0.0168111151350396
"15160","Tokyo",2017,32,0.0180709424561688
"15161","Tokyo",2017,33,0.0167511636058667
"15162","Tokyo",2017,34,0.0177501940966717
"15163","Tokyo",2017,35,0.0142581509093621
"15164","Tokyo",2017,36,0.0139339882215219
"15165","Tokyo",2017,37,0.0137095135703151
"15166","Tokyo",2017,38,0.0124341599044523
"15167","Tokyo",2017,39,0.0117486321500369
"15168","Tokyo",2017,40,0.0100877678986373
"15169","Tokyo",2017,41,0.0118957726018769
"15170","Tokyo",2017,42,0.00868559869871076
"15171","Tokyo",2017,43,0.00780680630954781
"15172","Tokyo",2017,44,0.00682530977064744
"15173","Tokyo",2017,45,0.00623644495915089
"15174","Tokyo",2017,46,0.00556229309378458
"15175","Tokyo",2017,47,0.00401001711309488
"15176","Tokyo",2017,48,0.00543506387787472
"15177","Tokyo",2017,49,0.0037647278680067
"15178","Tokyo",2017,50,0.00303622738907247
"15179","Tokyo",2017,51,0.00301329548736768
"15180","Tokyo",2017,52,0.00297690653159017
"15181","Tokyo",2018,1,0.00260449461971543
"15182","Tokyo",2018,2,0.00278088504897564
"15183","Tokyo",2018,3,0.00394167507848968
"15184","Tokyo",2018,4,0.00218864742782898
"15185","Tokyo",2018,5,0.00309154148895427
"15186","Tokyo",2018,6,0.00231906657947028
"15187","Tokyo",2018,7,0.00266357289261318
"15188","Tokyo",2018,8,0.00309845489183707
"15189","Tokyo",2018,9,0.00372912226677207
"15190","Tokyo",2018,10,0.00518398300378716
"15191","Tokyo",2018,11,0.00489266018017328
"15192","Tokyo",2018,12,0.00519441697646731
"15193","Tokyo",2018,13,0.00562529340719006
"15194","Tokyo",2018,14,0.00773997202382556
"15195","Tokyo",2018,15,0.0053414399569322
"15196","Tokyo",2018,16,0.00746329680883459
"15197","Tokyo",2018,17,0.00892828268531178
"15198","Tokyo",2018,18,0.00836748921678268
"15199","Tokyo",2018,19,0.00774423864537052
"15200","Tokyo",2018,20,0.0109618061355182
"15201","Tokyo",2018,21,0.00893286680470088
"15202","Tokyo",2018,22,0.0109369101202382
"15203","Tokyo",2018,23,0.0117248000377523
"15204","Tokyo",2018,24,0.0115354193840176
"15205","Tokyo",2018,25,0.0126880310874965
"15206","Tokyo",2018,26,0.0154766626656055
"15207","Tokyo",2018,27,0.0160817228191133
"15208","Tokyo",2018,28,0.0175455399522824
"15209","Tokyo",2018,29,0.0197400469998164
"15210","Tokyo",2018,30,0.0168742724760835
"15211","Tokyo",2018,31,0.0189319932168084
"15212","Tokyo",2018,32,0.0186502521724573
"15213","Tokyo",2018,33,0.0157264438790402
"15214","Tokyo",2018,34,0.0171715822070837
"15215","Tokyo",2018,35,0.0174881284391241
"15216","Tokyo",2018,36,0.0165120353589633
"15217","Tokyo",2018,37,0.01339429527122
"15218","Tokyo",2018,38,0.0133773045547839
"15219","Tokyo",2018,39,0.0120272648720337
"15220","Tokyo",2018,40,0.0124044738310788
"15221","Tokyo",2018,41,0.0114939677462514
"15222","Tokyo",2018,42,0.00879669570297535
"15223","Tokyo",2018,43,0.00826382705210043
"15224","Tokyo",2018,44,0.00647845634791468
"15225","Tokyo",2018,45,0.00929258151778153
"15226","Tokyo",2018,46,0.00656958988734654
"15227","Tokyo",2018,47,0.00564383517485112
"15228","Tokyo",2018,48,0.00589469126758299
"15229","Tokyo",2018,49,0.00669431177500103
"15230","Tokyo",2018,50,0.00341861422306725
"15231","Tokyo",2018,51,0.00448171319606315
"15232","Tokyo",2018,52,0.00335371947897199
"15233","Tokyo",2019,1,0.00268219400563144
"15234","Tokyo",2019,2,0.00279208448150062
"15235","Tokyo",2019,3,0.0029899547101065
"15236","Tokyo",2019,4,0.00271197162302477
"15237","Tokyo",2019,5,0.00262808291673926
"15238","Tokyo",2019,6,0.00393423557813678
"15239","Tokyo",2019,7,0.00292466668179259
"15240","Tokyo",2019,8,0.00403201601667596
"15241","Tokyo",2019,9,0.00458684230190037
"15242","Tokyo",2019,10,0.00472460052696988
"15243","Tokyo",2019,11,0.004098286752456
"15244","Tokyo",2019,12,0.00484905900832798
"15245","Tokyo",2019,13,0.00423787586623803
"15246","Tokyo",2019,14,0.0036690041971659
"15247","Tokyo",2019,15,0.0044092740281485
"15248","Tokyo",2019,16,0.00625104835489765
"15249","Tokyo",2019,17,0.00843408264751945
"15250","Tokyo",2019,18,0.00780953503479915
"15251","Tokyo",2019,19,0.00684607230193381
"15252","Tokyo",2019,20,0.00880547105667314
"15253","Tokyo",2019,21,0.00938034662976861
"15254","Tokyo",2019,22,0.0106905744344528
"15255","Tokyo",2019,23,0.0120056672686977
"15256","Tokyo",2019,24,0.0104559044952371
"15257","Tokyo",2019,25,0.0122075541543641
"15258","Tokyo",2019,26,0.0140954396753971
"15259","Tokyo",2019,27,0.0151602371728846
"15260","Tokyo",2019,28,0.0125688246584364
"15261","Tokyo",2019,29,0.0157998479304037
"15262","Tokyo",2019,30,0.0175336348225496
"15263","Tokyo",2019,31,0.0196585362511022
"15264","Tokyo",2019,32,0.0189098691833871
"15265","Tokyo",2019,33,0.0192147910461894
"15266","Tokyo",2019,34,0.0178072818089277
"15267","Tokyo",2019,35,0.0164794656448066
"15268","Tokyo",2019,36,0.016420083419819
"15269","Tokyo",2019,37,0.0158169607166201
"15270","Tokyo",2019,38,0.0130797297627266
"15271","Tokyo",2019,39,0.0133794959568019
"15272","Tokyo",2019,40,0.0130216362553516
"15273","Tokyo",2019,41,0.0118896895021732
"15274","Tokyo",2019,42,0.00966774041964007
"15275","Tokyo",2019,43,0.00992162894856717
"15276","Tokyo",2019,44,0.00834179202294243
"15277","Tokyo",2019,45,0.00630023423582315
"15278","Tokyo",2019,46,0.00635535787192306
"15279","Tokyo",2019,47,0.00619392691545987
"15280","Tokyo",2019,48,0.00587984554502847
"15281","Tokyo",2019,49,0.00454297648476703
"15282","Tokyo",2019,50,0.00472037033510527
"15283","Tokyo",2019,51,0.00512035640921178
"15284","Tokyo",2019,52,0.00398537583948512
"15285","Tokyo",2020,1,0.00377146169609789
"15286","Tokyo",2020,2,0.00381935895087996
"15287","Tokyo",2020,3,0.00406230665144644
"15288","Tokyo",2020,4,0.00405276317282447
"15289","Tokyo",2020,5,0.00408254667750693
"15290","Tokyo",2020,6,0.0028598491626326
"15291","Tokyo",2020,7,0.0043037078784047
"15292","Tokyo",2020,8,0.0046845669276081
"15293","Tokyo",2020,9,0.00402023775469778
"15294","Tottori",2013,1,0.00303902361964684
"15295","Tottori",2013,2,0.0033729350097495
"15296","Tottori",2013,3,0.00350705832087205
"15297","Tottori",2013,4,0.00367208657700631
"15298","Tottori",2013,5,0.00421150992576566
"15299","Tottori",2013,6,0.0036335919553059
"15300","Tottori",2013,7,0.00322339363492288
"15301","Tottori",2013,8,0.00334371504226142
"15302","Tottori",2013,9,0.00379985141510904
"15303","Tottori",2013,10,0.0045688741003064
"15304","Tottori",2013,11,0.00406250924117485
"15305","Tottori",2013,12,0.00558753229490625
"15306","Tottori",2013,13,0.00520518604330896
"15307","Tottori",2013,14,0.00624620138805773
"15308","Tottori",2013,15,0.0043206422486096
"15309","Tottori",2013,16,0.0061503680722124
"15310","Tottori",2013,17,0.00610226453992776
"15311","Tottori",2013,18,0.00626725173221214
"15312","Tottori",2013,19,0.00745440593342643
"15313","Tottori",2013,20,0.00873666628874304
"15314","Tottori",2013,21,0.00986583415080326
"15315","Tottori",2013,22,0.0109051875692729
"15316","Tottori",2013,23,0.0111761422463255
"15317","Tottori",2013,24,0.0138543396231994
"15318","Tottori",2013,25,0.0142682968951006
"15319","Tottori",2013,26,0.0141286917860437
"15320","Tottori",2013,27,0.0155768550653582
"15321","Tottori",2013,28,0.0172566337632239
"15322","Tottori",2013,29,0.0163397860090477
"15323","Tottori",2013,30,0.0174083218946956
"15324","Tottori",2013,31,0.0182476794844263
"15325","Tottori",2013,32,0.0191097884181862
"15326","Tottori",2013,33,0.018025346329567
"15327","Tottori",2013,34,0.0184832761038677
"15328","Tottori",2013,35,0.0153190348686489
"15329","Tottori",2013,36,0.0137423768480049
"15330","Tottori",2013,37,0.0152567700918759
"15331","Tottori",2013,38,0.0118781636524154
"15332","Tottori",2013,39,0.0115683296831052
"15333","Tottori",2013,40,0.0118451450671849
"15334","Tottori",2013,41,0.0134073375075322
"15335","Tottori",2013,42,0.00836474999358424
"15336","Tottori",2013,43,0.0100764227974189
"15337","Tottori",2013,44,0.00708032784621619
"15338","Tottori",2013,45,0.00767176535231806
"15339","Tottori",2013,46,0.00608629953219363
"15340","Tottori",2013,47,0.0048460334553292
"15341","Tottori",2013,48,0.00476023856813101
"15342","Tottori",2013,49,0.00481299461260436
"15343","Tottori",2013,50,0.00415029428438351
"15344","Tottori",2013,51,0.00417577624794172
"15345","Tottori",2013,52,0.0037138309353411
"15346","Tottori",2014,1,0.00372322108195546
"15347","Tottori",2014,2,0.00355241883144181
"15348","Tottori",2014,3,0.00356701039886064
"15349","Tottori",2014,4,0.00376652544148593
"15350","Tottori",2014,5,0.00434396284853443
"15351","Tottori",2014,6,0.00420724026322046
"15352","Tottori",2014,7,0.00334081590026997
"15353","Tottori",2014,8,0.00308815746817926
"15354","Tottori",2014,9,0.00487181207525252
"15355","Tottori",2014,10,0.00344665881285496
"15356","Tottori",2014,11,0.00393414525940462
"15357","Tottori",2014,12,0.00510607303280702
"15358","Tottori",2014,13,0.00645524236451575
"15359","Tottori",2014,14,0.00557396923625163
"15360","Tottori",2014,15,0.00482461514638135
"15361","Tottori",2014,16,0.00593224779187267
"15362","Tottori",2014,17,0.00661447447468365
"15363","Tottori",2014,18,0.00841435410199687
"15364","Tottori",2014,19,0.00625379503155519
"15365","Tottori",2014,20,0.00829563356331823
"15366","Tottori",2014,21,0.00911266848772637
"15367","Tottori",2014,22,0.0103107016475668
"15368","Tottori",2014,23,0.0116877999669574
"15369","Tottori",2014,24,0.012797686027363
"15370","Tottori",2014,25,0.0125047022222956
"15371","Tottori",2014,26,0.0130613212446164
"15372","Tottori",2014,27,0.0139792803604679
"15373","Tottori",2014,28,0.0161600032984163
"15374","Tottori",2014,29,0.0161272797869238
"15375","Tottori",2014,30,0.0173548940015067
"15376","Tottori",2014,31,0.0167045295744743
"15377","Tottori",2014,32,0.0176211678027785
"15378","Tottori",2014,33,0.0170683940420947
"15379","Tottori",2014,34,0.0173709119081194
"15380","Tottori",2014,35,0.0151106176824821
"15381","Tottori",2014,36,0.0154314439831825
"15382","Tottori",2014,37,0.0119941465026538
"15383","Tottori",2014,38,0.0100514068022896
"15384","Tottori",2014,39,0.0117767120518661
"15385","Tottori",2014,40,0.0115982780248542
"15386","Tottori",2014,41,0.0101225078500257
"15387","Tottori",2014,42,0.00759678191151288
"15388","Tottori",2014,43,0.00898825548893054
"15389","Tottori",2014,44,0.00826362306576342
"15390","Tottori",2014,45,0.00662634229926715
"15391","Tottori",2014,46,0.00568819422282026
"15392","Tottori",2014,47,0.00575410420890921
"15393","Tottori",2014,48,0.00727647538497176
"15394","Tottori",2014,49,0.0047212071404792
"15395","Tottori",2014,50,0.00419649353735199
"15396","Tottori",2014,51,0.00367014227011956
"15397","Tottori",2014,52,0.00372452803291354
"15398","Tottori",2015,1,0.00402053520653237
"15399","Tottori",2015,2,0.00390759031836015
"15400","Tottori",2015,3,0.0041014745509533
"15401","Tottori",2015,4,0.00407486046508044
"15402","Tottori",2015,5,0.00342996532920594
"15403","Tottori",2015,6,0.00336223585899231
"15404","Tottori",2015,7,0.00407110677188295
"15405","Tottori",2015,8,0.00444511671792264
"15406","Tottori",2015,9,0.00387882485617476
"15407","Tottori",2015,10,0.00374179747671866
"15408","Tottori",2015,11,0.00661821734182032
"15409","Tottori",2015,12,0.0040868080808024
"15410","Tottori",2015,13,0.00775389145561329
"15411","Tottori",2015,14,0.00590017370411068
"15412","Tottori",2015,15,0.00627228099521429
"15413","Tottori",2015,16,0.00687589010986371
"15414","Tottori",2015,17,0.00836210663305385
"15415","Tottori",2015,18,0.00860583968937171
"15416","Tottori",2015,19,0.0085885619066409
"15417","Tottori",2015,20,0.00851348378378385
"15418","Tottori",2015,21,0.0100719351070277
"15419","Tottori",2015,22,0.00973704310999975
"15420","Tottori",2015,23,0.0120431611512222
"15421","Tottori",2015,24,0.0129527903586614
"15422","Tottori",2015,25,0.0134957077974572
"15423","Tottori",2015,26,0.0127309146196896
"15424","Tottori",2015,27,0.0153276671406035
"15425","Tottori",2015,28,0.0164601049009441
"15426","Tottori",2015,29,0.0169366274218761
"15427","Tottori",2015,30,0.0181373500880144
"15428","Tottori",2015,31,0.0186762057701866
"15429","Tottori",2015,32,0.0165424343649406
"15430","Tottori",2015,33,0.0164767672662792
"15431","Tottori",2015,34,0.0148414741152147
"15432","Tottori",2015,35,0.0146288820170484
"15433","Tottori",2015,36,0.0130140632071079
"15434","Tottori",2015,37,0.011217597803737
"15435","Tottori",2015,38,0.0120567033251302
"15436","Tottori",2015,39,0.00990928808045755
"15437","Tottori",2015,40,0.00824917526118286
"15438","Tottori",2015,41,0.00771647624380009
"15439","Tottori",2015,42,0.00899123462520052
"15440","Tottori",2015,43,0.00631104960536101
"15441","Tottori",2015,44,0.00811428022727478
"15442","Tottori",2015,45,0.00898573529901499
"15443","Tottori",2015,46,0.00827907769864565
"15444","Tottori",2015,47,0.00588552169582625
"15445","Tottori",2015,48,0.00521723048823504
"15446","Tottori",2015,49,0.0056475492110705
"15447","Tottori",2015,50,0.00514281237731358
"15448","Tottori",2015,51,0.00540563635823891
"15449","Tottori",2015,52,0.00409644378533006
"15450","Tottori",2016,1,0.00460448659667146
"15451","Tottori",2016,2,0.00373311931421723
"15452","Tottori",2016,3,0.00363716122918233
"15453","Tottori",2016,4,0.00381680376223736
"15454","Tottori",2016,5,0.00374569345875906
"15455","Tottori",2016,6,0.00459377534342988
"15456","Tottori",2016,7,0.00414510280574668
"15457","Tottori",2016,8,0.00347791518764039
"15458","Tottori",2016,9,0.00484659653145878
"15459","Tottori",2016,10,0.00523196575255055
"15460","Tottori",2016,11,0.00520195953010731
"15461","Tottori",2016,12,0.00379505060497684
"15462","Tottori",2016,13,0.0063797516891478
"15463","Tottori",2016,14,0.00734061991191486
"15464","Tottori",2016,15,0.00645940122361272
"15465","Tottori",2016,16,0.00728397003840621
"15466","Tottori",2016,17,0.00742675256281129
"15467","Tottori",2016,18,0.00771614806508857
"15468","Tottori",2016,19,0.00911870322784307
"15469","Tottori",2016,20,0.00882674878599313
"15470","Tottori",2016,21,0.0112672421019928
"15471","Tottori",2016,22,0.0100049382121665
"15472","Tottori",2016,23,0.0127989457723726
"15473","Tottori",2016,24,0.0137952584373053
"15474","Tottori",2016,25,0.01465072813399
"15475","Tottori",2016,26,0.0145912562107449
"15476","Tottori",2016,27,0.0170701455175048
"15477","Tottori",2016,28,0.016920931545239
"15478","Tottori",2016,29,0.0152917363679931
"15479","Tottori",2016,30,0.0175521670093791
"15480","Tottori",2016,31,0.0178866699944647
"15481","Tottori",2016,32,0.0166287603528836
"15482","Tottori",2016,33,0.0184188638807133
"15483","Tottori",2016,34,0.0173065468241081
"15484","Tottori",2016,35,0.0138175067106692
"15485","Tottori",2016,36,0.015721216484856
"15486","Tottori",2016,37,0.0151162860739915
"15487","Tottori",2016,38,0.0133340754139261
"15488","Tottori",2016,39,0.014900045215497
"15489","Tottori",2016,40,0.0136738841664547
"15490","Tottori",2016,41,0.00769443746540455
"15491","Tottori",2016,42,0.0106683242398306
"15492","Tottori",2016,43,0.00843369132141947
"15493","Tottori",2016,44,0.00635491435782606
"15494","Tottori",2016,45,0.00598074559426107
"15495","Tottori",2016,46,0.00791808787739719
"15496","Tottori",2016,47,0.00652490679428202
"15497","Tottori",2016,48,0.00546789176254896
"15498","Tottori",2016,49,0.00535000300891874
"15499","Tottori",2016,50,0.00462205320621141
"15500","Tottori",2016,51,0.00617273427979435
"15501","Tottori",2016,52,0.00433778014498194
"15502","Tottori",2017,1,0.00419523731711714
"15503","Tottori",2017,2,0.00412192517897196
"15504","Tottori",2017,3,0.00369820952806005
"15505","Tottori",2017,4,0.00326379300113028
"15506","Tottori",2017,5,0.00386255102236705
"15507","Tottori",2017,6,0.00373327612196922
"15508","Tottori",2017,7,0.00402877019231238
"15509","Tottori",2017,8,0.00394614647873701
"15510","Tottori",2017,9,0.00390075969803136
"15511","Tottori",2017,10,0.00382378138582115
"15512","Tottori",2017,11,0.00404175348239277
"15513","Tottori",2017,12,0.00406852048124936
"15514","Tottori",2017,13,0.00476002703992931
"15515","Tottori",2017,14,0.00726081824000158
"15516","Tottori",2017,15,0.0061970786039734
"15517","Tottori",2017,16,0.00710199811247633
"15518","Tottori",2017,17,0.00670071999623189
"15519","Tottori",2017,18,0.00797719722099205
"15520","Tottori",2017,19,0.00897365916099869
"15521","Tottori",2017,20,0.00821864790268944
"15522","Tottori",2017,21,0.0102029539646
"15523","Tottori",2017,22,0.00994354962131733
"15524","Tottori",2017,23,0.00991295357254121
"15525","Tottori",2017,24,0.00919286220782586
"15526","Tottori",2017,25,0.0124752250605453
"15527","Tottori",2017,26,0.014934447372771
"15528","Tottori",2017,27,0.0165432275357336
"15529","Tottori",2017,28,0.0172846335503512
"15530","Tottori",2017,29,0.0180555416113609
"15531","Tottori",2017,30,0.0185201075725016
"15532","Tottori",2017,31,0.0184061178556989
"15533","Tottori",2017,32,0.0182009381923238
"15534","Tottori",2017,33,0.0170577545040045
"15535","Tottori",2017,34,0.017928436013144
"15536","Tottori",2017,35,0.0137962025859106
"15537","Tottori",2017,36,0.013633029778028
"15538","Tottori",2017,37,0.0132486629148307
"15539","Tottori",2017,38,0.0120682848449287
"15540","Tottori",2017,39,0.0111089168396715
"15541","Tottori",2017,40,0.0105110664879271
"15542","Tottori",2017,41,0.0118843571721145
"15543","Tottori",2017,42,0.0092855892771083
"15544","Tottori",2017,43,0.00830519877329648
"15545","Tottori",2017,44,0.00715721782374032
"15546","Tottori",2017,45,0.00683679454372956
"15547","Tottori",2017,46,0.00542480500988004
"15548","Tottori",2017,47,0.00464747324178759
"15549","Tottori",2017,48,0.00574841775913946
"15550","Tottori",2017,49,0.00435602547786227
"15551","Tottori",2017,50,0.00376349711014619
"15552","Tottori",2017,51,0.00380883597424616
"15553","Tottori",2017,52,0.0040137362326911
"15554","Tottori",2018,1,0.00384021507563784
"15555","Tottori",2018,2,0.00365186021276268
"15556","Tottori",2018,3,0.00479308678750375
"15557","Tottori",2018,4,0.00308197063593267
"15558","Tottori",2018,5,0.00326390169922996
"15559","Tottori",2018,6,0.00296775920674441
"15560","Tottori",2018,7,0.00331702933067079
"15561","Tottori",2018,8,0.00346815888054167
"15562","Tottori",2018,9,0.00442213555511861
"15563","Tottori",2018,10,0.00480205644915515
"15564","Tottori",2018,11,0.00519778311320003
"15565","Tottori",2018,12,0.00519671719510605
"15566","Tottori",2018,13,0.00548761565254145
"15567","Tottori",2018,14,0.00706234943634963
"15568","Tottori",2018,15,0.00589906780351902
"15569","Tottori",2018,16,0.00650314664068652
"15570","Tottori",2018,17,0.00814616737582748
"15571","Tottori",2018,18,0.00778980241188623
"15572","Tottori",2018,19,0.00799457644352097
"15573","Tottori",2018,20,0.0105220190037252
"15574","Tottori",2018,21,0.00864014213580497
"15575","Tottori",2018,22,0.0109490268615784
"15576","Tottori",2018,23,0.0119999477477896
"15577","Tottori",2018,24,0.0108891841308501
"15578","Tottori",2018,25,0.0128667614504425
"15579","Tottori",2018,26,0.0153230249639868
"15580","Tottori",2018,27,0.0159188751028479
"15581","Tottori",2018,28,0.0169939148644488
"15582","Tottori",2018,29,0.0184552679425041
"15583","Tottori",2018,30,0.0187145554981849
"15584","Tottori",2018,31,0.0179251274457327
"15585","Tottori",2018,32,0.0171658431493761
"15586","Tottori",2018,33,0.0164646596570746
"15587","Tottori",2018,34,0.0169440017389174
"15588","Tottori",2018,35,0.0170742078578168
"15589","Tottori",2018,36,0.0149205618530838
"15590","Tottori",2018,37,0.0143579905466795
"15591","Tottori",2018,38,0.013589667628744
"15592","Tottori",2018,39,0.0112482091812135
"15593","Tottori",2018,40,0.0115318843935884
"15594","Tottori",2018,41,0.00973842154823838
"15595","Tottori",2018,42,0.0083661357274044
"15596","Tottori",2018,43,0.00797964740309383
"15597","Tottori",2018,44,0.00604589442026974
"15598","Tottori",2018,45,0.00811929192248235
"15599","Tottori",2018,46,0.00647297420040095
"15600","Tottori",2018,47,0.0054597893312566
"15601","Tottori",2018,48,0.00620055108405265
"15602","Tottori",2018,49,0.0067468760612988
"15603","Tottori",2018,50,0.00421529132579553
"15604","Tottori",2018,51,0.00550053294873057
"15605","Tottori",2018,52,0.00433764413698383
"15606","Tottori",2019,1,0.0037825073063105
"15607","Tottori",2019,2,0.0037503325863784
"15608","Tottori",2019,3,0.00408871784271917
"15609","Tottori",2019,4,0.00382317603484801
"15610","Tottori",2019,5,0.00369856237570868
"15611","Tottori",2019,6,0.00457890173061127
"15612","Tottori",2019,7,0.00357467427442127
"15613","Tottori",2019,8,0.00433819683168886
"15614","Tottori",2019,9,0.0043356320125184
"15615","Tottori",2019,10,0.0047090292662999
"15616","Tottori",2019,11,0.00474431237960382
"15617","Tottori",2019,12,0.00532274514559497
"15618","Tottori",2019,13,0.00509901540118746
"15619","Tottori",2019,14,0.00461108454614043
"15620","Tottori",2019,15,0.00504585452707854
"15621","Tottori",2019,16,0.00631044192674883
"15622","Tottori",2019,17,0.0084942391281372
"15623","Tottori",2019,18,0.00777130265906227
"15624","Tottori",2019,19,0.00672985857620827
"15625","Tottori",2019,20,0.00955949689618194
"15626","Tottori",2019,21,0.00913910014901483
"15627","Tottori",2019,22,0.00961956883329725
"15628","Tottori",2019,23,0.0119958144457357
"15629","Tottori",2019,24,0.0113505739948706
"15630","Tottori",2019,25,0.0121663829479682
"15631","Tottori",2019,26,0.0142216840159242
"15632","Tottori",2019,27,0.015098590906173
"15633","Tottori",2019,28,0.0147950380424229
"15634","Tottori",2019,29,0.0161462682264227
"15635","Tottori",2019,30,0.0180812971481775
"15636","Tottori",2019,31,0.0191407358313719
"15637","Tottori",2019,32,0.0188296972041852
"15638","Tottori",2019,33,0.0187224330233088
"15639","Tottori",2019,34,0.0175662728948649
"15640","Tottori",2019,35,0.0154290961626172
"15641","Tottori",2019,36,0.017083669626752
"15642","Tottori",2019,37,0.0164598516616927
"15643","Tottori",2019,38,0.0125512504531537
"15644","Tottori",2019,39,0.013195263964308
"15645","Tottori",2019,40,0.0144161690243792
"15646","Tottori",2019,41,0.0105167808532788
"15647","Tottori",2019,42,0.00933607716937054
"15648","Tottori",2019,43,0.0103877108321635
"15649","Tottori",2019,44,0.00798479733683952
"15650","Tottori",2019,45,0.00665604954569994
"15651","Tottori",2019,46,0.00644205156575319
"15652","Tottori",2019,47,0.00622717027237441
"15653","Tottori",2019,48,0.00571218984522282
"15654","Tottori",2019,49,0.00492297602798456
"15655","Tottori",2019,50,0.00476261781649705
"15656","Tottori",2019,51,0.00514327265062767
"15657","Tottori",2019,52,0.00504515746979019
"15658","Tottori",2020,1,0.00475027786586451
"15659","Tottori",2020,2,0.00477522830637315
"15660","Tottori",2020,3,0.00423507897979347
"15661","Tottori",2020,4,0.00475525579114254
"15662","Tottori",2020,5,0.00472233241692639
"15663","Tottori",2020,6,0.00353072816073144
"15664","Tottori",2020,7,0.00530321531709237
"15665","Tottori",2020,8,0.00426790941851018
"15666","Tottori",2020,9,0.00454851142093273
"15667","Toyama",2013,1,0.00239516549057902
"15668","Toyama",2013,2,0.00276062634908
"15669","Toyama",2013,3,0.00290109241798052
"15670","Toyama",2013,4,0.0029724764468496
"15671","Toyama",2013,5,0.00306340348662502
"15672","Toyama",2013,6,0.00291306665410516
"15673","Toyama",2013,7,0.00266739634676769
"15674","Toyama",2013,8,0.00253033962273861
"15675","Toyama",2013,9,0.00282831235732877
"15676","Toyama",2013,10,0.00334655453746706
"15677","Toyama",2013,11,0.00301716488056
"15678","Toyama",2013,12,0.004226266647039
"15679","Toyama",2013,13,0.00434851441983705
"15680","Toyama",2013,14,0.00559015632763324
"15681","Toyama",2013,15,0.00372662621587604
"15682","Toyama",2013,16,0.00503336166843416
"15683","Toyama",2013,17,0.00468478165722329
"15684","Toyama",2013,18,0.00462715253225765
"15685","Toyama",2013,19,0.00612062804527067
"15686","Toyama",2013,20,0.00765270580508662
"15687","Toyama",2013,21,0.00870597261714276
"15688","Toyama",2013,22,0.0103072069018341
"15689","Toyama",2013,23,0.0098069701065292
"15690","Toyama",2013,24,0.0128068297676025
"15691","Toyama",2013,25,0.0128537959606628
"15692","Toyama",2013,26,0.0124187317705763
"15693","Toyama",2013,27,0.0139900973507392
"15694","Toyama",2013,28,0.0150266839006974
"15695","Toyama",2013,29,0.0139965326158345
"15696","Toyama",2013,30,0.0153484258829413
"15697","Toyama",2013,31,0.0154987599458596
"15698","Toyama",2013,32,0.0170311618225428
"15699","Toyama",2013,33,0.0157426223619518
"15700","Toyama",2013,34,0.0163132280148412
"15701","Toyama",2013,35,0.0141151711369077
"15702","Toyama",2013,36,0.0144568187237063
"15703","Toyama",2013,37,0.0139682873317496
"15704","Toyama",2013,38,0.0110597322191255
"15705","Toyama",2013,39,0.0105066530111921
"15706","Toyama",2013,40,0.0110673735444506
"15707","Toyama",2013,41,0.0123371100372233
"15708","Toyama",2013,42,0.00769276357165835
"15709","Toyama",2013,43,0.0094658792275226
"15710","Toyama",2013,44,0.00655202049517811
"15711","Toyama",2013,45,0.00660787185165957
"15712","Toyama",2013,46,0.00460052173848641
"15713","Toyama",2013,47,0.00430929110328027
"15714","Toyama",2013,48,0.00404686574897471
"15715","Toyama",2013,49,0.00434077420486785
"15716","Toyama",2013,50,0.00331569650930667
"15717","Toyama",2013,51,0.0035862470805414
"15718","Toyama",2013,52,0.00291951473925343
"15719","Toyama",2014,1,0.00311118277062631
"15720","Toyama",2014,2,0.00261320016144093
"15721","Toyama",2014,3,0.00236559439501365
"15722","Toyama",2014,4,0.00276399140355841
"15723","Toyama",2014,5,0.00286264997485969
"15724","Toyama",2014,6,0.00309275374034693
"15725","Toyama",2014,7,0.00272292199498975
"15726","Toyama",2014,8,0.00242805608361987
"15727","Toyama",2014,9,0.00355985783735833
"15728","Toyama",2014,10,0.00284527585212155
"15729","Toyama",2014,11,0.00294511875609891
"15730","Toyama",2014,12,0.00374679198072307
"15731","Toyama",2014,13,0.00451918130565349
"15732","Toyama",2014,14,0.00460101924557518
"15733","Toyama",2014,15,0.00343969115183712
"15734","Toyama",2014,16,0.00466187135533588
"15735","Toyama",2014,17,0.00547262005423404
"15736","Toyama",2014,18,0.00709095301235926
"15737","Toyama",2014,19,0.00529820195814548
"15738","Toyama",2014,20,0.00680558807850197
"15739","Toyama",2014,21,0.00756358778546455
"15740","Toyama",2014,22,0.00897220618628392
"15741","Toyama",2014,23,0.0111788953305965
"15742","Toyama",2014,24,0.0118918119017945
"15743","Toyama",2014,25,0.0112214084035594
"15744","Toyama",2014,26,0.0121796387183543
"15745","Toyama",2014,27,0.0130932943462864
"15746","Toyama",2014,28,0.0149686716897422
"15747","Toyama",2014,29,0.0148309082980792
"15748","Toyama",2014,30,0.015499034489565
"15749","Toyama",2014,31,0.0151315962565344
"15750","Toyama",2014,32,0.0161726921867725
"15751","Toyama",2014,33,0.0160285397101107
"15752","Toyama",2014,34,0.0163271722715399
"15753","Toyama",2014,35,0.0140337165302589
"15754","Toyama",2014,36,0.0137767624519813
"15755","Toyama",2014,37,0.011020268357301
"15756","Toyama",2014,38,0.00947388059057362
"15757","Toyama",2014,39,0.010331630453021
"15758","Toyama",2014,40,0.0106834261186852
"15759","Toyama",2014,41,0.00917419018291575
"15760","Toyama",2014,42,0.0074665367070422
"15761","Toyama",2014,43,0.00773321414831894
"15762","Toyama",2014,44,0.00715478887366146
"15763","Toyama",2014,45,0.00636735679479549
"15764","Toyama",2014,46,0.00573211102159931
"15765","Toyama",2014,47,0.00427612453829449
"15766","Toyama",2014,48,0.00638835372012168
"15767","Toyama",2014,49,0.00437778777462352
"15768","Toyama",2014,50,0.00345542529001958
"15769","Toyama",2014,51,0.00307263866081056
"15770","Toyama",2014,52,0.00308785045378208
"15771","Toyama",2015,1,0.00313856697539985
"15772","Toyama",2015,2,0.00310735502756388
"15773","Toyama",2015,3,0.00321632763325913
"15774","Toyama",2015,4,0.00318868020893927
"15775","Toyama",2015,5,0.00266084244841282
"15776","Toyama",2015,6,0.00290335157739004
"15777","Toyama",2015,7,0.00322835289575038
"15778","Toyama",2015,8,0.0039318182769565
"15779","Toyama",2015,9,0.00358566537490725
"15780","Toyama",2015,10,0.00334516447241515
"15781","Toyama",2015,11,0.00438007979336952
"15782","Toyama",2015,12,0.00305680563685168
"15783","Toyama",2015,13,0.00595835340207921
"15784","Toyama",2015,14,0.00539337431056771
"15785","Toyama",2015,15,0.0052777400100503
"15786","Toyama",2015,16,0.00610616249343041
"15787","Toyama",2015,17,0.00699131115539823
"15788","Toyama",2015,18,0.0075717630329923
"15789","Toyama",2015,19,0.00758292420932769
"15790","Toyama",2015,20,0.00737520131260562
"15791","Toyama",2015,21,0.00914954696258688
"15792","Toyama",2015,22,0.00933177253208376
"15793","Toyama",2015,23,0.010956517425667
"15794","Toyama",2015,24,0.0123702089190163
"15795","Toyama",2015,25,0.0123519260085144
"15796","Toyama",2015,26,0.0123051753740022
"15797","Toyama",2015,27,0.0133941510242967
"15798","Toyama",2015,28,0.0152517835776537
"15799","Toyama",2015,29,0.0160781927762588
"15800","Toyama",2015,30,0.016802270633081
"15801","Toyama",2015,31,0.0166541562485409
"15802","Toyama",2015,32,0.0156271517763047
"15803","Toyama",2015,33,0.0159410891737174
"15804","Toyama",2015,34,0.014615010481062
"15805","Toyama",2015,35,0.0141351339948173
"15806","Toyama",2015,36,0.0127278819678457
"15807","Toyama",2015,37,0.0113430632986515
"15808","Toyama",2015,38,0.0113936737103584
"15809","Toyama",2015,39,0.0089124322195245
"15810","Toyama",2015,40,0.0075861137436035
"15811","Toyama",2015,41,0.00741237209544099
"15812","Toyama",2015,42,0.00814680530321133
"15813","Toyama",2015,43,0.00596698303812454
"15814","Toyama",2015,44,0.00669882124905639
"15815","Toyama",2015,45,0.00770354672337275
"15816","Toyama",2015,46,0.00768904748908181
"15817","Toyama",2015,47,0.00554949693474977
"15818","Toyama",2015,48,0.00453608150395722
"15819","Toyama",2015,49,0.00459819709870024
"15820","Toyama",2015,50,0.00458888435755174
"15821","Toyama",2015,51,0.00447871465161497
"15822","Toyama",2015,52,0.00311404520094171
"15823","Toyama",2016,1,0.00395572223543802
"15824","Toyama",2016,2,0.0031250872783092
"15825","Toyama",2016,3,0.002968959042659
"15826","Toyama",2016,4,0.00309867605457431
"15827","Toyama",2016,5,0.00298598971664183
"15828","Toyama",2016,6,0.00341580616179163
"15829","Toyama",2016,7,0.00344628250482266
"15830","Toyama",2016,8,0.00302063060506735
"15831","Toyama",2016,9,0.00329924701238027
"15832","Toyama",2016,10,0.00450013795268123
"15833","Toyama",2016,11,0.00408242188942811
"15834","Toyama",2016,12,0.00335121304024917
"15835","Toyama",2016,13,0.00441595183742521
"15836","Toyama",2016,14,0.00576329069605295
"15837","Toyama",2016,15,0.00510958842023448
"15838","Toyama",2016,16,0.00638878189813355
"15839","Toyama",2016,17,0.00656353995322717
"15840","Toyama",2016,18,0.00639522476873953
"15841","Toyama",2016,19,0.0087432689730863
"15842","Toyama",2016,20,0.00815009667411746
"15843","Toyama",2016,21,0.00951672295963995
"15844","Toyama",2016,22,0.00863602733322275
"15845","Toyama",2016,23,0.0112080588224869
"15846","Toyama",2016,24,0.0124986093599669
"15847","Toyama",2016,25,0.0127816139239701
"15848","Toyama",2016,26,0.0132672365880064
"15849","Toyama",2016,27,0.0153764733910309
"15850","Toyama",2016,28,0.0148495839386867
"15851","Toyama",2016,29,0.0143558850628426
"15852","Toyama",2016,30,0.0156530303395273
"15853","Toyama",2016,31,0.0165698420674453
"15854","Toyama",2016,32,0.0152992207707239
"15855","Toyama",2016,33,0.0172147077647192
"15856","Toyama",2016,34,0.0162549852800235
"15857","Toyama",2016,35,0.0137661386641721
"15858","Toyama",2016,36,0.0149109506871253
"15859","Toyama",2016,37,0.0139010667399962
"15860","Toyama",2016,38,0.0130943975521085
"15861","Toyama",2016,39,0.0134336913605504
"15862","Toyama",2016,40,0.0120941723040379
"15863","Toyama",2016,41,0.00715016975437382
"15864","Toyama",2016,42,0.00946444182642459
"15865","Toyama",2016,43,0.00714804477934263
"15866","Toyama",2016,44,0.00533602465948811
"15867","Toyama",2016,45,0.00511578753939439
"15868","Toyama",2016,46,0.00613985531677634
"15869","Toyama",2016,47,0.00553020646767003
"15870","Toyama",2016,48,0.00468720618312825
"15871","Toyama",2016,49,0.00419293634178411
"15872","Toyama",2016,50,0.0034013475833148
"15873","Toyama",2016,51,0.00455715694344471
"15874","Toyama",2016,52,0.00339847867064254
"15875","Toyama",2017,1,0.00323311241049812
"15876","Toyama",2017,2,0.00329298217411756
"15877","Toyama",2017,3,0.00283350762798429
"15878","Toyama",2017,4,0.00259856738302378
"15879","Toyama",2017,5,0.00302693833083768
"15880","Toyama",2017,6,0.00306091454118922
"15881","Toyama",2017,7,0.00295887095535421
"15882","Toyama",2017,8,0.00316377389894217
"15883","Toyama",2017,9,0.00318479969864886
"15884","Toyama",2017,10,0.00313938970399155
"15885","Toyama",2017,11,0.00343295225853392
"15886","Toyama",2017,12,0.00346502227819021
"15887","Toyama",2017,13,0.0038101912430513
"15888","Toyama",2017,14,0.00555442104589491
"15889","Toyama",2017,15,0.00487219663269288
"15890","Toyama",2017,16,0.00587327679120018
"15891","Toyama",2017,17,0.0051831926124496
"15892","Toyama",2017,18,0.00693224197091161
"15893","Toyama",2017,19,0.0080883928347345
"15894","Toyama",2017,20,0.00775168918197961
"15895","Toyama",2017,21,0.00987347737721166
"15896","Toyama",2017,22,0.00903990131454687
"15897","Toyama",2017,23,0.00864878247786616
"15898","Toyama",2017,24,0.00843551847757285
"15899","Toyama",2017,25,0.0112248530614932
"15900","Toyama",2017,26,0.0136390757380937
"15901","Toyama",2017,27,0.0146090668504319
"15902","Toyama",2017,28,0.016558410804737
"15903","Toyama",2017,29,0.0162183065800169
"15904","Toyama",2017,30,0.0172976432733592
"15905","Toyama",2017,31,0.0172150863538493
"15906","Toyama",2017,32,0.0174339460826791
"15907","Toyama",2017,33,0.0163022458771133
"15908","Toyama",2017,34,0.0159295363652223
"15909","Toyama",2017,35,0.0131937305692496
"15910","Toyama",2017,36,0.0128539409678487
"15911","Toyama",2017,37,0.0120872733166965
"15912","Toyama",2017,38,0.0111669370211305
"15913","Toyama",2017,39,0.00984212244729506
"15914","Toyama",2017,40,0.00936850083154181
"15915","Toyama",2017,41,0.0109166038985407
"15916","Toyama",2017,42,0.00871979388352879
"15917","Toyama",2017,43,0.00772945102851286
"15918","Toyama",2017,44,0.00621983490057626
"15919","Toyama",2017,45,0.00560781850408197
"15920","Toyama",2017,46,0.00488429349151095
"15921","Toyama",2017,47,0.00386340288889211
"15922","Toyama",2017,48,0.00452681970516778
"15923","Toyama",2017,49,0.00359841670586927
"15924","Toyama",2017,50,0.00314960204128955
"15925","Toyama",2017,51,0.00306155776233616
"15926","Toyama",2017,52,0.00316619258388577
"15927","Toyama",2018,1,0.00302661273019945
"15928","Toyama",2018,2,0.00295705093045682
"15929","Toyama",2018,3,0.00357719452031113
"15930","Toyama",2018,4,0.00254000152922858
"15931","Toyama",2018,5,0.00287357741223079
"15932","Toyama",2018,6,0.00249036003249104
"15933","Toyama",2018,7,0.00272121648811983
"15934","Toyama",2018,8,0.00277735300861566
"15935","Toyama",2018,9,0.00317832642498875
"15936","Toyama",2018,10,0.0039519976454533
"15937","Toyama",2018,11,0.0037319761101033
"15938","Toyama",2018,12,0.00435870418623029
"15939","Toyama",2018,13,0.00426755659482878
"15940","Toyama",2018,14,0.006089107801758
"15941","Toyama",2018,15,0.00486766286529669
"15942","Toyama",2018,16,0.00594735517935547
"15943","Toyama",2018,17,0.00753746986926294
"15944","Toyama",2018,18,0.00684332247297482
"15945","Toyama",2018,19,0.00734765434059496
"15946","Toyama",2018,20,0.0099101195224848
"15947","Toyama",2018,21,0.00801150395776499
"15948","Toyama",2018,22,0.00973120510931531
"15949","Toyama",2018,23,0.0116696708339895
"15950","Toyama",2018,24,0.0104235544712305
"15951","Toyama",2018,25,0.01140046960033
"15952","Toyama",2018,26,0.0139955151119282
"15953","Toyama",2018,27,0.0152080332368799
"15954","Toyama",2018,28,0.015834998195242
"15955","Toyama",2018,29,0.0169750613605743
"15956","Toyama",2018,30,0.0166693338827433
"15957","Toyama",2018,31,0.0160252125296149
"15958","Toyama",2018,32,0.0168633131823732
"15959","Toyama",2018,33,0.014981612352228
"15960","Toyama",2018,34,0.0160839189043071
"15961","Toyama",2018,35,0.0156682022312416
"15962","Toyama",2018,36,0.0144088566577632
"15963","Toyama",2018,37,0.0135613858354692
"15964","Toyama",2018,38,0.0121802458312659
"15965","Toyama",2018,39,0.0109803487148434
"15966","Toyama",2018,40,0.0110698582602454
"15967","Toyama",2018,41,0.009843341086879
"15968","Toyama",2018,42,0.00799777307658489
"15969","Toyama",2018,43,0.00735664903646888
"15970","Toyama",2018,44,0.00587233358168052
"15971","Toyama",2018,45,0.0081162432446872
"15972","Toyama",2018,46,0.00595577547332296
"15973","Toyama",2018,47,0.00477803444098398
"15974","Toyama",2018,48,0.00522388188107651
"15975","Toyama",2018,49,0.00596207744009952
"15976","Toyama",2018,50,0.00331749088042738
"15977","Toyama",2018,51,0.00434007693249782
"15978","Toyama",2018,52,0.00344355669267765
"15979","Toyama",2019,1,0.00300329325567438
"15980","Toyama",2019,2,0.00297877565127379
"15981","Toyama",2019,3,0.00313893698069009
"15982","Toyama",2019,4,0.00302543595220581
"15983","Toyama",2019,5,0.0028819286046263
"15984","Toyama",2019,6,0.00350246829033274
"15985","Toyama",2019,7,0.00284398510772239
"15986","Toyama",2019,8,0.00365178805744842
"15987","Toyama",2019,9,0.00373352034138462
"15988","Toyama",2019,10,0.0039250707317434
"15989","Toyama",2019,11,0.00391784290850146
"15990","Toyama",2019,12,0.00409628572731602
"15991","Toyama",2019,13,0.00382208692757643
"15992","Toyama",2019,14,0.0034900661883709
"15993","Toyama",2019,15,0.00420819604923829
"15994","Toyama",2019,16,0.00523251841886644
"15995","Toyama",2019,17,0.0073653669774808
"15996","Toyama",2019,18,0.00632445133805796
"15997","Toyama",2019,19,0.00544013602986377
"15998","Toyama",2019,20,0.00857973092143693
"15999","Toyama",2019,21,0.00741302893694363
"16000","Toyama",2019,22,0.00862625631630466
"16001","Toyama",2019,23,0.0109398378616872
"16002","Toyama",2019,24,0.0107464402899057
"16003","Toyama",2019,25,0.0108307949106338
"16004","Toyama",2019,26,0.0132210036057005
"16005","Toyama",2019,27,0.014411615815218
"16006","Toyama",2019,28,0.0140975980846642
"16007","Toyama",2019,29,0.0153347369611179
"16008","Toyama",2019,30,0.0168482306040949
"16009","Toyama",2019,31,0.0176402485881044
"16010","Toyama",2019,32,0.0180644338135282
"16011","Toyama",2019,33,0.0183980654885083
"16012","Toyama",2019,34,0.0161183010427851
"16013","Toyama",2019,35,0.014645040839742
"16014","Toyama",2019,36,0.0154174341996916
"16015","Toyama",2019,37,0.0150006328285155
"16016","Toyama",2019,38,0.0121617893823989
"16017","Toyama",2019,39,0.0121936510664323
"16018","Toyama",2019,40,0.0124164606339116
"16019","Toyama",2019,41,0.0105421605710691
"16020","Toyama",2019,42,0.00924542609254619
"16021","Toyama",2019,43,0.00968978780590159
"16022","Toyama",2019,44,0.00721351579554932
"16023","Toyama",2019,45,0.00556400096079421
"16024","Toyama",2019,46,0.00583183704984668
"16025","Toyama",2019,47,0.0053841979798929
"16026","Toyama",2019,48,0.00511841055743806
"16027","Toyama",2019,49,0.00423029767835496
"16028","Toyama",2019,50,0.00406186925703602
"16029","Toyama",2019,51,0.00466954315665667
"16030","Toyama",2019,52,0.00393672699584505
"16031","Toyama",2020,1,0.00398825996954599
"16032","Toyama",2020,2,0.00403375150572728
"16033","Toyama",2020,3,0.00373940969401202
"16034","Toyama",2020,4,0.00391788014906412
"16035","Toyama",2020,5,0.00413273898939628
"16036","Toyama",2020,6,0.00284255150688978
"16037","Toyama",2020,7,0.0039806373201012
"16038","Toyama",2020,8,0.00395914664497527
"16039","Toyama",2020,9,0.00374684197304498
"16040","Wakayama",2013,1,0.00318723675721658
"16041","Wakayama",2013,2,0.00340569502213366
"16042","Wakayama",2013,3,0.00353483241511543
"16043","Wakayama",2013,4,0.00393676286966636
"16044","Wakayama",2013,5,0.00427197030724672
"16045","Wakayama",2013,6,0.00418629790871084
"16046","Wakayama",2013,7,0.00352260960846819
"16047","Wakayama",2013,8,0.00365785986687619
"16048","Wakayama",2013,9,0.00418335095990826
"16049","Wakayama",2013,10,0.00510373367780586
"16050","Wakayama",2013,11,0.00466202076584657
"16051","Wakayama",2013,12,0.00654628812978095
"16052","Wakayama",2013,13,0.00601406317597717
"16053","Wakayama",2013,14,0.00733088391422849
"16054","Wakayama",2013,15,0.00455862613609125
"16055","Wakayama",2013,16,0.00739202207064923
"16056","Wakayama",2013,17,0.00608220653580382
"16057","Wakayama",2013,18,0.00638512650035878
"16058","Wakayama",2013,19,0.00786410228090504
"16059","Wakayama",2013,20,0.00943436441118547
"16060","Wakayama",2013,21,0.0104865938196521
"16061","Wakayama",2013,22,0.0115759458960374
"16062","Wakayama",2013,23,0.0114111708504087
"16063","Wakayama",2013,24,0.0140987057246266
"16064","Wakayama",2013,25,0.0150686260217538
"16065","Wakayama",2013,26,0.0142358334365854
"16066","Wakayama",2013,27,0.016272953025613
"16067","Wakayama",2013,28,0.0181731884829107
"16068","Wakayama",2013,29,0.0162819477954377
"16069","Wakayama",2013,30,0.0174024872524204
"16070","Wakayama",2013,31,0.0176232293810497
"16071","Wakayama",2013,32,0.0183327305264378
"16072","Wakayama",2013,33,0.0166233794618672
"16073","Wakayama",2013,34,0.0189603475053789
"16074","Wakayama",2013,35,0.0164817911234531
"16075","Wakayama",2013,36,0.0164961521788121
"16076","Wakayama",2013,37,0.0160223854146003
"16077","Wakayama",2013,38,0.0128809013795209
"16078","Wakayama",2013,39,0.0116043078442027
"16079","Wakayama",2013,40,0.01206559475497
"16080","Wakayama",2013,41,0.0142672455249069
"16081","Wakayama",2013,42,0.00935055519846336
"16082","Wakayama",2013,43,0.0112064683717154
"16083","Wakayama",2013,44,0.00805616522991037
"16084","Wakayama",2013,45,0.00836364278312611
"16085","Wakayama",2013,46,0.00644311816397693
"16086","Wakayama",2013,47,0.00490480507456573
"16087","Wakayama",2013,48,0.00500839382446915
"16088","Wakayama",2013,49,0.00494637538978676
"16089","Wakayama",2013,50,0.00419257642013915
"16090","Wakayama",2013,51,0.00441111085156053
"16091","Wakayama",2013,52,0.00386995048786399
"16092","Wakayama",2014,1,0.00390518114662744
"16093","Wakayama",2014,2,0.00374561043518958
"16094","Wakayama",2014,3,0.0033380647053258
"16095","Wakayama",2014,4,0.00408579474914443
"16096","Wakayama",2014,5,0.00476877215379976
"16097","Wakayama",2014,6,0.00459851441022417
"16098","Wakayama",2014,7,0.00341680565080353
"16099","Wakayama",2014,8,0.00297832560474387
"16100","Wakayama",2014,9,0.00533439237584504
"16101","Wakayama",2014,10,0.00395829396871359
"16102","Wakayama",2014,11,0.0042594730441696
"16103","Wakayama",2014,12,0.00556300250245102
"16104","Wakayama",2014,13,0.00711943020035027
"16105","Wakayama",2014,14,0.00629309675976152
"16106","Wakayama",2014,15,0.00491887760402542
"16107","Wakayama",2014,16,0.00670458177982755
"16108","Wakayama",2014,17,0.00731426648698897
"16109","Wakayama",2014,18,0.00857943226350182
"16110","Wakayama",2014,19,0.00727436036792112
"16111","Wakayama",2014,20,0.00897875839612163
"16112","Wakayama",2014,21,0.00959313465464053
"16113","Wakayama",2014,22,0.0115719806741604
"16114","Wakayama",2014,23,0.0126053616570745
"16115","Wakayama",2014,24,0.0129293706182201
"16116","Wakayama",2014,25,0.0124889198984631
"16117","Wakayama",2014,26,0.0139312527311755
"16118","Wakayama",2014,27,0.0143731028104739
"16119","Wakayama",2014,28,0.0168924999400343
"16120","Wakayama",2014,29,0.0176219712554344
"16121","Wakayama",2014,30,0.0177095682942848
"16122","Wakayama",2014,31,0.0168654304139337
"16123","Wakayama",2014,32,0.0185250578927466
"16124","Wakayama",2014,33,0.0189186739508284
"16125","Wakayama",2014,34,0.0184424061141758
"16126","Wakayama",2014,35,0.0165138016119197
"16127","Wakayama",2014,36,0.0165005642008997
"16128","Wakayama",2014,37,0.0125029968370386
"16129","Wakayama",2014,38,0.010532140338826
"16130","Wakayama",2014,39,0.0121726275502422
"16131","Wakayama",2014,40,0.0120121125037998
"16132","Wakayama",2014,41,0.0114235642041936
"16133","Wakayama",2014,42,0.00886414422867481
"16134","Wakayama",2014,43,0.0106076253023018
"16135","Wakayama",2014,44,0.00936559032236581
"16136","Wakayama",2014,45,0.00771846575778753
"16137","Wakayama",2014,46,0.00670488787678861
"16138","Wakayama",2014,47,0.00540121414352091
"16139","Wakayama",2014,48,0.00827860967629937
"16140","Wakayama",2014,49,0.0051246165234747
"16141","Wakayama",2014,50,0.00443335882744181
"16142","Wakayama",2014,51,0.00393450636293513
"16143","Wakayama",2014,52,0.00390300667294448
"16144","Wakayama",2015,1,0.00432273428383115
"16145","Wakayama",2015,2,0.00418333817187905
"16146","Wakayama",2015,3,0.00437894389744858
"16147","Wakayama",2015,4,0.00436111484337696
"16148","Wakayama",2015,5,0.00350775408660301
"16149","Wakayama",2015,6,0.00337920469369936
"16150","Wakayama",2015,7,0.00408694930753517
"16151","Wakayama",2015,8,0.00526710926183078
"16152","Wakayama",2015,9,0.00479042306249398
"16153","Wakayama",2015,10,0.00419944044150586
"16154","Wakayama",2015,11,0.00781874915028767
"16155","Wakayama",2015,12,0.00409152329938845
"16156","Wakayama",2015,13,0.00903479943199418
"16157","Wakayama",2015,14,0.0078965632059651
"16158","Wakayama",2015,15,0.00725808629634763
"16159","Wakayama",2015,16,0.0082698346765606
"16160","Wakayama",2015,17,0.00912734312974243
"16161","Wakayama",2015,18,0.0095516694425461
"16162","Wakayama",2015,19,0.0103321359410956
"16163","Wakayama",2015,20,0.00970852849429719
"16164","Wakayama",2015,21,0.0107242029612806
"16165","Wakayama",2015,22,0.0111153235932858
"16166","Wakayama",2015,23,0.0135918305664787
"16167","Wakayama",2015,24,0.0133609763256444
"16168","Wakayama",2015,25,0.014365453104088
"16169","Wakayama",2015,26,0.0139231066614893
"16170","Wakayama",2015,27,0.0166145449843946
"16171","Wakayama",2015,28,0.0178402533440322
"16172","Wakayama",2015,29,0.0171065516021696
"16173","Wakayama",2015,30,0.0186058756743605
"16174","Wakayama",2015,31,0.0182115958499527
"16175","Wakayama",2015,32,0.0170707191175909
"16176","Wakayama",2015,33,0.0180987660971516
"16177","Wakayama",2015,34,0.0165208094153083
"16178","Wakayama",2015,35,0.0162179597869844
"16179","Wakayama",2015,36,0.0142727905148478
"16180","Wakayama",2015,37,0.012145603382151
"16181","Wakayama",2015,38,0.0133505249797886
"16182","Wakayama",2015,39,0.0108653860057686
"16183","Wakayama",2015,40,0.00900531375183873
"16184","Wakayama",2015,41,0.00851272022950136
"16185","Wakayama",2015,42,0.0093568487570581
"16186","Wakayama",2015,43,0.00675726769584109
"16187","Wakayama",2015,44,0.00850788275638762
"16188","Wakayama",2015,45,0.0100405146085282
"16189","Wakayama",2015,46,0.00936620790994025
"16190","Wakayama",2015,47,0.00681886046382557
"16191","Wakayama",2015,48,0.00535747374862094
"16192","Wakayama",2015,49,0.00629184706707529
"16193","Wakayama",2015,50,0.00549032498729092
"16194","Wakayama",2015,51,0.00589015936081243
"16195","Wakayama",2015,52,0.00405323556653543
"16196","Wakayama",2016,1,0.00482878616941751
"16197","Wakayama",2016,2,0.00362211609601251
"16198","Wakayama",2016,3,0.00373553174307869
"16199","Wakayama",2016,4,0.00446416381589677
"16200","Wakayama",2016,5,0.00365628731576328
"16201","Wakayama",2016,6,0.00483545550433336
"16202","Wakayama",2016,7,0.0047963406783026
"16203","Wakayama",2016,8,0.00353618121054764
"16204","Wakayama",2016,9,0.00472741848798077
"16205","Wakayama",2016,10,0.00623488508181285
"16206","Wakayama",2016,11,0.00575961691698759
"16207","Wakayama",2016,12,0.00390065066167986
"16208","Wakayama",2016,13,0.00668727124238785
"16209","Wakayama",2016,14,0.00858807441663878
"16210","Wakayama",2016,15,0.00731315710028698
"16211","Wakayama",2016,16,0.00848479090567116
"16212","Wakayama",2016,17,0.00857940114287003
"16213","Wakayama",2016,18,0.00904823660201826
"16214","Wakayama",2016,19,0.0102449800095529
"16215","Wakayama",2016,20,0.009347871437484
"16216","Wakayama",2016,21,0.0118152001535595
"16217","Wakayama",2016,22,0.0104019391614477
"16218","Wakayama",2016,23,0.012824346799997
"16219","Wakayama",2016,24,0.0144400342585974
"16220","Wakayama",2016,25,0.0158147242950458
"16221","Wakayama",2016,26,0.015756290957684
"16222","Wakayama",2016,27,0.0177200980134646
"16223","Wakayama",2016,28,0.0180919327433365
"16224","Wakayama",2016,29,0.0163496754451788
"16225","Wakayama",2016,30,0.0160977268414753
"16226","Wakayama",2016,31,0.0170420557042368
"16227","Wakayama",2016,32,0.0157200450091501
"16228","Wakayama",2016,33,0.0186402459691121
"16229","Wakayama",2016,34,0.0175433729311953
"16230","Wakayama",2016,35,0.0148114519755244
"16231","Wakayama",2016,36,0.0163576589064003
"16232","Wakayama",2016,37,0.0167987337936988
"16233","Wakayama",2016,38,0.0162534336148568
"16234","Wakayama",2016,39,0.0168093812578046
"16235","Wakayama",2016,40,0.015217614812264
"16236","Wakayama",2016,41,0.00861237706962751
"16237","Wakayama",2016,42,0.0120097743105121
"16238","Wakayama",2016,43,0.00968086891778764
"16239","Wakayama",2016,44,0.00654196683064084
"16240","Wakayama",2016,45,0.00660372502385172
"16241","Wakayama",2016,46,0.00859213317175152
"16242","Wakayama",2016,47,0.007550195871011
"16243","Wakayama",2016,48,0.00587627856719306
"16244","Wakayama",2016,49,0.0055649600548205
"16245","Wakayama",2016,50,0.00469109749414108
"16246","Wakayama",2016,51,0.00602515442759762
"16247","Wakayama",2016,52,0.00461837442981573
"16248","Wakayama",2017,1,0.0042575325741939
"16249","Wakayama",2017,2,0.00413311015248387
"16250","Wakayama",2017,3,0.00352161820546777
"16251","Wakayama",2017,4,0.0033847041097888
"16252","Wakayama",2017,5,0.00435855602159394
"16253","Wakayama",2017,6,0.0038563310461084
"16254","Wakayama",2017,7,0.0042947650325554
"16255","Wakayama",2017,8,0.00437685177617127
"16256","Wakayama",2017,9,0.00428576600807278
"16257","Wakayama",2017,10,0.00392125547351479
"16258","Wakayama",2017,11,0.00396764414776547
"16259","Wakayama",2017,12,0.00419433647359137
"16260","Wakayama",2017,13,0.00511407232591509
"16261","Wakayama",2017,14,0.00779820168169516
"16262","Wakayama",2017,15,0.00705090994158915
"16263","Wakayama",2017,16,0.00799880924796216
"16264","Wakayama",2017,17,0.00678182385523946
"16265","Wakayama",2017,18,0.00900152758009765
"16266","Wakayama",2017,19,0.00941588851146387
"16267","Wakayama",2017,20,0.00894279595272136
"16268","Wakayama",2017,21,0.0108099226210345
"16269","Wakayama",2017,22,0.0101879392120992
"16270","Wakayama",2017,23,0.00986090105352842
"16271","Wakayama",2017,24,0.00901566782787989
"16272","Wakayama",2017,25,0.0130104000143724
"16273","Wakayama",2017,26,0.0159775540698148
"16274","Wakayama",2017,27,0.0172074008550222
"16275","Wakayama",2017,28,0.0180491141037757
"16276","Wakayama",2017,29,0.0175752277547353
"16277","Wakayama",2017,30,0.0192021850695808
"16278","Wakayama",2017,31,0.0187013745625887
"16279","Wakayama",2017,32,0.0188013970019485
"16280","Wakayama",2017,33,0.0179904336658133
"16281","Wakayama",2017,34,0.018481365427521
"16282","Wakayama",2017,35,0.014532081305717
"16283","Wakayama",2017,36,0.0140493393649773
"16284","Wakayama",2017,37,0.0140817817515068
"16285","Wakayama",2017,38,0.0133847560421807
"16286","Wakayama",2017,39,0.0118885987131509
"16287","Wakayama",2017,40,0.0117377348221403
"16288","Wakayama",2017,41,0.0134685766998418
"16289","Wakayama",2017,42,0.0108266332051983
"16290","Wakayama",2017,43,0.00912679165974943
"16291","Wakayama",2017,44,0.00736927924865022
"16292","Wakayama",2017,45,0.00781989119575956
"16293","Wakayama",2017,46,0.00600399312576217
"16294","Wakayama",2017,47,0.00479358837288305
"16295","Wakayama",2017,48,0.00640710962432968
"16296","Wakayama",2017,49,0.00428403242799944
"16297","Wakayama",2017,50,0.00387351069821884
"16298","Wakayama",2017,51,0.00358501207435421
"16299","Wakayama",2017,52,0.00409464386623932
"16300","Wakayama",2018,1,0.00372551725633263
"16301","Wakayama",2018,2,0.00382007068839636
"16302","Wakayama",2018,3,0.00514426523781358
"16303","Wakayama",2018,4,0.00304825840305348
"16304","Wakayama",2018,5,0.0035225582916151
"16305","Wakayama",2018,6,0.00288258638965403
"16306","Wakayama",2018,7,0.00349508256054525
"16307","Wakayama",2018,8,0.00346841376508539
"16308","Wakayama",2018,9,0.00491171124585656
"16309","Wakayama",2018,10,0.00577394107349575
"16310","Wakayama",2018,11,0.00577376605078106
"16311","Wakayama",2018,12,0.00618017634929387
"16312","Wakayama",2018,13,0.00600256371490663
"16313","Wakayama",2018,14,0.00813696712717928
"16314","Wakayama",2018,15,0.00671442406244372
"16315","Wakayama",2018,16,0.00741610375527979
"16316","Wakayama",2018,17,0.00879902834381169
"16317","Wakayama",2018,18,0.00854325964855572
"16318","Wakayama",2018,19,0.00892019822587057
"16319","Wakayama",2018,20,0.0111514812259277
"16320","Wakayama",2018,21,0.00930117862540451
"16321","Wakayama",2018,22,0.0113611044768399
"16322","Wakayama",2018,23,0.0130742786498295
"16323","Wakayama",2018,24,0.0124869391512691
"16324","Wakayama",2018,25,0.0138799633250026
"16325","Wakayama",2018,26,0.0164950811842542
"16326","Wakayama",2018,27,0.0176948686084847
"16327","Wakayama",2018,28,0.0173117995051805
"16328","Wakayama",2018,29,0.0184482197807442
"16329","Wakayama",2018,30,0.0180254308954482
"16330","Wakayama",2018,31,0.0182471736934364
"16331","Wakayama",2018,32,0.017873664803516
"16332","Wakayama",2018,33,0.0167655333538031
"16333","Wakayama",2018,34,0.0178436103833129
"16334","Wakayama",2018,35,0.0180080349095673
"16335","Wakayama",2018,36,0.0171591555996477
"16336","Wakayama",2018,37,0.01577990278552
"16337","Wakayama",2018,38,0.0153056562375752
"16338","Wakayama",2018,39,0.012783727036456
"16339","Wakayama",2018,40,0.0133047255720585
"16340","Wakayama",2018,41,0.0113516877182507
"16341","Wakayama",2018,42,0.00910646355910625
"16342","Wakayama",2018,43,0.00891459235645975
"16343","Wakayama",2018,44,0.00660690006007749
"16344","Wakayama",2018,45,0.00960103928923982
"16345","Wakayama",2018,46,0.00689681769994116
"16346","Wakayama",2018,47,0.00560412518170005
"16347","Wakayama",2018,48,0.00653168590664197
"16348","Wakayama",2018,49,0.00771703734619055
"16349","Wakayama",2018,50,0.00425615210062726
"16350","Wakayama",2018,51,0.00608089304157602
"16351","Wakayama",2018,52,0.00443053820708677
"16352","Wakayama",2019,1,0.0038096400646872
"16353","Wakayama",2019,2,0.0038280478321411
"16354","Wakayama",2019,3,0.00406489452429576
"16355","Wakayama",2019,4,0.00380602887594126
"16356","Wakayama",2019,5,0.00376073900665834
"16357","Wakayama",2019,6,0.0052728280666778
"16358","Wakayama",2019,7,0.00374479141289863
"16359","Wakayama",2019,8,0.00480167713008975
"16360","Wakayama",2019,9,0.00481986250396759
"16361","Wakayama",2019,10,0.00537680527408895
"16362","Wakayama",2019,11,0.00485613461210948
"16363","Wakayama",2019,12,0.00573391769249002
"16364","Wakayama",2019,13,0.00557751939772547
"16365","Wakayama",2019,14,0.00458846046397045
"16366","Wakayama",2019,15,0.00531444502313477
"16367","Wakayama",2019,16,0.0070016816552581
"16368","Wakayama",2019,17,0.0100422750864304
"16369","Wakayama",2019,18,0.00840651310539817
"16370","Wakayama",2019,19,0.00722004170495013
"16371","Wakayama",2019,20,0.00983024426401742
"16372","Wakayama",2019,21,0.00922191010242078
"16373","Wakayama",2019,22,0.010265599178386
"16374","Wakayama",2019,23,0.0126391445851796
"16375","Wakayama",2019,24,0.0122599260452055
"16376","Wakayama",2019,25,0.0123009209068895
"16377","Wakayama",2019,26,0.0152258127778705
"16378","Wakayama",2019,27,0.0160636852393464
"16379","Wakayama",2019,28,0.0154589075821107
"16380","Wakayama",2019,29,0.0175551037045232
"16381","Wakayama",2019,30,0.01841923182294
"16382","Wakayama",2019,31,0.0189142944172697
"16383","Wakayama",2019,32,0.0182500956949445
"16384","Wakayama",2019,33,0.019373579267416
"16385","Wakayama",2019,34,0.0185579543149999
"16386","Wakayama",2019,35,0.0168804248815007
"16387","Wakayama",2019,36,0.0178400206595089
"16388","Wakayama",2019,37,0.017036632206989
"16389","Wakayama",2019,38,0.0135867270736604
"16390","Wakayama",2019,39,0.0145492955235701
"16391","Wakayama",2019,40,0.0147189084808273
"16392","Wakayama",2019,41,0.012280559994184
"16393","Wakayama",2019,42,0.0115394286896355
"16394","Wakayama",2019,43,0.0111197108540808
"16395","Wakayama",2019,44,0.00869113631248072
"16396","Wakayama",2019,45,0.00649926880575993
"16397","Wakayama",2019,46,0.00672796367085627
"16398","Wakayama",2019,47,0.00727455500299148
"16399","Wakayama",2019,48,0.00659458024332084
"16400","Wakayama",2019,49,0.00510963089127087
"16401","Wakayama",2019,50,0.00521712593246762
"16402","Wakayama",2019,51,0.00579222070771486
"16403","Wakayama",2019,52,0.00531641118176278
"16404","Wakayama",2020,1,0.0050500960934815
"16405","Wakayama",2020,2,0.00484321019620183
"16406","Wakayama",2020,3,0.00428648089183719
"16407","Wakayama",2020,4,0.00519516066407888
"16408","Wakayama",2020,5,0.00541314664337617
"16409","Wakayama",2020,6,0.00355970471048003
"16410","Wakayama",2020,7,0.00571144829029054
"16411","Wakayama",2020,8,0.00472177880843654
"16412","Wakayama",2020,9,0.00488527790202999
"16413","Yamagata",2013,1,0.00251185086899009
"16414","Yamagata",2013,2,0.00256027759879745
"16415","Yamagata",2013,3,0.00275549839148141
"16416","Yamagata",2013,4,0.00292531887444441
"16417","Yamagata",2013,5,0.00297815468795277
"16418","Yamagata",2013,6,0.00265720323853021
"16419","Yamagata",2013,7,0.00273522326082993
"16420","Yamagata",2013,8,0.0023638600791976
"16421","Yamagata",2013,9,0.00275655463300736
"16422","Yamagata",2013,10,0.00337751833487178
"16423","Yamagata",2013,11,0.00271953091893665
"16424","Yamagata",2013,12,0.00383731422489309
"16425","Yamagata",2013,13,0.00360201419673239
"16426","Yamagata",2013,14,0.00510788205418923
"16427","Yamagata",2013,15,0.00402608457376807
"16428","Yamagata",2013,16,0.00469522703626625
"16429","Yamagata",2013,17,0.00493728869633612
"16430","Yamagata",2013,18,0.00519758422996984
"16431","Yamagata",2013,19,0.00569873995393076
"16432","Yamagata",2013,20,0.00740922851168987
"16433","Yamagata",2013,21,0.00834154678199744
"16434","Yamagata",2013,22,0.00989542611834179
"16435","Yamagata",2013,23,0.00895835027012468
"16436","Yamagata",2013,24,0.0124403680026855
"16437","Yamagata",2013,25,0.0122901009134528
"16438","Yamagata",2013,26,0.0116969379914074
"16439","Yamagata",2013,27,0.0143770468483738
"16440","Yamagata",2013,28,0.0157644533053118
"16441","Yamagata",2013,29,0.0135897941908863
"16442","Yamagata",2013,30,0.0153685506557899
"16443","Yamagata",2013,31,0.0153053989818953
"16444","Yamagata",2013,32,0.0175034643468481
"16445","Yamagata",2013,33,0.0169141409176239
"16446","Yamagata",2013,34,0.0156095432914886
"16447","Yamagata",2013,35,0.014019940655177
"16448","Yamagata",2013,36,0.0145767401584124
"16449","Yamagata",2013,37,0.0140437504370561
"16450","Yamagata",2013,38,0.0108880436133738
"16451","Yamagata",2013,39,0.00975468679824094
"16452","Yamagata",2013,40,0.010255492737285
"16453","Yamagata",2013,41,0.0121938510706258
"16454","Yamagata",2013,42,0.00701854462128977
"16455","Yamagata",2013,43,0.0085668361375813
"16456","Yamagata",2013,44,0.00634636962498786
"16457","Yamagata",2013,45,0.0060362659745647
"16458","Yamagata",2013,46,0.00448310886690847
"16459","Yamagata",2013,47,0.00483750541152133
"16460","Yamagata",2013,48,0.00448425391930814
"16461","Yamagata",2013,49,0.00432932222802633
"16462","Yamagata",2013,50,0.00352425665003003
"16463","Yamagata",2013,51,0.00370171877312655
"16464","Yamagata",2013,52,0.00321004055026232
"16465","Yamagata",2014,1,0.00327683719514379
"16466","Yamagata",2014,2,0.00272509206470962
"16467","Yamagata",2014,3,0.00247656887184937
"16468","Yamagata",2014,4,0.00304559285892482
"16469","Yamagata",2014,5,0.00273519960792945
"16470","Yamagata",2014,6,0.00275651679482321
"16471","Yamagata",2014,7,0.00275874530856857
"16472","Yamagata",2014,8,0.00255901966276057
"16473","Yamagata",2014,9,0.0032389844630734
"16474","Yamagata",2014,10,0.00267281468185858
"16475","Yamagata",2014,11,0.00321441702725654
"16476","Yamagata",2014,12,0.00365057384642322
"16477","Yamagata",2014,13,0.00476439287430122
"16478","Yamagata",2014,14,0.00456826523965593
"16479","Yamagata",2014,15,0.00360536002417342
"16480","Yamagata",2014,16,0.00360954533742393
"16481","Yamagata",2014,17,0.00484402955909583
"16482","Yamagata",2014,18,0.00717497692441337
"16483","Yamagata",2014,19,0.00559389923354508
"16484","Yamagata",2014,20,0.00732036248823094
"16485","Yamagata",2014,21,0.00762401962162284
"16486","Yamagata",2014,22,0.00986638136121321
"16487","Yamagata",2014,23,0.0108623264832903
"16488","Yamagata",2014,24,0.0123368536850212
"16489","Yamagata",2014,25,0.0115746305823386
"16490","Yamagata",2014,26,0.0120182458619669
"16491","Yamagata",2014,27,0.013231095351669
"16492","Yamagata",2014,28,0.0150351118781455
"16493","Yamagata",2014,29,0.0143287132529603
"16494","Yamagata",2014,30,0.0155472300411594
"16495","Yamagata",2014,31,0.0153521258010812
"16496","Yamagata",2014,32,0.0170593202959091
"16497","Yamagata",2014,33,0.0150504910398746
"16498","Yamagata",2014,34,0.016819869335541
"16499","Yamagata",2014,35,0.0130583256566011
"16500","Yamagata",2014,36,0.0131468928928784
"16501","Yamagata",2014,37,0.0115442492332368
"16502","Yamagata",2014,38,0.00890821001737952
"16503","Yamagata",2014,39,0.00930205331917245
"16504","Yamagata",2014,40,0.00987995800739238
"16505","Yamagata",2014,41,0.0076583063662509
"16506","Yamagata",2014,42,0.00715006110028052
"16507","Yamagata",2014,43,0.00736345572583596
"16508","Yamagata",2014,44,0.00673204745321775
"16509","Yamagata",2014,45,0.00566649834336998
"16510","Yamagata",2014,46,0.00532145428096509
"16511","Yamagata",2014,47,0.00447018200731824
"16512","Yamagata",2014,48,0.00541054355867929
"16513","Yamagata",2014,49,0.00451406796743008
"16514","Yamagata",2014,50,0.00331889458954937
"16515","Yamagata",2014,51,0.00304221501615945
"16516","Yamagata",2014,52,0.00299115718631843
"16517","Yamagata",2015,1,0.00316202259089759
"16518","Yamagata",2015,2,0.0031387050092626
"16519","Yamagata",2015,3,0.00295882684977987
"16520","Yamagata",2015,4,0.00316660367436299
"16521","Yamagata",2015,5,0.00278867447428845
"16522","Yamagata",2015,6,0.00297690472376943
"16523","Yamagata",2015,7,0.00324549191432823
"16524","Yamagata",2015,8,0.00352995703534462
"16525","Yamagata",2015,9,0.00358502610072569
"16526","Yamagata",2015,10,0.00354168484930644
"16527","Yamagata",2015,11,0.00425816611754357
"16528","Yamagata",2015,12,0.00324594172178955
"16529","Yamagata",2015,13,0.00497555998910154
"16530","Yamagata",2015,14,0.00462453840044079
"16531","Yamagata",2015,15,0.00555689307675783
"16532","Yamagata",2015,16,0.00544608070056067
"16533","Yamagata",2015,17,0.0063008667542074
"16534","Yamagata",2015,18,0.00691564948323533
"16535","Yamagata",2015,19,0.00740681723004116
"16536","Yamagata",2015,20,0.00750487221241749
"16537","Yamagata",2015,21,0.00900949882150398
"16538","Yamagata",2015,22,0.00851363642225332
"16539","Yamagata",2015,23,0.0102639731445645
"16540","Yamagata",2015,24,0.0116398938563725
"16541","Yamagata",2015,25,0.012490945896652
"16542","Yamagata",2015,26,0.0118783079609172
"16543","Yamagata",2015,27,0.011545747657483
"16544","Yamagata",2015,28,0.015189784472682
"16545","Yamagata",2015,29,0.0163841453761356
"16546","Yamagata",2015,30,0.0167633747269825
"16547","Yamagata",2015,31,0.0153670194793793
"16548","Yamagata",2015,32,0.015752283208623
"16549","Yamagata",2015,33,0.0147878293630233
"16550","Yamagata",2015,34,0.0118748112234005
"16551","Yamagata",2015,35,0.0134094244222383
"16552","Yamagata",2015,36,0.0128321320951479
"16553","Yamagata",2015,37,0.010831245540474
"16554","Yamagata",2015,38,0.0104290491430345
"16555","Yamagata",2015,39,0.00847449658991018
"16556","Yamagata",2015,40,0.0070232694460582
"16557","Yamagata",2015,41,0.0070128727321251
"16558","Yamagata",2015,42,0.00693122159253144
"16559","Yamagata",2015,43,0.00570410936120823
"16560","Yamagata",2015,44,0.00615130211017296
"16561","Yamagata",2015,45,0.00678178552051859
"16562","Yamagata",2015,46,0.00682425434074222
"16563","Yamagata",2015,47,0.00472868546236693
"16564","Yamagata",2015,48,0.00431110452844733
"16565","Yamagata",2015,49,0.00388002997149056
"16566","Yamagata",2015,50,0.00433804553141921
"16567","Yamagata",2015,51,0.00385842237764228
"16568","Yamagata",2015,52,0.00316671153170739
"16569","Yamagata",2016,1,0.00360810738935428
"16570","Yamagata",2016,2,0.0027245105912563
"16571","Yamagata",2016,3,0.00296835108976385
"16572","Yamagata",2016,4,0.00312275310178674
"16573","Yamagata",2016,5,0.0027642949832228
"16574","Yamagata",2016,6,0.00293139593704843
"16575","Yamagata",2016,7,0.00347578520915299
"16576","Yamagata",2016,8,0.00280201156175864
"16577","Yamagata",2016,9,0.00325686245080159
"16578","Yamagata",2016,10,0.00380704208240963
"16579","Yamagata",2016,11,0.00391934880986985
"16580","Yamagata",2016,12,0.00325931297455702
"16581","Yamagata",2016,13,0.00407127467749728
"16582","Yamagata",2016,14,0.00537893660296069
"16583","Yamagata",2016,15,0.00480686142358274
"16584","Yamagata",2016,16,0.00625272330553261
"16585","Yamagata",2016,17,0.00535017407955411
"16586","Yamagata",2016,18,0.0072729710856902
"16587","Yamagata",2016,19,0.00765351670392381
"16588","Yamagata",2016,20,0.0075886798224101
"16589","Yamagata",2016,21,0.00952324977826361
"16590","Yamagata",2016,22,0.00799117307869166
"16591","Yamagata",2016,23,0.0103636197562296
"16592","Yamagata",2016,24,0.011868219603554
"16593","Yamagata",2016,25,0.0126066478599515
"16594","Yamagata",2016,26,0.0127226307474722
"16595","Yamagata",2016,27,0.0135499058027748
"16596","Yamagata",2016,28,0.0140177650259807
"16597","Yamagata",2016,29,0.0132085408593537
"16598","Yamagata",2016,30,0.0155902758484197
"16599","Yamagata",2016,31,0.0163694383117507
"16600","Yamagata",2016,32,0.0142426726637431
"16601","Yamagata",2016,33,0.0166820252596034
"16602","Yamagata",2016,34,0.0163928745963243
"16603","Yamagata",2016,35,0.0148863798192534
"16604","Yamagata",2016,36,0.0152986959631647
"16605","Yamagata",2016,37,0.0132052743601791
"16606","Yamagata",2016,38,0.0115640943734157
"16607","Yamagata",2016,39,0.0123417953365381
"16608","Yamagata",2016,40,0.0102093128977623
"16609","Yamagata",2016,41,0.00663547687400255
"16610","Yamagata",2016,42,0.00777577149419697
"16611","Yamagata",2016,43,0.00585918686992355
"16612","Yamagata",2016,44,0.00529494472647699
"16613","Yamagata",2016,45,0.0044807099712343
"16614","Yamagata",2016,46,0.00544466526636088
"16615","Yamagata",2016,47,0.0043830890995859
"16616","Yamagata",2016,48,0.00444516807017436
"16617","Yamagata",2016,49,0.00410193893361521
"16618","Yamagata",2016,50,0.00330717558877707
"16619","Yamagata",2016,51,0.00473323967949402
"16620","Yamagata",2016,52,0.00330932503079148
"16621","Yamagata",2017,1,0.0036218182833277
"16622","Yamagata",2017,2,0.00302038243815562
"16623","Yamagata",2017,3,0.00296839065682085
"16624","Yamagata",2017,4,0.00277207140032648
"16625","Yamagata",2017,5,0.00306004075246553
"16626","Yamagata",2017,6,0.00325829381709563
"16627","Yamagata",2017,7,0.00317254720364547
"16628","Yamagata",2017,8,0.0030269592348129
"16629","Yamagata",2017,9,0.00313453277175642
"16630","Yamagata",2017,10,0.00327119239567833
"16631","Yamagata",2017,11,0.00361537218563817
"16632","Yamagata",2017,12,0.00338288319829443
"16633","Yamagata",2017,13,0.00391097825298058
"16634","Yamagata",2017,14,0.00497102099087661
"16635","Yamagata",2017,15,0.00443055354057092
"16636","Yamagata",2017,16,0.00564761632899808
"16637","Yamagata",2017,17,0.00536785045689681
"16638","Yamagata",2017,18,0.0063972214167003
"16639","Yamagata",2017,19,0.00750317620306508
"16640","Yamagata",2017,20,0.00766590329803409
"16641","Yamagata",2017,21,0.00990811217255098
"16642","Yamagata",2017,22,0.00938805926194393
"16643","Yamagata",2017,23,0.00866444873158126
"16644","Yamagata",2017,24,0.00894469556961981
"16645","Yamagata",2017,25,0.0110701478863377
"16646","Yamagata",2017,26,0.0125573243569815
"16647","Yamagata",2017,27,0.0141983716858933
"16648","Yamagata",2017,28,0.0168680576039206
"16649","Yamagata",2017,29,0.0164735672536813
"16650","Yamagata",2017,30,0.0157285808114972
"16651","Yamagata",2017,31,0.015463925730072
"16652","Yamagata",2017,32,0.0168518477217513
"16653","Yamagata",2017,33,0.0154512370412837
"16654","Yamagata",2017,34,0.0161829288788512
"16655","Yamagata",2017,35,0.0120746522998131
"16656","Yamagata",2017,36,0.012170601780013
"16657","Yamagata",2017,37,0.0117055845760416
"16658","Yamagata",2017,38,0.0114649624242337
"16659","Yamagata",2017,39,0.00996105696943394
"16660","Yamagata",2017,40,0.00876503517487443
"16661","Yamagata",2017,41,0.00999559407361546
"16662","Yamagata",2017,42,0.00705271555011376
"16663","Yamagata",2017,43,0.00735921787895324
"16664","Yamagata",2017,44,0.00653212815490952
"16665","Yamagata",2017,45,0.0054888347142499
"16666","Yamagata",2017,46,0.00482403973421081
"16667","Yamagata",2017,47,0.00380542476921749
"16668","Yamagata",2017,48,0.00377786231940816
"16669","Yamagata",2017,49,0.0038254302739102
"16670","Yamagata",2017,50,0.00353417709236528
"16671","Yamagata",2017,51,0.00344912376796943
"16672","Yamagata",2017,52,0.00310535345412689
"16673","Yamagata",2018,1,0.00317379356145778
"16674","Yamagata",2018,2,0.00303394152231304
"16675","Yamagata",2018,3,0.00330538160091825
"16676","Yamagata",2018,4,0.00244454874206536
"16677","Yamagata",2018,5,0.00259094816527924
"16678","Yamagata",2018,6,0.00299007408423613
"16679","Yamagata",2018,7,0.00271272773867607
"16680","Yamagata",2018,8,0.00248405805477658
"16681","Yamagata",2018,9,0.00307303343735816
"16682","Yamagata",2018,10,0.00364158563742551
"16683","Yamagata",2018,11,0.00365928184742179
"16684","Yamagata",2018,12,0.00374189451076008
"16685","Yamagata",2018,13,0.00400393340568253
"16686","Yamagata",2018,14,0.00541674834203501
"16687","Yamagata",2018,15,0.00468921761532831
"16688","Yamagata",2018,16,0.00582083772699108
"16689","Yamagata",2018,17,0.00660825206004249
"16690","Yamagata",2018,18,0.00741045472667691
"16691","Yamagata",2018,19,0.00652331742454655
"16692","Yamagata",2018,20,0.00913171528914294
"16693","Yamagata",2018,21,0.00768789937127513
"16694","Yamagata",2018,22,0.00979131172287456
"16695","Yamagata",2018,23,0.0110519672519647
"16696","Yamagata",2018,24,0.00910858095356377
"16697","Yamagata",2018,25,0.010971986487555
"16698","Yamagata",2018,26,0.0140747097751903
"16699","Yamagata",2018,27,0.0150906269015607
"16700","Yamagata",2018,28,0.0161101562220177
"16701","Yamagata",2018,29,0.0165369161228349
"16702","Yamagata",2018,30,0.0159558135794345
"16703","Yamagata",2018,31,0.015722756838033
"16704","Yamagata",2018,32,0.015980532960337
"16705","Yamagata",2018,33,0.0143283905637243
"16706","Yamagata",2018,34,0.016683165332119
"16707","Yamagata",2018,35,0.0151344359180271
"16708","Yamagata",2018,36,0.0145736930616608
"16709","Yamagata",2018,37,0.0121483987454147
"16710","Yamagata",2018,38,0.0112102478891535
"16711","Yamagata",2018,39,0.0104732300871573
"16712","Yamagata",2018,40,0.0109004906045131
"16713","Yamagata",2018,41,0.00937153039173668
"16714","Yamagata",2018,42,0.00750597808138306
"16715","Yamagata",2018,43,0.00705155428024514
"16716","Yamagata",2018,44,0.00623546627185569
"16717","Yamagata",2018,45,0.0079361044803533
"16718","Yamagata",2018,46,0.00532611445395992
"16719","Yamagata",2018,47,0.0046940879713387
"16720","Yamagata",2018,48,0.00462724803978758
"16721","Yamagata",2018,49,0.00486940793708906
"16722","Yamagata",2018,50,0.0032485486796794
"16723","Yamagata",2018,51,0.00387453608610527
"16724","Yamagata",2018,52,0.00330885759083345
"16725","Yamagata",2019,1,0.00306304493469123
"16726","Yamagata",2019,2,0.00300289617741167
"16727","Yamagata",2019,3,0.00290477527908641
"16728","Yamagata",2019,4,0.00290668535340144
"16729","Yamagata",2019,5,0.00302991435761861
"16730","Yamagata",2019,6,0.00307362033132389
"16731","Yamagata",2019,7,0.00258336616012941
"16732","Yamagata",2019,8,0.00353684609756638
"16733","Yamagata",2019,9,0.00324614835843075
"16734","Yamagata",2019,10,0.00370360043964787
"16735","Yamagata",2019,11,0.0040682135575297
"16736","Yamagata",2019,12,0.00390788107571437
"16737","Yamagata",2019,13,0.0033972075508706
"16738","Yamagata",2019,14,0.00382360584292102
"16739","Yamagata",2019,15,0.00379311605173904
"16740","Yamagata",2019,16,0.00473886082622808
"16741","Yamagata",2019,17,0.00653890298606177
"16742","Yamagata",2019,18,0.00598302825882185
"16743","Yamagata",2019,19,0.00592123158521925
"16744","Yamagata",2019,20,0.00814412912882589
"16745","Yamagata",2019,21,0.00795170512035572
"16746","Yamagata",2019,22,0.00897366256653427
"16747","Yamagata",2019,23,0.0108934323279455
"16748","Yamagata",2019,24,0.00926935650555276
"16749","Yamagata",2019,25,0.0112830625705061
"16750","Yamagata",2019,26,0.0129519563268171
"16751","Yamagata",2019,27,0.0132431281049211
"16752","Yamagata",2019,28,0.0112732102093826
"16753","Yamagata",2019,29,0.0149553471597088
"16754","Yamagata",2019,30,0.0166888303739229
"16755","Yamagata",2019,31,0.0179533158751636
"16756","Yamagata",2019,32,0.0185974831468318
"16757","Yamagata",2019,33,0.0183551606858595
"16758","Yamagata",2019,34,0.0160981896203167
"16759","Yamagata",2019,35,0.0147643509026258
"16760","Yamagata",2019,36,0.0148822037658264
"16761","Yamagata",2019,37,0.0143422965196705
"16762","Yamagata",2019,38,0.0110426298231457
"16763","Yamagata",2019,39,0.010646211789494
"16764","Yamagata",2019,40,0.0119904444441168
"16765","Yamagata",2019,41,0.00978274802692654
"16766","Yamagata",2019,42,0.00766459098716505
"16767","Yamagata",2019,43,0.00870981434066764
"16768","Yamagata",2019,44,0.00672794126868421
"16769","Yamagata",2019,45,0.00536571108462674
"16770","Yamagata",2019,46,0.00566135342448562
"16771","Yamagata",2019,47,0.00487123609225626
"16772","Yamagata",2019,48,0.00448687945317524
"16773","Yamagata",2019,49,0.0040110169797169
"16774","Yamagata",2019,50,0.00374477032259085
"16775","Yamagata",2019,51,0.00386833450808933
"16776","Yamagata",2019,52,0.00377568087667946
"16777","Yamagata",2020,1,0.0034371337584689
"16778","Yamagata",2020,2,0.0037987584468658
"16779","Yamagata",2020,3,0.003556893604003
"16780","Yamagata",2020,4,0.00337291525543698
"16781","Yamagata",2020,5,0.0039852174291955
"16782","Yamagata",2020,6,0.00284242199634142
"16783","Yamagata",2020,7,0.00371214162172502
"16784","Yamagata",2020,8,0.00386777454009383
"16785","Yamagata",2020,9,0.00359169629301131
"16786","Yamaguchi",2013,1,0.00314194341752409
"16787","Yamaguchi",2013,2,0.00328153981616892
"16788","Yamaguchi",2013,3,0.00362234509686373
"16789","Yamaguchi",2013,4,0.00395965617367913
"16790","Yamaguchi",2013,5,0.00435706828586763
"16791","Yamaguchi",2013,6,0.0041217715317974
"16792","Yamaguchi",2013,7,0.00342169851010493
"16793","Yamaguchi",2013,8,0.00363286320978406
"16794","Yamaguchi",2013,9,0.004186419085319
"16795","Yamaguchi",2013,10,0.00529737266396389
"16796","Yamaguchi",2013,11,0.00476404814724254
"16797","Yamaguchi",2013,12,0.00633283729964266
"16798","Yamaguchi",2013,13,0.00571588699417932
"16799","Yamaguchi",2013,14,0.00671840414339179
"16800","Yamaguchi",2013,15,0.00426484234093054
"16801","Yamaguchi",2013,16,0.00704502270403999
"16802","Yamaguchi",2013,17,0.00646394263752446
"16803","Yamaguchi",2013,18,0.00697215698642955
"16804","Yamaguchi",2013,19,0.0079373335515973
"16805","Yamaguchi",2013,20,0.00920071851372652
"16806","Yamaguchi",2013,21,0.0103899109910606
"16807","Yamaguchi",2013,22,0.0115241794877785
"16808","Yamaguchi",2013,23,0.0119571532723185
"16809","Yamaguchi",2013,24,0.0146028911427255
"16810","Yamaguchi",2013,25,0.0152112194168925
"16811","Yamaguchi",2013,26,0.0142556409542704
"16812","Yamaguchi",2013,27,0.0167955539969748
"16813","Yamaguchi",2013,28,0.0177732000226291
"16814","Yamaguchi",2013,29,0.0175028221849889
"16815","Yamaguchi",2013,30,0.0176813188525869
"16816","Yamaguchi",2013,31,0.0196374628312836
"16817","Yamaguchi",2013,32,0.0198203946393744
"16818","Yamaguchi",2013,33,0.0187166279495443
"16819","Yamaguchi",2013,34,0.0191016343853024
"16820","Yamaguchi",2013,35,0.0169823261614121
"16821","Yamaguchi",2013,36,0.0144623216115035
"16822","Yamaguchi",2013,37,0.0161725365808138
"16823","Yamaguchi",2013,38,0.0122613285878713
"16824","Yamaguchi",2013,39,0.012033065047988
"16825","Yamaguchi",2013,40,0.0123066931628779
"16826","Yamaguchi",2013,41,0.0139462322949334
"16827","Yamaguchi",2013,42,0.00865277409181131
"16828","Yamaguchi",2013,43,0.0103824008649175
"16829","Yamaguchi",2013,44,0.00791566436158379
"16830","Yamaguchi",2013,45,0.00832336913064671
"16831","Yamaguchi",2013,46,0.00616232719770743
"16832","Yamaguchi",2013,47,0.00467081932853038
"16833","Yamaguchi",2013,48,0.00481307507535391
"16834","Yamaguchi",2013,49,0.00478890527683232
"16835","Yamaguchi",2013,50,0.00435625242232389
"16836","Yamaguchi",2013,51,0.00420047355877061
"16837","Yamaguchi",2013,52,0.00388585985592593
"16838","Yamaguchi",2014,1,0.00387230750356027
"16839","Yamaguchi",2014,2,0.00385172677910753
"16840","Yamaguchi",2014,3,0.00339101608376451
"16841","Yamaguchi",2014,4,0.00418889303002576
"16842","Yamaguchi",2014,5,0.00493725281444284
"16843","Yamaguchi",2014,6,0.0045738596405509
"16844","Yamaguchi",2014,7,0.00333676186986428
"16845","Yamaguchi",2014,8,0.00341621780191439
"16846","Yamaguchi",2014,9,0.00572851417987971
"16847","Yamaguchi",2014,10,0.0035858686533529
"16848","Yamaguchi",2014,11,0.00433243888118163
"16849","Yamaguchi",2014,12,0.00579508188456057
"16850","Yamaguchi",2014,13,0.00754773895339077
"16851","Yamaguchi",2014,14,0.00591324142719436
"16852","Yamaguchi",2014,15,0.00582038974266249
"16853","Yamaguchi",2014,16,0.00669458102815873
"16854","Yamaguchi",2014,17,0.00706422629709307
"16855","Yamaguchi",2014,18,0.00844862680949315
"16856","Yamaguchi",2014,19,0.00656392981745069
"16857","Yamaguchi",2014,20,0.0091978183786924
"16858","Yamaguchi",2014,21,0.0100749985725253
"16859","Yamaguchi",2014,22,0.0110763127686541
"16860","Yamaguchi",2014,23,0.012573714267619
"16861","Yamaguchi",2014,24,0.0131814246308574
"16862","Yamaguchi",2014,25,0.0129268073293414
"16863","Yamaguchi",2014,26,0.0138052764603881
"16864","Yamaguchi",2014,27,0.0142374508930053
"16865","Yamaguchi",2014,28,0.0166418563139421
"16866","Yamaguchi",2014,29,0.0169767617031131
"16867","Yamaguchi",2014,30,0.0185112830724891
"16868","Yamaguchi",2014,31,0.016960063528847
"16869","Yamaguchi",2014,32,0.0187063848557662
"16870","Yamaguchi",2014,33,0.0175897465040227
"16871","Yamaguchi",2014,34,0.0181526179524018
"16872","Yamaguchi",2014,35,0.0162132114326096
"16873","Yamaguchi",2014,36,0.0159707145304834
"16874","Yamaguchi",2014,37,0.01275600046178
"16875","Yamaguchi",2014,38,0.0109167483694231
"16876","Yamaguchi",2014,39,0.0125412439045347
"16877","Yamaguchi",2014,40,0.0120257512578469
"16878","Yamaguchi",2014,41,0.0101439228908133
"16879","Yamaguchi",2014,42,0.00825932338900585
"16880","Yamaguchi",2014,43,0.010034692044754
"16881","Yamaguchi",2014,44,0.00916838458091538
"16882","Yamaguchi",2014,45,0.00690332326567236
"16883","Yamaguchi",2014,46,0.00593320119272806
"16884","Yamaguchi",2014,47,0.00628248951019521
"16885","Yamaguchi",2014,48,0.00817188126637457
"16886","Yamaguchi",2014,49,0.0046543417748803
"16887","Yamaguchi",2014,50,0.00438573695526678
"16888","Yamaguchi",2014,51,0.0036187654948485
"16889","Yamaguchi",2014,52,0.00370262687563032
"16890","Yamaguchi",2015,1,0.00416945335870963
"16891","Yamaguchi",2015,2,0.00411832495220991
"16892","Yamaguchi",2015,3,0.00437678800433449
"16893","Yamaguchi",2015,4,0.00451844364537014
"16894","Yamaguchi",2015,5,0.00367516889916744
"16895","Yamaguchi",2015,6,0.00317570308226694
"16896","Yamaguchi",2015,7,0.0046338343477903
"16897","Yamaguchi",2015,8,0.00466149561661263
"16898","Yamaguchi",2015,9,0.00407731045333742
"16899","Yamaguchi",2015,10,0.00374921814829019
"16900","Yamaguchi",2015,11,0.00744407198899187
"16901","Yamaguchi",2015,12,0.00411632272312353
"16902","Yamaguchi",2015,13,0.00876784287938146
"16903","Yamaguchi",2015,14,0.00689878804853843
"16904","Yamaguchi",2015,15,0.00674315454649304
"16905","Yamaguchi",2015,16,0.00757632172062104
"16906","Yamaguchi",2015,17,0.00895541358053923
"16907","Yamaguchi",2015,18,0.00929056507964044
"16908","Yamaguchi",2015,19,0.0098889191760794
"16909","Yamaguchi",2015,20,0.00934259898393942
"16910","Yamaguchi",2015,21,0.0109044263842801
"16911","Yamaguchi",2015,22,0.0111658260000574
"16912","Yamaguchi",2015,23,0.0132300365329066
"16913","Yamaguchi",2015,24,0.013652188316583
"16914","Yamaguchi",2015,25,0.0140132028346124
"16915","Yamaguchi",2015,26,0.0135038378735029
"16916","Yamaguchi",2015,27,0.0164119863662385
"16917","Yamaguchi",2015,28,0.0162896804578895
"16918","Yamaguchi",2015,29,0.0176822136490128
"16919","Yamaguchi",2015,30,0.0188944319240277
"16920","Yamaguchi",2015,31,0.0183240562482947
"16921","Yamaguchi",2015,32,0.0175601277292458
"16922","Yamaguchi",2015,33,0.0174342935757161
"16923","Yamaguchi",2015,34,0.0155331377223161
"16924","Yamaguchi",2015,35,0.0159491719279825
"16925","Yamaguchi",2015,36,0.013071712972383
"16926","Yamaguchi",2015,37,0.0116689616937788
"16927","Yamaguchi",2015,38,0.0133764665769647
"16928","Yamaguchi",2015,39,0.0109467285365175
"16929","Yamaguchi",2015,40,0.0086653221255013
"16930","Yamaguchi",2015,41,0.00803886014527388
"16931","Yamaguchi",2015,42,0.00950258195356638
"16932","Yamaguchi",2015,43,0.00650377077624139
"16933","Yamaguchi",2015,44,0.0087802109694109
"16934","Yamaguchi",2015,45,0.00964935209235555
"16935","Yamaguchi",2015,46,0.00939945298719912
"16936","Yamaguchi",2015,47,0.00624997228783474
"16937","Yamaguchi",2015,48,0.00560416408018851
"16938","Yamaguchi",2015,49,0.00625888631193105
"16939","Yamaguchi",2015,50,0.00517955480539071
"16940","Yamaguchi",2015,51,0.00588768742108135
"16941","Yamaguchi",2015,52,0.00432313213798807
"16942","Yamaguchi",2016,1,0.00468578664620977
"16943","Yamaguchi",2016,2,0.00362629865509133
"16944","Yamaguchi",2016,3,0.00363033046686178
"16945","Yamaguchi",2016,4,0.00442968722296721
"16946","Yamaguchi",2016,5,0.0037513061375095
"16947","Yamaguchi",2016,6,0.00514368626710642
"16948","Yamaguchi",2016,7,0.00402759052972701
"16949","Yamaguchi",2016,8,0.00379803320990214
"16950","Yamaguchi",2016,9,0.00520038123133333
"16951","Yamaguchi",2016,10,0.00606262052809131
"16952","Yamaguchi",2016,11,0.0057541221195221
"16953","Yamaguchi",2016,12,0.00413092916615978
"16954","Yamaguchi",2016,13,0.00698698475346237
"16955","Yamaguchi",2016,14,0.0083568048360737
"16956","Yamaguchi",2016,15,0.00745846080423801
"16957","Yamaguchi",2016,16,0.00809462232009711
"16958","Yamaguchi",2016,17,0.00850109177495378
"16959","Yamaguchi",2016,18,0.0086190700996062
"16960","Yamaguchi",2016,19,0.00965422488310802
"16961","Yamaguchi",2016,20,0.0094830363800177
"16962","Yamaguchi",2016,21,0.0122074540999373
"16963","Yamaguchi",2016,22,0.0107057705602074
"16964","Yamaguchi",2016,23,0.0138238489955251
"16965","Yamaguchi",2016,24,0.0146692646482804
"16966","Yamaguchi",2016,25,0.0161478259246101
"16967","Yamaguchi",2016,26,0.0155784656265349
"16968","Yamaguchi",2016,27,0.0181446936174278
"16969","Yamaguchi",2016,28,0.0181186458217281
"16970","Yamaguchi",2016,29,0.016388171374365
"16971","Yamaguchi",2016,30,0.0178990255159103
"16972","Yamaguchi",2016,31,0.0182939963285563
"16973","Yamaguchi",2016,32,0.0176490023920552
"16974","Yamaguchi",2016,33,0.0187762101659953
"16975","Yamaguchi",2016,34,0.0173666865130127
"16976","Yamaguchi",2016,35,0.0141678346518247
"16977","Yamaguchi",2016,36,0.0165546521464348
"16978","Yamaguchi",2016,37,0.0163973039479164
"16979","Yamaguchi",2016,38,0.0143655263009221
"16980","Yamaguchi",2016,39,0.0167580789202881
"16981","Yamaguchi",2016,40,0.0150275475880828
"16982","Yamaguchi",2016,41,0.00847697724043097
"16983","Yamaguchi",2016,42,0.0124621918209392
"16984","Yamaguchi",2016,43,0.010020465045452
"16985","Yamaguchi",2016,44,0.00688997645811397
"16986","Yamaguchi",2016,45,0.00683311835533736
"16987","Yamaguchi",2016,46,0.0092538412890686
"16988","Yamaguchi",2016,47,0.00712078422902987
"16989","Yamaguchi",2016,48,0.00573200573085389
"16990","Yamaguchi",2016,49,0.0054603806932693
"16991","Yamaguchi",2016,50,0.00515657129166703
"16992","Yamaguchi",2016,51,0.00667641080344146
"16993","Yamaguchi",2016,52,0.00484770545624207
"16994","Yamaguchi",2017,1,0.00469011249432785
"16995","Yamaguchi",2017,2,0.00396441684587322
"16996","Yamaguchi",2017,3,0.00385167648953503
"16997","Yamaguchi",2017,4,0.00336693750363623
"16998","Yamaguchi",2017,5,0.00434384809224012
"16999","Yamaguchi",2017,6,0.00372322430102558
"17000","Yamaguchi",2017,7,0.00410130770216837
"17001","Yamaguchi",2017,8,0.00437941373357698
"17002","Yamaguchi",2017,9,0.00426198580582469
"17003","Yamaguchi",2017,10,0.00371178814964136
"17004","Yamaguchi",2017,11,0.00426729387553917
"17005","Yamaguchi",2017,12,0.00457428377908245
"17006","Yamaguchi",2017,13,0.00532982098534864
"17007","Yamaguchi",2017,14,0.00809747616379676
"17008","Yamaguchi",2017,15,0.007193467508126
"17009","Yamaguchi",2017,16,0.00785412680615878
"17010","Yamaguchi",2017,17,0.00739852747722413
"17011","Yamaguchi",2017,18,0.00922048774311673
"17012","Yamaguchi",2017,19,0.00955483115929045
"17013","Yamaguchi",2017,20,0.00867860412887268
"17014","Yamaguchi",2017,21,0.0104538188491686
"17015","Yamaguchi",2017,22,0.0103546779537747
"17016","Yamaguchi",2017,23,0.0105969699102089
"17017","Yamaguchi",2017,24,0.0101995245077083
"17018","Yamaguchi",2017,25,0.0132967596274269
"17019","Yamaguchi",2017,26,0.0164614099057883
"17020","Yamaguchi",2017,27,0.0182942411037119
"17021","Yamaguchi",2017,28,0.0186015920818133
"17022","Yamaguchi",2017,29,0.0194209611213859
"17023","Yamaguchi",2017,30,0.0204705413703736
"17024","Yamaguchi",2017,31,0.0194282846019347
"17025","Yamaguchi",2017,32,0.0190255968945775
"17026","Yamaguchi",2017,33,0.0182712678394881
"17027","Yamaguchi",2017,34,0.0190455041125944
"17028","Yamaguchi",2017,35,0.0145934759657686
"17029","Yamaguchi",2017,36,0.015011776789772
"17030","Yamaguchi",2017,37,0.0141160782579051
"17031","Yamaguchi",2017,38,0.0134247147126849
"17032","Yamaguchi",2017,39,0.0118610359501395
"17033","Yamaguchi",2017,40,0.0117705398378026
"17034","Yamaguchi",2017,41,0.0129866955327548
"17035","Yamaguchi",2017,42,0.0101523757842898
"17036","Yamaguchi",2017,43,0.00884425021643834
"17037","Yamaguchi",2017,44,0.0075960824873387
"17038","Yamaguchi",2017,45,0.00779417538931604
"17039","Yamaguchi",2017,46,0.00583209429001241
"17040","Yamaguchi",2017,47,0.00437332262717246
"17041","Yamaguchi",2017,48,0.00619934981519855
"17042","Yamaguchi",2017,49,0.00414067742823042
"17043","Yamaguchi",2017,50,0.00366585894478377
"17044","Yamaguchi",2017,51,0.00377738742113113
"17045","Yamaguchi",2017,52,0.00394027986410213
"17046","Yamaguchi",2018,1,0.00356875058923038
"17047","Yamaguchi",2018,2,0.00375256691091732
"17048","Yamaguchi",2018,3,0.00521194837966553
"17049","Yamaguchi",2018,4,0.00298924117774236
"17050","Yamaguchi",2018,5,0.00327777547226877
"17051","Yamaguchi",2018,6,0.00289741500128532
"17052","Yamaguchi",2018,7,0.00358029552652967
"17053","Yamaguchi",2018,8,0.00378019784733325
"17054","Yamaguchi",2018,9,0.0050030098576299
"17055","Yamaguchi",2018,10,0.00522205456526777
"17056","Yamaguchi",2018,11,0.00575551892702434
"17057","Yamaguchi",2018,12,0.00595708444985603
"17058","Yamaguchi",2018,13,0.00623952646296607
"17059","Yamaguchi",2018,14,0.00773937623154888
"17060","Yamaguchi",2018,15,0.00682473512957998
"17061","Yamaguchi",2018,16,0.00712032516537237
"17062","Yamaguchi",2018,17,0.00846335303117923
"17063","Yamaguchi",2018,18,0.00846962821510572
"17064","Yamaguchi",2018,19,0.00889875521033532
"17065","Yamaguchi",2018,20,0.0115609369574908
"17066","Yamaguchi",2018,21,0.00955760081703939
"17067","Yamaguchi",2018,22,0.0119664875680471
"17068","Yamaguchi",2018,23,0.0129578132534215
"17069","Yamaguchi",2018,24,0.0117963488500391
"17070","Yamaguchi",2018,25,0.0135798172846906
"17071","Yamaguchi",2018,26,0.0164772310128427
"17072","Yamaguchi",2018,27,0.017361445344894
"17073","Yamaguchi",2018,28,0.0174872182951212
"17074","Yamaguchi",2018,29,0.01819882516748
"17075","Yamaguchi",2018,30,0.0191576047291919
"17076","Yamaguchi",2018,31,0.0184450729699136
"17077","Yamaguchi",2018,32,0.017435183494803
"17078","Yamaguchi",2018,33,0.0168635648112217
"17079","Yamaguchi",2018,34,0.0173810266852463
"17080","Yamaguchi",2018,35,0.0180471406974968
"17081","Yamaguchi",2018,36,0.0156545212623808
"17082","Yamaguchi",2018,37,0.0153214480490348
"17083","Yamaguchi",2018,38,0.0151733440571817
"17084","Yamaguchi",2018,39,0.0116809031252177
"17085","Yamaguchi",2018,40,0.0121147528524918
"17086","Yamaguchi",2018,41,0.00999625371625606
"17087","Yamaguchi",2018,42,0.0084699811228554
"17088","Yamaguchi",2018,43,0.00853575025628485
"17089","Yamaguchi",2018,44,0.00612913500716713
"17090","Yamaguchi",2018,45,0.00820235933642249
"17091","Yamaguchi",2018,46,0.00686333703005609
"17092","Yamaguchi",2018,47,0.00534132051074076
"17093","Yamaguchi",2018,48,0.00666663821032725
"17094","Yamaguchi",2018,49,0.007437060446394
"17095","Yamaguchi",2018,50,0.00431481437146549
"17096","Yamaguchi",2018,51,0.00618014723084549
"17097","Yamaguchi",2018,52,0.00415997348000261
"17098","Yamaguchi",2019,1,0.00378723269005195
"17099","Yamaguchi",2019,2,0.00424127947622727
"17100","Yamaguchi",2019,3,0.00430740261714242
"17101","Yamaguchi",2019,4,0.00381571689987024
"17102","Yamaguchi",2019,5,0.00422342180766797
"17103","Yamaguchi",2019,6,0.00510384013935479
"17104","Yamaguchi",2019,7,0.00373056663242656
"17105","Yamaguchi",2019,8,0.00464954372717507
"17106","Yamaguchi",2019,9,0.00491454743621299
"17107","Yamaguchi",2019,10,0.00543616586532461
"17108","Yamaguchi",2019,11,0.00478045634672245
"17109","Yamaguchi",2019,12,0.00576048030609421
"17110","Yamaguchi",2019,13,0.0058786251949882
"17111","Yamaguchi",2019,14,0.00463381080853899
"17112","Yamaguchi",2019,15,0.00582103601083951
"17113","Yamaguchi",2019,16,0.00729173766753368
"17114","Yamaguchi",2019,17,0.00927323881158728
"17115","Yamaguchi",2019,18,0.00862439723996983
"17116","Yamaguchi",2019,19,0.00737171285106755
"17117","Yamaguchi",2019,20,0.0100627191818017
"17118","Yamaguchi",2019,21,0.00927259633188204
"17119","Yamaguchi",2019,22,0.0101617649372658
"17120","Yamaguchi",2019,23,0.0128264987193763
"17121","Yamaguchi",2019,24,0.0115706090639626
"17122","Yamaguchi",2019,25,0.0125526826818751
"17123","Yamaguchi",2019,26,0.0147965123059874
"17124","Yamaguchi",2019,27,0.0154134584320076
"17125","Yamaguchi",2019,28,0.0153637987072246
"17126","Yamaguchi",2019,29,0.0173391706456475
"17127","Yamaguchi",2019,30,0.018991829746099
"17128","Yamaguchi",2019,31,0.0194682184144936
"17129","Yamaguchi",2019,32,0.0184915160118924
"17130","Yamaguchi",2019,33,0.018874356299352
"17131","Yamaguchi",2019,34,0.0181227706755096
"17132","Yamaguchi",2019,35,0.0163203203655431
"17133","Yamaguchi",2019,36,0.0180790728897797
"17134","Yamaguchi",2019,37,0.0177518247338601
"17135","Yamaguchi",2019,38,0.012868090033216
"17136","Yamaguchi",2019,39,0.0139579383301497
"17137","Yamaguchi",2019,40,0.0154061043149853
"17138","Yamaguchi",2019,41,0.0109959238869436
"17139","Yamaguchi",2019,42,0.00970716751757867
"17140","Yamaguchi",2019,43,0.0109933169428576
"17141","Yamaguchi",2019,44,0.00825435903663486
"17142","Yamaguchi",2019,45,0.00728566976622023
"17143","Yamaguchi",2019,46,0.00680288358585476
"17144","Yamaguchi",2019,47,0.00677198248675784
"17145","Yamaguchi",2019,48,0.00651887248814755
"17146","Yamaguchi",2019,49,0.00488040453286327
"17147","Yamaguchi",2019,50,0.00481772088586264
"17148","Yamaguchi",2019,51,0.00608437832447458
"17149","Yamaguchi",2019,52,0.005239234789509
"17150","Yamaguchi",2020,1,0.00485234712413082
"17151","Yamaguchi",2020,2,0.00524056885102485
"17152","Yamaguchi",2020,3,0.00408555427735379
"17153","Yamaguchi",2020,4,0.00542832852327451
"17154","Yamaguchi",2020,5,0.00497336755092418
"17155","Yamaguchi",2020,6,0.0037131272189728
"17156","Yamaguchi",2020,7,0.00594093406342547
"17157","Yamaguchi",2020,8,0.00426227806201548
"17158","Yamaguchi",2020,9,0.00517051814294383
"17159","Yamanashi",2013,1,0.00189185013138844
"17160","Yamanashi",2013,2,0.00224940174169675
"17161","Yamanashi",2013,3,0.00211122388015496
"17162","Yamanashi",2013,4,0.00255063256507578
"17163","Yamanashi",2013,5,0.0027130783848561
"17164","Yamanashi",2013,6,0.00308934042852813
"17165","Yamanashi",2013,7,0.00215662128049556
"17166","Yamanashi",2013,8,0.00218725944516817
"17167","Yamanashi",2013,9,0.00263821405527909
"17168","Yamanashi",2013,10,0.00304825399444629
"17169","Yamanashi",2013,11,0.00344680499031346
"17170","Yamanashi",2013,12,0.00501988844848032
"17171","Yamanashi",2013,13,0.00500531826731581
"17172","Yamanashi",2013,14,0.00591716589187909
"17173","Yamanashi",2013,15,0.00329520568716638
"17174","Yamanashi",2013,16,0.00545096101285549
"17175","Yamanashi",2013,17,0.00470654201919434
"17176","Yamanashi",2013,18,0.00478405328018452
"17177","Yamanashi",2013,19,0.00551967209833472
"17178","Yamanashi",2013,20,0.00781603777709014
"17179","Yamanashi",2013,21,0.00850530628751211
"17180","Yamanashi",2013,22,0.00967678671656668
"17181","Yamanashi",2013,23,0.00936670303350548
"17182","Yamanashi",2013,24,0.012435274964531
"17183","Yamanashi",2013,25,0.01255594867635
"17184","Yamanashi",2013,26,0.0114000555829519
"17185","Yamanashi",2013,27,0.0134956075626494
"17186","Yamanashi",2013,28,0.0145179585211298
"17187","Yamanashi",2013,29,0.01310094485372
"17188","Yamanashi",2013,30,0.0148520034780759
"17189","Yamanashi",2013,31,0.0150331087707825
"17190","Yamanashi",2013,32,0.0157519370222375
"17191","Yamanashi",2013,33,0.0152548747346226
"17192","Yamanashi",2013,34,0.0153526175563715
"17193","Yamanashi",2013,35,0.0136162705081467
"17194","Yamanashi",2013,36,0.0145221384659679
"17195","Yamanashi",2013,37,0.0136702009969484
"17196","Yamanashi",2013,38,0.0107900397229648
"17197","Yamanashi",2013,39,0.00981611552378993
"17198","Yamanashi",2013,40,0.0107679729251536
"17199","Yamanashi",2013,41,0.0116255941719158
"17200","Yamanashi",2013,42,0.00734217083198268
"17201","Yamanashi",2013,43,0.00884817379945636
"17202","Yamanashi",2013,44,0.00655469039946399
"17203","Yamanashi",2013,45,0.00626483036341613
"17204","Yamanashi",2013,46,0.00474202691823996
"17205","Yamanashi",2013,47,0.00356243814310901
"17206","Yamanashi",2013,48,0.00356756637472692
"17207","Yamanashi",2013,49,0.00344689293565677
"17208","Yamanashi",2013,50,0.00284115054436355
"17209","Yamanashi",2013,51,0.0029282952998761
"17210","Yamanashi",2013,52,0.00252281027857006
"17211","Yamanashi",2014,1,0.00240846262828403
"17212","Yamanashi",2014,2,0.00239063350499615
"17213","Yamanashi",2014,3,0.00211690658745969
"17214","Yamanashi",2014,4,0.00211959979837354
"17215","Yamanashi",2014,5,0.00249211095319849
"17216","Yamanashi",2014,6,0.00299797817711367
"17217","Yamanashi",2014,7,0.00255403701674324
"17218","Yamanashi",2014,8,0.00208002801768272
"17219","Yamanashi",2014,9,0.00370856546862545
"17220","Yamanashi",2014,10,0.00270688769163468
"17221","Yamanashi",2014,11,0.00276429043259592
"17222","Yamanashi",2014,12,0.00363744182477091
"17223","Yamanashi",2014,13,0.00448178969950239
"17224","Yamanashi",2014,14,0.00473973984923921
"17225","Yamanashi",2014,15,0.00329740457199962
"17226","Yamanashi",2014,16,0.00482471620977173
"17227","Yamanashi",2014,17,0.00547753485753964
"17228","Yamanashi",2014,18,0.00644109456238348
"17229","Yamanashi",2014,19,0.00576989797524669
"17230","Yamanashi",2014,20,0.00636507113755131
"17231","Yamanashi",2014,21,0.00742619686508863
"17232","Yamanashi",2014,22,0.00951557981680826
"17233","Yamanashi",2014,23,0.0106228957419395
"17234","Yamanashi",2014,24,0.0109806620069221
"17235","Yamanashi",2014,25,0.010630305593938
"17236","Yamanashi",2014,26,0.0115615127029845
"17237","Yamanashi",2014,27,0.0120195002322597
"17238","Yamanashi",2014,28,0.0142184426132112
"17239","Yamanashi",2014,29,0.0145225096003582
"17240","Yamanashi",2014,30,0.014958530451474
"17241","Yamanashi",2014,31,0.0140626093754646
"17242","Yamanashi",2014,32,0.014894223997794
"17243","Yamanashi",2014,33,0.0157424691076805
"17244","Yamanashi",2014,34,0.0147537008409526
"17245","Yamanashi",2014,35,0.0130956368659137
"17246","Yamanashi",2014,36,0.0129911988326488
"17247","Yamanashi",2014,37,0.0108831976773974
"17248","Yamanashi",2014,38,0.00913844091633416
"17249","Yamanashi",2014,39,0.00955125199349978
"17250","Yamanashi",2014,40,0.0104031670983321
"17251","Yamanashi",2014,41,0.0090046817256588
"17252","Yamanashi",2014,42,0.00710599383065351
"17253","Yamanashi",2014,43,0.00765149831277945
"17254","Yamanashi",2014,44,0.00697007526158543
"17255","Yamanashi",2014,45,0.00671038545935536
"17256","Yamanashi",2014,46,0.00550973555795378
"17257","Yamanashi",2014,47,0.00407856466869031
"17258","Yamanashi",2014,48,0.00599293114771465
"17259","Yamanashi",2014,49,0.00380470005281098
"17260","Yamanashi",2014,50,0.0032092450263755
"17261","Yamanashi",2014,51,0.00247496614766543
"17262","Yamanashi",2014,52,0.00231301914620948
"17263","Yamanashi",2015,1,0.00255549956287119
"17264","Yamanashi",2015,2,0.00246646544697474
"17265","Yamanashi",2015,3,0.00281043267618074
"17266","Yamanashi",2015,4,0.00309532809412515
"17267","Yamanashi",2015,5,0.00235349471439627
"17268","Yamanashi",2015,6,0.00203778855066907
"17269","Yamanashi",2015,7,0.00281060809759477
"17270","Yamanashi",2015,8,0.00390314865656401
"17271","Yamanashi",2015,9,0.00353065038240753
"17272","Yamanashi",2015,10,0.00295633991146132
"17273","Yamanashi",2015,11,0.00568362633421151
"17274","Yamanashi",2015,12,0.00247039587872319
"17275","Yamanashi",2015,13,0.00628888855174499
"17276","Yamanashi",2015,14,0.00616500148408398
"17277","Yamanashi",2015,15,0.00539417527588696
"17278","Yamanashi",2015,16,0.00712712934475637
"17279","Yamanashi",2015,17,0.00655241524767799
"17280","Yamanashi",2015,18,0.0076729240166977
"17281","Yamanashi",2015,19,0.00760503730289093
"17282","Yamanashi",2015,20,0.00776706031718683
"17283","Yamanashi",2015,21,0.00937222914391363
"17284","Yamanashi",2015,22,0.00947674664432835
"17285","Yamanashi",2015,23,0.0110422736253409
"17286","Yamanashi",2015,24,0.0110603667014796
"17287","Yamanashi",2015,25,0.0114223967148802
"17288","Yamanashi",2015,26,0.012211369225638
"17289","Yamanashi",2015,27,0.0130868029080365
"17290","Yamanashi",2015,28,0.0148662434987319
"17291","Yamanashi",2015,29,0.0150367772186855
"17292","Yamanashi",2015,30,0.0164360223890926
"17293","Yamanashi",2015,31,0.0158909529093714
"17294","Yamanashi",2015,32,0.0152592621362233
"17295","Yamanashi",2015,33,0.0157410283449276
"17296","Yamanashi",2015,34,0.0132226303480444
"17297","Yamanashi",2015,35,0.0136486182049123
"17298","Yamanashi",2015,36,0.0126954563262862
"17299","Yamanashi",2015,37,0.0108384845428783
"17300","Yamanashi",2015,38,0.0106227537741622
"17301","Yamanashi",2015,39,0.0093788447781907
"17302","Yamanashi",2015,40,0.00680169614401161
"17303","Yamanashi",2015,41,0.00753663499045013
"17304","Yamanashi",2015,42,0.00793269207120282
"17305","Yamanashi",2015,43,0.00613711996619974
"17306","Yamanashi",2015,44,0.00611214435804061
"17307","Yamanashi",2015,45,0.00766010802729538
"17308","Yamanashi",2015,46,0.00788900194324802
"17309","Yamanashi",2015,47,0.0052433768841682
"17310","Yamanashi",2015,48,0.0042367235794801
"17311","Yamanashi",2015,49,0.00455068547428611
"17312","Yamanashi",2015,50,0.00446914923827734
"17313","Yamanashi",2015,51,0.00424766758039863
"17314","Yamanashi",2015,52,0.00254891070857294
"17315","Yamanashi",2016,1,0.00313745268431496
"17316","Yamanashi",2016,2,0.002654455935237
"17317","Yamanashi",2016,3,0.00226767109536493
"17318","Yamanashi",2016,4,0.0024136302361996
"17319","Yamanashi",2016,5,0.00271707352158597
"17320","Yamanashi",2016,6,0.00324088235259837
"17321","Yamanashi",2016,7,0.0034849826524348
"17322","Yamanashi",2016,8,0.00288232418055669
"17323","Yamanashi",2016,9,0.0032517325767762
"17324","Yamanashi",2016,10,0.00528520421628576
"17325","Yamanashi",2016,11,0.00414755391931579
"17326","Yamanashi",2016,12,0.00351674686427869
"17327","Yamanashi",2016,13,0.00459140671375809
"17328","Yamanashi",2016,14,0.00654344582307851
"17329","Yamanashi",2016,15,0.00536044638260862
"17330","Yamanashi",2016,16,0.00683478026783022
"17331","Yamanashi",2016,17,0.00658429998919884
"17332","Yamanashi",2016,18,0.00699077224617811
"17333","Yamanashi",2016,19,0.00906531254888384
"17334","Yamanashi",2016,20,0.00782109902220413
"17335","Yamanashi",2016,21,0.00930854314803774
"17336","Yamanashi",2016,22,0.00804110499445286
"17337","Yamanashi",2016,23,0.010371264987126
"17338","Yamanashi",2016,24,0.0116418453073336
"17339","Yamanashi",2016,25,0.0127663165114455
"17340","Yamanashi",2016,26,0.0125839382721373
"17341","Yamanashi",2016,27,0.0142700658931808
"17342","Yamanashi",2016,28,0.0144994593277612
"17343","Yamanashi",2016,29,0.0141114705641193
"17344","Yamanashi",2016,30,0.0139997146630904
"17345","Yamanashi",2016,31,0.0153140338723675
"17346","Yamanashi",2016,32,0.0145468607921877
"17347","Yamanashi",2016,33,0.0157470852856985
"17348","Yamanashi",2016,34,0.015330692244595
"17349","Yamanashi",2016,35,0.0134871326127899
"17350","Yamanashi",2016,36,0.0149836622835988
"17351","Yamanashi",2016,37,0.0137813231959677
"17352","Yamanashi",2016,38,0.012788125809423
"17353","Yamanashi",2016,39,0.0135214438579189
"17354","Yamanashi",2016,40,0.0124377572053506
"17355","Yamanashi",2016,41,0.00765096749542917
"17356","Yamanashi",2016,42,0.00926603295722127
"17357","Yamanashi",2016,43,0.00778882047932387
"17358","Yamanashi",2016,44,0.0053275039150746
"17359","Yamanashi",2016,45,0.00522239294835849
"17360","Yamanashi",2016,46,0.00641351289364892
"17361","Yamanashi",2016,47,0.00540389531768479
"17362","Yamanashi",2016,48,0.00460284162246047
"17363","Yamanashi",2016,49,0.0038363626411384
"17364","Yamanashi",2016,50,0.00303394214118862
"17365","Yamanashi",2016,51,0.0041680982859507
"17366","Yamanashi",2016,52,0.0032621777596637
"17367","Yamanashi",2017,1,0.00254535287297546
"17368","Yamanashi",2017,2,0.00255578313344257
"17369","Yamanashi",2017,3,0.0022375763289157
"17370","Yamanashi",2017,4,0.00188769962205955
"17371","Yamanashi",2017,5,0.00255810258649008
"17372","Yamanashi",2017,6,0.0024055685639422
"17373","Yamanashi",2017,7,0.00245839836097917
"17374","Yamanashi",2017,8,0.00304631681109418
"17375","Yamanashi",2017,9,0.00313040013981189
"17376","Yamanashi",2017,10,0.00259732165781825
"17377","Yamanashi",2017,11,0.00319625022944977
"17378","Yamanashi",2017,12,0.00311302657617622
"17379","Yamanashi",2017,13,0.00348817521714054
"17380","Yamanashi",2017,14,0.0059334683932053
"17381","Yamanashi",2017,15,0.00490584143895204
"17382","Yamanashi",2017,16,0.00548430272250671
"17383","Yamanashi",2017,17,0.0053704749763396
"17384","Yamanashi",2017,18,0.00665935834731952
"17385","Yamanashi",2017,19,0.00688289619567669
"17386","Yamanashi",2017,20,0.00830087016865563
"17387","Yamanashi",2017,21,0.00980147870355881
"17388","Yamanashi",2017,22,0.00848472175580506
"17389","Yamanashi",2017,23,0.00857293839671966
"17390","Yamanashi",2017,24,0.00830768770240258
"17391","Yamanashi",2017,25,0.0105741377389582
"17392","Yamanashi",2017,26,0.0134146137095737
"17393","Yamanashi",2017,27,0.0138767841648734
"17394","Yamanashi",2017,28,0.0148200223401801
"17395","Yamanashi",2017,29,0.0141081307255271
"17396","Yamanashi",2017,30,0.0161695259635023
"17397","Yamanashi",2017,31,0.0156591299796016
"17398","Yamanashi",2017,32,0.0168538382755811
"17399","Yamanashi",2017,33,0.0154882304134718
"17400","Yamanashi",2017,34,0.0154140927499189
"17401","Yamanashi",2017,35,0.0131492402663926
"17402","Yamanashi",2017,36,0.0125745564025867
"17403","Yamanashi",2017,37,0.0118501865435
"17404","Yamanashi",2017,38,0.0106362788018098
"17405","Yamanashi",2017,39,0.0100063390659429
"17406","Yamanashi",2017,40,0.00934904460615938
"17407","Yamanashi",2017,41,0.011235917565151
"17408","Yamanashi",2017,42,0.00820058451650301
"17409","Yamanashi",2017,43,0.00698548588904992
"17410","Yamanashi",2017,44,0.00583313596923743
"17411","Yamanashi",2017,45,0.00562667217229632
"17412","Yamanashi",2017,46,0.0047792440061215
"17413","Yamanashi",2017,47,0.00341204766464526
"17414","Yamanashi",2017,48,0.00468150037853893
"17415","Yamanashi",2017,49,0.00281300574243703
"17416","Yamanashi",2017,50,0.00255046576568737
"17417","Yamanashi",2017,51,0.00243706876231444
"17418","Yamanashi",2017,52,0.00249115094282469
"17419","Yamanashi",2018,1,0.00224319844174419
"17420","Yamanashi",2018,2,0.00234206842618397
"17421","Yamanashi",2018,3,0.00343778986454336
"17422","Yamanashi",2018,4,0.00179170611478634
"17423","Yamanashi",2018,5,0.00245632651481849
"17424","Yamanashi",2018,6,0.00174184405558222
"17425","Yamanashi",2018,7,0.00208054478881673
"17426","Yamanashi",2018,8,0.00222877475080622
"17427","Yamanashi",2018,9,0.0029723063718209
"17428","Yamanashi",2018,10,0.00478639080168751
"17429","Yamanashi",2018,11,0.00392057787928046
"17430","Yamanashi",2018,12,0.00451009439755728
"17431","Yamanashi",2018,13,0.00437071236638447
"17432","Yamanashi",2018,14,0.00654421531248553
"17433","Yamanashi",2018,15,0.00465578699882404
"17434","Yamanashi",2018,16,0.00643781214347867
"17435","Yamanashi",2018,17,0.00773600088741403
"17436","Yamanashi",2018,18,0.00674451649841008
"17437","Yamanashi",2018,19,0.00683126071915957
"17438","Yamanashi",2018,20,0.00996097036059674
"17439","Yamanashi",2018,21,0.00740433109557592
"17440","Yamanashi",2018,22,0.00930770172658886
"17441","Yamanashi",2018,23,0.0104717590338107
"17442","Yamanashi",2018,24,0.0109921255772426
"17443","Yamanashi",2018,25,0.0112271748764597
"17444","Yamanashi",2018,26,0.0140020366080648
"17445","Yamanashi",2018,27,0.0145698355684651
"17446","Yamanashi",2018,28,0.0151467507690891
"17447","Yamanashi",2018,29,0.0173959997629893
"17448","Yamanashi",2018,30,0.0156344414677732
"17449","Yamanashi",2018,31,0.0166014612200434
"17450","Yamanashi",2018,32,0.016719022304341
"17451","Yamanashi",2018,33,0.0143217698668677
"17452","Yamanashi",2018,34,0.0152394592329773
"17453","Yamanashi",2018,35,0.0149869071761193
"17454","Yamanashi",2018,36,0.0147308762555979
"17455","Yamanashi",2018,37,0.0122237592546457
"17456","Yamanashi",2018,38,0.0123955673924911
"17457","Yamanashi",2018,39,0.0110342571157518
"17458","Yamanashi",2018,40,0.0110622123781879
"17459","Yamanashi",2018,41,0.0104418563165708
"17460","Yamanashi",2018,42,0.00772283883924496
"17461","Yamanashi",2018,43,0.00718976604740822
"17462","Yamanashi",2018,44,0.00530295889007781
"17463","Yamanashi",2018,45,0.00848064993862718
"17464","Yamanashi",2018,46,0.00562492125306155
"17465","Yamanashi",2018,47,0.00480471250426755
"17466","Yamanashi",2018,48,0.00465397094258188
"17467","Yamanashi",2018,49,0.00628259600251601
"17468","Yamanashi",2018,50,0.00321273731362967
"17469","Yamanashi",2018,51,0.00394939780760769
"17470","Yamanashi",2018,52,0.00292169244743395
"17471","Yamanashi",2019,1,0.00228885604873625
"17472","Yamanashi",2019,2,0.00249515909934274
"17473","Yamanashi",2019,3,0.00264592381877554
"17474","Yamanashi",2019,4,0.0024256159919294
"17475","Yamanashi",2019,5,0.00223962522437763
"17476","Yamanashi",2019,6,0.0036975901244149
"17477","Yamanashi",2019,7,0.00272781589010055
"17478","Yamanashi",2019,8,0.0035977156895521
"17479","Yamanashi",2019,9,0.00416587046733098
"17480","Yamanashi",2019,10,0.00412229676246578
"17481","Yamanashi",2019,11,0.00332106593081162
"17482","Yamanashi",2019,12,0.00419269012975965
"17483","Yamanashi",2019,13,0.00365731792567221
"17484","Yamanashi",2019,14,0.00280457998516506
"17485","Yamanashi",2019,15,0.00393040852667879
"17486","Yamanashi",2019,16,0.00530840994799325
"17487","Yamanashi",2019,17,0.00807136381434862
"17488","Yamanashi",2019,18,0.00659504897374767
"17489","Yamanashi",2019,19,0.00557772422801681
"17490","Yamanashi",2019,20,0.00799516685195722
"17491","Yamanashi",2019,21,0.00800422213486566
"17492","Yamanashi",2019,22,0.00875312479280647
"17493","Yamanashi",2019,23,0.0105292851187851
"17494","Yamanashi",2019,24,0.00962123245220299
"17495","Yamanashi",2019,25,0.0102938710204668
"17496","Yamanashi",2019,26,0.0129492589325293
"17497","Yamanashi",2019,27,0.014027855320451
"17498","Yamanashi",2019,28,0.012445780913664
"17499","Yamanashi",2019,29,0.0145291901946512
"17500","Yamanashi",2019,30,0.0155466612166222
"17501","Yamanashi",2019,31,0.0173751386247019
"17502","Yamanashi",2019,32,0.0166564868070559
"17503","Yamanashi",2019,33,0.0172726734645272
"17504","Yamanashi",2019,34,0.0157727548092833
"17505","Yamanashi",2019,35,0.0141354725535291
"17506","Yamanashi",2019,36,0.0146336877823949
"17507","Yamanashi",2019,37,0.0144907709513742
"17508","Yamanashi",2019,38,0.0120792383509717
"17509","Yamanashi",2019,39,0.0119768880710805
"17510","Yamanashi",2019,40,0.0117211632209249
"17511","Yamanashi",2019,41,0.0110586848664065
"17512","Yamanashi",2019,42,0.00941045653265573
"17513","Yamanashi",2019,43,0.00909173602576204
"17514","Yamanashi",2019,44,0.00709902723653317
"17515","Yamanashi",2019,45,0.00536820504454016
"17516","Yamanashi",2019,46,0.00553649815285658
"17517","Yamanashi",2019,47,0.00569796892819844
"17518","Yamanashi",2019,48,0.00558786366498877
"17519","Yamanashi",2019,49,0.00382512855755003
"17520","Yamanashi",2019,50,0.00422608199862496
"17521","Yamanashi",2019,51,0.00472595867493103
"17522","Yamanashi",2019,52,0.00359045571257125
"17523","Yamanashi",2020,1,0.00338091085436374
"17524","Yamanashi",2020,2,0.00345435377942452
"17525","Yamanashi",2020,3,0.0032085445581495
"17526","Yamanashi",2020,4,0.00377744695986839
"17527","Yamanashi",2020,5,0.0034769044316201
"17528","Yamanashi",2020,6,0.00236973077712834
"17529","Yamanashi",2020,7,0.00352135576275315
"17530","Yamanashi",2020,8,0.00386957396744706
"17531","Yamanashi",2020,9,0.00347019621180954
